{
  "type": "FeatureCollection",
  "generator": "overpass-turbo",
  "copyright": "The data included in this document is from www.openstreetmap.org. The data is made available under ODbL.",
  "timestamp": "2026-06-28T01:17:01Z",
  "features": [
    {
      "type": "Feature",
      "properties": {
        "@id": "node/357080802",
        "ele": "929",
        "gnis:feature_id": "981468",
        "name": "Big Top",
        "natural": "peak",
        "wikidata": "Q31423885"
      },
      "geometry": {
        "type": "Point",
        "coordinates": [
          -82.4940312,
          35.1660028
        ]
      },
      "id": "node/357080802"
    },
    {
      "type": "Feature",
      "properties": {
        "@id": "node/357080809",
        "ele": "924",
        "gnis:feature_id": "983540",
        "name": "Corbin Mountain",
        "natural": "peak",
        "wikidata": "Q31621417"
      },
      "geometry": {
        "type": "Point",
        "coordinates": [
          -82.4346364,
          35.1682568
        ]
      },
      "id": "node/357080809"
    },
    {
      "type": "Feature",
      "properties": {
        "@id": "node/357080812",
        "ele": "853",
        "gnis:feature_id": "984862",
        "name": "Evans Mountain",
        "natural": "peak",
        "wikidata": "Q31623456"
      },
      "geometry": {
        "type": "Point",
        "coordinates": [
          -82.3828958,
          35.1942826
        ]
      },
      "id": "node/357080812"
    },
    {
      "type": "Feature",
      "properties": {
        "@id": "node/357080814",
        "ele": "993",
        "gnis:feature_id": "985974",
        "name": "Grassy Top Mountain",
        "natural": "peak",
        "wikidata": "Q31424688"
      },
      "geometry": {
        "type": "Point",
        "coordinates": [
          -82.5267888,
          35.1559506
        ]
      },
      "id": "node/357080814"
    },
    {
      "type": "Feature",
      "properties": {
        "@id": "node/357080834",
        "ele": "1002",
        "gnis:feature_id": "1016625",
        "name": "Whiteoak Mountain",
        "natural": "peak",
        "wikidata": "Q31426327"
      },
      "geometry": {
        "type": "Point",
        "coordinates": [
          -82.7548599,
          35.0681948
        ]
      },
      "id": "node/357080834"
    },
    {
      "type": "Feature",
      "properties": {
        "@id": "node/357080836",
        "ele": "730",
        "gnis:feature_id": "1018787",
        "name": "Alec Mountain",
        "natural": "peak",
        "wikidata": "Q31614793"
      },
      "geometry": {
        "type": "Point",
        "coordinates": [
          -82.3641662,
          35.1882441
        ]
      },
      "id": "node/357080836"
    },
    {
      "type": "Feature",
      "properties": {
        "@id": "node/357080838",
        "ele": "1011",
        "gnis:feature_id": "1019273",
        "name": "Bradford Mountain",
        "natural": "peak",
        "wikidata": "Q31423957"
      },
      "geometry": {
        "type": "Point",
        "coordinates": [
          -82.6521135,
          35.1260906
        ]
      },
      "id": "node/357080838"
    },
    {
      "type": "Feature",
      "properties": {
        "@id": "node/357080841",
        "ele": "981",
        "gnis:feature_id": "1019433",
        "name": "Bursted Rock Mountain",
        "natural": "peak",
        "wikidata": "Q31424061"
      },
      "geometry": {
        "type": "Point",
        "coordinates": [
          -82.715984,
          35.0927873
        ]
      },
      "id": "node/357080841"
    },
    {
      "type": "Feature",
      "properties": {
        "@id": "node/357080846",
        "ele": "894",
        "gnis:feature_id": "1020352",
        "name": "Frank Mountain",
        "natural": "peak",
        "wikidata": "Q31424590"
      },
      "geometry": {
        "type": "Point",
        "coordinates": [
          -82.4603426,
          35.1780704
        ]
      },
      "id": "node/357080846"
    },
    {
      "type": "Feature",
      "properties": {
        "@id": "node/357080848",
        "ele": "954",
        "gnis:feature_id": "1020791",
        "name": "Hogback Mountain",
        "natural": "peak",
        "wikidata": "Q31424862"
      },
      "geometry": {
        "type": "Point",
        "coordinates": [
          -82.504288,
          35.1659509
        ]
      },
      "id": "node/357080848"
    },
    {
      "type": "Feature",
      "properties": {
        "@id": "node/357080853",
        "ele": "967",
        "gnis:feature_id": "1021242",
        "name": "Little Table Rock Mountain",
        "natural": "peak"
      },
      "geometry": {
        "type": "Point",
        "coordinates": [
          -82.7314121,
          35.0871557
        ]
      },
      "id": "node/357080853"
    },
    {
      "type": "Feature",
      "properties": {
        "@id": "node/357080855",
        "ele": "926",
        "gnis:feature_id": "1021322",
        "name": "Mackerel Mountain",
        "natural": "peak",
        "wikidata": "Q31425276"
      },
      "geometry": {
        "type": "Point",
        "coordinates": [
          -82.4865103,
          35.1744836
        ]
      },
      "id": "node/357080855"
    },
    {
      "type": "Feature",
      "properties": {
        "@id": "node/357080857",
        "ele": "909",
        "gnis:feature_id": "1021381",
        "name": "McCarrol Mountain",
        "natural": "peak",
        "wikidata": "Q31425297"
      },
      "geometry": {
        "type": "Point",
        "coordinates": [
          -82.4740112,
          35.1742907
        ]
      },
      "id": "node/357080857"
    },
    {
      "type": "Feature",
      "properties": {
        "@id": "node/357080860",
        "ele": "879",
        "gnis:feature_id": "1021802",
        "name": "Panther Mountain",
        "natural": "peak",
        "wikidata": "Q31634394"
      },
      "geometry": {
        "type": "Point",
        "coordinates": [
          -82.4572105,
          35.1639934
        ]
      },
      "id": "node/357080860"
    },
    {
      "type": "Feature",
      "properties": {
        "@id": "node/357080865",
        "ele": "745",
        "gnis:feature_id": "1023069",
        "name": "Vance Mountain",
        "natural": "peak",
        "wikidata": "Q31643186"
      },
      "geometry": {
        "type": "Point",
        "coordinates": [
          -82.424008,
          35.1901166
        ]
      },
      "id": "node/357080865"
    },
    {
      "type": "Feature",
      "properties": {
        "@id": "node/357081015",
        "ele": "403",
        "gnis:feature_id": "1220232",
        "name": "Arial Mountain",
        "natural": "peak",
        "wikidata": "Q31655731"
      },
      "geometry": {
        "type": "Point",
        "coordinates": [
          -82.6254101,
          34.8517825
        ]
      },
      "id": "node/357081015"
    },
    {
      "type": "Feature",
      "properties": {
        "@id": "node/357081088",
        "ele": "521",
        "gnis:feature_id": "1220306",
        "name": "Bald Rock",
        "natural": "peak",
        "wikidata": "Q31655767"
      },
      "geometry": {
        "type": "Point",
        "coordinates": [
          -82.6215154,
          35.0828951
        ]
      },
      "id": "node/357081088"
    },
    {
      "type": "Feature",
      "properties": {
        "@id": "node/357081591",
        "ele": "549",
        "gnis:feature_id": "1220726",
        "name": "Big Rock Mountain",
        "natural": "peak",
        "wikidata": "Q31655932"
      },
      "geometry": {
        "type": "Point",
        "coordinates": [
          -82.7901371,
          34.9576133
        ]
      },
      "id": "node/357081591"
    },
    {
      "type": "Feature",
      "properties": {
        "@id": "node/357081596",
        "ele": "790",
        "gnis:feature_id": "1220736",
        "name": "Big Stakey Mountain",
        "natural": "peak",
        "wikidata": "Q31655949"
      },
      "geometry": {
        "type": "Point",
        "coordinates": [
          -83.1326522,
          34.9125907
        ]
      },
      "id": "node/357081596"
    },
    {
      "type": "Feature",
      "properties": {
        "@id": "node/357081701",
        "ele": "515",
        "gnis:feature_id": "1220838",
        "name": "Boast Mountain",
        "natural": "peak",
        "wikidata": "Q31656016"
      },
      "geometry": {
        "type": "Point",
        "coordinates": [
          -83.0570938,
          34.9398121
        ]
      },
      "id": "node/357081701"
    },
    {
      "type": "Feature",
      "properties": {
        "@id": "node/357081839",
        "ele": "584",
        "gnis:feature_id": "1221010",
        "name": "Brown Mountain",
        "natural": "peak",
        "wikidata": "Q31656117"
      },
      "geometry": {
        "type": "Point",
        "coordinates": [
          -82.7040216,
          34.971507
        ]
      },
      "id": "node/357081839"
    },
    {
      "type": "Feature",
      "properties": {
        "@id": "node/357081865",
        "ele": "315",
        "gnis:feature_id": "1221025",
        "name": "Browns Mountain",
        "natural": "peak",
        "wikidata": "Q4975954"
      },
      "geometry": {
        "type": "Point",
        "coordinates": [
          -81.4047821,
          35.1313885
        ]
      },
      "id": "node/357081865"
    },
    {
      "type": "Feature",
      "properties": {
        "@id": "node/357081938",
        "ele": "911",
        "gnis:feature_id": "1221147",
        "name": "Burrells Mountain",
        "natural": "peak",
        "wikidata": "Q31660096"
      },
      "geometry": {
        "type": "Point",
        "coordinates": [
          -83.075705,
          34.9673113
        ]
      },
      "id": "node/357081938"
    },
    {
      "type": "Feature",
      "properties": {
        "@id": "node/357081983",
        "ele": "529",
        "gnis:feature_id": "1221179",
        "name": "Buzzard Roost Mountain",
        "natural": "peak",
        "wikidata": "Q31656285"
      },
      "geometry": {
        "type": "Point",
        "coordinates": [
          -83.1373775,
          34.7662055
        ]
      },
      "id": "node/357081983"
    },
    {
      "type": "Feature",
      "properties": {
        "@id": "node/357082068",
        "ele": "774",
        "gnis:feature_id": "1221279",
        "name": "Campbell Mountain",
        "natural": "peak",
        "wikidata": "Q31656368"
      },
      "geometry": {
        "type": "Point",
        "coordinates": [
          -82.6067924,
          35.0945616
        ]
      },
      "id": "node/357082068"
    },
    {
      "type": "Feature",
      "properties": {
        "@id": "node/357082125",
        "ele": "801",
        "gnis:feature_id": "1221335",
        "name": "Cantrell Mountain",
        "natural": "peak",
        "wikidata": "Q31656436"
      },
      "geometry": {
        "type": "Point",
        "coordinates": [
          -83.0770942,
          34.9520339
        ]
      },
      "id": "node/357082125"
    },
    {
      "type": "Feature",
      "properties": {
        "@id": "node/357082151",
        "ele": "479",
        "gnis:feature_id": "1221355",
        "name": "Carlton Mountain",
        "natural": "peak",
        "wikidata": "Q31656468"
      },
      "geometry": {
        "type": "Point",
        "coordinates": [
          -82.8148613,
          34.922332
        ]
      },
      "id": "node/357082151"
    },
    {
      "type": "Feature",
      "properties": {
        "@id": "node/357082414",
        "ele": "521",
        "gnis:feature_id": "1221560",
        "name": "Chestnut Mountain",
        "natural": "peak",
        "wikidata": "Q31656598"
      },
      "geometry": {
        "type": "Point",
        "coordinates": [
          -82.4173414,
          35.1148386
        ]
      },
      "id": "node/357082414"
    },
    {
      "type": "Feature",
      "properties": {
        "@id": "node/357082705",
        "ele": "225",
        "gnis:feature_id": "1221809",
        "name": "Crab Apple Hill",
        "natural": "peak",
        "wikidata": "Q31656716"
      },
      "geometry": {
        "type": "Point",
        "coordinates": [
          -81.9131558,
          34.7662398
        ]
      },
      "id": "node/357082705"
    },
    {
      "type": "Feature",
      "properties": {
        "@id": "node/357083049",
        "ele": "374",
        "gnis:feature_id": "1222138",
        "name": "Dug Mountain",
        "natural": "peak",
        "wikidata": "Q31656868"
      },
      "geometry": {
        "type": "Point",
        "coordinates": [
          -82.8640295,
          34.962327
        ]
      },
      "id": "node/357083049"
    },
    {
      "type": "Feature",
      "properties": {
        "@id": "node/357083731",
        "ele": "992",
        "gnis:feature_id": "1222491",
        "name": "Fork Mountain",
        "natural": "peak",
        "wikidata": "Q31656952"
      },
      "geometry": {
        "type": "Point",
        "coordinates": [
          -83.0804269,
          34.9925883
        ]
      },
      "id": "node/357083731"
    },
    {
      "type": "Feature",
      "properties": {
        "@id": "node/357084145",
        "ele": "502",
        "gnis:feature_id": "1222717",
        "name": "Glassy Mountain",
        "natural": "peak",
        "wikidata": "Q2502734"
      },
      "geometry": {
        "type": "Point",
        "coordinates": [
          -82.6598786,
          34.9007374
        ]
      },
      "id": "node/357084145"
    },
    {
      "type": "Feature",
      "properties": {
        "@id": "node/357084406",
        "ele": "619",
        "gnis:feature_id": "1222876",
        "name": "Green Mountain",
        "natural": "peak",
        "wikidata": "Q31657170"
      },
      "geometry": {
        "type": "Point",
        "coordinates": [
          -82.5801248,
          35.0998394
        ]
      },
      "id": "node/357084406"
    },
    {
      "type": "Feature",
      "properties": {
        "@id": "node/357084667",
        "ele": "225",
        "gnis:feature_id": "1223095",
        "name": "Hayes Hill",
        "natural": "peak",
        "wikidata": "Q31657219"
      },
      "geometry": {
        "type": "Point",
        "coordinates": [
          -81.7659345,
          34.8770741
        ]
      },
      "id": "node/357084667"
    },
    {
      "type": "Feature",
      "properties": {
        "@id": "node/357084738",
        "ele": "738",
        "gnis:feature_id": "1223146",
        "name": "Hickory Top",
        "natural": "peak",
        "wikidata": "Q31657304"
      },
      "geometry": {
        "type": "Point",
        "coordinates": [
          -83.1526528,
          34.9089796
        ]
      },
      "id": "node/357084738"
    },
    {
      "type": "Feature",
      "properties": {
        "@id": "node/357084740",
        "ele": "1063",
        "gnis:feature_id": "1223147",
        "name": "Hickorynut Mountain",
        "natural": "peak",
        "wikidata": "Q31426650"
      },
      "geometry": {
        "type": "Point",
        "coordinates": [
          -82.7659372,
          35.0501609
        ]
      },
      "id": "node/357084740"
    },
    {
      "type": "Feature",
      "properties": {
        "@id": "node/357084756",
        "ele": "12",
        "gnis:feature_id": "1223158",
        "name": "High Hill",
        "natural": "peak"
      },
      "geometry": {
        "type": "Point",
        "coordinates": [
          -79.215324,
          33.6815575
        ]
      },
      "id": "node/357084756"
    },
    {
      "type": "Feature",
      "properties": {
        "@id": "node/357084820",
        "ele": "476",
        "gnis:feature_id": "1223178",
        "name": "Hightower Mountain",
        "natural": "peak",
        "wikidata": "Q31657369"
      },
      "geometry": {
        "type": "Point",
        "coordinates": [
          -82.4367865,
          35.1056722
        ]
      },
      "id": "node/357084820"
    },
    {
      "type": "Feature",
      "properties": {
        "@id": "node/357084987",
        "ele": "551",
        "gnis:feature_id": "1223315",
        "name": "Horse Gap Mountain",
        "natural": "peak",
        "wikidata": "Q31657453"
      },
      "geometry": {
        "type": "Point",
        "coordinates": [
          -82.8234713,
          34.9884432
        ]
      },
      "id": "node/357084987"
    },
    {
      "type": "Feature",
      "properties": {
        "@id": "node/357085297",
        "ele": "312",
        "gnis:feature_id": "1223586",
        "name": "Joes Mountain",
        "natural": "peak",
        "wikidata": "Q6214216"
      },
      "geometry": {
        "type": "Point",
        "coordinates": [
          -81.3950846,
          35.1354104
        ]
      },
      "id": "node/357085297"
    },
    {
      "type": "Feature",
      "properties": {
        "@id": "node/357085559",
        "ele": "505",
        "gnis:feature_id": "1223812",
        "name": "Langley Mountain",
        "natural": "peak",
        "wikidata": "Q31657777"
      },
      "geometry": {
        "type": "Point",
        "coordinates": [
          -82.6473533,
          34.936506
        ]
      },
      "id": "node/357085559"
    },
    {
      "type": "Feature",
      "properties": {
        "@id": "node/357085685",
        "ele": "610",
        "gnis:feature_id": "1223926",
        "name": "Limber Pole Mountain",
        "natural": "peak",
        "wikidata": "Q31657853"
      },
      "geometry": {
        "type": "Point",
        "coordinates": [
          -83.02487,
          34.9811996
        ]
      },
      "id": "node/357085685"
    },
    {
      "type": "Feature",
      "properties": {
        "@id": "node/357085748",
        "ele": "272",
        "gnis:feature_id": "1224020",
        "name": "Little Mountain",
        "natural": "peak",
        "wikidata": "Q31657912"
      },
      "geometry": {
        "type": "Point",
        "coordinates": [
          -82.6984676,
          34.4412167
        ]
      },
      "id": "node/357085748"
    },
    {
      "type": "Feature",
      "properties": {
        "@id": "node/357085751",
        "ele": "469",
        "gnis:feature_id": "1224021",
        "name": "Little Mountain",
        "natural": "peak",
        "wikidata": "Q31657867"
      },
      "geometry": {
        "type": "Point",
        "coordinates": [
          -82.5542913,
          35.0528951
        ]
      },
      "id": "node/357085751"
    },
    {
      "type": "Feature",
      "properties": {
        "@id": "node/357085753",
        "ele": "476",
        "gnis:feature_id": "1224022",
        "name": "Little Mountain",
        "natural": "peak",
        "wikidata": "Q31657879"
      },
      "geometry": {
        "type": "Point",
        "coordinates": [
          -82.3601173,
          35.1201157
        ]
      },
      "id": "node/357085753"
    },
    {
      "type": "Feature",
      "properties": {
        "@id": "node/357085758",
        "ele": "735",
        "gnis:feature_id": "1224025",
        "name": "Little Piney Mountain",
        "natural": "peak",
        "wikidata": "Q31657931"
      },
      "geometry": {
        "type": "Point",
        "coordinates": [
          -82.3870626,
          35.1698382
        ]
      },
      "id": "node/357085758"
    },
    {
      "type": "Feature",
      "properties": {
        "@id": "node/357085772",
        "ele": "479",
        "gnis:feature_id": "1224044",
        "name": "Little Rock Mountain",
        "natural": "peak",
        "wikidata": "Q31657967"
      },
      "geometry": {
        "type": "Point",
        "coordinates": [
          -82.7793023,
          34.9901154
        ]
      },
      "id": "node/357085772"
    },
    {
      "type": "Feature",
      "properties": {
        "@id": "node/357085777",
        "ele": "736",
        "gnis:feature_id": "1224056",
        "name": "Little Stakey Mountain",
        "natural": "peak",
        "wikidata": "Q31657984"
      },
      "geometry": {
        "type": "Point",
        "coordinates": [
          -83.1420971,
          34.9006465
        ]
      },
      "id": "node/357085777"
    },
    {
      "type": "Feature",
      "properties": {
        "@id": "node/357085852",
        "ele": "623",
        "gnis:feature_id": "1224175",
        "name": "Long Mountain",
        "natural": "peak",
        "wikidata": "Q31658034"
      },
      "geometry": {
        "type": "Point",
        "coordinates": [
          -83.2323797,
          34.8120368
        ]
      },
      "id": "node/357085852"
    },
    {
      "type": "Feature",
      "properties": {
        "@id": "node/357085854",
        "ele": "481",
        "gnis:feature_id": "1224176",
        "name": "Long Mountain",
        "natural": "peak",
        "wikidata": "Q31658050"
      },
      "geometry": {
        "type": "Point",
        "coordinates": [
          -82.650131,
          34.9478951
        ]
      },
      "id": "node/357085854"
    },
    {
      "type": "Feature",
      "properties": {
        "@id": "node/357086264",
        "ele": "4",
        "gnis:feature_id": "1224555",
        "name": "Mill Hill",
        "natural": "peak"
      },
      "geometry": {
        "type": "Point",
        "coordinates": [
          -81.0287206,
          32.3651932
        ]
      },
      "id": "node/357086264"
    },
    {
      "type": "Feature",
      "properties": {
        "@id": "node/357086405",
        "ele": "538",
        "gnis:feature_id": "1224671",
        "name": "Moss Mountain",
        "natural": "peak",
        "wikidata": "Q31658401"
      },
      "geometry": {
        "type": "Point",
        "coordinates": [
          -83.2009894,
          34.828148
        ]
      },
      "id": "node/357086405"
    },
    {
      "type": "Feature",
      "properties": {
        "@id": "node/357087425",
        "ele": "555",
        "gnis:feature_id": "1225162",
        "name": "Odle Mountain",
        "natural": "peak",
        "wikidata": "Q31658468"
      },
      "geometry": {
        "type": "Point",
        "coordinates": [
          -82.7740249,
          34.968171
        ]
      },
      "id": "node/357087425"
    },
    {
      "type": "Feature",
      "properties": {
        "@id": "node/357087451",
        "ele": "624",
        "gnis:feature_id": "1225180",
        "name": "Old Field Mountain",
        "natural": "peak",
        "wikidata": "Q31658500"
      },
      "geometry": {
        "type": "Point",
        "coordinates": [
          -83.2237679,
          34.8298144
        ]
      },
      "id": "node/357087451"
    },
    {
      "type": "Feature",
      "properties": {
        "@id": "node/357087705",
        "ele": "933",
        "gnis:feature_id": "1225381",
        "name": "Persimmon Mountain",
        "natural": "peak",
        "wikidata": "Q31658670"
      },
      "geometry": {
        "type": "Point",
        "coordinates": [
          -83.0493149,
          34.9923104
        ]
      },
      "id": "node/357087705"
    },
    {
      "type": "Feature",
      "properties": {
        "@id": "node/357087835",
        "ele": "401",
        "gnis:feature_id": "1225467",
        "name": "Pine Mountain",
        "natural": "peak",
        "wikidata": "Q31658737"
      },
      "geometry": {
        "type": "Point",
        "coordinates": [
          -82.8390282,
          34.9642745
        ]
      },
      "id": "node/357087835"
    },
    {
      "type": "Feature",
      "properties": {
        "@id": "node/357087894",
        "ele": "702",
        "gnis:feature_id": "1225502",
        "name": "Piney Knob",
        "natural": "peak",
        "wikidata": "Q31658753"
      },
      "geometry": {
        "type": "Point",
        "coordinates": [
          -83.1923768,
          34.8820356
        ]
      },
      "id": "node/357087894"
    },
    {
      "type": "Feature",
      "properties": {
        "@id": "node/357087896",
        "ele": "414",
        "gnis:feature_id": "1225503",
        "name": "Piney Mountain",
        "natural": "peak",
        "wikidata": "Q31658771"
      },
      "geometry": {
        "type": "Point",
        "coordinates": [
          -82.3892446,
          34.8927591
        ]
      },
      "id": "node/357087896"
    },
    {
      "type": "Feature",
      "properties": {
        "@id": "node/357087898",
        "ele": "550",
        "gnis:feature_id": "1225505",
        "name": "Pink Mountain",
        "natural": "peak",
        "wikidata": "Q31658856"
      },
      "geometry": {
        "type": "Point",
        "coordinates": [
          -82.8081934,
          34.9598335
        ]
      },
      "id": "node/357087898"
    },
    {
      "type": "Feature",
      "properties": {
        "@id": "node/357087903",
        "ele": "1041",
        "gnis:feature_id": "1225507",
        "name": "Pinnacle Mountain",
        "natural": "peak",
        "wikidata": "Q7196302"
      },
      "geometry": {
        "type": "Point",
        "coordinates": [
          -82.7415213,
          35.0337296
        ]
      },
      "id": "node/357087903"
    },
    {
      "type": "Feature",
      "properties": {
        "@id": "node/357088050",
        "ele": "526",
        "gnis:feature_id": "1225608",
        "name": "Poor Mountain",
        "natural": "peak",
        "wikidata": "Q31658890"
      },
      "geometry": {
        "type": "Point",
        "coordinates": [
          -83.1468223,
          34.7637055
        ]
      },
      "id": "node/357088050"
    },
    {
      "type": "Feature",
      "properties": {
        "@id": "node/357088087",
        "ele": "807",
        "gnis:feature_id": "1225642",
        "name": "Posey Mountain",
        "natural": "peak",
        "wikidata": "Q31658907"
      },
      "geometry": {
        "type": "Point",
        "coordinates": [
          -82.4206745,
          35.1823387
        ]
      },
      "id": "node/357088087"
    },
    {
      "type": "Feature",
      "properties": {
        "@id": "node/357088225",
        "ele": "108",
        "gnis:feature_id": "1225722",
        "name": "Quinine Hill",
        "natural": "peak",
        "wikidata": "Q31658987"
      },
      "geometry": {
        "type": "Point",
        "coordinates": [
          -80.9887016,
          34.0245996
        ]
      },
      "id": "node/357088225"
    },
    {
      "type": "Feature",
      "properties": {
        "@id": "node/357088390",
        "ele": "888",
        "gnis:feature_id": "1225881",
        "name": "Ridley Mountain",
        "natural": "peak",
        "wikidata": "Q31659177"
      },
      "geometry": {
        "type": "Point",
        "coordinates": [
          -83.0912611,
          34.9600893
        ]
      },
      "id": "node/357088390"
    },
    {
      "type": "Feature",
      "properties": {
        "@id": "node/357088485",
        "ele": "563",
        "gnis:feature_id": "1225956",
        "name": "Rocky Bald Mountain",
        "natural": "peak",
        "wikidata": "Q31659210"
      },
      "geometry": {
        "type": "Point",
        "coordinates": [
          -82.8145831,
          34.9409435
        ]
      },
      "id": "node/357088485"
    },
    {
      "type": "Feature",
      "properties": {
        "@id": "node/357088607",
        "ele": "764",
        "gnis:feature_id": "1226051",
        "name": "Round Top",
        "natural": "peak",
        "wikidata": "Q31659277"
      },
      "geometry": {
        "type": "Point",
        "coordinates": [
          -83.1201511,
          34.948423
        ]
      },
      "id": "node/357088607"
    },
    {
      "type": "Feature",
      "properties": {
        "@id": "node/357088636",
        "ele": "770",
        "gnis:feature_id": "1226082",
        "name": "Russell Mountain",
        "natural": "peak",
        "wikidata": "Q31659313"
      },
      "geometry": {
        "type": "Point",
        "coordinates": [
          -83.168209,
          34.9009242
        ]
      },
      "id": "node/357088636"
    },
    {
      "type": "Feature",
      "properties": {
        "@id": "node/357089357",
        "ele": "18",
        "gnis:feature_id": "1226365",
        "name": "Sandy Island",
        "natural": "peak"
      },
      "geometry": {
        "type": "Point",
        "coordinates": [
          -79.1178191,
          33.5898911
        ]
      },
      "id": "node/357089357"
    },
    {
      "type": "Feature",
      "properties": {
        "@id": "node/357089560",
        "ele": "573",
        "gnis:feature_id": "1226539",
        "name": "Sharp Top Mountain",
        "natural": "peak",
        "wikidata": "Q31659414"
      },
      "geometry": {
        "type": "Point",
        "coordinates": [
          -82.8123594,
          34.9967781
        ]
      },
      "id": "node/357089560"
    },
    {
      "type": "Feature",
      "properties": {
        "@id": "node/357090074",
        "ele": "953",
        "gnis:feature_id": "1227019",
        "name": "Table Rock",
        "natural": "peak",
        "wikidata": "Q31426726"
      },
      "geometry": {
        "type": "Point",
        "coordinates": [
          -82.7034637,
          35.0506736
        ]
      },
      "id": "node/357090074"
    },
    {
      "type": "Feature",
      "properties": {
        "@id": "node/357090128",
        "ele": "29",
        "gnis:feature_id": "1227087",
        "name": "The Stockade",
        "natural": "peak"
      },
      "geometry": {
        "type": "Point",
        "coordinates": [
          -79.7528561,
          34.17616
        ]
      },
      "id": "node/357090128"
    },
    {
      "type": "Feature",
      "properties": {
        "@id": "node/357090130",
        "ele": "364",
        "gnis:feature_id": "1227089",
        "name": "Thicketty Mountain",
        "natural": "peak",
        "wikidata": "Q2335687"
      },
      "geometry": {
        "type": "Point",
        "coordinates": [
          -81.7684348,
          35.1129026
        ]
      },
      "id": "node/357090130"
    },
    {
      "type": "Feature",
      "properties": {
        "@id": "node/357090182",
        "ele": "448",
        "gnis:feature_id": "1227134",
        "name": "Tillet Mountain",
        "natural": "peak",
        "wikidata": "Q31659719"
      },
      "geometry": {
        "type": "Point",
        "coordinates": [
          -82.3240051,
          35.1153931
        ]
      },
      "id": "node/357090182"
    },
    {
      "type": "Feature",
      "properties": {
        "@id": "node/357090283",
        "ele": "427",
        "gnis:feature_id": "1227255",
        "name": "Turner Hill",
        "natural": "peak",
        "wikidata": "Q31659800"
      },
      "geometry": {
        "type": "Point",
        "coordinates": [
          -82.767636,
          34.9559491
        ]
      },
      "id": "node/357090283"
    },
    {
      "type": "Feature",
      "properties": {
        "@id": "node/357090457",
        "ele": "565",
        "gnis:feature_id": "1227357",
        "name": "Wadakoe Mountain",
        "natural": "peak",
        "wikidata": "Q31659902"
      },
      "geometry": {
        "type": "Point",
        "coordinates": [
          -82.8362499,
          34.9803861
        ]
      },
      "id": "node/357090457"
    },
    {
      "type": "Feature",
      "properties": {
        "@id": "node/357090492",
        "ele": "834",
        "gnis:feature_id": "1227389",
        "name": "Walnut Mountain",
        "natural": "peak",
        "wikidata": "Q31659935"
      },
      "geometry": {
        "type": "Point",
        "coordinates": [
          -82.4051186,
          35.1898385
        ]
      },
      "id": "node/357090492"
    },
    {
      "type": "Feature",
      "properties": {
        "@id": "node/357090552",
        "ele": "518",
        "gnis:feature_id": "1227442",
        "name": "Watson Mountain",
        "natural": "peak",
        "wikidata": "Q31659968"
      },
      "geometry": {
        "type": "Point",
        "coordinates": [
          -82.511789,
          35.1098395
        ]
      },
      "id": "node/357090552"
    },
    {
      "type": "Feature",
      "properties": {
        "@id": "node/357090671",
        "ele": "674",
        "gnis:feature_id": "1227520",
        "name": "Whetstone Mountain",
        "natural": "peak",
        "wikidata": "Q31804916"
      },
      "geometry": {
        "type": "Point",
        "coordinates": [
          -83.2048776,
          34.8631472
        ]
      },
      "id": "node/357090671"
    },
    {
      "type": "Feature",
      "properties": {
        "@id": "node/357090873",
        "ele": "209",
        "gnis:feature_id": "1227674",
        "name": "Wofford Mountain",
        "natural": "peak",
        "wikidata": "Q31660046"
      },
      "geometry": {
        "type": "Point",
        "coordinates": [
          -81.8051006,
          34.7937418
        ]
      },
      "id": "node/357090873"
    },
    {
      "type": "Feature",
      "properties": {
        "@id": "node/357090895",
        "ele": "451",
        "gnis:feature_id": "1227697",
        "name": "Woodall Mountain",
        "natural": "peak",
        "wikidata": "Q31660063"
      },
      "geometry": {
        "type": "Point",
        "coordinates": [
          -82.8131954,
          34.8862205
        ]
      },
      "id": "node/357090895"
    },
    {
      "type": "Feature",
      "properties": {
        "@id": "node/357090909",
        "ele": "213",
        "gnis:feature_id": "1227710",
        "name": "Worth Mountain",
        "natural": "peak",
        "wikidata": "Q31660080"
      },
      "geometry": {
        "type": "Point",
        "coordinates": [
          -81.4762025,
          34.9554098
        ]
      },
      "id": "node/357090909"
    },
    {
      "type": "Feature",
      "properties": {
        "@id": "node/357093775",
        "ele": "194",
        "gnis:feature_id": "1229442",
        "name": "Boles Mountain",
        "natural": "peak",
        "wikidata": "Q31656068"
      },
      "geometry": {
        "type": "Point",
        "coordinates": [
          -82.0387299,
          33.9434617
        ]
      },
      "id": "node/357093775"
    },
    {
      "type": "Feature",
      "properties": {
        "@id": "node/357093810",
        "ele": "625",
        "gnis:feature_id": "1229472",
        "name": "Bryant Mountain",
        "natural": "peak",
        "wikidata": "Q31656183"
      },
      "geometry": {
        "type": "Point",
        "coordinates": [
          -82.894308,
          34.9987122
        ]
      },
      "id": "node/357093810"
    },
    {
      "type": "Feature",
      "properties": {
        "@id": "node/357093992",
        "ele": "627",
        "gnis:feature_id": "1229649",
        "name": "Double Spring Mountain",
        "natural": "peak",
        "wikidata": "Q31656835"
      },
      "geometry": {
        "type": "Point",
        "coordinates": [
          -82.9604227,
          34.9950928
        ]
      },
      "id": "node/357093992"
    },
    {
      "type": "Feature",
      "properties": {
        "@id": "node/357094115",
        "ele": "397",
        "gnis:feature_id": "1229744",
        "name": "Grassy Mountain",
        "natural": "peak",
        "wikidata": "Q31657121"
      },
      "geometry": {
        "type": "Point",
        "coordinates": [
          -83.2123803,
          34.7089839
        ]
      },
      "id": "node/357094115"
    },
    {
      "type": "Feature",
      "properties": {
        "@id": "node/357094311",
        "ele": "406",
        "gnis:feature_id": "1229961",
        "name": "Lydia Mountain",
        "natural": "peak",
        "wikidata": "Q31658137"
      },
      "geometry": {
        "type": "Point",
        "coordinates": [
          -82.9743138,
          34.9023159
        ]
      },
      "id": "node/357094311"
    },
    {
      "type": "Feature",
      "properties": {
        "@id": "node/357094348",
        "ele": "359",
        "gnis:feature_id": "1229992",
        "name": "McKinney Mountain",
        "natural": "peak",
        "wikidata": "Q31658234"
      },
      "geometry": {
        "type": "Point",
        "coordinates": [
          -82.882642,
          34.9406583
        ]
      },
      "id": "node/357094348"
    },
    {
      "type": "Feature",
      "properties": {
        "@id": "node/357094464",
        "ele": "407",
        "gnis:feature_id": "1230082",
        "name": "Nancy Long Mountain",
        "natural": "peak",
        "wikidata": "Q31658436"
      },
      "geometry": {
        "type": "Point",
        "coordinates": [
          -83.1993243,
          34.7475941
        ]
      },
      "id": "node/357094464"
    },
    {
      "type": "Feature",
      "properties": {
        "@id": "node/357094537",
        "ele": "249",
        "gnis:feature_id": "1230149",
        "name": "Parsons Mountain",
        "natural": "peak",
        "wikidata": "Q31658621"
      },
      "geometry": {
        "type": "Point",
        "coordinates": [
          -82.3631824,
          34.0834525
        ]
      },
      "id": "node/357094537"
    },
    {
      "type": "Feature",
      "properties": {
        "@id": "node/357094570",
        "ele": "492",
        "gnis:feature_id": "1230176",
        "name": "Piney Mountain",
        "natural": "peak",
        "wikidata": "Q31658823"
      },
      "geometry": {
        "type": "Point",
        "coordinates": [
          -82.8781963,
          34.9876032
        ]
      },
      "id": "node/357094570"
    },
    {
      "type": "Feature",
      "properties": {
        "@id": "node/357094578",
        "ele": "13",
        "gnis:feature_id": "1230181",
        "name": "Pleasant Hill",
        "natural": "peak"
      },
      "geometry": {
        "type": "Point",
        "coordinates": [
          -79.5200651,
          33.2404452
        ]
      },
      "id": "node/357094578"
    },
    {
      "type": "Feature",
      "properties": {
        "@id": "node/357094755",
        "ele": "522",
        "gnis:feature_id": "1230336",
        "name": "Smeltzer Mountain",
        "natural": "peak",
        "wikidata": "Q31659465"
      },
      "geometry": {
        "type": "Point",
        "coordinates": [
          -82.9684796,
          34.9373156
        ]
      },
      "id": "node/357094755"
    },
    {
      "type": "Feature",
      "properties": {
        "@id": "node/357094833",
        "ele": "508",
        "gnis:feature_id": "1230431",
        "name": "Turnip Top",
        "natural": "peak",
        "wikidata": "Q31659816"
      },
      "geometry": {
        "type": "Point",
        "coordinates": [
          -83.0915415,
          34.8234266
        ]
      },
      "id": "node/357094833"
    },
    {
      "type": "Feature",
      "properties": {
        "@id": "node/357094872",
        "ele": "502",
        "gnis:feature_id": "1230473",
        "name": "Wells Mountain",
        "natural": "peak",
        "wikidata": "Q31659986"
      },
      "geometry": {
        "type": "Point",
        "coordinates": [
          -83.1668232,
          34.7459279
        ]
      },
      "id": "node/357094872"
    },
    {
      "type": "Feature",
      "properties": {
        "@id": "node/357095686",
        "ele": "69",
        "gnis:feature_id": "1230970",
        "name": "Quartemans Hill",
        "natural": "peak",
        "wikidata": "Q31658975"
      },
      "geometry": {
        "type": "Point",
        "coordinates": [
          -81.0976004,
          33.2715451
        ]
      },
      "id": "node/357095686"
    },
    {
      "type": "Feature",
      "properties": {
        "@id": "node/357095743",
        "ele": "368",
        "gnis:feature_id": "1231000",
        "name": "Alexander Hill",
        "natural": "peak",
        "wikidata": "Q31655713"
      },
      "geometry": {
        "type": "Point",
        "coordinates": [
          -82.5776267,
          34.9967843
        ]
      },
      "id": "node/357095743"
    },
    {
      "type": "Feature",
      "properties": {
        "@id": "node/357095747",
        "ele": "227",
        "gnis:feature_id": "1231028",
        "name": "Barnett Mountain",
        "natural": "peak",
        "wikidata": "Q31655784"
      },
      "geometry": {
        "type": "Point",
        "coordinates": [
          -81.1036869,
          35.0968076
        ]
      },
      "id": "node/357095747"
    },
    {
      "type": "Feature",
      "properties": {
        "@id": "node/357095749",
        "ele": "5",
        "gnis:feature_id": "1231030",
        "name": "Barnwell Hill",
        "natural": "peak"
      },
      "geometry": {
        "type": "Point",
        "coordinates": [
          -80.8970525,
          32.4054704
        ]
      },
      "id": "node/357095749"
    },
    {
      "type": "Feature",
      "properties": {
        "@id": "node/357095754",
        "ele": "980",
        "gnis:feature_id": "1231034",
        "name": "Battered Rock Mountain",
        "natural": "peak",
        "wikidata": "Q31426601"
      },
      "geometry": {
        "type": "Point",
        "coordinates": [
          -82.6817949,
          35.0931727
        ]
      },
      "id": "node/357095754"
    },
    {
      "type": "Feature",
      "properties": {
        "@id": "node/357095756",
        "ele": "7",
        "gnis:feature_id": "1231041",
        "name": "Beech Hill",
        "natural": "peak"
      },
      "geometry": {
        "type": "Point",
        "coordinates": [
          -81.1678849,
          32.4765748
        ]
      },
      "id": "node/357095756"
    },
    {
      "type": "Feature",
      "properties": {
        "@id": "node/357095758",
        "ele": "417",
        "gnis:feature_id": "1231047",
        "name": "Ben Hall Hill",
        "natural": "peak",
        "wikidata": "Q31655883"
      },
      "geometry": {
        "type": "Point",
        "coordinates": [
          -82.5665142,
          35.0484506
        ]
      },
      "id": "node/357095758"
    },
    {
      "type": "Feature",
      "properties": {
        "@id": "node/357095765",
        "ele": "270",
        "gnis:feature_id": "1231054",
        "name": "Big Knob",
        "natural": "peak",
        "wikidata": "Q31655915"
      },
      "geometry": {
        "type": "Point",
        "coordinates": [
          -82.1156596,
          34.570399
        ]
      },
      "id": "node/357095765"
    },
    {
      "type": "Feature",
      "properties": {
        "@id": "node/357095769",
        "ele": "15",
        "gnis:feature_id": "1231055",
        "name": "Big Sand Hills",
        "natural": "peak"
      },
      "geometry": {
        "type": "Point",
        "coordinates": [
          -79.1458727,
          34.1973864
        ]
      },
      "id": "node/357095769"
    },
    {
      "type": "Feature",
      "properties": {
        "@id": "node/357095772",
        "ele": "956",
        "gnis:feature_id": "1231056",
        "name": "Bigspring Mountain",
        "natural": "peak",
        "wikidata": "Q31426613"
      },
      "geometry": {
        "type": "Point",
        "coordinates": [
          -82.7392709,
          35.0780204
        ]
      },
      "id": "node/357095772"
    },
    {
      "type": "Feature",
      "properties": {
        "@id": "node/357095775",
        "ele": "366",
        "gnis:feature_id": "1231057",
        "name": "Billingsly Hill",
        "natural": "peak",
        "wikidata": "Q31655967"
      },
      "geometry": {
        "type": "Point",
        "coordinates": [
          -82.5354024,
          35.0117838
        ]
      },
      "id": "node/357095775"
    },
    {
      "type": "Feature",
      "properties": {
        "@id": "node/357095777",
        "ele": "452",
        "gnis:feature_id": "1231059",
        "name": "Bird Mountain",
        "natural": "peak",
        "wikidata": "Q31655983"
      },
      "geometry": {
        "type": "Point",
        "coordinates": [
          -82.2151137,
          35.18317
        ]
      },
      "id": "node/357095777"
    },
    {
      "type": "Feature",
      "properties": {
        "@id": "node/357095779",
        "ele": "369",
        "gnis:feature_id": "1231066",
        "name": "Boatwright Mountain",
        "natural": "peak",
        "wikidata": "Q31656032"
      },
      "geometry": {
        "type": "Point",
        "coordinates": [
          -83.3279403,
          34.7025949
        ]
      },
      "id": "node/357095779"
    },
    {
      "type": "Feature",
      "properties": {
        "@id": "node/357095781",
        "ele": "374",
        "gnis:feature_id": "1231068",
        "name": "Bogg Mountain",
        "natural": "peak",
        "wikidata": "Q31656051"
      },
      "geometry": {
        "type": "Point",
        "coordinates": [
          -82.6645798,
          34.7978919
        ]
      },
      "id": "node/357095781"
    },
    {
      "type": "Feature",
      "properties": {
        "@id": "node/357095784",
        "ele": "119",
        "gnis:feature_id": "1231083",
        "name": "Brice Hill",
        "natural": "peak",
        "wikidata": "Q31656101"
      },
      "geometry": {
        "type": "Point",
        "coordinates": [
          -81.0775925,
          34.0851518
        ]
      },
      "id": "node/357095784"
    },
    {
      "type": "Feature",
      "properties": {
        "@id": "node/357095786",
        "ele": "725",
        "gnis:feature_id": "1231092",
        "name": "Brushy Knob",
        "natural": "peak",
        "wikidata": "Q31656150"
      },
      "geometry": {
        "type": "Point",
        "coordinates": [
          -82.6948515,
          35.0742842
        ]
      },
      "id": "node/357095786"
    },
    {
      "type": "Feature",
      "properties": {
        "@id": "node/357095788",
        "ele": "921",
        "gnis:feature_id": "1231094",
        "name": "Bryant Mountain",
        "natural": "peak",
        "wikidata": "Q31656166"
      },
      "geometry": {
        "type": "Point",
        "coordinates": [
          -82.3481725,
          35.1440044
        ]
      },
      "id": "node/357095788"
    },
    {
      "type": "Feature",
      "properties": {
        "@id": "node/357095791",
        "ele": "118",
        "gnis:feature_id": "1231096",
        "name": "Buck Hill",
        "natural": "peak"
      },
      "geometry": {
        "type": "Point",
        "coordinates": [
          -80.7425803,
          34.34987
        ]
      },
      "id": "node/357095791"
    },
    {
      "type": "Feature",
      "properties": {
        "@id": "node/357095793",
        "ele": "862",
        "gnis:feature_id": "1231097",
        "name": "Buck Knob",
        "natural": "peak",
        "wikidata": "Q31656216"
      },
      "geometry": {
        "type": "Point",
        "coordinates": [
          -83.0659824,
          34.9742555
        ]
      },
      "id": "node/357095793"
    },
    {
      "type": "Feature",
      "properties": {
        "@id": "node/357095796",
        "ele": "513",
        "gnis:feature_id": "1231102",
        "name": "Bullard Mountain",
        "natural": "peak",
        "wikidata": "Q31656233"
      },
      "geometry": {
        "type": "Point",
        "coordinates": [
          -82.6440203,
          34.922339
        ]
      },
      "id": "node/357095796"
    },
    {
      "type": "Feature",
      "properties": {
        "@id": "node/357095798",
        "ele": "220",
        "gnis:feature_id": "1231103",
        "name": "Bulls Hill",
        "natural": "peak",
        "wikidata": "Q31656249"
      },
      "geometry": {
        "type": "Point",
        "coordinates": [
          -81.2645296,
          34.8326367
        ]
      },
      "id": "node/357095798"
    },
    {
      "type": "Feature",
      "properties": {
        "@id": "node/357095801",
        "ele": "614",
        "gnis:feature_id": "1231104",
        "name": "Bully Mountain",
        "natural": "peak",
        "wikidata": "Q31656268"
      },
      "geometry": {
        "type": "Point",
        "coordinates": [
          -82.9004193,
          35.0039893
        ]
      },
      "id": "node/357095801"
    },
    {
      "type": "Feature",
      "properties": {
        "@id": "node/357095804",
        "ele": "363",
        "gnis:feature_id": "1231112",
        "name": "Butler Hill",
        "natural": "peak",
        "wikidata": "Q31655697"
      },
      "geometry": {
        "type": "Point",
        "coordinates": [
          -82.3406745,
          34.859562
        ]
      },
      "id": "node/357095804"
    },
    {
      "type": "Feature",
      "properties": {
        "@id": "node/357095806",
        "ele": "4",
        "gnis:feature_id": "1231113",
        "name": "Buzzard Knoll",
        "natural": "peak"
      },
      "geometry": {
        "type": "Point",
        "coordinates": [
          -81.0109428,
          32.3532496
        ]
      },
      "id": "node/357095806"
    },
    {
      "type": "Feature",
      "properties": {
        "@id": "node/357095808",
        "ele": "842",
        "gnis:feature_id": "1231114",
        "name": "Buzzard Mountain",
        "natural": "peak",
        "wikidata": "Q31426622"
      },
      "geometry": {
        "type": "Point",
        "coordinates": [
          -82.7123522,
          35.0726176
        ]
      },
      "id": "node/357095808"
    },
    {
      "type": "Feature",
      "properties": {
        "@id": "node/357095812",
        "ele": "468",
        "gnis:feature_id": "1231115",
        "name": "Buzzard Roost Mountain",
        "natural": "peak",
        "wikidata": "Q31656301"
      },
      "geometry": {
        "type": "Point",
        "coordinates": [
          -82.8484736,
          34.9423287
        ]
      },
      "id": "node/357095812"
    },
    {
      "type": "Feature",
      "properties": {
        "@id": "node/357095814",
        "ele": "978",
        "gnis:feature_id": "1231117",
        "name": "Caesars Head",
        "natural": "peak",
        "wikidata": "Q31426624"
      },
      "geometry": {
        "type": "Point",
        "coordinates": [
          -82.7845593,
          35.0556393
        ]
      },
      "id": "node/357095814"
    },
    {
      "type": "Feature",
      "properties": {
        "@id": "node/357095817",
        "ele": "4",
        "gnis:feature_id": "1231119",
        "name": "Calabash Knoll",
        "natural": "peak"
      },
      "geometry": {
        "type": "Point",
        "coordinates": [
          -81.0109428,
          32.3579715
        ]
      },
      "id": "node/357095817"
    },
    {
      "type": "Feature",
      "properties": {
        "@id": "node/357095819",
        "ele": "570",
        "gnis:feature_id": "1231120",
        "name": "Calahan Mountain",
        "natural": "peak",
        "wikidata": "Q31656318"
      },
      "geometry": {
        "type": "Point",
        "coordinates": [
          -82.3865071,
          35.1253938
        ]
      },
      "id": "node/357095819"
    },
    {
      "type": "Feature",
      "properties": {
        "@id": "node/357095822",
        "ele": "731",
        "gnis:feature_id": "1231122",
        "name": "Callas Mountain",
        "natural": "peak",
        "wikidata": "Q31656335"
      },
      "geometry": {
        "type": "Point",
        "coordinates": [
          -83.179043,
          34.8884244
        ]
      },
      "id": "node/357095822"
    },
    {
      "type": "Feature",
      "properties": {
        "@id": "node/357095825",
        "ele": "199",
        "gnis:feature_id": "1231128",
        "name": "Camp Hill",
        "natural": "peak",
        "wikidata": "Q31656351"
      },
      "geometry": {
        "type": "Point",
        "coordinates": [
          -81.8373227,
          34.7787414
        ]
      },
      "id": "node/357095825"
    },
    {
      "type": "Feature",
      "properties": {
        "@id": "node/357095828",
        "ele": "755",
        "gnis:feature_id": "1231134",
        "name": "Cane Mountain",
        "natural": "peak",
        "wikidata": "Q31656385"
      },
      "geometry": {
        "type": "Point",
        "coordinates": [
          -82.8404148,
          35.040108
        ]
      },
      "id": "node/357095828"
    },
    {
      "type": "Feature",
      "properties": {
        "@id": "node/357095831",
        "ele": "387",
        "gnis:feature_id": "1231135",
        "name": "Cannon Mountain",
        "natural": "peak",
        "wikidata": "Q31656402"
      },
      "geometry": {
        "type": "Point",
        "coordinates": [
          -82.6809672,
          34.8840047
        ]
      },
      "id": "node/357095831"
    },
    {
      "type": "Feature",
      "properties": {
        "@id": "node/357095836",
        "ele": "539",
        "gnis:feature_id": "1231146",
        "name": "Cedar Creek Mountain",
        "natural": "peak",
        "wikidata": "Q31656485"
      },
      "geometry": {
        "type": "Point",
        "coordinates": [
          -82.846807,
          34.9348288
        ]
      },
      "id": "node/357095836"
    },
    {
      "type": "Feature",
      "properties": {
        "@id": "node/357095839",
        "ele": "6",
        "gnis:feature_id": "1231147",
        "name": "Cedar Hill",
        "natural": "peak"
      },
      "geometry": {
        "type": "Point",
        "coordinates": [
          -79.4878414,
          33.2262786
        ]
      },
      "id": "node/357095839"
    },
    {
      "type": "Feature",
      "properties": {
        "@id": "node/357095842",
        "ele": "538",
        "gnis:feature_id": "1231148",
        "name": "Cedar Mountain",
        "natural": "peak",
        "wikidata": "Q31656501"
      },
      "geometry": {
        "type": "Point",
        "coordinates": [
          -82.426786,
          35.1353943
        ]
      },
      "id": "node/357095842"
    },
    {
      "type": "Feature",
      "properties": {
        "@id": "node/357095846",
        "ele": "421",
        "gnis:feature_id": "1231149",
        "name": "Cedar Rock Mountain",
        "natural": "peak",
        "wikidata": "Q31656534"
      },
      "geometry": {
        "type": "Point",
        "coordinates": [
          -82.6208292,
          34.8850904
        ]
      },
      "id": "node/357095846"
    },
    {
      "type": "Feature",
      "properties": {
        "@id": "node/357095850",
        "ele": "508",
        "gnis:feature_id": "1231150",
        "name": "Cedar Rock Mountain",
        "natural": "peak",
        "wikidata": "Q31656550"
      },
      "geometry": {
        "type": "Point",
        "coordinates": [
          -82.802638,
          34.9462227
        ]
      },
      "id": "node/357095850"
    },
    {
      "type": "Feature",
      "properties": {
        "@id": "node/357095853",
        "ele": "696",
        "gnis:feature_id": "1231151",
        "name": "Cedar Rock Mountain",
        "natural": "peak",
        "wikidata": "Q31656517"
      },
      "geometry": {
        "type": "Point",
        "coordinates": [
          -82.5276224,
          35.1406729
        ]
      },
      "id": "node/357095853"
    },
    {
      "type": "Feature",
      "properties": {
        "@id": "node/357095856",
        "ele": "504",
        "gnis:feature_id": "1231156",
        "name": "Chapman Mountain",
        "natural": "peak",
        "wikidata": "Q31656566"
      },
      "geometry": {
        "type": "Point",
        "coordinates": [
          -82.7193001,
          34.966507
        ]
      },
      "id": "node/357095856"
    },
    {
      "type": "Feature",
      "properties": {
        "@id": "node/357095860",
        "ele": "852",
        "gnis:feature_id": "1231167",
        "name": "Chimneytop",
        "natural": "peak",
        "wikidata": "Q31656615"
      },
      "geometry": {
        "type": "Point",
        "coordinates": [
          -82.8037456,
          35.0592788
        ]
      },
      "id": "node/357095860"
    },
    {
      "type": "Feature",
      "properties": {
        "@id": "node/357095864",
        "ele": "345",
        "gnis:feature_id": "1231186",
        "name": "Collins Mountain",
        "natural": "peak",
        "wikidata": "Q31656683"
      },
      "geometry": {
        "type": "Point",
        "coordinates": [
          -82.1531657,
          35.0317832
        ]
      },
      "id": "node/357095864"
    },
    {
      "type": "Feature",
      "properties": {
        "@id": "node/357095871",
        "ele": "771",
        "gnis:feature_id": "1231201",
        "name": "Crane Mountain",
        "natural": "peak",
        "wikidata": "Q31656732"
      },
      "geometry": {
        "type": "Point",
        "coordinates": [
          -83.1001507,
          34.93759
        ]
      },
      "id": "node/357095871"
    },
    {
      "type": "Feature",
      "properties": {
        "@id": "node/357095874",
        "ele": "589",
        "gnis:feature_id": "1231207",
        "name": "Crossroads Mountain",
        "natural": "peak",
        "wikidata": "Q31656749"
      },
      "geometry": {
        "type": "Point",
        "coordinates": [
          -82.9193073,
          35.0462102
        ]
      },
      "id": "node/357095874"
    },
    {
      "type": "Feature",
      "properties": {
        "@id": "node/357095877",
        "ele": "673",
        "gnis:feature_id": "1231225",
        "name": "Diana Mountain",
        "natural": "peak",
        "wikidata": "Q31656782"
      },
      "geometry": {
        "type": "Point",
        "coordinates": [
          -82.8448601,
          35.0245519
        ]
      },
      "id": "node/357095877"
    },
    {
      "type": "Feature",
      "properties": {
        "@id": "node/357095881",
        "ele": "728",
        "gnis:feature_id": "1231231",
        "name": "Dodge Mountain",
        "natural": "peak",
        "wikidata": "Q31656817"
      },
      "geometry": {
        "type": "Point",
        "coordinates": [
          -83.108207,
          34.9117574
        ]
      },
      "id": "node/357095881"
    },
    {
      "type": "Feature",
      "properties": {
        "@id": "node/357095884",
        "ele": "9",
        "gnis:feature_id": "1231243",
        "name": "Dry Pine Hill",
        "natural": "peak"
      },
      "geometry": {
        "type": "Point",
        "coordinates": [
          -81.1403874,
          32.3813025
        ]
      },
      "id": "node/357095884"
    },
    {
      "type": "Feature",
      "properties": {
        "@id": "node/357095889",
        "ele": "78",
        "gnis:feature_id": "1231250",
        "name": "Eagles Nest",
        "natural": "peak"
      },
      "geometry": {
        "type": "Point",
        "coordinates": [
          -80.6986907,
          34.3409822
        ]
      },
      "id": "node/357095889"
    },
    {
      "type": "Feature",
      "properties": {
        "@id": "node/357095894",
        "ele": "462",
        "gnis:feature_id": "1231284",
        "name": "Fisher Knob",
        "natural": "peak",
        "wikidata": "Q31656935"
      },
      "geometry": {
        "type": "Point",
        "coordinates": [
          -82.9765348,
          34.9831468
        ]
      },
      "id": "node/357095894"
    },
    {
      "type": "Feature",
      "properties": {
        "@id": "node/357095897",
        "ele": "879",
        "gnis:feature_id": "1231285",
        "name": "Flatrock Mountain",
        "natural": "peak",
        "wikidata": "Q31426646"
      },
      "geometry": {
        "type": "Point",
        "coordinates": [
          -82.8370806,
          35.0567751
        ]
      },
      "id": "node/357095897"
    },
    {
      "type": "Feature",
      "properties": {
        "@id": "node/357095902",
        "ele": "80",
        "gnis:feature_id": "1231293",
        "name": "Fort Hill",
        "natural": "peak",
        "wikidata": "Q31656970"
      },
      "geometry": {
        "type": "Point",
        "coordinates": [
          -80.6475769,
          34.407373
        ]
      },
      "id": "node/357095902"
    },
    {
      "type": "Feature",
      "properties": {
        "@id": "node/357095904",
        "ele": "703",
        "gnis:feature_id": "1231303",
        "name": "Fuller Mountain",
        "natural": "peak",
        "wikidata": "Q31657006"
      },
      "geometry": {
        "type": "Point",
        "coordinates": [
          -82.3687288,
          35.1756713
        ]
      },
      "id": "node/357095904"
    },
    {
      "type": "Feature",
      "properties": {
        "@id": "node/357095908",
        "ele": "638",
        "gnis:feature_id": "1231305",
        "name": "Gallbuster Mountain",
        "natural": "peak",
        "wikidata": "Q31657024"
      },
      "geometry": {
        "type": "Point",
        "coordinates": [
          -82.9768108,
          35.032592
        ]
      },
      "id": "node/357095908"
    },
    {
      "type": "Feature",
      "properties": {
        "@id": "node/357095910",
        "ele": "384",
        "gnis:feature_id": "1231318",
        "name": "Gilstrap Mountain",
        "natural": "peak",
        "wikidata": "Q31657056"
      },
      "geometry": {
        "type": "Point",
        "coordinates": [
          -82.8401396,
          34.9567742
        ]
      },
      "id": "node/357095910"
    },
    {
      "type": "Feature",
      "properties": {
        "@id": "node/357095912",
        "ele": "848",
        "gnis:feature_id": "1231321",
        "name": "Glassy Mountain",
        "natural": "peak",
        "wikidata": "Q2200589"
      },
      "geometry": {
        "type": "Point",
        "coordinates": [
          -82.3356721,
          35.1378932
        ]
      },
      "id": "node/357095912"
    },
    {
      "type": "Feature",
      "properties": {
        "@id": "node/357095915",
        "ele": "375",
        "gnis:feature_id": "1231334",
        "name": "Gowens Mountain",
        "natural": "peak",
        "wikidata": "Q31657104"
      },
      "geometry": {
        "type": "Point",
        "coordinates": [
          -82.6117941,
          35.025951
        ]
      },
      "id": "node/357095915"
    },
    {
      "type": "Feature",
      "properties": {
        "@id": "node/357095917",
        "ele": "470",
        "gnis:feature_id": "1231336",
        "name": "Grassy Knob",
        "natural": "peak",
        "wikidata": "Q31657137"
      },
      "geometry": {
        "type": "Point",
        "coordinates": [
          -82.696521,
          34.9817851
        ]
      },
      "id": "node/357095917"
    },
    {
      "type": "Feature",
      "properties": {
        "@id": "node/357095919",
        "ele": "69",
        "gnis:feature_id": "1231338",
        "name": "Gravel Hill",
        "natural": "peak",
        "wikidata": "Q31657154"
      },
      "geometry": {
        "type": "Point",
        "coordinates": [
          -81.378996,
          32.9665468
        ]
      },
      "id": "node/357095919"
    },
    {
      "type": "Feature",
      "properties": {
        "@id": "node/357095922",
        "ele": "36",
        "gnis:feature_id": "1231342",
        "name": "Green Hill Mound",
        "natural": "peak"
      },
      "geometry": {
        "type": "Point",
        "coordinates": [
          -80.9739802,
          33.8632108
        ]
      },
      "id": "node/357095922"
    },
    {
      "type": "Feature",
      "properties": {
        "@id": "node/357095924",
        "ele": "12",
        "gnis:feature_id": "1231357",
        "name": "Half Moon Sand Hills",
        "natural": "peak"
      },
      "geometry": {
        "type": "Point",
        "coordinates": [
          -79.2100433,
          34.1212747
        ]
      },
      "id": "node/357095924"
    },
    {
      "type": "Feature",
      "properties": {
        "@id": "node/357095926",
        "ele": "9",
        "gnis:feature_id": "1231371",
        "name": "Heaven Hill",
        "natural": "peak"
      },
      "geometry": {
        "type": "Point",
        "coordinates": [
          -79.4886674,
          34.028773
        ]
      },
      "id": "node/357095926"
    },
    {
      "type": "Feature",
      "properties": {
        "@id": "node/357095930",
        "ele": "150",
        "gnis:feature_id": "1231372",
        "name": "Hebron Hill",
        "natural": "peak",
        "wikidata": "Q31657235"
      },
      "geometry": {
        "type": "Point",
        "coordinates": [
          -80.2950662,
          34.66071
        ]
      },
      "id": "node/357095930"
    },
    {
      "type": "Feature",
      "properties": {
        "@id": "node/357095933",
        "ele": "477",
        "gnis:feature_id": "1231375",
        "name": "Hester Mountain",
        "natural": "peak",
        "wikidata": "Q31657270"
      },
      "geometry": {
        "type": "Point",
        "coordinates": [
          -82.9854238,
          35.002034
        ]
      },
      "id": "node/357095933"
    },
    {
      "type": "Feature",
      "properties": {
        "@id": "node/357095938",
        "ele": "449",
        "gnis:feature_id": "1231381",
        "name": "Hickory Nut Mountain",
        "natural": "peak",
        "wikidata": "Q31657287"
      },
      "geometry": {
        "type": "Point",
        "coordinates": [
          -82.6104077,
          34.9203947
        ]
      },
      "id": "node/357095938"
    },
    {
      "type": "Feature",
      "properties": {
        "@id": "node/357095940",
        "ele": "620",
        "gnis:feature_id": "1231382",
        "name": "High Knob",
        "natural": "peak",
        "wikidata": "Q31657319"
      },
      "geometry": {
        "type": "Point",
        "coordinates": [
          -82.8581945,
          35.0134391
        ]
      },
      "id": "node/357095940"
    },
    {
      "type": "Feature",
      "properties": {
        "@id": "node/357095942",
        "ele": "86",
        "gnis:feature_id": "1231385",
        "name": "High Rock",
        "natural": "peak"
      },
      "geometry": {
        "type": "Point",
        "coordinates": [
          -80.168123,
          34.5718209
        ]
      },
      "id": "node/357095942"
    },
    {
      "type": "Feature",
      "properties": {
        "@id": "node/357095948",
        "ele": "659",
        "gnis:feature_id": "1231386",
        "name": "High Spur Knob",
        "name:loc": "Hummer Hill",
        "natural": "peak",
        "wikidata": "Q31657353"
      },
      "geometry": {
        "type": "Point",
        "coordinates": [
          -82.4815099,
          35.146784
        ]
      },
      "id": "node/357095948"
    },
    {
      "type": "Feature",
      "properties": {
        "@id": "node/357095951",
        "ele": "978",
        "gnis:feature_id": "1231392",
        "name": "Hogback Mountain",
        "natural": "peak",
        "wikidata": "Q31657404"
      },
      "geometry": {
        "type": "Point",
        "coordinates": [
          -82.29206,
          35.1715035
        ]
      },
      "id": "node/357095951"
    },
    {
      "type": "Feature",
      "properties": {
        "@id": "node/357095955",
        "ele": "893",
        "gnis:feature_id": "1231394",
        "name": "Hoghead Mountain",
        "natural": "peak",
        "wikidata": "Q31657421"
      },
      "geometry": {
        "type": "Point",
        "coordinates": [
          -82.3156717,
          35.1637261
        ]
      },
      "id": "node/357095955"
    },
    {
      "type": "Feature",
      "properties": {
        "@id": "node/357095961",
        "ele": "12",
        "gnis:feature_id": "1231400",
        "name": "Honey Hill",
        "natural": "peak"
      },
      "geometry": {
        "type": "Point",
        "coordinates": [
          -80.9345522,
          32.4824104
        ]
      },
      "id": "node/357095961"
    },
    {
      "type": "Feature",
      "properties": {
        "@id": "node/357095965",
        "ele": "845",
        "gnis:feature_id": "1231404",
        "name": "Horse Mountain",
        "natural": "peak",
        "wikidata": "Q31426655"
      },
      "geometry": {
        "type": "Point",
        "coordinates": [
          -82.777079,
          35.0203934
        ]
      },
      "id": "node/357095965"
    },
    {
      "type": "Feature",
      "properties": {
        "@id": "node/357095970",
        "ele": "118",
        "gnis:feature_id": "1231405",
        "name": "Horseshoe Mountain",
        "natural": "peak",
        "wikidata": "Q31657471"
      },
      "geometry": {
        "type": "Point",
        "coordinates": [
          -80.1175669,
          34.5868215
        ]
      },
      "id": "node/357095970"
    },
    {
      "type": "Feature",
      "properties": {
        "@id": "node/357095973",
        "ele": "510",
        "gnis:feature_id": "1231407",
        "name": "Howell Mountain",
        "natural": "peak",
        "wikidata": "Q31657488"
      },
      "geometry": {
        "type": "Point",
        "coordinates": [
          -82.8265272,
          34.9826095
        ]
      },
      "id": "node/357095973"
    },
    {
      "type": "Feature",
      "properties": {
        "@id": "node/357095978",
        "ele": "476",
        "gnis:feature_id": "1231412",
        "name": "Hurricane Mountain",
        "natural": "peak",
        "wikidata": "Q31657522"
      },
      "geometry": {
        "type": "Point",
        "coordinates": [
          -83.1368217,
          34.7750942
        ]
      },
      "id": "node/357095978"
    },
    {
      "type": "Feature",
      "properties": {
        "@id": "node/357095982",
        "ele": "562",
        "gnis:feature_id": "1231413",
        "name": "Hyde Mountain",
        "natural": "peak",
        "wikidata": "Q31657554"
      },
      "geometry": {
        "type": "Point",
        "coordinates": [
          -82.400952,
          35.1270606
        ]
      },
      "id": "node/357095982"
    },
    {
      "type": "Feature",
      "properties": {
        "@id": "node/357095984",
        "ele": "6",
        "gnis:feature_id": "1231416",
        "name": "Indian Hill",
        "natural": "peak"
      },
      "geometry": {
        "type": "Point",
        "coordinates": [
          -80.5692731,
          32.4010267
        ]
      },
      "id": "node/357095984"
    },
    {
      "type": "Feature",
      "properties": {
        "@id": "node/357095987",
        "ele": "202",
        "gnis:feature_id": "1231417",
        "name": "Indian Hill",
        "natural": "peak"
      },
      "geometry": {
        "type": "Point",
        "coordinates": [
          -82.1553881,
          34.7856772
        ]
      },
      "id": "node/357095987"
    },
    {
      "type": "Feature",
      "properties": {
        "@id": "node/357095990",
        "ele": "261",
        "gnis:feature_id": "1231430",
        "name": "Jefferson Mountain",
        "natural": "peak",
        "wikidata": "Q31657605"
      },
      "geometry": {
        "type": "Point",
        "coordinates": [
          -81.4950909,
          35.0712416
        ]
      },
      "id": "node/357095990"
    },
    {
      "type": "Feature",
      "properties": {
        "@id": "node/357095992",
        "ele": "674",
        "gnis:feature_id": "1231432",
        "name": "John Mountain",
        "natural": "peak",
        "wikidata": "Q31657622"
      },
      "geometry": {
        "type": "Point",
        "coordinates": [
          -83.2362682,
          34.8337031
        ]
      },
      "id": "node/357095992"
    },
    {
      "type": "Feature",
      "properties": {
        "@id": "node/357095996",
        "ele": "387",
        "gnis:feature_id": "1231435",
        "name": "Jones Hill",
        "natural": "peak",
        "wikidata": "Q31657639"
      },
      "geometry": {
        "type": "Point",
        "coordinates": [
          -82.5940163,
          34.9953955
        ]
      },
      "id": "node/357095996"
    },
    {
      "type": "Feature",
      "properties": {
        "@id": "node/357096000",
        "ele": "183",
        "gnis:feature_id": "1231440",
        "name": "Jumping Hills",
        "natural": "peak",
        "wikidata": "Q31657673"
      },
      "geometry": {
        "type": "Point",
        "coordinates": [
          -80.3320101,
          34.695988
        ]
      },
      "id": "node/357096000"
    },
    {
      "type": "Feature",
      "properties": {
        "@id": "node/357096003",
        "ele": "246",
        "gnis:feature_id": "1231451",
        "name": "Kings Mountain Church",
        "natural": "peak"
      },
      "geometry": {
        "type": "Point",
        "coordinates": [
          -81.2625748,
          35.0468018
        ]
      },
      "id": "node/357096003"
    },
    {
      "type": "Feature",
      "properties": {
        "@id": "node/357096006",
        "ele": "456",
        "gnis:feature_id": "1231453",
        "name": "Kirksey Mountain",
        "natural": "peak",
        "wikidata": "Q31657743"
      },
      "geometry": {
        "type": "Point",
        "coordinates": [
          -82.7873603,
          34.9120569
        ]
      },
      "id": "node/357096006"
    },
    {
      "type": "Feature",
      "properties": {
        "@id": "node/357096013",
        "ele": "134",
        "gnis:feature_id": "1231469",
        "name": "Laurel Hill",
        "natural": "peak",
        "wikidata": "Q31657811"
      },
      "geometry": {
        "type": "Point",
        "coordinates": [
          -82.3320713,
          34.0256767
        ]
      },
      "id": "node/357096013"
    },
    {
      "type": "Feature",
      "properties": {
        "@id": "node/357096017",
        "ele": "4",
        "gnis:feature_id": "1231470",
        "name": "Laurel Knoll",
        "natural": "peak"
      },
      "geometry": {
        "type": "Point",
        "coordinates": [
          -81.0076095,
          32.3493609
        ]
      },
      "id": "node/357096017"
    },
    {
      "type": "Feature",
      "properties": {
        "@id": "node/357096021",
        "ele": "636",
        "gnis:feature_id": "1231478",
        "name": "Licklog Mountain",
        "natural": "peak",
        "wikidata": "Q31657843"
      },
      "geometry": {
        "type": "Point",
        "coordinates": [
          -82.9485537,
          35.0231407
        ]
      },
      "id": "node/357096021"
    },
    {
      "type": "Feature",
      "properties": {
        "@id": "node/357096026",
        "ele": "273",
        "gnis:feature_id": "1231485",
        "name": "Little Knob",
        "natural": "peak",
        "wikidata": "Q31804915"
      },
      "geometry": {
        "type": "Point",
        "coordinates": [
          -82.0737117,
          34.5762335
        ]
      },
      "id": "node/357096026"
    },
    {
      "type": "Feature",
      "properties": {
        "@id": "node/357096030",
        "ele": "457",
        "gnis:feature_id": "1231487",
        "name": "Little Pink Mountain",
        "natural": "peak",
        "wikidata": "Q31657949"
      },
      "geometry": {
        "type": "Point",
        "coordinates": [
          -82.8187497,
          34.9523321
        ]
      },
      "id": "node/357096030"
    },
    {
      "type": "Feature",
      "properties": {
        "@id": "node/357096036",
        "ele": "958",
        "gnis:feature_id": "1231490",
        "name": "Little Table Rock Mountain",
        "natural": "peak"
      },
      "geometry": {
        "type": "Point",
        "coordinates": [
          -82.7231856,
          35.0826174
        ]
      },
      "id": "node/357096036"
    },
    {
      "type": "Feature",
      "properties": {
        "@id": "node/357096041",
        "ele": "7",
        "gnis:feature_id": "1231504",
        "name": "Long Hill",
        "natural": "peak"
      },
      "geometry": {
        "type": "Point",
        "coordinates": [
          -81.15622,
          32.4099119
        ]
      },
      "id": "node/357096041"
    },
    {
      "type": "Feature",
      "properties": {
        "@id": "node/357096044",
        "ele": "184",
        "gnis:feature_id": "1231505",
        "name": "Long Hill",
        "natural": "peak"
      },
      "geometry": {
        "type": "Point",
        "coordinates": [
          -81.2395246,
          34.892081
        ]
      },
      "id": "node/357096044"
    },
    {
      "type": "Feature",
      "properties": {
        "@id": "node/357096047",
        "ele": "610",
        "gnis:feature_id": "1231506",
        "name": "Long Mountain",
        "natural": "peak",
        "wikidata": "Q31658018"
      },
      "geometry": {
        "type": "Point",
        "coordinates": [
          -83.0985928,
          34.88116
        ]
      },
      "id": "node/357096047"
    },
    {
      "type": "Feature",
      "properties": {
        "@id": "node/357096050",
        "ele": "234",
        "gnis:feature_id": "1231509",
        "name": "Lucas Hill",
        "natural": "peak",
        "wikidata": "Q31658118"
      },
      "geometry": {
        "type": "Point",
        "coordinates": [
          -81.9226009,
          34.7967942
        ]
      },
      "id": "node/357096050"
    },
    {
      "type": "Feature",
      "properties": {
        "@id": "node/357096052",
        "ele": "414",
        "gnis:feature_id": "1231529",
        "name": "McGullion Mountain",
        "natural": "peak",
        "wikidata": "Q31658201"
      },
      "geometry": {
        "type": "Point",
        "coordinates": [
          -82.8154173,
          34.9084428
        ]
      },
      "id": "node/357096052"
    },
    {
      "type": "Feature",
      "properties": {
        "@id": "node/357096054",
        "ele": "649",
        "gnis:feature_id": "1231532",
        "name": "McKinney Mountain",
        "natural": "peak",
        "wikidata": "Q31658218"
      },
      "geometry": {
        "type": "Point",
        "coordinates": [
          -82.8620835,
          35.0164942
        ]
      },
      "id": "node/357096054"
    },
    {
      "type": "Feature",
      "properties": {
        "@id": "node/357096058",
        "ele": "591",
        "gnis:feature_id": "1231533",
        "name": "McKinneys Mountain",
        "natural": "peak",
        "wikidata": "Q31658251"
      },
      "geometry": {
        "type": "Point",
        "coordinates": [
          -82.9795908,
          34.9650913
        ]
      },
      "id": "node/357096058"
    },
    {
      "type": "Feature",
      "properties": {
        "@id": "node/357096060",
        "ele": "246",
        "gnis:feature_id": "1231534",
        "name": "McKowns Mountain",
        "natural": "peak",
        "wikidata": "Q31658268"
      },
      "geometry": {
        "type": "Point",
        "coordinates": [
          -81.5223148,
          35.0248525
        ]
      },
      "id": "node/357096060"
    },
    {
      "type": "Feature",
      "properties": {
        "@id": "node/357096063",
        "ele": "954",
        "gnis:feature_id": "1231535",
        "name": "Medlin Mountain",
        "natural": "peak",
        "wikidata": "Q31658284"
      },
      "geometry": {
        "type": "Point",
        "coordinates": [
          -83.0826495,
          34.9759221
        ]
      },
      "id": "node/357096063"
    },
    {
      "type": "Feature",
      "properties": {
        "@id": "node/357096067",
        "ele": "505",
        "gnis:feature_id": "1231545",
        "name": "Mill Knob",
        "natural": "peak",
        "wikidata": "Q31658300"
      },
      "geometry": {
        "type": "Point",
        "coordinates": [
          -82.412619,
          35.143172
        ]
      },
      "id": "node/357096067"
    },
    {
      "type": "Feature",
      "properties": {
        "@id": "node/357096070",
        "ele": "870",
        "gnis:feature_id": "1231546",
        "name": "Mill Mountain",
        "natural": "peak",
        "wikidata": "Q31658316"
      },
      "geometry": {
        "type": "Point",
        "coordinates": [
          -83.1062615,
          34.961756
        ]
      },
      "id": "node/357096070"
    },
    {
      "type": "Feature",
      "properties": {
        "@id": "node/357096075",
        "ele": "746",
        "gnis:feature_id": "1231564",
        "name": "Morton Mountain",
        "natural": "peak",
        "wikidata": "Q31658366"
      },
      "geometry": {
        "type": "Point",
        "coordinates": [
          -83.113207,
          34.9192572
        ]
      },
      "id": "node/357096075"
    },
    {
      "type": "Feature",
      "properties": {
        "@id": "node/357096077",
        "ele": "472",
        "gnis:feature_id": "1231565",
        "name": "Mosley Mountain",
        "natural": "peak",
        "wikidata": "Q31658384"
      },
      "geometry": {
        "type": "Point",
        "coordinates": [
          -82.7604128,
          34.9795618
        ]
      },
      "id": "node/357096077"
    },
    {
      "type": "Feature",
      "properties": {
        "@id": "node/357096080",
        "ele": "707",
        "gnis:feature_id": "1231578",
        "name": "Musterground Mountain",
        "natural": "peak",
        "wikidata": "Q31658420"
      },
      "geometry": {
        "type": "Point",
        "coordinates": [
          -82.9584775,
          35.0117601
        ]
      },
      "id": "node/357096080"
    },
    {
      "type": "Feature",
      "properties": {
        "@id": "node/357096083",
        "ele": "299",
        "gnis:feature_id": "1231581",
        "name": "Nanny Mountain",
        "natural": "peak",
        "wikidata": "Q6963928"
      },
      "geometry": {
        "type": "Point",
        "coordinates": [
          -81.1031312,
          35.0737523
        ]
      },
      "id": "node/357096083"
    },
    {
      "type": "Feature",
      "properties": {
        "@id": "node/357096085",
        "ele": "25",
        "gnis:feature_id": "1231584",
        "name": "Nelson Hill",
        "natural": "peak"
      },
      "geometry": {
        "type": "Point",
        "coordinates": [
          -80.1450853,
          33.3440546
        ]
      },
      "id": "node/357096085"
    },
    {
      "type": "Feature",
      "properties": {
        "@id": "node/357096092",
        "ele": "87",
        "gnis:feature_id": "1231603",
        "name": "Nursery Hill",
        "natural": "peak",
        "wikidata": "Q31658452"
      },
      "geometry": {
        "type": "Point",
        "coordinates": [
          -81.1909298,
          34.0618161
        ]
      },
      "id": "node/357096092"
    },
    {
      "type": "Feature",
      "properties": {
        "@id": "node/357096095",
        "ele": "697",
        "gnis:feature_id": "1231613",
        "name": "Old Indian Mountain",
        "natural": "peak",
        "wikidata": "Q31658518"
      },
      "geometry": {
        "type": "Point",
        "coordinates": [
          -82.3812291,
          35.138727
        ]
      },
      "id": "node/357096095"
    },
    {
      "type": "Feature",
      "properties": {
        "@id": "node/357096098",
        "ele": "11",
        "gnis:feature_id": "1231637",
        "name": "Partridge Hill",
        "natural": "peak"
      },
      "geometry": {
        "type": "Point",
        "coordinates": [
          -80.8989964,
          32.4815775
        ]
      },
      "id": "node/357096098"
    },
    {
      "type": "Feature",
      "properties": {
        "@id": "node/357096101",
        "alt_name": "Packs Mountain",
        "ele": "388",
        "gnis:feature_id": "1231639",
        "name": "Pax Mountain",
        "natural": "peak",
        "wikidata": "Q31658638",
        "wikipedia": "ceb:Pax Mountain"
      },
      "geometry": {
        "type": "Point",
        "coordinates": [
          -82.3220602,
          35.0659488
        ]
      },
      "id": "node/357096101"
    },
    {
      "type": "Feature",
      "properties": {
        "@id": "node/357096105",
        "ele": "465",
        "gnis:feature_id": "1231640",
        "name": "Peach Orchard Mountain",
        "natural": "peak",
        "wikidata": "Q31658654"
      },
      "geometry": {
        "type": "Point",
        "coordinates": [
          -82.8001382,
          34.9303894
        ]
      },
      "id": "node/357096105"
    },
    {
      "type": "Feature",
      "properties": {
        "@id": "node/357096109",
        "ele": "18",
        "gnis:feature_id": "1231645",
        "name": "Persimmon Hill",
        "natural": "peak"
      },
      "geometry": {
        "type": "Point",
        "coordinates": [
          -80.0764767,
          33.0287824
        ]
      },
      "id": "node/357096109"
    },
    {
      "type": "Feature",
      "properties": {
        "@id": "node/357096111",
        "ele": "761",
        "gnis:feature_id": "1231648",
        "name": "Phillips Mountain",
        "natural": "peak",
        "wikidata": "Q31658687"
      },
      "geometry": {
        "type": "Point",
        "coordinates": [
          -82.387896,
          35.1765049
        ]
      },
      "id": "node/357096111"
    },
    {
      "type": "Feature",
      "properties": {
        "@id": "node/357096114",
        "ele": "520",
        "gnis:feature_id": "1231658",
        "name": "Pine Mountain",
        "natural": "peak",
        "wikidata": "Q31658721"
      },
      "geometry": {
        "type": "Point",
        "coordinates": [
          -83.2976613,
          34.6959283
        ]
      },
      "id": "node/357096114"
    },
    {
      "type": "Feature",
      "properties": {
        "@id": "node/357096116",
        "ele": "683",
        "gnis:feature_id": "1231659",
        "name": "Pine Mountain",
        "natural": "peak",
        "wikidata": "Q31658705"
      },
      "geometry": {
        "type": "Point",
        "coordinates": [
          -82.3776179,
          35.1748381
        ]
      },
      "id": "node/357096116"
    },
    {
      "type": "Feature",
      "properties": {
        "@id": "node/357096118",
        "ele": "450",
        "gnis:feature_id": "1231664",
        "name": "Piney Mountain",
        "natural": "peak",
        "wikidata": "Q31658805"
      },
      "geometry": {
        "type": "Point",
        "coordinates": [
          -83.2462705,
          34.7325939
        ]
      },
      "id": "node/357096118"
    },
    {
      "type": "Feature",
      "properties": {
        "@id": "node/357096121",
        "ele": "548",
        "gnis:feature_id": "1231665",
        "name": "Piney Mountain",
        "natural": "peak",
        "wikidata": "Q31658839"
      },
      "geometry": {
        "type": "Point",
        "coordinates": [
          -82.6781848,
          35.0531734
        ]
      },
      "id": "node/357096121"
    },
    {
      "type": "Feature",
      "properties": {
        "@id": "node/357096124",
        "ele": "442",
        "gnis:feature_id": "1231666",
        "name": "Piney Mountain",
        "natural": "peak",
        "wikidata": "Q31658788"
      },
      "geometry": {
        "type": "Point",
        "coordinates": [
          -82.549291,
          35.0576172
        ]
      },
      "id": "node/357096124"
    },
    {
      "type": "Feature",
      "properties": {
        "@id": "node/357096126",
        "ele": "688",
        "gnis:feature_id": "1231672",
        "name": "Plumley Mountain",
        "natural": "peak",
        "wikidata": "Q31658873"
      },
      "geometry": {
        "type": "Point",
        "coordinates": [
          -82.4031741,
          35.1609495
        ]
      },
      "id": "node/357096126"
    },
    {
      "type": "Feature",
      "properties": {
        "@id": "node/357096129",
        "ele": "130",
        "gnis:feature_id": "1231685",
        "name": "Poverty Hill",
        "natural": "peak",
        "wikidata": "Q31658954"
      },
      "geometry": {
        "type": "Point",
        "coordinates": [
          -82.0134497,
          33.5637457
        ]
      },
      "id": "node/357096129"
    },
    {
      "type": "Feature",
      "properties": {
        "@id": "node/357096131",
        "ele": "4",
        "gnis:feature_id": "1231686",
        "name": "Prevent Knoll",
        "natural": "peak"
      },
      "geometry": {
        "type": "Point",
        "coordinates": [
          -81.0134428,
          32.3607492
        ]
      },
      "id": "node/357096131"
    },
    {
      "type": "Feature",
      "properties": {
        "@id": "node/357096133",
        "ele": "5",
        "gnis:feature_id": "1231701",
        "name": "Raven Hill",
        "natural": "peak"
      },
      "geometry": {
        "type": "Point",
        "coordinates": [
          -80.2437084,
          32.8718405
        ]
      },
      "id": "node/357096133"
    },
    {
      "type": "Feature",
      "properties": {
        "@id": "node/357096136",
        "ele": "36",
        "gnis:feature_id": "1231710",
        "name": "Red Hill",
        "natural": "peak"
      },
      "geometry": {
        "type": "Point",
        "coordinates": [
          -80.8989798,
          33.7818213
        ]
      },
      "id": "node/357096136"
    },
    {
      "type": "Feature",
      "properties": {
        "@id": "node/357096138",
        "ele": "450",
        "gnis:feature_id": "1231713",
        "name": "Reece Mountain",
        "natural": "peak",
        "wikidata": "Q31659095"
      },
      "geometry": {
        "type": "Point",
        "coordinates": [
          -82.7509691,
          34.9326169
        ]
      },
      "id": "node/357096138"
    },
    {
      "type": "Feature",
      "properties": {
        "@id": "node/357096140",
        "ele": "732",
        "gnis:feature_id": "1231714",
        "name": "Reed Mountain",
        "natural": "peak",
        "wikidata": "Q31659080"
      },
      "geometry": {
        "type": "Point",
        "coordinates": [
          -83.1504699,
          34.9165404
        ]
      },
      "id": "node/357096140"
    },
    {
      "type": "Feature",
      "properties": {
        "@id": "node/357096143",
        "ele": "852",
        "gnis:feature_id": "1231715",
        "name": "Reedy Mountain",
        "natural": "peak",
        "wikidata": "Q31426693"
      },
      "geometry": {
        "type": "Point",
        "coordinates": [
          -82.6787396,
          35.0845617
        ]
      },
      "id": "node/357096143"
    },
    {
      "type": "Feature",
      "properties": {
        "@id": "node/357096145",
        "ele": "530",
        "gnis:feature_id": "1231721",
        "name": "Rich Mountain",
        "natural": "peak",
        "wikidata": "Q31659130"
      },
      "geometry": {
        "type": "Point",
        "coordinates": [
          -83.1609897,
          34.7528723
        ]
      },
      "id": "node/357096145"
    },
    {
      "type": "Feature",
      "properties": {
        "@id": "node/357096148",
        "ele": "769",
        "gnis:feature_id": "1231722",
        "name": "Rich Mountain",
        "natural": "peak",
        "wikidata": "Q31659148"
      },
      "geometry": {
        "type": "Point",
        "coordinates": [
          -82.8040249,
          35.0176124
        ]
      },
      "id": "node/357096148"
    },
    {
      "type": "Feature",
      "properties": {
        "@id": "node/357096150",
        "ele": "922",
        "gnis:feature_id": "1231723",
        "name": "Rich Mountain",
        "natural": "peak",
        "wikidata": "Q31659113"
      },
      "geometry": {
        "type": "Point",
        "coordinates": [
          -82.3365056,
          35.1559486
        ]
      },
      "id": "node/357096150"
    },
    {
      "type": "Feature",
      "properties": {
        "@id": "node/357096153",
        "ele": "475",
        "gnis:feature_id": "1231728",
        "name": "Rider Mountain",
        "natural": "peak",
        "wikidata": "Q31659161"
      },
      "geometry": {
        "type": "Point",
        "coordinates": [
          -83.2140471,
          34.7320388
        ]
      },
      "id": "node/357096153"
    },
    {
      "type": "Feature",
      "properties": {
        "@id": "node/357096157",
        "ele": "12",
        "gnis:feature_id": "1231732",
        "name": "River Hill",
        "natural": "peak"
      },
      "geometry": {
        "type": "Point",
        "coordinates": [
          -79.2200439,
          34.1082192
        ]
      },
      "id": "node/357096157"
    },
    {
      "type": "Feature",
      "properties": {
        "@id": "node/357096159",
        "ele": "415",
        "gnis:feature_id": "1231737",
        "name": "Rockhouse Mountain",
        "natural": "peak",
        "wikidata": "Q31659193"
      },
      "geometry": {
        "type": "Point",
        "coordinates": [
          -83.2384924,
          34.7214833
        ]
      },
      "id": "node/357096159"
    },
    {
      "type": "Feature",
      "properties": {
        "@id": "node/357096162",
        "ele": "845",
        "gnis:feature_id": "1231741",
        "name": "Rocky Mountain",
        "natural": "peak",
        "wikidata": "Q31426698"
      },
      "geometry": {
        "type": "Point",
        "coordinates": [
          -82.7209638,
          35.0676177
        ]
      },
      "id": "node/357096162"
    },
    {
      "type": "Feature",
      "properties": {
        "@id": "node/357096166",
        "ele": "773",
        "gnis:feature_id": "1231742",
        "name": "Rocky Mountain",
        "natural": "peak",
        "wikidata": "Q31659227"
      },
      "geometry": {
        "type": "Point",
        "coordinates": [
          -82.3909516,
          35.1837272
        ]
      },
      "id": "node/357096166"
    },
    {
      "type": "Feature",
      "properties": {
        "@id": "node/357096169",
        "ele": "359",
        "gnis:feature_id": "1231745",
        "name": "Roper Mountain",
        "natural": "peak",
        "wikidata": "Q31659244"
      },
      "geometry": {
        "type": "Point",
        "coordinates": [
          -82.3076465,
          34.8395548
        ]
      },
      "id": "node/357096169"
    },
    {
      "type": "Feature",
      "properties": {
        "@id": "node/357096172",
        "ele": "550",
        "gnis:feature_id": "1231748",
        "name": "Ross Mountain",
        "natural": "peak",
        "wikidata": "Q31659294"
      },
      "geometry": {
        "type": "Point",
        "coordinates": [
          -83.1084861,
          34.8412038
        ]
      },
      "id": "node/357096172"
    },
    {
      "type": "Feature",
      "properties": {
        "@id": "node/357096174",
        "ele": "658",
        "gnis:feature_id": "1231751",
        "name": "Round Mountain",
        "natural": "peak",
        "wikidata": "Q31659260"
      },
      "geometry": {
        "type": "Point",
        "coordinates": [
          -83.2379356,
          34.8050925
        ]
      },
      "id": "node/357096174"
    },
    {
      "type": "Feature",
      "properties": {
        "@id": "node/357096176",
        "ele": "929",
        "gnis:feature_id": "1231752",
        "name": "Roundtop Mountain",
        "natural": "peak",
        "wikidata": "Q31426704"
      },
      "geometry": {
        "type": "Point",
        "coordinates": [
          -82.7845785,
          35.0426144
        ]
      },
      "id": "node/357096176"
    },
    {
      "type": "Feature",
      "properties": {
        "@id": "node/357096180",
        "ele": "125",
        "gnis:feature_id": "1231767",
        "name": "Sand Mountain",
        "natural": "peak",
        "wikidata": "Q31659382"
      },
      "geometry": {
        "type": "Point",
        "coordinates": [
          -81.0520379,
          33.8582097
        ]
      },
      "id": "node/357096180"
    },
    {
      "type": "Feature",
      "properties": {
        "@id": "node/357096182",
        "ele": "4",
        "gnis:feature_id": "1231779",
        "name": "Sassafras Hill",
        "natural": "peak"
      },
      "geometry": {
        "type": "Point",
        "coordinates": [
          -81.0237207,
          32.3488052
        ]
      },
      "id": "node/357096182"
    },
    {
      "type": "Feature",
      "properties": {
        "@id": "node/357096185",
        "ele": "1013",
        "gnis:feature_id": "1231804",
        "name": "Slicking Mountain",
        "natural": "peak",
        "wikidata": "Q31426722"
      },
      "geometry": {
        "type": "Point",
        "coordinates": [
          -82.6967954,
          35.0928949
        ]
      },
      "id": "node/357096185"
    },
    {
      "type": "Feature",
      "properties": {
        "@id": "node/357096188",
        "ele": "493",
        "gnis:feature_id": "1231822",
        "name": "Squirrel Mountain",
        "natural": "peak",
        "wikidata": "Q31659499"
      },
      "geometry": {
        "type": "Point",
        "coordinates": [
          -82.2723182,
          35.1392812
        ]
      },
      "id": "node/357096188"
    },
    {
      "type": "Feature",
      "properties": {
        "@id": "node/357096191",
        "ele": "796",
        "gnis:feature_id": "1231823",
        "name": "Stanton Mountain",
        "natural": "peak",
        "wikidata": "Q31659533"
      },
      "geometry": {
        "type": "Point",
        "coordinates": [
          -82.382618,
          35.1809492
        ]
      },
      "id": "node/357096191"
    },
    {
      "type": "Feature",
      "properties": {
        "@id": "node/357096195",
        "ele": "568",
        "gnis:feature_id": "1231826",
        "name": "Oconee Mountain",
        "natural": "peak",
        "wikidata": "Q31659550"
      },
      "geometry": {
        "type": "Point",
        "coordinates": [
          -83.0930556,
          34.8658333
        ]
      },
      "id": "node/357096195"
    },
    {
      "type": "Feature",
      "properties": {
        "@id": "node/357096198",
        "ele": "425",
        "gnis:feature_id": "1231829",
        "name": "Steps Mountain",
        "natural": "peak",
        "wikidata": "Q31659566"
      },
      "geometry": {
        "type": "Point",
        "coordinates": [
          -83.2312699,
          34.7148169
        ]
      },
      "id": "node/357096198"
    },
    {
      "type": "Feature",
      "properties": {
        "@id": "node/357096200",
        "ele": "8",
        "gnis:feature_id": "1231830",
        "name": "Stevens Hill",
        "natural": "peak"
      },
      "geometry": {
        "type": "Point",
        "coordinates": [
          -81.1448313,
          32.4015792
        ]
      },
      "id": "node/357096200"
    },
    {
      "type": "Feature",
      "properties": {
        "@id": "node/357096207",
        "ele": "4",
        "gnis:feature_id": "1231841",
        "name": "Sugarloaf Hill",
        "natural": "peak"
      },
      "geometry": {
        "type": "Point",
        "coordinates": [
          -81.1681642,
          32.4182447
        ]
      },
      "id": "node/357096207"
    },
    {
      "type": "Feature",
      "properties": {
        "@id": "node/357096210",
        "ele": "883",
        "gnis:feature_id": "1231846",
        "name": "Sunfish Mountain",
        "natural": "peak",
        "wikidata": "Q31426724"
      },
      "geometry": {
        "type": "Point",
        "coordinates": [
          -82.7445761,
          35.0553958
        ]
      },
      "id": "node/357096210"
    },
    {
      "type": "Feature",
      "properties": {
        "@id": "node/357096213",
        "ele": "537",
        "gnis:feature_id": "1231851",
        "name": "Tamassee Knob",
        "natural": "peak",
        "wikidata": "Q31659649"
      },
      "geometry": {
        "type": "Point",
        "coordinates": [
          -83.0748734,
          34.8717587
        ]
      },
      "id": "node/357096213"
    },
    {
      "type": "Feature",
      "properties": {
        "@id": "node/357096216",
        "ele": "508",
        "gnis:feature_id": "1231853",
        "name": "Tater Hill",
        "natural": "peak",
        "wikidata": "Q31659683"
      },
      "geometry": {
        "type": "Point",
        "coordinates": [
          -82.9845912,
          34.9559243
        ]
      },
      "id": "node/357096216"
    },
    {
      "type": "Feature",
      "properties": {
        "@id": "node/357096219",
        "ele": "1",
        "gnis:feature_id": "1231859",
        "name": "The Mound",
        "natural": "peak"
      },
      "geometry": {
        "type": "Point",
        "coordinates": [
          -80.3204073,
          32.4991036
        ]
      },
      "id": "node/357096219"
    },
    {
      "type": "Feature",
      "properties": {
        "@id": "node/357096221",
        "ele": "797",
        "gnis:feature_id": "1231860",
        "name": "The Stool",
        "natural": "peak",
        "wikidata": "Q31659599"
      },
      "geometry": {
        "type": "Point",
        "coordinates": [
          -82.6935907,
          35.0503691
        ]
      },
      "id": "node/357096221"
    },
    {
      "type": "Feature",
      "properties": {
        "@id": "node/357096224",
        "ele": "391",
        "gnis:feature_id": "1231866",
        "name": "Tommys Knob",
        "natural": "peak",
        "wikidata": "Q31659751"
      },
      "geometry": {
        "type": "Point",
        "coordinates": [
          -82.9848696,
          34.9206477
        ]
      },
      "id": "node/357096224"
    },
    {
      "type": "Feature",
      "properties": {
        "@id": "node/357096227",
        "ele": "504",
        "gnis:feature_id": "1231872",
        "name": "Turkey Cock Mountain",
        "natural": "peak",
        "wikidata": "Q31659784"
      },
      "geometry": {
        "type": "Point",
        "coordinates": [
          -82.7804147,
          34.9451141
        ]
      },
      "id": "node/357096227"
    },
    {
      "type": "Feature",
      "properties": {
        "@id": "node/357096229",
        "ele": "8",
        "gnis:feature_id": "1231873",
        "name": "Turkey Hill",
        "natural": "peak"
      },
      "geometry": {
        "type": "Point",
        "coordinates": [
          -81.1634404,
          32.4790747
        ]
      },
      "id": "node/357096229"
    },
    {
      "type": "Feature",
      "properties": {
        "@id": "node/357096231",
        "ele": "545",
        "gnis:feature_id": "1231875",
        "name": "Twisting Pine Mountain",
        "natural": "peak",
        "wikidata": "Q31659832"
      },
      "geometry": {
        "type": "Point",
        "coordinates": [
          -82.8204984,
          35.0260562
        ]
      },
      "id": "node/357096231"
    },
    {
      "type": "Feature",
      "properties": {
        "@id": "node/357096233",
        "ele": "540",
        "gnis:feature_id": "1231888",
        "name": "Walnut Cove Mountain",
        "natural": "peak",
        "wikidata": "Q31659918"
      },
      "geometry": {
        "type": "Point",
        "coordinates": [
          -82.7315226,
          34.979563
        ]
      },
      "id": "node/357096233"
    },
    {
      "type": "Feature",
      "properties": {
        "@id": "node/357096235",
        "ele": "356",
        "gnis:feature_id": "1231913",
        "name": "Whitaker Mountain",
        "natural": "peak",
        "wikidata": "Q7994131"
      },
      "geometry": {
        "type": "Point",
        "coordinates": [
          -81.5028684,
          35.1370744
        ]
      },
      "id": "node/357096235"
    },
    {
      "type": "Feature",
      "properties": {
        "@id": "node/357096237",
        "ele": "771",
        "gnis:feature_id": "1231920",
        "name": "White Rock Knob",
        "natural": "peak",
        "wikidata": "Q31660002"
      },
      "geometry": {
        "type": "Point",
        "coordinates": [
          -83.0679272,
          34.9578671
        ]
      },
      "id": "node/357096237"
    },
    {
      "type": "Feature",
      "properties": {
        "@id": "node/357097856",
        "ele": "24",
        "gnis:feature_id": "1232656",
        "name": "Beattie Hill",
        "natural": "peak"
      },
      "geometry": {
        "type": "Point",
        "coordinates": [
          -79.7872852,
          34.6354346
        ]
      },
      "id": "node/357097856"
    },
    {
      "type": "Feature",
      "properties": {
        "@id": "node/357101333",
        "ele": "97",
        "gnis:feature_id": "1234698",
        "name": "Haigs Hill",
        "natural": "peak",
        "wikidata": "Q31657186"
      },
      "geometry": {
        "type": "Point",
        "coordinates": [
          -80.9345355,
          33.8054326
        ]
      },
      "id": "node/357101333"
    },
    {
      "type": "Feature",
      "properties": {
        "@id": "node/357101402",
        "ele": "211",
        "gnis:feature_id": "1234756",
        "name": "Birds Mountain",
        "natural": "peak",
        "wikidata": "Q31655999"
      },
      "geometry": {
        "type": "Point",
        "coordinates": [
          -81.8534339,
          34.56374
        ]
      },
      "id": "node/357101402"
    },
    {
      "type": "Feature",
      "properties": {
        "@id": "node/357101747",
        "ele": "89",
        "gnis:feature_id": "1235105",
        "name": "Hobkirk Hill",
        "natural": "peak",
        "wikidata": "Q31657387"
      },
      "geometry": {
        "type": "Point",
        "coordinates": [
          -80.607301,
          34.2743173
        ]
      },
      "id": "node/357101747"
    },
    {
      "type": "Feature",
      "properties": {
        "@id": "node/357101753",
        "ele": "76",
        "gnis:feature_id": "1235116",
        "name": "Jumelle Hill",
        "natural": "peak",
        "wikidata": "Q31657655"
      },
      "geometry": {
        "type": "Point",
        "coordinates": [
          -80.6025789,
          34.2640395
        ]
      },
      "id": "node/357101753"
    },
    {
      "type": "Feature",
      "properties": {
        "@id": "node/357101953",
        "ele": "83",
        "gnis:feature_id": "1235377",
        "name": "Paint Hill",
        "natural": "peak",
        "wikidata": "Q31658552"
      },
      "geometry": {
        "type": "Point",
        "coordinates": [
          -80.5628562,
          34.2362626
        ]
      },
      "id": "node/357101953"
    },
    {
      "type": "Feature",
      "properties": {
        "@id": "node/357102000",
        "ele": "70",
        "gnis:feature_id": "1235415",
        "name": "Barnwell Hill",
        "natural": "peak",
        "wikidata": "Q31655816"
      },
      "geometry": {
        "type": "Point",
        "coordinates": [
          -81.3637178,
          33.2445954
        ]
      },
      "id": "node/357102000"
    },
    {
      "type": "Feature",
      "properties": {
        "@id": "node/357112405",
        "ele": "537",
        "gnis:feature_id": "1243190",
        "name": "Tunnel Hill",
        "natural": "peak",
        "wikidata": "Q31659768"
      },
      "geometry": {
        "type": "Point",
        "coordinates": [
          -83.1318207,
          34.8175932
        ]
      },
      "id": "node/357112405"
    },
    {
      "type": "Feature",
      "properties": {
        "@id": "node/357114644",
        "ele": "455",
        "gnis:feature_id": "1244868",
        "name": "Allen Knob",
        "natural": "peak",
        "wikidata": "Q31660113"
      },
      "geometry": {
        "type": "Point",
        "coordinates": [
          -82.412897,
          35.076783
        ]
      },
      "id": "node/357114644"
    },
    {
      "type": "Feature",
      "properties": {
        "@id": "node/357115000",
        "alt_name:1": "Caesars Head",
        "ele": "980",
        "gnis:feature_id": "1245094",
        "name": "Caesars Head Mountain",
        "natural": "peak",
        "wikidata": "Q5017030"
      },
      "geometry": {
        "type": "Point",
        "coordinates": [
          -82.6273379,
          35.1056993
        ]
      },
      "id": "node/357115000"
    },
    {
      "type": "Feature",
      "properties": {
        "@id": "node/357115601",
        "ele": "347",
        "gnis:feature_id": "1245678",
        "name": "August Hill",
        "natural": "peak",
        "wikidata": "Q31655750"
      },
      "geometry": {
        "type": "Point",
        "coordinates": [
          -82.0834431,
          35.1401166
        ]
      },
      "id": "node/357115601"
    },
    {
      "type": "Feature",
      "properties": {
        "@id": "node/357115895",
        "ele": "344",
        "gnis:feature_id": "1245958",
        "name": "Henry Knob",
        "natural": "peak",
        "wikidata": "Q5716875"
      },
      "geometry": {
        "type": "Point",
        "coordinates": [
          -81.2742443,
          35.1309688
        ]
      },
      "id": "node/357115895"
    },
    {
      "type": "Feature",
      "properties": {
        "@id": "node/357116233",
        "ele": "118",
        "gnis:feature_id": "1246266",
        "name": "Knight Hill",
        "natural": "peak",
        "wikidata": "Q31657760"
      },
      "geometry": {
        "type": "Point",
        "coordinates": [
          -80.6659131,
          34.2990383
        ]
      },
      "id": "node/357116233"
    },
    {
      "type": "Feature",
      "properties": {
        "@id": "node/357116258",
        "ele": "780",
        "gnis:feature_id": "1246305",
        "name": "Laurel Fork Mountain",
        "natural": "peak",
        "wikidata": "Q31657794"
      },
      "geometry": {
        "type": "Point",
        "coordinates": [
          -82.8823621,
          35.0201029
        ]
      },
      "id": "node/357116258"
    },
    {
      "type": "Feature",
      "properties": {
        "@id": "node/357116341",
        "ele": "243",
        "gnis:feature_id": "1246412",
        "name": "Little Mountain",
        "natural": "peak",
        "wikidata": "Q2756525"
      },
      "geometry": {
        "type": "Point",
        "coordinates": [
          -81.413712,
          34.1868112
        ]
      },
      "id": "node/357116341"
    },
    {
      "type": "Feature",
      "properties": {
        "@id": "node/357116347",
        "ele": "792",
        "gnis:feature_id": "1246419",
        "name": "Little Pinnacle Mountain",
        "natural": "peak",
        "wikidata": "Q31426666"
      },
      "geometry": {
        "type": "Point",
        "coordinates": [
          -82.5806799,
          35.1192838
        ]
      },
      "id": "node/357116347"
    },
    {
      "type": "Feature",
      "properties": {
        "@id": "node/357116385",
        "ele": "531",
        "gnis:feature_id": "1246464",
        "name": "Longnose Mountain",
        "natural": "peak",
        "wikidata": "Q31658067"
      },
      "geometry": {
        "type": "Point",
        "coordinates": [
          -83.2640489,
          34.7000949
        ]
      },
      "id": "node/357116385"
    },
    {
      "type": "Feature",
      "properties": {
        "@id": "node/357116465",
        "ele": "401",
        "gnis:feature_id": "1246564",
        "name": "Longview Mountain",
        "natural": "peak",
        "old_name": "Mauldin Mountain",
        "wikidata": "Q31658185"
      },
      "geometry": {
        "type": "Point",
        "coordinates": [
          -82.6346332,
          34.8219209
        ]
      },
      "id": "node/357116465"
    },
    {
      "type": "Feature",
      "properties": {
        "@id": "node/357116785",
        "ele": "550",
        "gnis:feature_id": "1246945",
        "name": "Bootleg Mountain",
        "natural": "peak",
        "wikidata": "Q31656085"
      },
      "geometry": {
        "type": "Point",
        "coordinates": [
          -82.9165315,
          34.9945428
        ]
      },
      "id": "node/357116785"
    },
    {
      "type": "Feature",
      "properties": {
        "@id": "node/357116998",
        "ele": "143",
        "gnis:feature_id": "1247153",
        "name": "Cantey Hill",
        "natural": "peak",
        "wikidata": "Q31656419"
      },
      "geometry": {
        "type": "Point",
        "coordinates": [
          -80.651467,
          34.3584836
        ]
      },
      "id": "node/357116998"
    },
    {
      "type": "Feature",
      "properties": {
        "@id": "node/357117006",
        "ele": "120",
        "gnis:feature_id": "1247160",
        "name": "Carey Hill",
        "natural": "peak",
        "wikidata": "Q31656452"
      },
      "geometry": {
        "type": "Point",
        "coordinates": [
          -82.1092854,
          33.6712435
        ]
      },
      "id": "node/357117006"
    },
    {
      "type": "Feature",
      "properties": {
        "@id": "node/357117246",
        "ele": "1016",
        "gnis:feature_id": "1247336",
        "name": "Coldbranch Mountain",
        "natural": "peak",
        "wikidata": "Q31426635"
      },
      "geometry": {
        "type": "Point",
        "coordinates": [
          -82.6748502,
          35.0970615
        ]
      },
      "id": "node/357117246"
    },
    {
      "type": "Feature",
      "properties": {
        "@id": "node/357117269",
        "ele": "107",
        "gnis:feature_id": "1247374",
        "name": "Cooks Mount",
        "natural": "peak",
        "wikidata": "Q31656700"
      },
      "geometry": {
        "type": "Point",
        "coordinates": [
          -80.6481415,
          33.9882091
        ]
      },
      "id": "node/357117269"
    },
    {
      "type": "Feature",
      "properties": {
        "@id": "node/357117433",
        "ele": "296",
        "gnis:feature_id": "1247559",
        "name": "Draytonville Mountain",
        "natural": "peak",
        "wikidata": "Q31656852"
      },
      "geometry": {
        "type": "Point",
        "coordinates": [
          -81.5892617,
          35.0462402
        ]
      },
      "id": "node/357117433"
    },
    {
      "type": "Feature",
      "properties": {
        "@id": "node/357117443",
        "ele": "87",
        "gnis:feature_id": "1247577",
        "name": "Dunns Mount",
        "natural": "peak",
        "wikidata": "Q31656901"
      },
      "geometry": {
        "type": "Point",
        "coordinates": [
          -80.6656396,
          34.0990405
        ]
      },
      "id": "node/357117443"
    },
    {
      "type": "Feature",
      "properties": {
        "@id": "node/357117661",
        "ele": "183",
        "gnis:feature_id": "1247821",
        "name": "Forty Acre Rock",
        "natural": "peak"
      },
      "geometry": {
        "type": "Point",
        "coordinates": [
          -80.527013,
          34.6687655
        ]
      },
      "id": "node/357117661"
    },
    {
      "type": "Feature",
      "properties": {
        "@id": "node/357118258",
        "ele": "388",
        "gnis:feature_id": "1248405",
        "name": "Mockingbird Hill",
        "natural": "peak",
        "wikidata": "Q31658350"
      },
      "geometry": {
        "type": "Point",
        "coordinates": [
          -82.2092803,
          35.19317
        ]
      },
      "id": "node/357118258"
    },
    {
      "type": "Feature",
      "properties": {
        "@id": "node/357118670",
        "ele": "28",
        "gnis:feature_id": "1248945",
        "name": "Big Lake Cattle Mount",
        "natural": "peak"
      },
      "geometry": {
        "type": "Point",
        "coordinates": [
          -80.784812,
          33.7820985
        ]
      },
      "id": "node/357118670"
    },
    {
      "type": "Feature",
      "properties": {
        "@id": "node/357118679",
        "ele": "30",
        "gnis:feature_id": "1248962",
        "name": "Bradys Cattle Mount",
        "natural": "peak"
      },
      "geometry": {
        "type": "Point",
        "coordinates": [
          -80.8245345,
          33.789321
        ]
      },
      "id": "node/357118679"
    },
    {
      "type": "Feature",
      "properties": {
        "@id": "node/357118728",
        "ele": "29",
        "gnis:feature_id": "1249029",
        "name": "Cooners Cattle Mount",
        "natural": "peak"
      },
      "geometry": {
        "type": "Point",
        "coordinates": [
          -80.7856451,
          33.7984874
        ]
      },
      "id": "node/357118728"
    },
    {
      "type": "Feature",
      "properties": {
        "@id": "node/357118881",
        "ele": "27",
        "gnis:feature_id": "1249261",
        "name": "Old Dead River Cattle Mount",
        "natural": "peak"
      },
      "geometry": {
        "type": "Point",
        "coordinates": [
          -80.7659229,
          33.7779319
        ]
      },
      "id": "node/357118881"
    },
    {
      "type": "Feature",
      "properties": {
        "@id": "node/357119751",
        "ele": "604",
        "gnis:feature_id": "1249995",
        "name": "Osborne Mountain",
        "natural": "peak",
        "wikidata": "Q31658536"
      },
      "geometry": {
        "type": "Point",
        "coordinates": [
          -82.5120665,
          35.1276174
        ]
      },
      "id": "node/357119751"
    },
    {
      "type": "Feature",
      "properties": {
        "@id": "node/357119768",
        "ele": "626",
        "gnis:feature_id": "1250020",
        "name": "Paris Mountain",
        "natural": "peak",
        "wikidata": "Q31658588"
      },
      "geometry": {
        "type": "Point",
        "coordinates": [
          -82.4106761,
          34.9412279
        ]
      },
      "id": "node/357119768"
    },
    {
      "type": "Feature",
      "properties": {
        "@id": "node/357119985",
        "ele": "449",
        "gnis:feature_id": "1250230",
        "name": "Tater Hill",
        "natural": "peak",
        "wikidata": "Q31658922"
      },
      "geometry": {
        "type": "Point",
        "coordinates": [
          -82.6801323,
          34.9484507
        ]
      },
      "id": "node/357119985"
    },
    {
      "type": "Feature",
      "properties": {
        "@id": "node/357120148",
        "ele": "1003",
        "gnis:feature_id": "1250427",
        "name": "Rock Mountain",
        "natural": "peak",
        "wikidata": "Q31426696"
      },
      "geometry": {
        "type": "Point",
        "coordinates": [
          -82.7743003,
          35.0417823
        ]
      },
      "id": "node/357120148"
    },
    {
      "type": "Feature",
      "properties": {
        "@id": "node/357120189",
        "ele": "15",
        "gnis:feature_id": "1250474",
        "name": "Rosom Hill",
        "natural": "peak"
      },
      "geometry": {
        "type": "Point",
        "coordinates": [
          -80.290931,
          32.9471161
        ]
      },
      "id": "node/357120189"
    },
    {
      "type": "Feature",
      "properties": {
        "@id": "node/357120783",
        "ele": "482",
        "gnis:feature_id": "1250916",
        "name": "Sixmile Mountain",
        "natural": "peak",
        "wikidata": "Q31659448"
      },
      "geometry": {
        "type": "Point",
        "coordinates": [
          -82.8034741,
          34.832887
        ]
      },
      "id": "node/357120783"
    },
    {
      "type": "Feature",
      "properties": {
        "@id": "node/357120913",
        "ele": "531",
        "gnis:feature_id": "1251063",
        "name": "Stumphouse Mountain",
        "natural": "peak",
        "wikidata": "Q31659616"
      },
      "geometry": {
        "type": "Point",
        "coordinates": [
          -83.1059862,
          34.8350929
        ]
      },
      "id": "node/357120913"
    },
    {
      "type": "Feature",
      "properties": {
        "@id": "node/357120915",
        "ele": "139",
        "gnis:feature_id": "1251067",
        "name": "Sugarloaf Mountain",
        "natural": "peak",
        "wikidata": "Q31659632"
      },
      "geometry": {
        "type": "Point",
        "coordinates": [
          -80.1192335,
          34.5879326
        ]
      },
      "id": "node/357120915"
    },
    {
      "type": "Feature",
      "properties": {
        "@id": "node/357121270",
        "ele": "694",
        "gnis:feature_id": "1251439",
        "name": "Whitewater Mountain",
        "natural": "peak",
        "wikidata": "Q31660014"
      },
      "geometry": {
        "type": "Point",
        "coordinates": [
          -82.9887565,
          35.0189789
        ]
      },
      "id": "node/357121270"
    },
    {
      "type": "Feature",
      "properties": {
        "@id": "node/357121292",
        "ele": "361",
        "gnis:feature_id": "1251469",
        "name": "Windmill Hill",
        "natural": "peak",
        "wikidata": "Q31660030"
      },
      "geometry": {
        "type": "Point",
        "coordinates": [
          -82.1070539,
          35.0690058
        ]
      },
      "id": "node/357121292"
    },
    {
      "type": "Feature",
      "properties": {
        "@id": "node/357121589",
        "ele": "242",
        "gnis:feature_id": "1251723",
        "name": "Beddington Mountain",
        "natural": "peak",
        "wikidata": "Q31655866"
      },
      "geometry": {
        "type": "Point",
        "coordinates": [
          -81.8045384,
          34.7242906
        ]
      },
      "id": "node/357121589"
    },
    {
      "type": "Feature",
      "properties": {
        "@id": "node/357123743",
        "ele": "149",
        "gnis:feature_id": "1706229",
        "name": "Spring Hill",
        "natural": "peak",
        "wikidata": "Q31659483"
      },
      "geometry": {
        "type": "Point",
        "coordinates": [
          -80.4320224,
          34.1451539
        ]
      },
      "id": "node/357123743"
    },
    {
      "type": "Feature",
      "properties": {
        "@id": "node/357124006",
        "ele": "156",
        "gnis:feature_id": "2085446",
        "name": "Thorn Hill",
        "natural": "peak",
        "wikidata": "Q31660130"
      },
      "geometry": {
        "type": "Point",
        "coordinates": [
          -80.6469444,
          34.4966667
        ]
      },
      "id": "node/357124006"
    },
    {
      "type": "Feature",
      "properties": {
        "@id": "node/357766970",
        "ele": "297",
        "gnis:feature_id": "980022",
        "name": "Abes Mountain",
        "natural": "peak"
      },
      "geometry": {
        "type": "Point",
        "coordinates": [
          -81.6784306,
          35.2012367
        ]
      },
      "id": "node/357766970"
    },
    {
      "type": "Feature",
      "properties": {
        "@id": "node/357770998",
        "ele": "141",
        "gnis:feature_id": "983495",
        "name": "Coolyconch Mountain",
        "natural": "peak"
      },
      "geometry": {
        "type": "Point",
        "coordinates": [
          -79.0725289,
          35.1440507
        ]
      },
      "id": "node/357770998"
    },
    {
      "type": "Feature",
      "properties": {
        "@id": "node/357772773",
        "ele": "154",
        "gnis:feature_id": "985073",
        "name": "Finlayson Mountain",
        "natural": "peak"
      },
      "geometry": {
        "type": "Point",
        "coordinates": [
          -79.1897529,
          35.0746082
        ]
      },
      "id": "node/357772773"
    },
    {
      "type": "Feature",
      "properties": {
        "@id": "node/357773704",
        "ele": "202",
        "gnis:feature_id": "985834",
        "name": "Gordon Mountain",
        "natural": "peak"
      },
      "geometry": {
        "type": "Point",
        "coordinates": [
          -80.2033955,
          34.9098772
        ]
      },
      "id": "node/357773704"
    },
    {
      "type": "Feature",
      "properties": {
        "@id": "node/357783294",
        "ele": "228",
        "gnis:feature_id": "993106",
        "name": "Red Hill",
        "natural": "peak"
      },
      "geometry": {
        "type": "Point",
        "coordinates": [
          -80.6484016,
          35.0665366
        ]
      },
      "id": "node/357783294"
    },
    {
      "type": "Feature",
      "properties": {
        "@id": "node/357783928",
        "ele": "942",
        "gnis:feature_id": "993608",
        "name": "Rocky Mountain",
        "natural": "peak",
        "wikidata": "Q31425798"
      },
      "geometry": {
        "type": "Point",
        "coordinates": [
          -82.7390183,
          35.1181721
        ]
      },
      "id": "node/357783928"
    },
    {
      "type": "Feature",
      "properties": {
        "@id": "node/357788587",
        "ele": "847",
        "gnis:feature_id": "996781",
        "name": "Ward Mountain",
        "natural": "peak",
        "wikidata": "Q31643421"
      },
      "geometry": {
        "type": "Point",
        "coordinates": [
          -82.4895652,
          35.1851176
        ]
      },
      "id": "node/357788587"
    },
    {
      "type": "Feature",
      "properties": {
        "@id": "node/357800632",
        "ele": "1276",
        "gnis:feature_id": "1008881",
        "name": "Bald Rock Mountain",
        "natural": "peak",
        "wikidata": "Q31615571"
      },
      "geometry": {
        "type": "Point",
        "coordinates": [
          -83.0334752,
          35.1373168
        ]
      },
      "id": "node/357800632"
    },
    {
      "type": "Feature",
      "properties": {
        "@id": "node/357801017",
        "ele": "924",
        "gnis:feature_id": "1009720",
        "name": "Bryson Knob",
        "natural": "peak"
      },
      "geometry": {
        "type": "Point",
        "coordinates": [
          -83.3265414,
          35.1512057
        ]
      },
      "id": "node/357801017"
    },
    {
      "type": "Feature",
      "properties": {
        "@id": "node/357801033",
        "ele": "1176",
        "gnis:feature_id": "1009745",
        "name": "Buck Knob",
        "natural": "peak"
      },
      "geometry": {
        "type": "Point",
        "coordinates": [
          -83.3354317,
          35.0450914
        ]
      },
      "id": "node/357801033"
    },
    {
      "type": "Feature",
      "properties": {
        "@id": "node/357801488",
        "ele": "1280",
        "gnis:feature_id": "1010857",
        "name": "Dog Mountain",
        "natural": "peak"
      },
      "geometry": {
        "type": "Point",
        "coordinates": [
          -83.232374,
          35.0545355
        ]
      },
      "id": "node/357801488"
    },
    {
      "type": "Feature",
      "properties": {
        "@id": "node/357801532",
        "ele": "976",
        "gnis:feature_id": "1010943",
        "name": "Duncan Mountain",
        "natural": "peak",
        "wikidata": "Q31424429"
      },
      "geometry": {
        "type": "Point",
        "coordinates": [
          -82.6229028,
          35.1478944
        ]
      },
      "id": "node/357801532"
    },
    {
      "type": "Feature",
      "properties": {
        "@id": "node/357801702",
        "ele": "1445",
        "gnis:feature_id": "1011235",
        "name": "Fishhawk Mountain",
        "natural": "peak"
      },
      "geometry": {
        "type": "Point",
        "coordinates": [
          -83.3118194,
          35.0978708
        ]
      },
      "id": "node/357801702"
    },
    {
      "type": "Feature",
      "properties": {
        "@id": "node/357802128",
        "ele": "1503",
        "gnis:feature_id": "1012101",
        "name": "Hogback Mountain",
        "natural": "peak"
      },
      "geometry": {
        "type": "Point",
        "coordinates": [
          -83.22376,
          35.1573177
        ]
      },
      "id": "node/357802128"
    },
    {
      "type": "Feature",
      "properties": {
        "@id": "node/357802169",
        "ele": "1160",
        "gnis:feature_id": "1012236",
        "name": "Houston Knob",
        "natural": "peak"
      },
      "geometry": {
        "type": "Point",
        "coordinates": [
          -83.2626509,
          35.13315
        ]
      },
      "id": "node/357802169"
    },
    {
      "type": "Feature",
      "properties": {
        "@id": "node/357802290",
        "ele": "1374",
        "gnis:feature_id": "1012561",
        "name": "Jones Knob",
        "natural": "peak"
      },
      "geometry": {
        "type": "Point",
        "coordinates": [
          -83.2957082,
          35.0814813
        ]
      },
      "id": "node/357802290"
    },
    {
      "type": "Feature",
      "properties": {
        "@id": "node/357802292",
        "ele": "933",
        "gnis:feature_id": "1012568",
        "name": "Joshua Mountain",
        "natural": "peak",
        "wikidata": "Q31425032"
      },
      "geometry": {
        "type": "Point",
        "coordinates": [
          -82.8101324,
          35.1217777
        ]
      },
      "id": "node/357802292"
    },
    {
      "type": "Feature",
      "properties": {
        "@id": "node/357802344",
        "ele": "1221",
        "gnis:feature_id": "1012745",
        "name": "Laurel Knob",
        "natural": "peak",
        "wikidata": "Q31630034"
      },
      "geometry": {
        "type": "Point",
        "coordinates": [
          -83.1268125,
          35.1273164
        ]
      },
      "id": "node/357802344"
    },
    {
      "type": "Feature",
      "properties": {
        "@id": "node/357802440",
        "ele": "1211",
        "gnis:feature_id": "1013020",
        "name": "Little Rocky Mountain",
        "natural": "peak"
      },
      "geometry": {
        "type": "Point",
        "coordinates": [
          -83.244871,
          35.201764
        ]
      },
      "id": "node/357802440"
    },
    {
      "type": "Feature",
      "properties": {
        "@id": "node/357802850",
        "ele": "978",
        "gnis:feature_id": "1013866",
        "name": "Nancy Mountain",
        "natural": "peak",
        "wikidata": "Q31425401"
      },
      "geometry": {
        "type": "Point",
        "coordinates": [
          -82.8320788,
          35.0973312
        ]
      },
      "id": "node/357802850"
    },
    {
      "type": "Feature",
      "properties": {
        "@id": "node/357803022",
        "ele": "1146",
        "gnis:feature_id": "1014121",
        "name": "Onion Mountain",
        "natural": "peak",
        "wikidata": "Q31634043"
      },
      "geometry": {
        "type": "Point",
        "coordinates": [
          -83.2954284,
          35.2042634
        ]
      },
      "id": "node/357803022"
    },
    {
      "type": "Feature",
      "properties": {
        "@id": "node/357803317",
        "ele": "1005",
        "gnis:feature_id": "1014689",
        "name": "Quillen Mountain",
        "natural": "peak",
        "wikidata": "Q31425676"
      },
      "geometry": {
        "type": "Point",
        "coordinates": [
          -82.6830282,
          35.1262519
        ]
      },
      "id": "node/357803317"
    },
    {
      "type": "Feature",
      "properties": {
        "@id": "node/357803390",
        "ele": "1119",
        "gnis:feature_id": "1014860",
        "name": "Rich Mountain",
        "natural": "peak",
        "wikidata": "Q31425745"
      },
      "geometry": {
        "type": "Point",
        "coordinates": [
          -82.6820703,
          35.1765046
        ]
      },
      "id": "node/357803390"
    },
    {
      "type": "Feature",
      "properties": {
        "@id": "node/357803486",
        "ele": "1139",
        "gnis:feature_id": "1015049",
        "name": "Rocky Knobs",
        "natural": "peak",
        "wikidata": "Q31638929"
      },
      "geometry": {
        "type": "Point",
        "coordinates": [
          -82.9779198,
          35.0812051
        ]
      },
      "id": "node/357803486"
    },
    {
      "type": "Feature",
      "properties": {
        "@id": "node/357803579",
        "ele": "1087",
        "gnis:feature_id": "1015279",
        "highest_point": "4",
        "name": "Sassafras Mountain",
        "natural": "peak",
        "wikidata": "Q2225722",
        "wikipedia": "en:Sassafras Mountain"
      },
      "geometry": {
        "type": "Point",
        "coordinates": [
          -82.7772135,
          35.0651652
        ]
      },
      "id": "node/357803579"
    },
    {
      "type": "Feature",
      "properties": {
        "@id": "node/357803580",
        "ele": "1377",
        "gnis:feature_id": "1015288",
        "name": "Satulah Mountain",
        "natural": "peak"
      },
      "geometry": {
        "type": "Point",
        "coordinates": [
          -83.1920954,
          35.0364791
        ]
      },
      "id": "node/357803580"
    },
    {
      "type": "Feature",
      "properties": {
        "@id": "node/357803600",
        "ele": "931",
        "gnis:feature_id": "1015349",
        "name": "See Off Mountain",
        "natural": "peak",
        "wikidata": "Q31425948"
      },
      "geometry": {
        "type": "Point",
        "coordinates": [
          -82.7129042,
          35.1840042
        ]
      },
      "id": "node/357803600"
    },
    {
      "type": "Feature",
      "properties": {
        "@id": "node/357803623",
        "ele": "850",
        "gnis:feature_id": "1015402",
        "name": "Sheep Mountain",
        "natural": "peak",
        "wikidata": "Q31425970"
      },
      "geometry": {
        "type": "Point",
        "coordinates": [
          -82.6326242,
          35.1928939
        ]
      },
      "id": "node/357803623"
    },
    {
      "type": "Feature",
      "properties": {
        "@id": "node/357803911",
        "ele": "1452",
        "gnis:feature_id": "1016209",
        "name": "Toxaway Mountain",
        "natural": "peak",
        "wikidata": "Q31642710"
      },
      "geometry": {
        "type": "Point",
        "coordinates": [
          -82.9831955,
          35.1320402
        ]
      },
      "id": "node/357803911"
    },
    {
      "type": "Feature",
      "properties": {
        "@id": "node/357804177",
        "ele": "1562",
        "gnis:feature_id": "1016867",
        "name": "Yellow Mountain",
        "natural": "peak"
      },
      "geometry": {
        "type": "Point",
        "coordinates": [
          -83.1909815,
          35.1356501
        ]
      },
      "id": "node/357804177"
    },
    {
      "type": "Feature",
      "properties": {
        "@id": "node/357805491",
        "ele": "752",
        "gnis:feature_id": "1018108",
        "name": "Hyatt Knob",
        "natural": "peak"
      },
      "geometry": {
        "type": "Point",
        "coordinates": [
          -83.3493194,
          35.1850954
        ]
      },
      "id": "node/357805491"
    },
    {
      "type": "Feature",
      "properties": {
        "@id": "node/357806286",
        "ele": "805",
        "gnis:feature_id": "1018777",
        "name": "Aiken Mountain",
        "natural": "peak",
        "wikidata": "Q31423585"
      },
      "geometry": {
        "type": "Point",
        "coordinates": [
          -82.7542947,
          35.1692816
        ]
      },
      "id": "node/357806286"
    },
    {
      "type": "Feature",
      "properties": {
        "@id": "node/357806302",
        "ele": "1153",
        "gnis:feature_id": "1018815",
        "name": "Ammons Knob",
        "natural": "peak"
      },
      "geometry": {
        "type": "Point",
        "coordinates": [
          -83.3373753,
          35.124816
        ]
      },
      "id": "node/357806302"
    },
    {
      "type": "Feature",
      "properties": {
        "@id": "node/357806344",
        "ele": "1185",
        "gnis:feature_id": "1018883",
        "name": "Awl Knob",
        "natural": "peak",
        "wikidata": "Q31615174"
      },
      "geometry": {
        "type": "Point",
        "coordinates": [
          -83.0068046,
          35.1998199
        ]
      },
      "id": "node/357806344"
    },
    {
      "type": "Feature",
      "properties": {
        "@id": "node/357806359",
        "ele": "1280",
        "gnis:feature_id": "1018918",
        "name": "Bald Knob",
        "natural": "peak",
        "wikidata": "Q31615378"
      },
      "geometry": {
        "type": "Point",
        "coordinates": [
          -83.0720858,
          35.187597
        ]
      },
      "id": "node/357806359"
    },
    {
      "type": "Feature",
      "properties": {
        "@id": "node/357806367",
        "ele": "1320",
        "gnis:feature_id": "1018925",
        "name": "Bald Mountain",
        "natural": "peak",
        "wikidata": "Q31615477"
      },
      "geometry": {
        "type": "Point",
        "coordinates": [
          -83.1848693,
          35.1628735
        ]
      },
      "id": "node/357806367"
    },
    {
      "type": "Feature",
      "properties": {
        "@id": "node/357806374",
        "ele": "990",
        "gnis:feature_id": "1018930",
        "name": "Bald Rock",
        "natural": "peak",
        "wikidata": "Q31423646"
      },
      "geometry": {
        "type": "Point",
        "coordinates": [
          -82.5604005,
          35.1781726
        ]
      },
      "id": "node/357806374"
    },
    {
      "type": "Feature",
      "properties": {
        "@id": "node/357806411",
        "ele": "1328",
        "gnis:feature_id": "1019001",
        "name": "Bear Knob",
        "natural": "peak"
      },
      "geometry": {
        "type": "Point",
        "coordinates": [
          -83.0740295,
          35.2106537
        ]
      },
      "id": "node/357806411"
    },
    {
      "type": "Feature",
      "properties": {
        "@id": "node/357806413",
        "ele": "1406",
        "gnis:feature_id": "1019003",
        "name": "Bear Mountain",
        "natural": "peak",
        "wikidata": "Q31615987"
      },
      "geometry": {
        "type": "Point",
        "coordinates": [
          -83.0812538,
          35.1648181
        ]
      },
      "id": "node/357806413"
    },
    {
      "type": "Feature",
      "properties": {
        "@id": "node/357806421",
        "ele": "1151",
        "gnis:feature_id": "1019012",
        "name": "Bearpen Mountain",
        "natural": "peak",
        "wikidata": "Q31616039"
      },
      "geometry": {
        "type": "Point",
        "coordinates": [
          -83.1032031,
          35.0542574
        ]
      },
      "id": "node/357806421"
    },
    {
      "type": "Feature",
      "properties": {
        "@id": "node/357806422",
        "ele": "1306",
        "gnis:feature_id": "1019013",
        "name": "Bearpen Mountain",
        "natural": "peak",
        "wikidata": "Q31616077"
      },
      "geometry": {
        "type": "Point",
        "coordinates": [
          -83.1843166,
          35.061758
        ]
      },
      "id": "node/357806422"
    },
    {
      "type": "Feature",
      "properties": {
        "@id": "node/357806424",
        "ele": "1208",
        "gnis:feature_id": "1019014",
        "name": "Bearpen Mountain",
        "natural": "peak",
        "wikidata": "Q31616052"
      },
      "geometry": {
        "type": "Point",
        "coordinates": [
          -83.0212543,
          35.0953703
        ]
      },
      "id": "node/357806424"
    },
    {
      "type": "Feature",
      "properties": {
        "@id": "node/357806440",
        "ele": "938",
        "gnis:feature_id": "1019038",
        "name": "Beckworth Hill",
        "natural": "peak",
        "wikidata": "Q31423716"
      },
      "geometry": {
        "type": "Point",
        "coordinates": [
          -82.6345701,
          35.1356723
        ]
      },
      "id": "node/357806440"
    },
    {
      "type": "Feature",
      "properties": {
        "@id": "node/357806441",
        "ele": "163",
        "gnis:feature_id": "1019039",
        "name": "Becky Hill",
        "natural": "peak"
      },
      "geometry": {
        "type": "Point",
        "coordinates": [
          -80.2395071,
          34.8809885
        ]
      },
      "id": "node/357806441"
    },
    {
      "type": "Feature",
      "properties": {
        "@id": "node/357806442",
        "ele": "797",
        "gnis:feature_id": "1019040",
        "name": "Becky Mountain",
        "natural": "peak",
        "wikidata": "Q31423718"
      },
      "geometry": {
        "type": "Point",
        "coordinates": [
          -82.7026258,
          35.1959485
        ]
      },
      "id": "node/357806442"
    },
    {
      "type": "Feature",
      "properties": {
        "@id": "node/357806508",
        "ele": "1316",
        "gnis:feature_id": "1019128",
        "name": "Big Dog Mountain",
        "natural": "peak"
      },
      "geometry": {
        "type": "Point",
        "coordinates": [
          -83.242652,
          35.0600914
        ]
      },
      "id": "node/357806508"
    },
    {
      "type": "Feature",
      "properties": {
        "@id": "node/357806514",
        "ele": "1282",
        "gnis:feature_id": "1019136",
        "name": "Big Green Mountain",
        "natural": "peak",
        "wikidata": "Q31616860"
      },
      "geometry": {
        "type": "Point",
        "coordinates": [
          -83.0277709,
          35.158934
        ]
      },
      "id": "node/357806514"
    },
    {
      "type": "Feature",
      "properties": {
        "@id": "node/357806519",
        "ele": "1320",
        "gnis:feature_id": "1019141",
        "name": "Big Knob",
        "natural": "peak",
        "wikidata": "Q31616924"
      },
      "geometry": {
        "type": "Point",
        "coordinates": [
          -83.0637512,
          35.2120426
        ]
      },
      "id": "node/357806519"
    },
    {
      "type": "Feature",
      "properties": {
        "@id": "node/357806532",
        "ele": "1405",
        "gnis:feature_id": "1019155",
        "name": "Big Mountain",
        "natural": "peak",
        "wikidata": "Q31617028"
      },
      "geometry": {
        "type": "Point",
        "coordinates": [
          -83.1920916,
          35.1723183
        ]
      },
      "id": "node/357806532"
    },
    {
      "type": "Feature",
      "properties": {
        "@id": "node/357806537",
        "ele": "1342",
        "gnis:feature_id": "1019159",
        "name": "Big Pisgah Mountain",
        "natural": "peak",
        "wikidata": "Q31617077"
      },
      "geometry": {
        "type": "Point",
        "coordinates": [
          -82.9698597,
          35.1731543
        ]
      },
      "id": "node/357806537"
    },
    {
      "type": "Feature",
      "properties": {
        "@id": "node/357806548",
        "ele": "932",
        "gnis:feature_id": "1019170",
        "name": "Bill Raines Mountain",
        "natural": "peak",
        "wikidata": "Q31423887"
      },
      "geometry": {
        "type": "Point",
        "coordinates": [
          -82.7317939,
          35.1731709
        ]
      },
      "id": "node/357806548"
    },
    {
      "type": "Feature",
      "properties": {
        "@id": "node/357806566",
        "ele": "975",
        "gnis:feature_id": "1019195",
        "name": "Black Knob",
        "natural": "peak",
        "wikidata": "Q31423901"
      },
      "geometry": {
        "type": "Point",
        "coordinates": [
          -82.6623466,
          35.2128932
        ]
      },
      "id": "node/357806566"
    },
    {
      "type": "Feature",
      "properties": {
        "@id": "node/357806571",
        "ele": "1503",
        "gnis:feature_id": "1019201",
        "name": "Black Rock Mountain",
        "natural": "peak"
      },
      "geometry": {
        "type": "Point",
        "coordinates": [
          -83.2032039,
          35.1459283
        ]
      },
      "id": "node/357806571"
    },
    {
      "type": "Feature",
      "properties": {
        "@id": "node/357806574",
        "ele": "1328",
        "gnis:feature_id": "1019206",
        "name": "Blackrock Mountain",
        "natural": "peak",
        "wikidata": "Q31617478"
      },
      "geometry": {
        "type": "Point",
        "coordinates": [
          -83.1507047,
          35.0545353
        ]
      },
      "id": "node/357806574"
    },
    {
      "type": "Feature",
      "properties": {
        "@id": "node/357806576",
        "ele": "1370",
        "gnis:feature_id": "1019207",
        "name": "Blackrock Mountain",
        "natural": "peak",
        "wikidata": "Q31617487"
      },
      "geometry": {
        "type": "Point",
        "coordinates": [
          -83.0273623,
          35.173152
        ]
      },
      "id": "node/357806576"
    },
    {
      "type": "Feature",
      "properties": {
        "@id": "node/357806626",
        "ele": "155",
        "gnis:feature_id": "1019234",
        "name": "Blues Mountain",
        "natural": "peak"
      },
      "geometry": {
        "type": "Point",
        "coordinates": [
          -79.2350307,
          35.0926635
        ]
      },
      "id": "node/357806626"
    },
    {
      "type": "Feature",
      "properties": {
        "@id": "node/357806660",
        "ele": "1023",
        "gnis:feature_id": "1019247",
        "name": "Bonas Defeat",
        "natural": "peak",
        "wikidata": "Q31617787"
      },
      "geometry": {
        "type": "Point",
        "coordinates": [
          -83.0115266,
          35.2106539
        ]
      },
      "id": "node/357806660"
    },
    {
      "type": "Feature",
      "properties": {
        "@id": "node/357806672",
        "ele": "1082",
        "gnis:feature_id": "1019271",
        "name": "Bracken Mountain",
        "natural": "peak",
        "wikidata": "Q31617850"
      },
      "geometry": {
        "type": "Point",
        "coordinates": [
          -82.9067998,
          35.2092709
        ]
      },
      "id": "node/357806672"
    },
    {
      "type": "Feature",
      "properties": {
        "@id": "node/357806734",
        "ele": "1293",
        "gnis:feature_id": "1019331",
        "name": "Brushy Face",
        "natural": "peak"
      },
      "geometry": {
        "type": "Point",
        "coordinates": [
          -83.2154295,
          35.0375904
        ]
      },
      "id": "node/357806734"
    },
    {
      "type": "Feature",
      "properties": {
        "@id": "node/357806743",
        "ele": "1055",
        "gnis:feature_id": "1019336",
        "name": "Brushy Mountain",
        "natural": "peak",
        "wikidata": "Q31618309"
      },
      "geometry": {
        "type": "Point",
        "coordinates": [
          -83.1020927,
          35.0353677
        ]
      },
      "id": "node/357806743"
    },
    {
      "type": "Feature",
      "properties": {
        "@id": "node/357806772",
        "ele": "1212",
        "gnis:feature_id": "1019358",
        "name": "Buck Knob",
        "natural": "peak",
        "wikidata": "Q31618665"
      },
      "geometry": {
        "type": "Point",
        "coordinates": [
          -83.0295892,
          35.0659244
        ]
      },
      "id": "node/357806772"
    },
    {
      "type": "Feature",
      "properties": {
        "@id": "node/357806775",
        "ele": "1227",
        "gnis:feature_id": "1019360",
        "name": "Buck Knob",
        "natural": "peak",
        "wikidata": "Q31618561"
      },
      "geometry": {
        "type": "Point",
        "coordinates": [
          -83.0398634,
          35.1587068
        ]
      },
      "id": "node/357806775"
    },
    {
      "type": "Feature",
      "properties": {
        "@id": "node/357806779",
        "ele": "1418",
        "gnis:feature_id": "1019362",
        "name": "Buck Knob",
        "natural": "peak",
        "wikidata": "Q31618574"
      },
      "geometry": {
        "type": "Point",
        "coordinates": [
          -83.2040358,
          35.2034308
        ]
      },
      "id": "node/357806779"
    },
    {
      "type": "Feature",
      "properties": {
        "@id": "node/357806804",
        "ele": "1371",
        "gnis:feature_id": "1019376",
        "name": "Buck Water Mountain",
        "natural": "peak"
      },
      "geometry": {
        "type": "Point",
        "coordinates": [
          -83.2351496,
          35.1492618
        ]
      },
      "id": "node/357806804"
    },
    {
      "type": "Feature",
      "properties": {
        "@id": "node/357806810",
        "ele": "1150",
        "gnis:feature_id": "1019381",
        "name": "Buckhorn Mountain",
        "natural": "peak"
      },
      "geometry": {
        "type": "Point",
        "coordinates": [
          -83.2701522,
          35.0775922
        ]
      },
      "id": "node/357806810"
    },
    {
      "type": "Feature",
      "properties": {
        "@id": "node/357806822",
        "ele": "1014",
        "gnis:feature_id": "1019399",
        "name": "Bull Pen Mountain",
        "natural": "peak",
        "wikidata": "Q31618948"
      },
      "geometry": {
        "type": "Point",
        "coordinates": [
          -83.1245936,
          35.0292564
        ]
      },
      "id": "node/357806822"
    },
    {
      "type": "Feature",
      "properties": {
        "@id": "node/357806829",
        "ele": "684",
        "gnis:feature_id": "1019406",
        "name": "Bunker Hill",
        "natural": "peak",
        "wikidata": "Q31619013"
      },
      "geometry": {
        "type": "Point",
        "coordinates": [
          -82.7770729,
          35.1845573
        ]
      },
      "id": "node/357806829"
    },
    {
      "type": "Feature",
      "properties": {
        "@id": "node/357806844",
        "ele": "1011",
        "gnis:feature_id": "1019428",
        "name": "Burnt Mountain",
        "natural": "peak",
        "wikidata": "Q31424053"
      },
      "geometry": {
        "type": "Point",
        "coordinates": [
          -82.8206897,
          35.0867768
        ]
      },
      "id": "node/357806844"
    },
    {
      "type": "Feature",
      "properties": {
        "@id": "node/357806846",
        "ele": "903",
        "gnis:feature_id": "1019429",
        "name": "Burnt Mountain",
        "natural": "peak",
        "wikidata": "Q31424055"
      },
      "geometry": {
        "type": "Point",
        "coordinates": [
          -82.6367917,
          35.160672
        ]
      },
      "id": "node/357806846"
    },
    {
      "type": "Feature",
      "properties": {
        "@id": "node/357806871",
        "ele": "1054",
        "gnis:feature_id": "1019454",
        "name": "Buzzard Knob",
        "natural": "peak"
      },
      "geometry": {
        "type": "Point",
        "coordinates": [
          -83.311819,
          35.1250939
        ]
      },
      "id": "node/357806871"
    },
    {
      "type": "Feature",
      "properties": {
        "@id": "node/357806874",
        "ele": "1109",
        "gnis:feature_id": "1019456",
        "name": "Buzzard Roost",
        "natural": "peak",
        "wikidata": "Q31619424"
      },
      "geometry": {
        "type": "Point",
        "coordinates": [
          -83.0268054,
          35.2020422
        ]
      },
      "id": "node/357806874"
    },
    {
      "type": "Feature",
      "properties": {
        "@id": "node/357806916",
        "ele": "904",
        "gnis:feature_id": "1019527",
        "name": "Capps Mountain",
        "natural": "peak",
        "wikidata": "Q31424100"
      },
      "geometry": {
        "type": "Point",
        "coordinates": [
          -82.6398476,
          35.1531721
        ]
      },
      "id": "node/357806916"
    },
    {
      "type": "Feature",
      "properties": {
        "@id": "node/357806939",
        "ele": "1247",
        "gnis:feature_id": "1019579",
        "name": "Cedar Knob",
        "natural": "peak"
      },
      "geometry": {
        "type": "Point",
        "coordinates": [
          -83.2579278,
          35.1698181
        ]
      },
      "id": "node/357806939"
    },
    {
      "type": "Feature",
      "properties": {
        "@id": "node/357806945",
        "ele": "919",
        "gnis:feature_id": "1019584",
        "name": "Cedar Rock",
        "natural": "peak",
        "wikidata": "Q31424133"
      },
      "geometry": {
        "type": "Point",
        "coordinates": [
          -82.6340135,
          35.1798384
        ]
      },
      "id": "node/357806945"
    },
    {
      "type": "Feature",
      "properties": {
        "@id": "node/357806975",
        "ele": "1008",
        "gnis:feature_id": "1019636",
        "name": "Chestnut Mountain",
        "natural": "peak",
        "wikidata": "Q31620518"
      },
      "geometry": {
        "type": "Point",
        "coordinates": [
          -83.156539,
          35.0317566
        ]
      },
      "id": "node/357806975"
    },
    {
      "type": "Feature",
      "properties": {
        "@id": "node/357806976",
        "ele": "1145",
        "gnis:feature_id": "1019637",
        "name": "Chestnut Mountain",
        "natural": "peak"
      },
      "geometry": {
        "type": "Point",
        "coordinates": [
          -83.3245983,
          35.0317576
        ]
      },
      "id": "node/357806976"
    },
    {
      "type": "Feature",
      "properties": {
        "@id": "node/357806978",
        "ele": "855",
        "gnis:feature_id": "1019638",
        "name": "Chestnut Mountain",
        "natural": "peak",
        "wikidata": "Q31620580"
      },
      "geometry": {
        "type": "Point",
        "coordinates": [
          -82.9384736,
          35.0764868
        ]
      },
      "id": "node/357806978"
    },
    {
      "type": "Feature",
      "properties": {
        "@id": "node/357806979",
        "ele": "1013",
        "gnis:feature_id": "1019639",
        "name": "Chestnut Mountain",
        "natural": "peak",
        "wikidata": "Q31620604"
      },
      "geometry": {
        "type": "Point",
        "coordinates": [
          -82.900691,
          35.1476033
        ]
      },
      "id": "node/357806979"
    },
    {
      "type": "Feature",
      "properties": {
        "@id": "node/357806981",
        "ele": "1269",
        "gnis:feature_id": "1019640",
        "name": "Chestnut Mountain",
        "natural": "peak",
        "wikidata": "Q31620492"
      },
      "geometry": {
        "type": "Point",
        "coordinates": [
          -83.0440306,
          35.1500952
        ]
      },
      "id": "node/357806981"
    },
    {
      "type": "Feature",
      "properties": {
        "@id": "node/357806982",
        "ele": "922",
        "gnis:feature_id": "1019641",
        "name": "Chestnut Mountain",
        "natural": "peak",
        "wikidata": "Q5093970",
        "wikipedia": "en:Chestnut Mountain (Transylvania County, North Carolina)"
      },
      "geometry": {
        "type": "Point",
        "coordinates": [
          -82.7159604,
          35.1662267
        ]
      },
      "id": "node/357806982"
    },
    {
      "type": "Feature",
      "properties": {
        "@id": "node/357807007",
        "ele": "1327",
        "gnis:feature_id": "1019655",
        "name": "Chestnut Mountain",
        "natural": "peak",
        "wikidata": "Q31620505"
      },
      "geometry": {
        "type": "Point",
        "coordinates": [
          -83.1251434,
          35.1975974
        ]
      },
      "id": "node/357807007"
    },
    {
      "type": "Feature",
      "properties": {
        "@id": "node/357807018",
        "ele": "1401",
        "gnis:feature_id": "1019665",
        "name": "Chimneytop Mountain",
        "natural": "peak",
        "wikidata": "Q31620792"
      },
      "geometry": {
        "type": "Point",
        "coordinates": [
          -83.0640334,
          35.1020373
        ]
      },
      "id": "node/357807018"
    },
    {
      "type": "Feature",
      "properties": {
        "@id": "node/357807019",
        "ele": "1275",
        "gnis:feature_id": "1019668",
        "name": "Chinquapin Mountain",
        "natural": "peak"
      },
      "geometry": {
        "type": "Point",
        "coordinates": [
          -83.2490417,
          35.0331459
        ]
      },
      "id": "node/357807019"
    },
    {
      "type": "Feature",
      "properties": {
        "@id": "node/357807024",
        "ele": "145",
        "gnis:feature_id": "1019684",
        "name": "Clark Mountain",
        "natural": "peak"
      },
      "geometry": {
        "type": "Point",
        "coordinates": [
          -79.9245019,
          34.9862642
        ]
      },
      "id": "node/357807024"
    },
    {
      "type": "Feature",
      "properties": {
        "@id": "node/357807026",
        "ele": "893",
        "gnis:feature_id": "1019688",
        "name": "Claypole Mountain",
        "natural": "peak",
        "wikidata": "Q31424234"
      },
      "geometry": {
        "type": "Point",
        "coordinates": [
          -82.8368007,
          35.1098307
        ]
      },
      "id": "node/357807026"
    },
    {
      "type": "Feature",
      "properties": {
        "@id": "node/357807036",
        "ele": "116",
        "gnis:feature_id": "1019717",
        "name": "Coggins Hill",
        "natural": "peak"
      },
      "geometry": {
        "type": "Point",
        "coordinates": [
          -79.8206113,
          34.990986
        ]
      },
      "id": "node/357807036"
    },
    {
      "type": "Feature",
      "properties": {
        "@id": "node/357807040",
        "ele": "1414",
        "gnis:feature_id": "1019725",
        "name": "Cold Mountain",
        "natural": "peak",
        "wikidata": "Q31621009"
      },
      "geometry": {
        "type": "Point",
        "coordinates": [
          -82.9859719,
          35.1662082
        ]
      },
      "id": "node/357807040"
    },
    {
      "type": "Feature",
      "properties": {
        "@id": "node/357807046",
        "ele": "1218",
        "gnis:feature_id": "1019729",
        "name": "Coldsides Mountain",
        "natural": "peak",
        "wikidata": "Q31621036"
      },
      "geometry": {
        "type": "Point",
        "coordinates": [
          -83.0809805,
          35.0464792
        ]
      },
      "id": "node/357807046"
    },
    {
      "type": "Feature",
      "properties": {
        "@id": "node/357807048",
        "ele": "1417",
        "gnis:feature_id": "1019732",
        "name": "Cole Mountain",
        "natural": "peak",
        "wikidata": "Q31621074"
      },
      "geometry": {
        "type": "Point",
        "coordinates": [
          -83.1979269,
          35.1103713
        ]
      },
      "id": "node/357807048"
    },
    {
      "type": "Feature",
      "properties": {
        "@id": "node/357807055",
        "ele": "1001",
        "gnis:feature_id": "1019762",
        "name": "Cook Mountain",
        "natural": "peak",
        "wikidata": "Q31621187"
      },
      "geometry": {
        "type": "Point",
        "coordinates": [
          -82.8842987,
          35.2128835
        ]
      },
      "id": "node/357807055"
    },
    {
      "type": "Feature",
      "properties": {
        "@id": "node/357807074",
        "ele": "905",
        "gnis:feature_id": "1019792",
        "name": "Cornet Knob",
        "natural": "peak"
      },
      "geometry": {
        "type": "Point",
        "coordinates": [
          -83.2157075,
          35.0231453
        ]
      },
      "id": "node/357807074"
    },
    {
      "type": "Feature",
      "properties": {
        "@id": "node/357807075",
        "ele": "868",
        "gnis:feature_id": "1019795",
        "name": "Corundum Hill",
        "natural": "peak"
      },
      "geometry": {
        "type": "Point",
        "coordinates": [
          -83.2879291,
          35.1495392
        ]
      },
      "id": "node/357807075"
    },
    {
      "type": "Feature",
      "properties": {
        "@id": "node/357807084",
        "ele": "905",
        "gnis:feature_id": "1019809",
        "name": "Cove Hill",
        "natural": "peak",
        "wikidata": "Q31621565"
      },
      "geometry": {
        "type": "Point",
        "coordinates": [
          -83.1390375,
          35.0592578
        ]
      },
      "id": "node/357807084"
    },
    {
      "type": "Feature",
      "properties": {
        "@id": "node/357807090",
        "ele": "1282",
        "gnis:feature_id": "1019816",
        "name": "Cow Mountain",
        "natural": "peak",
        "wikidata": "Q31621615"
      },
      "geometry": {
        "type": "Point",
        "coordinates": [
          -83.0770866,
          35.1731519
        ]
      },
      "id": "node/357807090"
    },
    {
      "type": "Feature",
      "properties": {
        "@id": "node/357807094",
        "ele": "1296",
        "gnis:feature_id": "1019824",
        "name": "Cowrock Mountain",
        "natural": "peak",
        "wikidata": "Q31621694"
      },
      "geometry": {
        "type": "Point",
        "coordinates": [
          -83.0534758,
          35.1403726
        ]
      },
      "id": "node/357807094"
    },
    {
      "type": "Feature",
      "properties": {
        "@id": "node/357807119",
        "ele": "933",
        "gnis:feature_id": "1019851",
        "name": "Crawford Mountain",
        "natural": "peak",
        "wikidata": "Q31424311"
      },
      "geometry": {
        "type": "Point",
        "coordinates": [
          -82.7506849,
          35.1281718
        ]
      },
      "id": "node/357807119"
    },
    {
      "type": "Feature",
      "properties": {
        "@id": "node/357807135",
        "ele": "1369",
        "gnis:feature_id": "1019888",
        "name": "Curtiss Knob",
        "natural": "peak"
      },
      "geometry": {
        "type": "Point",
        "coordinates": [
          -83.279042,
          35.0425909
        ]
      },
      "id": "node/357807135"
    },
    {
      "type": "Feature",
      "properties": {
        "@id": "node/357807168",
        "ele": "994",
        "gnis:feature_id": "1019944",
        "name": "Dehon Mountain",
        "natural": "peak",
        "wikidata": "Q31424357"
      },
      "geometry": {
        "type": "Point",
        "coordinates": [
          -82.6959605,
          35.1442829
        ]
      },
      "id": "node/357807168"
    },
    {
      "type": "Feature",
      "properties": {
        "@id": "node/357807185",
        "ele": "1053",
        "gnis:feature_id": "1019974",
        "name": "Dills Knob",
        "natural": "peak"
      },
      "geometry": {
        "type": "Point",
        "coordinates": [
          -83.297652,
          35.1284273
        ]
      },
      "id": "node/357807185"
    },
    {
      "type": "Feature",
      "properties": {
        "@id": "node/357807196",
        "ele": "1217",
        "gnis:feature_id": "1019990",
        "name": "Dobson Mountain",
        "natural": "peak",
        "wikidata": "Q31622592"
      },
      "geometry": {
        "type": "Point",
        "coordinates": [
          -83.0265307,
          35.1323166
        ]
      },
      "id": "node/357807196"
    },
    {
      "type": "Feature",
      "properties": {
        "@id": "node/357807208",
        "ele": "1001",
        "gnis:feature_id": "1020003",
        "name": "Dolves Mountain",
        "natural": "peak",
        "wikidata": "Q31424408"
      },
      "geometry": {
        "type": "Point",
        "coordinates": [
          -82.7256853,
          35.0942838
        ]
      },
      "id": "node/357807208"
    },
    {
      "type": "Feature",
      "properties": {
        "@id": "node/357807211",
        "ele": "1351",
        "gnis:feature_id": "1020007",
        "name": "Double Knob",
        "natural": "peak",
        "wikidata": "Q31622725"
      },
      "geometry": {
        "type": "Point",
        "coordinates": [
          -83.0662533,
          35.1620402
        ]
      },
      "id": "node/357807211"
    },
    {
      "type": "Feature",
      "properties": {
        "@id": "node/357807216",
        "ele": "901",
        "gnis:feature_id": "1020012",
        "name": "Double Springs Mountain",
        "natural": "peak",
        "wikidata": "Q31622762"
      },
      "geometry": {
        "type": "Point",
        "coordinates": [
          -82.8348537,
          35.1739977
        ]
      },
      "id": "node/357807216"
    },
    {
      "type": "Feature",
      "properties": {
        "@id": "node/357807232",
        "ele": "1334",
        "gnis:feature_id": "1020034",
        "name": "Dryland Laurel",
        "natural": "peak",
        "wikidata": "Q31622910"
      },
      "geometry": {
        "type": "Point",
        "coordinates": [
          -83.0734759,
          35.1581512
        ]
      },
      "id": "node/357807232"
    },
    {
      "type": "Feature",
      "properties": {
        "@id": "node/357807246",
        "ele": "1243",
        "gnis:feature_id": "1020038",
        "name": "Duck Mountain",
        "natural": "peak"
      },
      "geometry": {
        "type": "Point",
        "coordinates": [
          -83.2998759,
          35.0253683
        ]
      },
      "id": "node/357807246"
    },
    {
      "type": "Feature",
      "properties": {
        "@id": "node/357807285",
        "ele": "1137",
        "gnis:feature_id": "1020136",
        "name": "Ellicott Mountain",
        "natural": "peak",
        "wikidata": "Q31623326"
      },
      "geometry": {
        "type": "Point",
        "coordinates": [
          -83.074037,
          35.0184222
        ]
      },
      "id": "node/357807285"
    },
    {
      "type": "Feature",
      "properties": {
        "@id": "node/357807300",
        "ele": "1052",
        "gnis:feature_id": "1020179",
        "name": "Everett Mountain",
        "natural": "peak"
      },
      "geometry": {
        "type": "Point",
        "coordinates": [
          -83.2554288,
          35.1198161
        ]
      },
      "id": "node/357807300"
    },
    {
      "type": "Feature",
      "properties": {
        "@id": "node/357807338",
        "ele": "1198",
        "gnis:feature_id": "1020272",
        "name": "Flat Mountain",
        "natural": "peak",
        "wikidata": "Q31623907"
      },
      "geometry": {
        "type": "Point",
        "coordinates": [
          -83.0484799,
          35.0362008
        ]
      },
      "id": "node/357807338"
    },
    {
      "type": "Feature",
      "properties": {
        "@id": "node/357807339",
        "ele": "1278",
        "gnis:feature_id": "1020273",
        "name": "Flat Mountain",
        "natural": "peak"
      },
      "geometry": {
        "type": "Point",
        "coordinates": [
          -83.2173729,
          35.0784254
        ]
      },
      "id": "node/357807339"
    },
    {
      "type": "Feature",
      "properties": {
        "@id": "node/357807362",
        "ele": "1295",
        "gnis:feature_id": "1020298",
        "name": "Fodderstack Mountain",
        "natural": "peak"
      },
      "geometry": {
        "type": "Point",
        "coordinates": [
          -83.1812617,
          35.0370346
        ]
      },
      "id": "node/357807362"
    },
    {
      "type": "Feature",
      "properties": {
        "@id": "node/357807365",
        "ele": "1381",
        "gnis:feature_id": "1020307",
        "name": "Fork Mountain",
        "natural": "peak"
      },
      "geometry": {
        "type": "Point",
        "coordinates": [
          -83.2657082,
          35.047591
        ]
      },
      "id": "node/357807365"
    },
    {
      "type": "Feature",
      "properties": {
        "@id": "node/357807387",
        "ele": "926",
        "gnis:feature_id": "1020323",
        "name": "Forked Mountain",
        "natural": "peak",
        "wikidata": "Q31424571"
      },
      "geometry": {
        "type": "Point",
        "coordinates": [
          -82.5860202,
          35.1591877
        ]
      },
      "id": "node/357807387"
    },
    {
      "type": "Feature",
      "properties": {
        "@id": "node/357807398",
        "ele": "1205",
        "gnis:feature_id": "1020344",
        "name": "Fox Knob",
        "natural": "peak",
        "wikidata": "Q31624503"
      },
      "geometry": {
        "type": "Point",
        "coordinates": [
          -83.0423617,
          35.20232
        ]
      },
      "id": "node/357807398"
    },
    {
      "type": "Feature",
      "properties": {
        "@id": "node/357807416",
        "ele": "820",
        "gnis:feature_id": "1020370",
        "name": "Frozen Knob",
        "natural": "peak",
        "wikidata": "Q31424603"
      },
      "geometry": {
        "type": "Point",
        "coordinates": [
          -82.8770805,
          35.1081603
        ]
      },
      "id": "node/357807416"
    },
    {
      "type": "Feature",
      "properties": {
        "@id": "node/357807418",
        "ele": "829",
        "gnis:feature_id": "1020371",
        "name": "Frozen Mountain",
        "natural": "peak",
        "wikidata": "Q31424598"
      },
      "geometry": {
        "type": "Point",
        "coordinates": [
          -82.8640239,
          35.1187172
        ]
      },
      "id": "node/357807418"
    },
    {
      "type": "Feature",
      "properties": {
        "@id": "node/357807426",
        "ele": "165",
        "gnis:feature_id": "1020388",
        "name": "Gaddys Mountain",
        "natural": "peak"
      },
      "geometry": {
        "type": "Point",
        "coordinates": [
          -79.190863,
          35.124329
        ]
      },
      "id": "node/357807426"
    },
    {
      "type": "Feature",
      "properties": {
        "@id": "node/357807448",
        "ele": "1060",
        "gnis:feature_id": "1020436",
        "name": "Glade Mountain",
        "natural": "peak"
      },
      "geometry": {
        "type": "Point",
        "coordinates": [
          -83.1422739,
          35.0024737
        ]
      },
      "id": "node/357807448"
    },
    {
      "type": "Feature",
      "properties": {
        "@id": "node/357807451",
        "ele": "964",
        "gnis:feature_id": "1020441",
        "name": "Glassmine Mountain",
        "natural": "peak",
        "wikidata": "Q31625083"
      },
      "geometry": {
        "type": "Point",
        "coordinates": [
          -82.894022,
          35.199827
        ]
      },
      "id": "node/357807451"
    },
    {
      "type": "Feature",
      "properties": {
        "@id": "node/357807454",
        "ele": "1404",
        "gnis:feature_id": "1020442",
        "name": "Glassyrock Mountain",
        "natural": "peak",
        "wikidata": "Q31625095"
      },
      "geometry": {
        "type": "Point",
        "coordinates": [
          -83.1012545,
          35.1681517
        ]
      },
      "id": "node/357807454"
    },
    {
      "type": "Feature",
      "properties": {
        "@id": "node/357807459",
        "ele": "1418",
        "gnis:feature_id": "1020458",
        "name": "Goat Knob",
        "natural": "peak",
        "wikidata": "Q31625211"
      },
      "geometry": {
        "type": "Point",
        "coordinates": [
          -83.1804261,
          35.1170381
        ]
      },
      "id": "node/357807459"
    },
    {
      "type": "Feature",
      "properties": {
        "@id": "node/357807468",
        "ele": "900",
        "gnis:feature_id": "1020476",
        "name": "Gordon Mountain",
        "natural": "peak",
        "wikidata": "Q31424646"
      },
      "geometry": {
        "type": "Point",
        "coordinates": [
          -82.7629091,
          35.0915048
        ]
      },
      "id": "node/357807468"
    },
    {
      "type": "Feature",
      "properties": {
        "@id": "node/357807487",
        "ele": "1040",
        "gnis:feature_id": "1020507",
        "name": "Grassy Knob",
        "natural": "peak",
        "wikidata": "Q31625539"
      },
      "geometry": {
        "type": "Point",
        "coordinates": [
          -83.0262574,
          35.0284225
        ]
      },
      "id": "node/357807487"
    },
    {
      "type": "Feature",
      "properties": {
        "@id": "node/357807504",
        "ele": "1163",
        "gnis:feature_id": "1020520",
        "name": "Grassy Knobs",
        "natural": "peak"
      },
      "geometry": {
        "type": "Point",
        "coordinates": [
          -83.3182095,
          35.0231462
        ]
      },
      "id": "node/357807504"
    },
    {
      "type": "Feature",
      "properties": {
        "@id": "node/357807506",
        "ele": "997",
        "gnis:feature_id": "1020521",
        "name": "Grassy Mountain",
        "natural": "peak",
        "wikidata": "Q31424669"
      },
      "geometry": {
        "type": "Point",
        "coordinates": [
          -82.573456,
          35.1956724
        ]
      },
      "id": "node/357807506"
    },
    {
      "type": "Feature",
      "properties": {
        "@id": "node/357807516",
        "ele": "681",
        "gnis:feature_id": "1020528",
        "name": "Graveyard Hill",
        "natural": "peak",
        "wikidata": "Q31625804"
      },
      "geometry": {
        "type": "Point",
        "coordinates": [
          -82.7945744,
          35.1651119
        ]
      },
      "id": "node/357807516"
    },
    {
      "type": "Feature",
      "properties": {
        "@id": "node/357807537",
        "ele": "1257",
        "gnis:feature_id": "1020566",
        "name": "Grindstone Knob",
        "natural": "peak"
      },
      "geometry": {
        "type": "Point",
        "coordinates": [
          -83.2493162,
          35.1756518
        ]
      },
      "id": "node/357807537"
    },
    {
      "type": "Feature",
      "properties": {
        "@id": "node/357807538",
        "ele": "641",
        "gnis:feature_id": "1020567",
        "name": "Grindstone Mountain",
        "natural": "peak",
        "wikidata": "Q31626117"
      },
      "geometry": {
        "type": "Point",
        "coordinates": [
          -82.904861,
          35.0734347
        ]
      },
      "id": "node/357807538"
    },
    {
      "type": "Feature",
      "properties": {
        "@id": "node/357807542",
        "ele": "964",
        "gnis:feature_id": "1020583",
        "name": "Guy Knob",
        "natural": "peak"
      },
      "geometry": {
        "type": "Point",
        "coordinates": [
          -83.3420974,
          35.1412053
        ]
      },
      "id": "node/357807542"
    },
    {
      "type": "Feature",
      "properties": {
        "@id": "node/357807564",
        "ele": "1123",
        "gnis:feature_id": "1020614",
        "name": "Happy Hill",
        "natural": "peak"
      },
      "geometry": {
        "type": "Point",
        "coordinates": [
          -83.3279321,
          35.0028679
        ]
      },
      "id": "node/357807564"
    },
    {
      "type": "Feature",
      "properties": {
        "@id": "node/357807577",
        "ele": "1013",
        "gnis:feature_id": "1020646",
        "name": "Hawk Mountain",
        "natural": "peak",
        "wikidata": "Q31626610"
      },
      "geometry": {
        "type": "Point",
        "coordinates": [
          -82.9370818,
          35.1423223
        ]
      },
      "id": "node/357807577"
    },
    {
      "type": "Feature",
      "properties": {
        "@id": "node/357807594",
        "ele": "1150",
        "gnis:feature_id": "1020665",
        "name": "Heady Mountain",
        "natural": "peak",
        "wikidata": "Q31626806"
      },
      "geometry": {
        "type": "Point",
        "coordinates": [
          -83.0693136,
          35.0425901
        ]
      },
      "id": "node/357807594"
    },
    {
      "type": "Feature",
      "properties": {
        "@id": "node/357807611",
        "ele": "1100",
        "gnis:feature_id": "1020679",
        "name": "Henderson Mountain",
        "natural": "peak"
      },
      "geometry": {
        "type": "Point",
        "coordinates": [
          -83.2948744,
          35.1073155
        ]
      },
      "id": "node/357807611"
    },
    {
      "type": "Feature",
      "properties": {
        "@id": "node/357807612",
        "ele": "1271",
        "gnis:feature_id": "1020680",
        "name": "Henderson Mountain",
        "natural": "peak",
        "wikidata": "Q31645035"
      },
      "geometry": {
        "type": "Point",
        "coordinates": [
          -83.1132002,
          35.1478729
        ]
      },
      "id": "node/357807612"
    },
    {
      "type": "Feature",
      "properties": {
        "@id": "node/357807616",
        "ele": "864",
        "gnis:feature_id": "1020685",
        "name": "Henry Mountain",
        "natural": "peak",
        "wikidata": "Q31424776"
      },
      "geometry": {
        "type": "Point",
        "coordinates": [
          -82.7731847,
          35.1623358
        ]
      },
      "id": "node/357807616"
    },
    {
      "type": "Feature",
      "properties": {
        "@id": "node/357807628",
        "ele": "1039",
        "gnis:feature_id": "1020706",
        "name": "Hickory Knob",
        "natural": "peak",
        "wikidata": "Q31627089"
      },
      "geometry": {
        "type": "Point",
        "coordinates": [
          -83.2754276,
          35.2075971
        ]
      },
      "id": "node/357807628"
    },
    {
      "type": "Feature",
      "properties": {
        "@id": "node/357807635",
        "ele": "1328",
        "gnis:feature_id": "1020711",
        "name": "Hickory Mountain",
        "natural": "peak",
        "wikidata": "Q31627156"
      },
      "geometry": {
        "type": "Point",
        "coordinates": [
          -83.0737517,
          35.2103759
        ]
      },
      "id": "node/357807635"
    },
    {
      "type": "Feature",
      "properties": {
        "@id": "node/357807649",
        "ele": "1206",
        "gnis:feature_id": "1020726",
        "name": "Higdon Mountain",
        "natural": "peak"
      },
      "geometry": {
        "type": "Point",
        "coordinates": [
          -83.2751507,
          35.1634288
        ]
      },
      "id": "node/357807649"
    },
    {
      "type": "Feature",
      "properties": {
        "@id": "node/357807654",
        "ele": "1038",
        "gnis:feature_id": "1020734",
        "name": "High Holly",
        "natural": "peak"
      },
      "geometry": {
        "type": "Point",
        "coordinates": [
          -83.3340433,
          35.005368
        ]
      },
      "id": "node/357807654"
    },
    {
      "type": "Feature",
      "properties": {
        "@id": "node/357807657",
        "ele": "1317",
        "gnis:feature_id": "1020736",
        "name": "High Knob",
        "natural": "peak",
        "wikidata": "Q31627374"
      },
      "geometry": {
        "type": "Point",
        "coordinates": [
          -83.1709802,
          35.1509285
        ]
      },
      "id": "node/357807657"
    },
    {
      "type": "Feature",
      "properties": {
        "@id": "node/357807673",
        "ele": "792",
        "gnis:feature_id": "1020747",
        "name": "High Loaf Mountain",
        "natural": "peak",
        "wikidata": "Q31627657"
      },
      "geometry": {
        "type": "Point",
        "coordinates": [
          -82.7517935,
          35.1990032
        ]
      },
      "id": "node/357807673"
    },
    {
      "type": "Feature",
      "properties": {
        "@id": "node/357807723",
        "ele": "1386",
        "gnis:feature_id": "1020795",
        "name": "Hogback Mountain",
        "natural": "peak"
      },
      "geometry": {
        "type": "Point",
        "coordinates": [
          -83.0148632,
          35.1389836
        ]
      },
      "id": "node/357807723"
    },
    {
      "type": "Feature",
      "properties": {
        "@id": "node/357807729",
        "ele": "1212",
        "gnis:feature_id": "1020811",
        "name": "Holt Knob",
        "natural": "peak"
      },
      "geometry": {
        "type": "Point",
        "coordinates": [
          -83.210151,
          35.0570356
        ]
      },
      "id": "node/357807729"
    },
    {
      "type": "Feature",
      "properties": {
        "@id": "node/357807748",
        "ele": "1173",
        "gnis:feature_id": "1020845",
        "name": "Horseshoe Mountain",
        "natural": "peak"
      },
      "geometry": {
        "type": "Point",
        "coordinates": [
          -83.2279299,
          35.0362014
        ]
      },
      "id": "node/357807748"
    },
    {
      "type": "Feature",
      "properties": {
        "@id": "node/357807764",
        "ele": "1322",
        "gnis:feature_id": "1020861",
        "name": "Hughes Knob",
        "natural": "peak",
        "wikidata": "Q31628318"
      },
      "geometry": {
        "type": "Point",
        "coordinates": [
          -83.1932016,
          35.2120423
        ]
      },
      "id": "node/357807764"
    },
    {
      "type": "Feature",
      "properties": {
        "@id": "node/357807782",
        "ele": "1027",
        "gnis:feature_id": "1020883",
        "name": "Indian Camp Mountain",
        "natural": "peak",
        "wikidata": "Q31424966"
      },
      "geometry": {
        "type": "Point",
        "coordinates": [
          -82.7926908,
          35.0852728
        ]
      },
      "id": "node/357807782"
    },
    {
      "type": "Feature",
      "properties": {
        "@id": "node/357807786",
        "ele": "166",
        "gnis:feature_id": "1020890",
        "name": "Ingram Mountain",
        "natural": "peak"
      },
      "geometry": {
        "type": "Point",
        "coordinates": [
          -79.9436681,
          35.0212633
        ]
      },
      "id": "node/357807786"
    },
    {
      "type": "Feature",
      "properties": {
        "@id": "node/357807791",
        "ele": "1092",
        "gnis:feature_id": "1020901",
        "name": "Isinglass Knob",
        "natural": "peak",
        "wikidata": "Q31628652"
      },
      "geometry": {
        "type": "Point",
        "coordinates": [
          -83.0423612,
          35.2131539
        ]
      },
      "id": "node/357807791"
    },
    {
      "type": "Feature",
      "properties": {
        "@id": "node/357807804",
        "ele": "1042",
        "gnis:feature_id": "1020918",
        "name": "Jacks Knob",
        "natural": "peak",
        "wikidata": "Q31628792"
      },
      "geometry": {
        "type": "Point",
        "coordinates": [
          -83.1098703,
          35.0470348
        ]
      },
      "id": "node/357807804"
    },
    {
      "type": "Feature",
      "properties": {
        "@id": "node/357807806",
        "ele": "328",
        "gnis:feature_id": "1020922",
        "name": "Jackson Knob",
        "natural": "peak"
      },
      "geometry": {
        "type": "Point",
        "coordinates": [
          -81.1711883,
          35.2062492
        ]
      },
      "id": "node/357807806"
    },
    {
      "type": "Feature",
      "properties": {
        "@id": "node/357807809",
        "ele": "943",
        "gnis:feature_id": "1020928",
        "name": "Jacobs Knob",
        "natural": "peak"
      },
      "geometry": {
        "type": "Point",
        "coordinates": [
          -83.3043184,
          35.1534282
        ]
      },
      "id": "node/357807809"
    },
    {
      "type": "Feature",
      "properties": {
        "@id": "node/357807827",
        "ele": "922",
        "gnis:feature_id": "1020953",
        "name": "Jim Raines Mountain",
        "natural": "peak",
        "wikidata": "Q31425004"
      },
      "geometry": {
        "type": "Point",
        "coordinates": [
          -82.743739,
          35.163171
        ]
      },
      "id": "node/357807827"
    },
    {
      "type": "Feature",
      "properties": {
        "@id": "node/357807830",
        "ele": "889",
        "gnis:feature_id": "1020956",
        "name": "Joanna Mountain",
        "natural": "peak",
        "wikidata": "Q31425011"
      },
      "geometry": {
        "type": "Point",
        "coordinates": [
          -82.6026236,
          35.1859498
        ]
      },
      "id": "node/357807830"
    },
    {
      "type": "Feature",
      "properties": {
        "@id": "node/357807842",
        "ele": "162",
        "gnis:feature_id": "1020965",
        "name": "Johnson Mountain",
        "natural": "peak"
      },
      "geometry": {
        "type": "Point",
        "coordinates": [
          -79.2414183,
          35.1415506
        ]
      },
      "id": "node/357807842"
    },
    {
      "type": "Feature",
      "properties": {
        "@id": "node/357807845",
        "ele": "261",
        "gnis:feature_id": "1020972",
        "name": "Jolly Mountain",
        "natural": "peak"
      },
      "geometry": {
        "type": "Point",
        "coordinates": [
          -81.6781527,
          35.2106811
        ]
      },
      "id": "node/357807845"
    },
    {
      "type": "Feature",
      "properties": {
        "@id": "node/357807858",
        "ele": "871",
        "gnis:feature_id": "1020988",
        "name": "Jordan Mountain",
        "natural": "peak",
        "wikidata": "Q31425028"
      },
      "geometry": {
        "type": "Point",
        "coordinates": [
          -82.7654088,
          35.1017821
        ]
      },
      "id": "node/357807858"
    },
    {
      "type": "Feature",
      "properties": {
        "@id": "node/357807879",
        "ele": "1075",
        "gnis:feature_id": "1021019",
        "name": "Keener Knob",
        "natural": "peak"
      },
      "geometry": {
        "type": "Point",
        "coordinates": [
          -83.2695951,
          35.1542619
        ]
      },
      "id": "node/357807879"
    },
    {
      "type": "Feature",
      "properties": {
        "@id": "node/357807880",
        "ele": "1282",
        "gnis:feature_id": "1021020",
        "name": "Keener Mountain",
        "natural": "peak"
      },
      "geometry": {
        "type": "Point",
        "coordinates": [
          -83.2484846,
          35.0973152
        ]
      },
      "id": "node/357807880"
    },
    {
      "type": "Feature",
      "properties": {
        "@id": "node/357807881",
        "ele": "905",
        "gnis:feature_id": "1021022",
        "name": "Kelley Mountain",
        "natural": "peak",
        "wikidata": "Q31425052"
      },
      "geometry": {
        "type": "Point",
        "coordinates": [
          -82.7626289,
          35.1576145
        ]
      },
      "id": "node/357807881"
    },
    {
      "type": "Feature",
      "properties": {
        "@id": "node/357807886",
        "ele": "1268",
        "gnis:feature_id": "1021031",
        "name": "Kettle Rock",
        "natural": "peak"
      },
      "geometry": {
        "type": "Point",
        "coordinates": [
          -83.2432078,
          35.0453686
        ]
      },
      "id": "node/357807886"
    },
    {
      "type": "Feature",
      "properties": {
        "@id": "node/357807903",
        "ele": "1050",
        "gnis:feature_id": "1021051",
        "name": "Kinley Mountain",
        "natural": "peak"
      },
      "geometry": {
        "type": "Point",
        "coordinates": [
          -83.3404323,
          35.0014791
        ]
      },
      "id": "node/357807903"
    },
    {
      "type": "Feature",
      "properties": {
        "@id": "node/357807917",
        "ele": "1008",
        "gnis:feature_id": "1021090",
        "name": "Lamb Mountain",
        "natural": "peak"
      },
      "geometry": {
        "type": "Point",
        "coordinates": [
          -83.2643179,
          35.1175938
        ]
      },
      "id": "node/357807917"
    },
    {
      "type": "Feature",
      "properties": {
        "@id": "node/357807924",
        "ele": "1380",
        "gnis:feature_id": "1021107",
        "name": "Laurel Knob",
        "natural": "peak",
        "wikidata": "Q31630021"
      },
      "geometry": {
        "type": "Point",
        "coordinates": [
          -83.0554198,
          35.1542621
        ]
      },
      "id": "node/357807924"
    },
    {
      "type": "Feature",
      "properties": {
        "@id": "node/357807964",
        "ele": "1152",
        "gnis:feature_id": "1021170",
        "name": "Little Bald Rock Mountain",
        "natural": "peak",
        "wikidata": "Q31630570"
      },
      "geometry": {
        "type": "Point",
        "coordinates": [
          -83.0365312,
          35.1292609
        ]
      },
      "id": "node/357807964"
    },
    {
      "type": "Feature",
      "properties": {
        "@id": "node/357807966",
        "ele": "1249",
        "gnis:feature_id": "1021171",
        "name": "Little Bearpen Mountain",
        "natural": "peak",
        "wikidata": "Q31630583"
      },
      "geometry": {
        "type": "Point",
        "coordinates": [
          -83.1932058,
          35.0623136
        ]
      },
      "id": "node/357807966"
    },
    {
      "type": "Feature",
      "properties": {
        "@id": "node/357807977",
        "ele": "1284",
        "gnis:feature_id": "1021179",
        "name": "Little Cow Mountain",
        "natural": "peak",
        "wikidata": "Q31630692"
      },
      "geometry": {
        "type": "Point",
        "coordinates": [
          -83.0831978,
          35.1787077
        ]
      },
      "id": "node/357807977"
    },
    {
      "type": "Feature",
      "properties": {
        "@id": "node/357807985",
        "ele": "1415",
        "gnis:feature_id": "1021187",
        "name": "Little Fishhawk Mountain",
        "natural": "peak"
      },
      "geometry": {
        "type": "Point",
        "coordinates": [
          -83.3068194,
          35.092315
        ]
      },
      "id": "node/357807985"
    },
    {
      "type": "Feature",
      "properties": {
        "@id": "node/357807986",
        "ele": "1296",
        "gnis:feature_id": "1021188",
        "name": "Little Fodderstack Mountain",
        "natural": "peak"
      },
      "geometry": {
        "type": "Point",
        "coordinates": [
          -83.1815394,
          35.040646
        ]
      },
      "id": "node/357807986"
    },
    {
      "type": "Feature",
      "properties": {
        "@id": "node/357807992",
        "ele": "1248",
        "gnis:feature_id": "1021192",
        "name": "Little Green Mountain",
        "natural": "peak",
        "wikidata": "Q31630828"
      },
      "geometry": {
        "type": "Point",
        "coordinates": [
          -83.0134732,
          35.1634292
        ]
      },
      "id": "node/357807992"
    },
    {
      "type": "Feature",
      "properties": {
        "@id": "node/357808000",
        "ele": "1392",
        "gnis:feature_id": "1021198",
        "name": "Little Hogback Mountain",
        "natural": "peak",
        "wikidata": "Q31630908"
      },
      "geometry": {
        "type": "Point",
        "coordinates": [
          -83.0148633,
          35.1387058
        ]
      },
      "id": "node/357808000"
    },
    {
      "type": "Feature",
      "properties": {
        "@id": "node/357808001",
        "ele": "1502",
        "gnis:feature_id": "1021199",
        "name": "Little Hogback Mountain",
        "natural": "peak"
      },
      "geometry": {
        "type": "Point",
        "coordinates": [
          -83.2176486,
          35.1587066
        ]
      },
      "id": "node/357808001"
    },
    {
      "type": "Feature",
      "properties": {
        "@id": "node/357808045",
        "ele": "1160",
        "gnis:feature_id": "1021224",
        "name": "Little Panthertail Mountain",
        "natural": "peak",
        "wikidata": "Q31631243"
      },
      "geometry": {
        "type": "Point",
        "coordinates": [
          -82.9523597,
          35.1567661
        ]
      },
      "id": "node/357808045"
    },
    {
      "type": "Feature",
      "properties": {
        "@id": "node/357808046",
        "ele": "1233",
        "gnis:feature_id": "1021225",
        "name": "Little Pilot Mountain",
        "natural": "peak",
        "wikidata": "Q31631292"
      },
      "geometry": {
        "type": "Point",
        "coordinates": [
          -83.1295878,
          35.2048199
        ]
      },
      "id": "node/357808046"
    },
    {
      "type": "Feature",
      "properties": {
        "@id": "node/357808054",
        "ele": "1008",
        "gnis:feature_id": "1021230",
        "name": "Little Rich Mountain",
        "natural": "peak",
        "wikidata": "Q31425155"
      },
      "geometry": {
        "type": "Point",
        "coordinates": [
          -82.5983369,
          35.1377124
        ]
      },
      "id": "node/357808054"
    },
    {
      "type": "Feature",
      "properties": {
        "@id": "node/357808062",
        "ele": "1273",
        "gnis:feature_id": "1021237",
        "name": "Little Scaly",
        "natural": "peak"
      },
      "geometry": {
        "type": "Point",
        "coordinates": [
          -83.2573752,
          35.0312014
        ]
      },
      "id": "node/357808062"
    },
    {
      "type": "Feature",
      "properties": {
        "@id": "node/357808064",
        "ele": "1320",
        "gnis:feature_id": "1021238",
        "name": "Little Sheep Cliff",
        "natural": "peak",
        "wikidata": "Q31631454"
      },
      "geometry": {
        "type": "Point",
        "coordinates": [
          -83.0934777,
          35.1325944
        ]
      },
      "id": "node/357808064"
    },
    {
      "type": "Feature",
      "properties": {
        "@id": "node/357808069",
        "ele": "1235",
        "gnis:feature_id": "1021243",
        "name": "Little Terrapin Mountain",
        "natural": "peak",
        "wikidata": "Q31631506"
      },
      "geometry": {
        "type": "Point",
        "coordinates": [
          -83.0823682,
          35.0795363
        ]
      },
      "id": "node/357808069"
    },
    {
      "type": "Feature",
      "properties": {
        "@id": "node/357808073",
        "ele": "1281",
        "gnis:feature_id": "1021246",
        "name": "Little Yellow Mountain",
        "natural": "peak"
      },
      "geometry": {
        "type": "Point",
        "coordinates": [
          -83.2184849,
          35.0417572
        ]
      },
      "id": "node/357808073"
    },
    {
      "type": "Feature",
      "properties": {
        "@id": "node/357808112",
        "ele": "896",
        "gnis:feature_id": "1021279",
        "name": "Long Mountain",
        "natural": "peak",
        "wikidata": "Q31631828"
      },
      "geometry": {
        "type": "Point",
        "coordinates": [
          -82.4681757,
          35.191784
        ]
      },
      "id": "node/357808112"
    },
    {
      "type": "Feature",
      "properties": {
        "@id": "node/357808141",
        "ele": "134",
        "gnis:feature_id": "1021312",
        "name": "Luther Mountain",
        "natural": "peak"
      },
      "geometry": {
        "type": "Point",
        "coordinates": [
          -79.8350468,
          35.2120891
        ]
      },
      "id": "node/357808141"
    },
    {
      "type": "Feature",
      "properties": {
        "@id": "node/357808145",
        "ele": "26",
        "gnis:feature_id": "1021316",
        "name": "Lynn Hill",
        "natural": "peak"
      },
      "geometry": {
        "type": "Point",
        "coordinates": [
          -78.757241,
          34.3429469
        ]
      },
      "id": "node/357808145"
    },
    {
      "type": "Feature",
      "properties": {
        "@id": "node/357808176",
        "ele": "896",
        "gnis:feature_id": "1021372",
        "name": "Maybin Mountain",
        "natural": "peak",
        "wikidata": "Q31425290"
      },
      "geometry": {
        "type": "Point",
        "coordinates": [
          -82.5112324,
          35.1909509
        ]
      },
      "id": "node/357808176"
    },
    {
      "type": "Feature",
      "properties": {
        "@id": "node/357808210",
        "ele": "789",
        "gnis:feature_id": "1021410",
        "name": "Melrose Mountain",
        "natural": "peak",
        "wikidata": "Q31632761"
      },
      "geometry": {
        "type": "Point",
        "coordinates": [
          -82.2781569,
          35.2057278
        ]
      },
      "id": "node/357808210"
    },
    {
      "type": "Feature",
      "properties": {
        "@id": "node/357808221",
        "ele": "1044",
        "gnis:feature_id": "1021427",
        "name": "Middle Mountain",
        "natural": "peak",
        "wikidata": "Q31425309"
      },
      "geometry": {
        "type": "Point",
        "coordinates": [
          -82.6942941,
          35.1342831
        ]
      },
      "id": "node/357808221"
    },
    {
      "type": "Feature",
      "properties": {
        "@id": "node/357808281",
        "ele": "942",
        "gnis:feature_id": "1021484",
        "name": "Mine Mountain",
        "natural": "peak",
        "wikidata": "Q31425358"
      },
      "geometry": {
        "type": "Point",
        "coordinates": [
          -82.6140134,
          35.1623388
        ]
      },
      "id": "node/357808281"
    },
    {
      "type": "Feature",
      "properties": {
        "@id": "node/357808284",
        "ele": "731",
        "gnis:feature_id": "1021485",
        "name": "Mine Mountain",
        "natural": "peak",
        "wikidata": "Q31633177"
      },
      "geometry": {
        "type": "Point",
        "coordinates": [
          -82.3603953,
          35.20206
        ]
      },
      "id": "node/357808284"
    },
    {
      "type": "Feature",
      "properties": {
        "@id": "node/357808290",
        "ele": "859",
        "gnis:feature_id": "1021496",
        "name": "Misery Mountain",
        "natural": "peak",
        "wikidata": "Q31633244"
      },
      "geometry": {
        "type": "Point",
        "coordinates": [
          -82.97931,
          35.052037
        ]
      },
      "id": "node/357808290"
    },
    {
      "type": "Feature",
      "properties": {
        "@id": "node/357808316",
        "ele": "979",
        "gnis:feature_id": "1021523",
        "name": "Moore Knob",
        "natural": "peak"
      },
      "geometry": {
        "type": "Point",
        "coordinates": [
          -83.2615383,
          35.2031528
        ]
      },
      "id": "node/357808316"
    },
    {
      "type": "Feature",
      "properties": {
        "@id": "node/357808323",
        "ele": "774",
        "gnis:feature_id": "1021531",
        "name": "Morgan Hill",
        "natural": "peak",
        "wikidata": "Q31633451"
      },
      "geometry": {
        "type": "Point",
        "coordinates": [
          -82.8084635,
          35.1767774
        ]
      },
      "id": "node/357808323"
    },
    {
      "type": "Feature",
      "properties": {
        "@id": "node/357808399",
        "ele": "1021",
        "gnis:feature_id": "1021613",
        "name": "Revels Mountain",
        "natural": "peak",
        "wikidata": "Q37500729"
      },
      "geometry": {
        "type": "Point",
        "coordinates": [
          -82.8101288,
          35.2151103
        ]
      },
      "id": "node/357808399"
    },
    {
      "type": "Feature",
      "properties": {
        "@id": "node/357808417",
        "ele": "1196",
        "gnis:feature_id": "1021650",
        "name": "Nix Mountain",
        "natural": "peak",
        "wikidata": "Q31633821"
      },
      "geometry": {
        "type": "Point",
        "coordinates": [
          -83.0445879,
          35.1075932
        ]
      },
      "id": "node/357808417"
    },
    {
      "type": "Feature",
      "properties": {
        "@id": "node/357808463",
        "ele": "1462",
        "gnis:feature_id": "1021736",
        "name": "Old Rocky Mountain",
        "natural": "peak"
      },
      "geometry": {
        "type": "Point",
        "coordinates": [
          -83.2276482,
          35.1948193
        ]
      },
      "id": "node/357808463"
    },
    {
      "type": "Feature",
      "properties": {
        "@id": "node/357808473",
        "ele": "1272",
        "gnis:feature_id": "1021757",
        "name": "Osage Mountain",
        "natural": "peak"
      },
      "geometry": {
        "type": "Point",
        "coordinates": [
          -83.2851538,
          35.0050896
        ]
      },
      "id": "node/357808473"
    },
    {
      "type": "Feature",
      "properties": {
        "@id": "node/357808478",
        "ele": "890",
        "gnis:feature_id": "1021760",
        "name": "Ostin Knob",
        "natural": "peak"
      },
      "geometry": {
        "type": "Point",
        "coordinates": [
          -83.2393195,
          35.0153673
        ]
      },
      "id": "node/357808478"
    },
    {
      "type": "Feature",
      "properties": {
        "@id": "node/357808483",
        "ele": "1289",
        "gnis:feature_id": "1021769",
        "name": "Owen Mountain",
        "natural": "peak"
      },
      "geometry": {
        "type": "Point",
        "coordinates": [
          -83.1193107,
          35.1703739
        ]
      },
      "id": "node/357808483"
    },
    {
      "type": "Feature",
      "properties": {
        "@id": "node/357808497",
        "ele": "1038",
        "gnis:feature_id": "1021791",
        "name": "Panther Knob",
        "natural": "peak"
      },
      "geometry": {
        "type": "Point",
        "coordinates": [
          -83.3323752,
          35.1245382
        ]
      },
      "id": "node/357808497"
    },
    {
      "type": "Feature",
      "properties": {
        "@id": "node/357808514",
        "ele": "1396",
        "gnis:feature_id": "1021799",
        "name": "Panther Mountain",
        "natural": "peak"
      },
      "geometry": {
        "type": "Point",
        "coordinates": [
          -83.2254278,
          35.1156493
        ]
      },
      "id": "node/357808514"
    },
    {
      "type": "Feature",
      "properties": {
        "@id": "node/357808516",
        "ele": "867",
        "gnis:feature_id": "1021800",
        "name": "Panther Mountain",
        "natural": "peak",
        "wikidata": "Q31634420"
      },
      "geometry": {
        "type": "Point",
        "coordinates": [
          -82.8481885,
          35.1506633
        ]
      },
      "id": "node/357808516"
    },
    {
      "type": "Feature",
      "properties": {
        "@id": "node/357808518",
        "ele": "987",
        "gnis:feature_id": "1021801",
        "name": "Panther Mountain",
        "natural": "peak",
        "wikidata": "Q31425502"
      },
      "geometry": {
        "type": "Point",
        "coordinates": [
          -82.6695703,
          35.1637272
        ]
      },
      "id": "node/357808518"
    },
    {
      "type": "Feature",
      "properties": {
        "@id": "node/357808524",
        "ele": "1365",
        "gnis:feature_id": "1021804",
        "name": "Panthertail Mountain",
        "natural": "peak",
        "wikidata": "Q31634445"
      },
      "geometry": {
        "type": "Point",
        "coordinates": [
          -82.9754159,
          35.1653757
        ]
      },
      "id": "node/357808524"
    },
    {
      "type": "Feature",
      "properties": {
        "@id": "node/357808553",
        "ele": "1255",
        "gnis:feature_id": "1021845",
        "name": "Peak Knob",
        "natural": "peak"
      },
      "geometry": {
        "type": "Point",
        "coordinates": [
          -83.264039,
          35.1739849
        ]
      },
      "id": "node/357808553"
    },
    {
      "type": "Feature",
      "properties": {
        "@id": "node/357808555",
        "ele": "1356",
        "gnis:feature_id": "1021846",
        "name": "Peak Knob",
        "natural": "peak",
        "wikidata": "Q31634652"
      },
      "geometry": {
        "type": "Point",
        "coordinates": [
          -83.1120877,
          35.1842635
        ]
      },
      "id": "node/357808555"
    },
    {
      "type": "Feature",
      "properties": {
        "@id": "node/357808568",
        "ele": "1296",
        "gnis:feature_id": "1021855",
        "name": "Peggy Knob",
        "natural": "peak"
      },
      "geometry": {
        "type": "Point",
        "coordinates": [
          -83.2868195,
          35.0609249
        ]
      },
      "id": "node/357808568"
    },
    {
      "type": "Feature",
      "properties": {
        "@id": "node/357808584",
        "ele": "890",
        "gnis:feature_id": "1021883",
        "name": "Pickens Mountain",
        "natural": "peak",
        "wikidata": "Q31425546"
      },
      "geometry": {
        "type": "Point",
        "coordinates": [
          -82.7520746,
          35.1078943
        ]
      },
      "id": "node/357808584"
    },
    {
      "type": "Feature",
      "properties": {
        "@id": "node/357808606",
        "ele": "1234",
        "gnis:feature_id": "1021901",
        "name": "Pilot Mountain",
        "natural": "peak",
        "wikidata": "Q31635132"
      },
      "geometry": {
        "type": "Point",
        "coordinates": [
          -83.1370879,
          35.2120424
        ]
      },
      "id": "node/357808606"
    },
    {
      "type": "Feature",
      "properties": {
        "@id": "node/357808652",
        "ele": "1221",
        "gnis:feature_id": "1021943",
        "name": "Piney Cliff",
        "natural": "peak",
        "wikidata": "Q31635504"
      },
      "geometry": {
        "type": "Point",
        "coordinates": [
          -83.1181997,
          35.1659292
        ]
      },
      "id": "node/357808652"
    },
    {
      "type": "Feature",
      "properties": {
        "@id": "node/357808657",
        "ele": "727",
        "gnis:feature_id": "1021951",
        "name": "Piney Knob",
        "natural": "peak",
        "wikidata": "Q31635557"
      },
      "geometry": {
        "type": "Point",
        "coordinates": [
          -82.7454046,
          35.197059
        ]
      },
      "id": "node/357808657"
    },
    {
      "type": "Feature",
      "properties": {
        "@id": "node/357808667",
        "ele": "987",
        "gnis:feature_id": "1021957",
        "name": "Piney Mountain",
        "natural": "peak",
        "wikidata": "Q31635830"
      },
      "geometry": {
        "type": "Point",
        "coordinates": [
          -82.8656883,
          35.1764954
        ]
      },
      "id": "node/357808667"
    },
    {
      "type": "Feature",
      "properties": {
        "@id": "node/357808669",
        "ele": "515",
        "gnis:feature_id": "1021958",
        "name": "Piney Mountain",
        "natural": "peak",
        "wikidata": "Q31635755"
      },
      "geometry": {
        "type": "Point",
        "coordinates": [
          -82.255115,
          35.2101138
        ]
      },
      "id": "node/357808669"
    },
    {
      "type": "Feature",
      "properties": {
        "@id": "node/357808741",
        "ele": "205",
        "gnis:feature_id": "1022024",
        "name": "Polk Mountain",
        "natural": "peak",
        "wikidata": "Q31636322"
      },
      "geometry": {
        "type": "Point",
        "coordinates": [
          -80.3983978,
          35.092371
        ]
      },
      "id": "node/357808741"
    },
    {
      "type": "Feature",
      "properties": {
        "@id": "node/357808742",
        "ele": "948",
        "gnis:feature_id": "1022025",
        "name": "Polly Mountain",
        "natural": "peak",
        "wikidata": "Q31636336"
      },
      "geometry": {
        "type": "Point",
        "coordinates": [
          -83.119316,
          35.0187002
        ]
      },
      "id": "node/357808742"
    },
    {
      "type": "Feature",
      "properties": {
        "@id": "node/357808759",
        "ele": "1223",
        "gnis:feature_id": "1022044",
        "name": "Poplar Mountain",
        "natural": "peak",
        "wikidata": "Q31636464"
      },
      "geometry": {
        "type": "Point",
        "coordinates": [
          -83.0326397,
          35.1862081
        ]
      },
      "id": "node/357808759"
    },
    {
      "type": "Feature",
      "properties": {
        "@id": "node/357808768",
        "ele": "1187",
        "gnis:feature_id": "1022057",
        "name": "Potato Knob",
        "natural": "peak",
        "wikidata": "Q31636569"
      },
      "geometry": {
        "type": "Point",
        "coordinates": [
          -83.1304225,
          35.1670404
        ]
      },
      "id": "node/357808768"
    },
    {
      "type": "Feature",
      "properties": {
        "@id": "node/357808798",
        "ele": "1083",
        "gnis:feature_id": "1022104",
        "name": "Puncheon Camp Mountain",
        "natural": "peak",
        "wikidata": "Q31636753"
      },
      "geometry": {
        "type": "Point",
        "coordinates": [
          -82.9523614,
          35.117598
        ]
      },
      "id": "node/357808798"
    },
    {
      "type": "Feature",
      "properties": {
        "@id": "node/357808801",
        "ele": "886",
        "gnis:feature_id": "1022122",
        "name": "Quebec Mountain",
        "natural": "peak",
        "wikidata": "Q31636789"
      },
      "geometry": {
        "type": "Point",
        "coordinates": [
          -82.8601339,
          35.1431622
        ]
      },
      "id": "node/357808801"
    },
    {
      "type": "Feature",
      "properties": {
        "@id": "node/357808805",
        "ele": "976",
        "gnis:feature_id": "1022124",
        "name": "Queen Mountain",
        "natural": "peak",
        "wikidata": "Q31636816"
      },
      "geometry": {
        "type": "Point",
        "coordinates": [
          -83.189596,
          35.0106447
        ]
      },
      "id": "node/357808805"
    },
    {
      "type": "Feature",
      "properties": {
        "@id": "node/357808807",
        "ele": "767",
        "gnis:feature_id": "1022130",
        "name": "Rabbit Mountain",
        "natural": "peak"
      },
      "geometry": {
        "type": "Point",
        "coordinates": [
          -83.3323742,
          35.2064851
        ]
      },
      "id": "node/357808807"
    },
    {
      "type": "Feature",
      "properties": {
        "@id": "node/357808819",
        "ele": "1157",
        "gnis:feature_id": "1022139",
        "name": "Rainy Knobs",
        "natural": "peak",
        "wikidata": "Q31636893"
      },
      "geometry": {
        "type": "Point",
        "coordinates": [
          -83.0012537,
          35.0942591
        ]
      },
      "id": "node/357808819"
    },
    {
      "type": "Feature",
      "properties": {
        "@id": "node/357808828",
        "ele": "1333",
        "gnis:feature_id": "1022152",
        "name": "Rattlesnake Knob",
        "natural": "peak"
      },
      "geometry": {
        "type": "Point",
        "coordinates": [
          -83.2190392,
          35.0956484
        ]
      },
      "id": "node/357808828"
    },
    {
      "type": "Feature",
      "properties": {
        "@id": "node/357808832",
        "ele": "1162",
        "gnis:feature_id": "1022154",
        "name": "Rattlesnake Knob",
        "natural": "peak",
        "wikidata": "Q31637014"
      },
      "geometry": {
        "type": "Point",
        "coordinates": [
          -83.1337555,
          35.1795409
        ]
      },
      "id": "node/357808832"
    },
    {
      "type": "Feature",
      "properties": {
        "@id": "node/357808833",
        "ele": "1269",
        "gnis:feature_id": "1022155",
        "name": "Rattlesnake Knob",
        "natural": "peak",
        "wikidata": "Q31637027"
      },
      "geometry": {
        "type": "Point",
        "coordinates": [
          -83.0154168,
          35.1845414
        ]
      },
      "id": "node/357808833"
    },
    {
      "type": "Feature",
      "properties": {
        "@id": "node/357808846",
        "ele": "1150",
        "gnis:feature_id": "1022163",
        "name": "Raven Knob",
        "natural": "peak",
        "wikidata": "Q31637338"
      },
      "geometry": {
        "type": "Point",
        "coordinates": [
          -83.1123648,
          35.2056534
        ]
      },
      "id": "node/357808846"
    },
    {
      "type": "Feature",
      "properties": {
        "@id": "node/357808859",
        "ele": "1317",
        "gnis:feature_id": "1022171",
        "name": "Ravenrock Mountain",
        "natural": "peak",
        "wikidata": "Q31637325"
      },
      "geometry": {
        "type": "Point",
        "coordinates": [
          -82.9820836,
          35.1489856
        ]
      },
      "id": "node/357808859"
    },
    {
      "type": "Feature",
      "properties": {
        "@id": "node/357808864",
        "ele": "185",
        "gnis:feature_id": "1022180",
        "name": "Rebel Hill",
        "natural": "peak"
      },
      "geometry": {
        "type": "Point",
        "coordinates": [
          -80.2850626,
          35.0790402
        ]
      },
      "id": "node/357808864"
    },
    {
      "type": "Feature",
      "properties": {
        "@id": "node/357808869",
        "ele": "1130",
        "gnis:feature_id": "1022183",
        "name": "Rector Knob",
        "natural": "peak"
      },
      "geometry": {
        "type": "Point",
        "coordinates": [
          -83.2968195,
          35.0695364
        ]
      },
      "id": "node/357808869"
    },
    {
      "type": "Feature",
      "properties": {
        "@id": "node/357808908",
        "ele": "778",
        "gnis:feature_id": "1022242",
        "name": "Rice Knob",
        "natural": "peak",
        "wikidata": "Q31637678"
      },
      "geometry": {
        "type": "Point",
        "coordinates": [
          -82.4740091,
          35.2112285
        ]
      },
      "id": "node/357808908"
    },
    {
      "type": "Feature",
      "properties": {
        "@id": "node/357808927",
        "ele": "1065",
        "gnis:feature_id": "1022259",
        "name": "Rich Mountain",
        "natural": "peak"
      },
      "geometry": {
        "type": "Point",
        "coordinates": [
          -83.1679281,
          35.0362012
        ]
      },
      "id": "node/357808927"
    },
    {
      "type": "Feature",
      "properties": {
        "@id": "node/357808929",
        "ele": "1294",
        "gnis:feature_id": "1022260",
        "name": "Rich Mountain",
        "natural": "peak"
      },
      "geometry": {
        "type": "Point",
        "coordinates": [
          -83.2326508,
          35.0953707
        ]
      },
      "id": "node/357808929"
    },
    {
      "type": "Feature",
      "properties": {
        "@id": "node/357808949",
        "ele": "1009",
        "gnis:feature_id": "1022273",
        "name": "Richey Knob",
        "natural": "peak"
      },
      "geometry": {
        "type": "Point",
        "coordinates": [
          -83.3484873,
          35.0562029
        ]
      },
      "id": "node/357808949"
    },
    {
      "type": "Feature",
      "properties": {
        "@id": "node/357808961",
        "ele": "1211",
        "gnis:feature_id": "1022294",
        "name": "Riley Knob",
        "natural": "peak"
      },
      "geometry": {
        "type": "Point",
        "coordinates": [
          -83.2751507,
          35.1631511
        ]
      },
      "id": "node/357808961"
    },
    {
      "type": "Feature",
      "properties": {
        "@id": "node/357808963",
        "ele": "1144",
        "gnis:feature_id": "1022295",
        "name": "Riley Mountain",
        "natural": "peak"
      },
      "geometry": {
        "type": "Point",
        "coordinates": [
          -83.0743103,
          35.1314832
        ]
      },
      "id": "node/357808963"
    },
    {
      "type": "Feature",
      "properties": {
        "@id": "node/357809026",
        "ele": "1229",
        "gnis:feature_id": "1022346",
        "name": "Rocky Knob",
        "natural": "peak"
      },
      "geometry": {
        "type": "Point",
        "coordinates": [
          -83.292376,
          35.0114788
        ]
      },
      "id": "node/357809026"
    },
    {
      "type": "Feature",
      "properties": {
        "@id": "node/357809027",
        "ele": "1246",
        "gnis:feature_id": "1022347",
        "name": "Rocky Knob",
        "natural": "peak"
      },
      "geometry": {
        "type": "Point",
        "coordinates": [
          -83.3176527,
          35.1114823
        ]
      },
      "id": "node/357809027"
    },
    {
      "type": "Feature",
      "properties": {
        "@id": "node/357809029",
        "ele": "1251",
        "gnis:feature_id": "1022348",
        "name": "Rocky Knob",
        "natural": "peak",
        "wikidata": "Q31638717"
      },
      "geometry": {
        "type": "Point",
        "coordinates": [
          -83.0443066,
          35.1912083
        ]
      },
      "id": "node/357809029"
    },
    {
      "type": "Feature",
      "properties": {
        "@id": "node/357809056",
        "ele": "1322",
        "gnis:feature_id": "1022369",
        "name": "Rocky Mountain",
        "natural": "peak",
        "wikidata": "Q31638955"
      },
      "geometry": {
        "type": "Point",
        "coordinates": [
          -83.0704222,
          35.1106489
        ]
      },
      "id": "node/357809056"
    },
    {
      "type": "Feature",
      "properties": {
        "@id": "node/357809057",
        "ele": "899",
        "gnis:feature_id": "1022370",
        "name": "Rocky Mountain",
        "natural": "peak",
        "wikidata": "Q31425796"
      },
      "geometry": {
        "type": "Point",
        "coordinates": [
          -82.8443003,
          35.1289968
        ]
      },
      "id": "node/357809057"
    },
    {
      "type": "Feature",
      "properties": {
        "@id": "node/357809084",
        "ele": "1199",
        "gnis:feature_id": "1022405",
        "name": "Rough Knob",
        "natural": "peak"
      },
      "geometry": {
        "type": "Point",
        "coordinates": [
          -83.2743171,
          35.1695401
        ]
      },
      "id": "node/357809084"
    },
    {
      "type": "Feature",
      "properties": {
        "@id": "node/357809085",
        "ele": "1417",
        "gnis:feature_id": "1022406",
        "name": "Rough Mountain",
        "natural": "peak"
      },
      "geometry": {
        "type": "Point",
        "coordinates": [
          -83.199592,
          35.1698182
        ]
      },
      "id": "node/357809085"
    },
    {
      "type": "Feature",
      "properties": {
        "@id": "node/357809091",
        "ele": "1125",
        "gnis:feature_id": "1022411",
        "name": "Round Mountain",
        "natural": "peak",
        "wikidata": "Q31639251"
      },
      "geometry": {
        "type": "Point",
        "coordinates": [
          -83.0379245,
          35.0275892
        ]
      },
      "id": "node/357809091"
    },
    {
      "type": "Feature",
      "properties": {
        "@id": "node/357809092",
        "ele": "890",
        "gnis:feature_id": "1022412",
        "name": "Round Mountain",
        "natural": "peak",
        "wikidata": "Q31425857"
      },
      "geometry": {
        "type": "Point",
        "coordinates": [
          -82.8551361,
          35.0823288
        ]
      },
      "id": "node/357809092"
    },
    {
      "type": "Feature",
      "properties": {
        "@id": "node/357809093",
        "ele": "1396",
        "gnis:feature_id": "1022413",
        "name": "Round Mountain",
        "natural": "peak",
        "wikidata": "Q31639264"
      },
      "geometry": {
        "type": "Point",
        "coordinates": [
          -83.2165387,
          35.1128714
        ]
      },
      "id": "node/357809093"
    },
    {
      "type": "Feature",
      "properties": {
        "@id": "node/357809095",
        "ele": "1281",
        "gnis:feature_id": "1022414",
        "name": "Round Mountain",
        "natural": "peak",
        "wikidata": "Q31639328"
      },
      "geometry": {
        "type": "Point",
        "coordinates": [
          -82.9679141,
          35.1989888
        ]
      },
      "id": "node/357809095"
    },
    {
      "type": "Feature",
      "properties": {
        "@id": "node/357809117",
        "ele": "1051",
        "gnis:feature_id": "1022431",
        "name": "Roundtop",
        "natural": "peak",
        "wikidata": "Q31639497"
      },
      "geometry": {
        "type": "Point",
        "coordinates": [
          -82.9629181,
          35.1039854
        ]
      },
      "id": "node/357809117"
    },
    {
      "type": "Feature",
      "properties": {
        "@id": "node/357809126",
        "ele": "1292",
        "gnis:feature_id": "1022452",
        "name": "Rye Mountain",
        "natural": "peak"
      },
      "geometry": {
        "type": "Point",
        "coordinates": [
          -83.0515298,
          35.1789855
        ]
      },
      "id": "node/357809126"
    },
    {
      "type": "Feature",
      "properties": {
        "@id": "node/357809152",
        "ele": "161",
        "gnis:feature_id": "1022484",
        "name": "Sandstone Hill",
        "natural": "peak",
        "wikidata": "Q31639800"
      },
      "geometry": {
        "type": "Point",
        "coordinates": [
          -79.3397573,
          35.0493289
        ]
      },
      "id": "node/357809152"
    },
    {
      "type": "Feature",
      "properties": {
        "@id": "node/357809161",
        "ele": "1230",
        "gnis:feature_id": "1022504",
        "name": "Sassafras Knob",
        "natural": "peak"
      },
      "geometry": {
        "type": "Point",
        "coordinates": [
          -83.2098736,
          35.0412016
        ]
      },
      "id": "node/357809161"
    },
    {
      "type": "Feature",
      "properties": {
        "@id": "node/357809169",
        "ele": "1335",
        "gnis:feature_id": "1022510",
        "name": "Sassafras Mountain",
        "natural": "peak",
        "wikidata": "Q31639926"
      },
      "geometry": {
        "type": "Point",
        "coordinates": [
          -83.0359776,
          35.0825919
        ]
      },
      "id": "node/357809169"
    },
    {
      "type": "Feature",
      "properties": {
        "@id": "node/357809170",
        "ele": "1340",
        "gnis:feature_id": "1022511",
        "name": "Sassafras Mountain",
        "natural": "peak",
        "wikidata": "Q31639939"
      },
      "geometry": {
        "type": "Point",
        "coordinates": [
          -83.0234729,
          35.1809301
        ]
      },
      "id": "node/357809170"
    },
    {
      "type": "Feature",
      "properties": {
        "@id": "node/357809217",
        "ele": "1365",
        "gnis:feature_id": "1022592",
        "name": "Shelton Pisgah Mountain",
        "natural": "peak",
        "wikidata": "Q31640466"
      },
      "geometry": {
        "type": "Point",
        "coordinates": [
          -82.9884716,
          35.1745417
        ]
      },
      "id": "node/357809217"
    },
    {
      "type": "Feature",
      "properties": {
        "@id": "node/357809227",
        "ele": "1283",
        "gnis:feature_id": "1022610",
        "name": "Shoal Mountain",
        "natural": "peak",
        "wikidata": "Q31640582"
      },
      "geometry": {
        "type": "Point",
        "coordinates": [
          -83.1431999,
          35.1948194
        ]
      },
      "id": "node/357809227"
    },
    {
      "type": "Feature",
      "properties": {
        "@id": "node/357809233",
        "ele": "1521",
        "gnis:feature_id": "1022617",
        "name": "Shortoff Mountain",
        "natural": "peak",
        "wikidata": "Q31640647"
      },
      "geometry": {
        "type": "Point",
        "coordinates": [
          -83.1807041,
          35.1078711
        ]
      },
      "id": "node/357809233"
    },
    {
      "type": "Feature",
      "properties": {
        "@id": "node/357809258",
        "ele": "1010",
        "gnis:feature_id": "1022657",
        "name": "Slick Rock",
        "natural": "peak",
        "wikidata": "Q31640858"
      },
      "geometry": {
        "type": "Point",
        "coordinates": [
          -83.1484833,
          35.0253674
        ]
      },
      "id": "node/357809258"
    },
    {
      "type": "Feature",
      "properties": {
        "@id": "node/357809259",
        "ele": "1173",
        "gnis:feature_id": "1022658",
        "name": "Slick Rock",
        "natural": "peak"
      },
      "geometry": {
        "type": "Point",
        "coordinates": [
          -83.2865412,
          35.0928706
        ]
      },
      "id": "node/357809259"
    },
    {
      "type": "Feature",
      "properties": {
        "@id": "node/357809261",
        "ele": "1086",
        "gnis:feature_id": "1022659",
        "name": "Slick Rock Mountain",
        "natural": "peak",
        "wikidata": "Q31426033"
      },
      "geometry": {
        "type": "Point",
        "coordinates": [
          -82.6881815,
          35.1781713
        ]
      },
      "id": "node/357809261"
    },
    {
      "type": "Feature",
      "properties": {
        "@id": "node/357809290",
        "ele": "1392",
        "gnis:feature_id": "1022691",
        "name": "Snowbird Mountain",
        "natural": "peak"
      },
      "geometry": {
        "type": "Point",
        "coordinates": [
          -83.2243151,
          35.1756519
        ]
      },
      "id": "node/357809290"
    },
    {
      "type": "Feature",
      "properties": {
        "@id": "node/357809310",
        "ele": "945",
        "gnis:feature_id": "1022736",
        "name": "Spice Cove Mountain",
        "natural": "peak",
        "wikidata": "Q31641319"
      },
      "geometry": {
        "type": "Point",
        "coordinates": [
          -82.8501325,
          35.167052
        ]
      },
      "id": "node/357809310"
    },
    {
      "type": "Feature",
      "properties": {
        "@id": "node/357809339",
        "ele": "978",
        "gnis:feature_id": "1022776",
        "name": "Standingstone Mountain",
        "natural": "peak",
        "wikidata": "Q31426110"
      },
      "geometry": {
        "type": "Point",
        "coordinates": [
          -82.5728774,
          35.1444591
        ]
      },
      "id": "node/357809339"
    },
    {
      "type": "Feature",
      "properties": {
        "@id": "node/357809366",
        "ele": "765",
        "gnis:feature_id": "1022826",
        "name": "Sugar Loaf Mountain",
        "natural": "peak",
        "wikidata": "Q31641951"
      },
      "geometry": {
        "type": "Point",
        "coordinates": [
          -82.7315149,
          35.2112255
        ]
      },
      "id": "node/357809366"
    },
    {
      "type": "Feature",
      "properties": {
        "@id": "node/357809398",
        "ele": "1059",
        "gnis:feature_id": "1022891",
        "name": "Tater Hill",
        "natural": "peak"
      },
      "geometry": {
        "type": "Point",
        "coordinates": [
          -83.3315431,
          35.0173127
        ]
      },
      "id": "node/357809398"
    },
    {
      "type": "Feature",
      "properties": {
        "@id": "node/357809399",
        "ele": "1269",
        "gnis:feature_id": "1022892",
        "name": "Tater Hill",
        "natural": "peak"
      },
      "geometry": {
        "type": "Point",
        "coordinates": [
          -83.3240418,
          35.10926
        ]
      },
      "id": "node/357809399"
    },
    {
      "type": "Feature",
      "properties": {
        "@id": "node/357809410",
        "ele": "1357",
        "gnis:feature_id": "1022911",
        "name": "Terrapin Mountain",
        "natural": "peak",
        "wikidata": "Q31642372"
      },
      "geometry": {
        "type": "Point",
        "coordinates": [
          -83.0912584,
          35.052035
        ]
      },
      "id": "node/357809410"
    },
    {
      "type": "Feature",
      "properties": {
        "@id": "node/357809428",
        "ele": "1257",
        "gnis:feature_id": "1022928",
        "name": "The Pinnacle",
        "natural": "peak",
        "wikidata": "Q31636068"
      },
      "geometry": {
        "type": "Point",
        "coordinates": [
          -82.9601355,
          35.208434
        ]
      },
      "id": "node/357809428"
    },
    {
      "type": "Feature",
      "properties": {
        "@id": "node/357809438",
        "ele": "1180",
        "gnis:feature_id": "1022936",
        "name": "Thomas Knob",
        "natural": "peak"
      },
      "geometry": {
        "type": "Point",
        "coordinates": [
          -83.3218209,
          35.0017566
        ]
      },
      "id": "node/357809438"
    },
    {
      "type": "Feature",
      "properties": {
        "@id": "node/357809469",
        "ele": "1099",
        "gnis:feature_id": "1022987",
        "name": "Tritt Knob",
        "natural": "peak",
        "wikidata": "Q31642752"
      },
      "geometry": {
        "type": "Point",
        "coordinates": [
          -83.0198605,
          35.2059313
        ]
      },
      "id": "node/357809469"
    },
    {
      "type": "Feature",
      "properties": {
        "@id": "node/357809473",
        "ele": "1154",
        "gnis:feature_id": "1023003",
        "name": "Turkey Knob",
        "natural": "peak"
      },
      "geometry": {
        "type": "Point",
        "coordinates": [
          -83.3393207,
          35.0384245
        ]
      },
      "id": "node/357809473"
    },
    {
      "type": "Feature",
      "properties": {
        "@id": "node/357809474",
        "ele": "963",
        "gnis:feature_id": "1023004",
        "name": "Turkey Knob",
        "natural": "peak",
        "wikidata": "Q31426262"
      },
      "geometry": {
        "type": "Point",
        "coordinates": [
          -82.5834568,
          35.1701168
        ]
      },
      "id": "node/357809474"
    },
    {
      "type": "Feature",
      "properties": {
        "@id": "node/357809477",
        "ele": "1246",
        "gnis:feature_id": "1023005",
        "name": "Turkey Knob",
        "natural": "peak",
        "wikidata": "Q31642866"
      },
      "geometry": {
        "type": "Point",
        "coordinates": [
          -83.0243058,
          35.1900972
        ]
      },
      "id": "node/357809477"
    },
    {
      "type": "Feature",
      "properties": {
        "@id": "node/357809483",
        "ele": "919",
        "gnis:feature_id": "1023009",
        "name": "Turkey Mountain",
        "natural": "peak",
        "wikidata": "Q31426264"
      },
      "geometry": {
        "type": "Point",
        "coordinates": [
          -82.7117954,
          35.1087279
        ]
      },
      "id": "node/357809483"
    },
    {
      "type": "Feature",
      "properties": {
        "@id": "node/357809512",
        "ele": "1115",
        "gnis:feature_id": "1023080",
        "name": "View Rock",
        "natural": "peak",
        "wikidata": "Q31643239"
      },
      "geometry": {
        "type": "Point",
        "coordinates": [
          -83.0740326,
          35.1309276
        ]
      },
      "id": "node/357809512"
    },
    {
      "type": "Feature",
      "properties": {
        "@id": "node/357809515",
        "ele": "1160",
        "gnis:feature_id": "1023088",
        "name": "Waddle Mountain",
        "natural": "peak",
        "wikidata": "Q31643265"
      },
      "geometry": {
        "type": "Point",
        "coordinates": [
          -83.0295898,
          35.0525904
        ]
      },
      "id": "node/357809515"
    },
    {
      "type": "Feature",
      "properties": {
        "@id": "node/357809518",
        "ele": "850",
        "gnis:feature_id": "1023097",
        "name": "Walker Mountain",
        "natural": "peak",
        "wikidata": "Q31426293"
      },
      "geometry": {
        "type": "Point",
        "coordinates": [
          -82.7870756,
          35.1259463
        ]
      },
      "id": "node/357809518"
    },
    {
      "type": "Feature",
      "properties": {
        "@id": "node/357809525",
        "ele": "1023",
        "gnis:feature_id": "1023109",
        "name": "Walnut Cove Mountain",
        "natural": "peak",
        "wikidata": "Q31643356"
      },
      "geometry": {
        "type": "Point",
        "coordinates": [
          -82.914302,
          35.1656582
        ]
      },
      "id": "node/357809525"
    },
    {
      "type": "Feature",
      "properties": {
        "@id": "node/357809570",
        "ele": "1362",
        "gnis:feature_id": "1023221",
        "name": "Whiterock Mountain",
        "natural": "peak"
      },
      "geometry": {
        "type": "Point",
        "coordinates": [
          -83.3054306,
          35.0856482
        ]
      },
      "id": "node/357809570"
    },
    {
      "type": "Feature",
      "properties": {
        "@id": "node/357809572",
        "ele": "1489",
        "gnis:feature_id": "1023224",
        "name": "Whiteside Mountain",
        "natural": "peak",
        "wikidata": "Q8525406",
        "wikipedia": "en:Whiteside Mountain"
      },
      "geometry": {
        "type": "Point",
        "coordinates": [
          -83.1382034,
          35.0809254
        ]
      },
      "id": "node/357809572"
    },
    {
      "type": "Feature",
      "properties": {
        "@id": "node/357809600",
        "ele": "1457",
        "gnis:feature_id": "1023294",
        "name": "Wolf Knob",
        "natural": "peak"
      },
      "geometry": {
        "type": "Point",
        "coordinates": [
          -83.2168139,
          35.208431
        ]
      },
      "id": "node/357809600"
    },
    {
      "type": "Feature",
      "properties": {
        "@id": "node/357809613",
        "ele": "1335",
        "gnis:feature_id": "1023304",
        "name": "Wolf Rock",
        "natural": "peak"
      },
      "geometry": {
        "type": "Point",
        "coordinates": [
          -83.3209862,
          35.1031487
        ]
      },
      "id": "node/357809613"
    },
    {
      "type": "Feature",
      "properties": {
        "@id": "node/357809620",
        "ele": "864",
        "gnis:feature_id": "1023317",
        "name": "Woodruff Mountain",
        "natural": "peak",
        "wikidata": "Q31426405"
      },
      "geometry": {
        "type": "Point",
        "coordinates": [
          -82.8565232,
          35.127329
        ]
      },
      "id": "node/357809620"
    },
    {
      "type": "Feature",
      "properties": {
        "@id": "node/357809622",
        "ele": "753",
        "gnis:feature_id": "1023325",
        "name": "Wooten Mountain",
        "natural": "peak"
      },
      "geometry": {
        "type": "Point",
        "coordinates": [
          -83.3509861,
          35.1981513
        ]
      },
      "id": "node/357809622"
    },
    {
      "type": "Feature",
      "properties": {
        "@id": "node/357810775",
        "ele": "29",
        "gnis:feature_id": "1025807",
        "name": "Wolf Hill",
        "natural": "peak"
      },
      "geometry": {
        "type": "Point",
        "coordinates": [
          -78.8575243,
          34.5298898
        ]
      },
      "id": "node/357810775"
    },
    {
      "type": "Feature",
      "properties": {
        "@id": "node/357811136",
        "ele": "1063",
        "gnis:feature_id": "1027450",
        "name": "Rocky Mountain",
        "natural": "peak",
        "wikidata": "Q31638994"
      },
      "geometry": {
        "type": "Point",
        "coordinates": [
          -82.9112473,
          35.1431579
        ]
      },
      "id": "node/357811136"
    },
    {
      "type": "Feature",
      "properties": {
        "@id": "node/358711342",
        "ele": "911",
        "gnis:feature_id": "327049",
        "name": "Bee Bait Mountain",
        "natural": "peak",
        "wikidata": "Q31578435"
      },
      "geometry": {
        "type": "Point",
        "coordinates": [
          -83.1290397,
          34.9737001
        ]
      },
      "id": "node/358711342"
    },
    {
      "type": "Feature",
      "properties": {
        "@id": "node/358711436",
        "ele": "860",
        "gnis:feature_id": "327132",
        "name": "Bill Mountain",
        "natural": "peak",
        "wikidata": "Q31578775"
      },
      "geometry": {
        "type": "Point",
        "coordinates": [
          -83.1593795,
          34.9795529
        ]
      },
      "id": "node/358711436"
    },
    {
      "type": "Feature",
      "properties": {
        "@id": "node/358711449",
        "ele": "464",
        "gnis:feature_id": "327146",
        "name": "Black Mountain",
        "natural": "peak",
        "wikidata": "Q31578873"
      },
      "geometry": {
        "type": "Point",
        "coordinates": [
          -83.3371074,
          34.6592628
        ]
      },
      "id": "node/358711449"
    },
    {
      "type": "Feature",
      "properties": {
        "@id": "node/358711576",
        "ele": "749",
        "gnis:feature_id": "327300",
        "name": "Burrell Mountain",
        "natural": "peak",
        "wikidata": "Q31579959"
      },
      "geometry": {
        "type": "Point",
        "coordinates": [
          -83.1990427,
          34.927868
        ]
      },
      "id": "node/358711576"
    },
    {
      "type": "Feature",
      "properties": {
        "@id": "node/358711593",
        "ele": "818",
        "gnis:feature_id": "327317",
        "name": "Cabin Mountain",
        "natural": "peak",
        "wikidata": "Q31580137"
      },
      "geometry": {
        "type": "Point",
        "coordinates": [
          -83.2370989,
          34.9434232
        ]
      },
      "id": "node/358711593"
    },
    {
      "type": "Feature",
      "properties": {
        "@id": "node/358711614",
        "ele": "677",
        "gnis:feature_id": "327364",
        "name": "Carrol Mountain",
        "natural": "peak",
        "wikidata": "Q31580271"
      },
      "geometry": {
        "type": "Point",
        "coordinates": [
          -83.1726527,
          34.9423121
        ]
      },
      "id": "node/358711614"
    },
    {
      "type": "Feature",
      "properties": {
        "@id": "node/358711882",
        "ele": "975",
        "gnis:feature_id": "327685",
        "name": "Drip Nose Mountain",
        "natural": "peak",
        "wikidata": "Q31582465"
      },
      "geometry": {
        "type": "Point",
        "coordinates": [
          -83.1354938,
          34.9885872
        ]
      },
      "id": "node/358711882"
    },
    {
      "type": "Feature",
      "properties": {
        "@id": "node/358712188",
        "ele": "1005",
        "gnis:feature_id": "327940",
        "name": "Glade Mountain",
        "natural": "peak",
        "wikidata": "Q5566224"
      },
      "geometry": {
        "type": "Point",
        "coordinates": [
          -83.1348076,
          34.9981842
        ]
      },
      "id": "node/358712188"
    },
    {
      "type": "Feature",
      "properties": {
        "@id": "node/358712465",
        "ele": "759",
        "gnis:feature_id": "328158",
        "name": "High Top",
        "natural": "peak",
        "wikidata": "Q31584972"
      },
      "geometry": {
        "type": "Point",
        "coordinates": [
          -83.2218201,
          34.9700894
        ]
      },
      "id": "node/358712465"
    },
    {
      "type": "Feature",
      "properties": {
        "@id": "node/358712904",
        "ele": "649",
        "gnis:feature_id": "328517",
        "name": "Lion Mountain",
        "natural": "peak",
        "wikidata": "Q31586645"
      },
      "geometry": {
        "type": "Point",
        "coordinates": [
          -83.298492,
          34.8409254
        ]
      },
      "id": "node/358712904"
    },
    {
      "type": "Feature",
      "properties": {
        "@id": "node/358713188",
        "ele": "659",
        "gnis:feature_id": "328849",
        "name": "Mose Mountain",
        "natural": "peak",
        "wikidata": "Q31587780"
      },
      "geometry": {
        "type": "Point",
        "coordinates": [
          -83.16511,
          34.9276881
        ]
      },
      "id": "node/358713188"
    },
    {
      "type": "Feature",
      "properties": {
        "@id": "node/358713734",
        "ele": "776",
        "gnis:feature_id": "329081",
        "name": "Oakey Top",
        "natural": "peak",
        "wikidata": "Q31588168"
      },
      "geometry": {
        "type": "Point",
        "coordinates": [
          -83.1607104,
          34.936326
        ]
      },
      "id": "node/358713734"
    },
    {
      "type": "Feature",
      "properties": {
        "@id": "node/358713739",
        "ele": "783",
        "gnis:feature_id": "329082",
        "name": "Oakey Top",
        "natural": "peak",
        "wikidata": "Q31588184"
      },
      "geometry": {
        "type": "Point",
        "coordinates": [
          -83.2079321,
          34.9150905
        ]
      },
      "id": "node/358713739"
    },
    {
      "type": "Feature",
      "properties": {
        "@id": "node/358714048",
        "ele": "793",
        "gnis:feature_id": "329289",
        "name": "Pollywah Knob",
        "natural": "peak",
        "wikidata": "Q31589441"
      },
      "geometry": {
        "type": "Point",
        "coordinates": [
          -83.2726567,
          34.8906467
        ]
      },
      "id": "node/358714048"
    },
    {
      "type": "Feature",
      "properties": {
        "@id": "node/358714127",
        "ele": "1431",
        "gnis:feature_id": "329348",
        "name": "Rabun Bald",
        "natural": "peak",
        "wikidata": "Q7278818"
      },
      "geometry": {
        "type": "Point",
        "coordinates": [
          -83.2997888,
          34.9654918
        ]
      },
      "id": "node/358714127"
    },
    {
      "type": "Feature",
      "properties": {
        "@id": "node/358714147",
        "ele": "888",
        "gnis:feature_id": "329359",
        "name": "Rainy Mountain",
        "natural": "peak",
        "wikidata": "Q31589875"
      },
      "geometry": {
        "type": "Point",
        "coordinates": [
          -83.3226587,
          34.8623141
        ]
      },
      "id": "node/358714147"
    },
    {
      "type": "Feature",
      "properties": {
        "@id": "node/358714159",
        "ele": "877",
        "gnis:feature_id": "329369",
        "name": "Rand Mountain",
        "natural": "peak",
        "wikidata": "Q31589955"
      },
      "geometry": {
        "type": "Point",
        "coordinates": [
          -83.1362625,
          34.9559228
        ]
      },
      "id": "node/358714159"
    },
    {
      "type": "Feature",
      "properties": {
        "@id": "node/358714442",
        "ele": "749",
        "gnis:feature_id": "329579",
        "name": "Salt Log Knob",
        "natural": "peak",
        "wikidata": "Q31591478"
      },
      "geometry": {
        "type": "Point",
        "coordinates": [
          -83.2157086,
          34.9795336
        ]
      },
      "id": "node/358714442"
    },
    {
      "type": "Feature",
      "properties": {
        "@id": "node/358714746",
        "ele": "808",
        "gnis:feature_id": "329857",
        "name": "Stoney Mountain",
        "natural": "peak",
        "wikidata": "Q31592779"
      },
      "geometry": {
        "type": "Point",
        "coordinates": [
          -83.2062642,
          34.968145
        ]
      },
      "id": "node/358714746"
    },
    {
      "type": "Feature",
      "properties": {
        "@id": "node/358715347",
        "ele": "731",
        "gnis:feature_id": "330301",
        "name": "Willis Knob",
        "natural": "peak",
        "wikidata": "Q31594433"
      },
      "geometry": {
        "type": "Point",
        "coordinates": [
          -83.2154328,
          34.8970352
        ]
      },
      "id": "node/358715347"
    },
    {
      "type": "Feature",
      "properties": {
        "@id": "node/358716340",
        "ele": "1246",
        "gnis:feature_id": "331017",
        "name": "Alex Mountain",
        "natural": "peak"
      },
      "geometry": {
        "type": "Point",
        "coordinates": [
          -83.3268219,
          34.9712015
        ]
      },
      "id": "node/358716340"
    },
    {
      "type": "Feature",
      "properties": {
        "@id": "node/358716342",
        "ele": "531",
        "gnis:feature_id": "331018",
        "name": "Alf Hill",
        "natural": "peak",
        "wikidata": "Q31594832"
      },
      "geometry": {
        "type": "Point",
        "coordinates": [
          -83.1732087,
          34.9209237
        ]
      },
      "id": "node/358716342"
    },
    {
      "type": "Feature",
      "properties": {
        "@id": "node/358716453",
        "ele": "1034",
        "gnis:feature_id": "331131",
        "name": "Ben Mountain",
        "natural": "peak",
        "wikidata": "Q31578550"
      },
      "geometry": {
        "type": "Point",
        "coordinates": [
          -83.3479336,
          34.9650907
        ]
      },
      "id": "node/358716453"
    },
    {
      "type": "Feature",
      "properties": {
        "@id": "node/358716481",
        "ele": "230",
        "gnis:feature_id": "331163",
        "name": "Big Mountain",
        "natural": "peak"
      },
      "geometry": {
        "type": "Point",
        "coordinates": [
          -83.0318162,
          33.8045654
        ]
      },
      "id": "node/358716481"
    },
    {
      "type": "Feature",
      "properties": {
        "@id": "node/358716489",
        "ele": "832",
        "gnis:feature_id": "331164",
        "name": "Big Mountain",
        "natural": "peak",
        "wikidata": "Q31578726"
      },
      "geometry": {
        "type": "Point",
        "coordinates": [
          -83.2912676,
          34.9098131
        ]
      },
      "id": "node/358716489"
    },
    {
      "type": "Feature",
      "properties": {
        "@id": "node/358716511",
        "ele": "1122",
        "gnis:feature_id": "331176",
        "name": "Blacks Creek Knob",
        "natural": "peak",
        "wikidata": "Q31578973"
      },
      "geometry": {
        "type": "Point",
        "coordinates": [
          -83.3432124,
          34.9298133
        ]
      },
      "id": "node/358716511"
    },
    {
      "type": "Feature",
      "properties": {
        "@id": "node/358716531",
        "ele": "536",
        "gnis:feature_id": "331201",
        "name": "Boggs Mountain",
        "natural": "peak"
      },
      "geometry": {
        "type": "Point",
        "coordinates": [
          -83.3432155,
          34.8392591
        ]
      },
      "id": "node/358716531"
    },
    {
      "type": "Feature",
      "properties": {
        "@id": "node/358716558",
        "ele": "559",
        "gnis:feature_id": "331223",
        "name": "Brack Hill",
        "natural": "peak",
        "wikidata": "Q31579302"
      },
      "geometry": {
        "type": "Point",
        "coordinates": [
          -83.1601528,
          34.9189794
        ]
      },
      "id": "node/358716558"
    },
    {
      "type": "Feature",
      "properties": {
        "@id": "node/358716580",
        "ele": "713",
        "gnis:feature_id": "331254",
        "name": "Brown Mountain",
        "natural": "peak",
        "wikidata": "Q31579484"
      },
      "geometry": {
        "type": "Point",
        "coordinates": [
          -83.1799359,
          34.9767401
        ]
      },
      "id": "node/358716580"
    },
    {
      "type": "Feature",
      "properties": {
        "@id": "node/358716584",
        "ele": "870",
        "gnis:feature_id": "331255",
        "name": "Brown Mountain",
        "natural": "peak",
        "wikidata": "Q31579500"
      },
      "geometry": {
        "type": "Point",
        "coordinates": [
          -83.2390424,
          34.988978
        ]
      },
      "id": "node/358716584"
    },
    {
      "type": "Feature",
      "properties": {
        "@id": "node/358716675",
        "ele": "142",
        "gnis:feature_id": "331285",
        "name": "Burks Mountain",
        "natural": "peak"
      },
      "geometry": {
        "type": "Point",
        "coordinates": [
          -82.2187325,
          33.6187443
        ]
      },
      "id": "node/358716675"
    },
    {
      "type": "Feature",
      "properties": {
        "@id": "node/358716686",
        "ele": "817",
        "gnis:feature_id": "331297",
        "name": "Buzzard Rock",
        "natural": "peak",
        "wikidata": "Q31580072"
      },
      "geometry": {
        "type": "Point",
        "coordinates": [
          -83.1660495,
          34.9788479
        ]
      },
      "id": "node/358716686"
    },
    {
      "type": "Feature",
      "properties": {
        "@id": "node/358716716",
        "ele": "156",
        "gnis:feature_id": "331323",
        "name": "Mount Carmel",
        "natural": "peak"
      },
      "geometry": {
        "type": "Point",
        "coordinates": [
          -82.4126267,
          33.6056881
        ]
      },
      "id": "node/358716716"
    },
    {
      "type": "Feature",
      "properties": {
        "@id": "node/358716846",
        "ele": "860",
        "gnis:feature_id": "331453",
        "name": "Cook Mountain",
        "natural": "peak",
        "wikidata": "Q31581326"
      },
      "geometry": {
        "type": "Point",
        "coordinates": [
          -83.1634992,
          34.9855301
        ]
      },
      "id": "node/358716846"
    },
    {
      "type": "Feature",
      "properties": {
        "@id": "node/358716984",
        "ele": "1107",
        "gnis:feature_id": "331578",
        "name": "Double Knob",
        "natural": "peak",
        "wikidata": "Q31582289"
      },
      "geometry": {
        "type": "Point",
        "coordinates": [
          -83.3218227,
          34.9425907
        ]
      },
      "id": "node/358716984"
    },
    {
      "type": "Feature",
      "properties": {
        "@id": "node/358717020",
        "ele": "758",
        "gnis:feature_id": "331609",
        "name": "Dyer Mountain",
        "natural": "peak",
        "wikidata": "Q31582641"
      },
      "geometry": {
        "type": "Point",
        "coordinates": [
          -83.1842272,
          34.9977288
        ]
      },
      "id": "node/358717020"
    },
    {
      "type": "Feature",
      "properties": {
        "@id": "node/358717069",
        "ele": "1283",
        "gnis:feature_id": "331731",
        "name": "Flint Knob",
        "natural": "peak",
        "wikidata": "Q31583157"
      },
      "geometry": {
        "type": "Point",
        "coordinates": [
          -83.3145996,
          34.9675903
        ]
      },
      "id": "node/358717069"
    },
    {
      "type": "Feature",
      "properties": {
        "@id": "node/358717072",
        "ele": "1209",
        "gnis:feature_id": "331737",
        "name": "Fodderstack",
        "natural": "peak",
        "wikidata": "Q31583173"
      },
      "geometry": {
        "type": "Point",
        "coordinates": [
          -83.289877,
          34.9717566
        ]
      },
      "id": "node/358717072"
    },
    {
      "type": "Feature",
      "properties": {
        "@id": "node/358717076",
        "ele": "1197",
        "gnis:feature_id": "331740",
        "name": "Ford Mountain",
        "natural": "peak"
      },
      "geometry": {
        "type": "Point",
        "coordinates": [
          -83.3048766,
          34.9892565
        ]
      },
      "id": "node/358717076"
    },
    {
      "type": "Feature",
      "properties": {
        "@id": "node/358717138",
        "ele": "825",
        "gnis:feature_id": "331806",
        "name": "Gibbs Mountain",
        "natural": "peak",
        "wikidata": "Q31583590"
      },
      "geometry": {
        "type": "Point",
        "coordinates": [
          -83.1653614,
          34.9627409
        ]
      },
      "id": "node/358717138"
    },
    {
      "type": "Feature",
      "properties": {
        "@id": "node/358717144",
        "ele": "282",
        "gnis:feature_id": "331826",
        "name": "Goat Mountain",
        "natural": "peak"
      },
      "geometry": {
        "type": "Point",
        "coordinates": [
          -83.2937723,
          34.6434299
        ]
      },
      "id": "node/358717144"
    },
    {
      "type": "Feature",
      "properties": {
        "@id": "node/358717161",
        "ele": "158",
        "gnis:feature_id": "331847",
        "name": "Granite Hill",
        "natural": "peak"
      },
      "geometry": {
        "type": "Point",
        "coordinates": [
          -82.9354235,
          33.2923663
        ]
      },
      "id": "node/358717161"
    },
    {
      "type": "Feature",
      "properties": {
        "@id": "node/358717180",
        "ele": "251",
        "gnis:feature_id": "331853",
        "name": "Graves Mountain",
        "natural": "peak",
        "wikidata": "Q31583998"
      },
      "geometry": {
        "type": "Point",
        "coordinates": [
          -82.5259989,
          33.7408227
        ]
      },
      "id": "node/358717180"
    },
    {
      "type": "Feature",
      "properties": {
        "@id": "node/358717216",
        "ele": "182",
        "gnis:feature_id": "331889",
        "name": "Gunn Hill",
        "natural": "peak"
      },
      "geometry": {
        "type": "Point",
        "coordinates": [
          -82.9393137,
          33.5498538
        ]
      },
      "id": "node/358717216"
    },
    {
      "type": "Feature",
      "properties": {
        "@id": "node/358717272",
        "ele": "51",
        "gnis:feature_id": "331971",
        "name": "High Head",
        "natural": "peak"
      },
      "geometry": {
        "type": "Point",
        "coordinates": [
          -81.7634466,
          33.085986
        ]
      },
      "id": "node/358717272"
    },
    {
      "type": "Feature",
      "properties": {
        "@id": "node/358717292",
        "ele": "124",
        "gnis:feature_id": "331987",
        "name": "Hillhouse Hill",
        "natural": "peak"
      },
      "geometry": {
        "type": "Point",
        "coordinates": [
          -83.1504296,
          32.9284814
        ]
      },
      "id": "node/358717292"
    },
    {
      "type": "Feature",
      "properties": {
        "@id": "node/358717307",
        "ele": "678",
        "gnis:feature_id": "332006",
        "name": "Holden Mountain",
        "natural": "peak",
        "wikidata": "Q31585284"
      },
      "geometry": {
        "type": "Point",
        "coordinates": [
          -83.1795775,
          34.9173266
        ]
      },
      "id": "node/358717307"
    },
    {
      "type": "Feature",
      "properties": {
        "@id": "node/358717340",
        "ele": "637",
        "gnis:feature_id": "332057",
        "name": "Indian Grave Hill",
        "natural": "peak",
        "wikidata": "Q31585593"
      },
      "geometry": {
        "type": "Point",
        "coordinates": [
          -83.3015458,
          34.9062022
        ]
      },
      "id": "node/358717340"
    },
    {
      "type": "Feature",
      "properties": {
        "@id": "node/358717426",
        "ele": "759",
        "gnis:feature_id": "332131",
        "name": "Katy Knob",
        "natural": "peak",
        "wikidata": "Q31586214"
      },
      "geometry": {
        "type": "Point",
        "coordinates": [
          -83.2704336,
          34.9212016
        ]
      },
      "id": "node/358717426"
    },
    {
      "type": "Feature",
      "properties": {
        "@id": "node/358717462",
        "ele": "379",
        "gnis:feature_id": "332198",
        "name": "Lee Mountain",
        "natural": "peak",
        "wikidata": "Q31586579"
      },
      "geometry": {
        "type": "Point",
        "coordinates": [
          -83.3184955,
          34.6431522
        ]
      },
      "id": "node/358717462"
    },
    {
      "type": "Feature",
      "properties": {
        "@id": "node/358717505",
        "ele": "617",
        "gnis:feature_id": "332240",
        "name": "Little Mountain",
        "natural": "peak",
        "wikidata": "Q31586936"
      },
      "geometry": {
        "type": "Point",
        "coordinates": [
          -83.1465411,
          34.9309235
        ]
      },
      "id": "node/358717505"
    },
    {
      "type": "Feature",
      "properties": {
        "@id": "node/358717684",
        "ele": "677",
        "gnis:feature_id": "332567",
        "name": "Old Mossy Mountain",
        "natural": "peak",
        "wikidata": "Q31588249"
      },
      "geometry": {
        "type": "Point",
        "coordinates": [
          -83.1895979,
          34.9284235
        ]
      },
      "id": "node/358717684"
    },
    {
      "type": "Feature",
      "properties": {
        "@id": "node/358717703",
        "ele": "678",
        "gnis:feature_id": "332593",
        "name": "Page Mountain",
        "natural": "peak",
        "wikidata": "Q31588456"
      },
      "geometry": {
        "type": "Point",
        "coordinates": [
          -83.2057072,
          34.93958
        ]
      },
      "id": "node/358717703"
    },
    {
      "type": "Feature",
      "properties": {
        "@id": "node/358717793",
        "ele": "661",
        "gnis:feature_id": "332679",
        "name": "Pine Mountain",
        "natural": "peak",
        "wikidata": "Q31589126"
      },
      "geometry": {
        "type": "Point",
        "coordinates": [
          -83.1815417,
          34.9514786
        ]
      },
      "id": "node/358717793"
    },
    {
      "type": "Feature",
      "properties": {
        "@id": "node/358717868",
        "ele": "50",
        "gnis:feature_id": "332744",
        "name": "Potlikker Hill",
        "natural": "peak"
      },
      "geometry": {
        "type": "Point",
        "coordinates": [
          -81.5906653,
          33.0304325
        ]
      },
      "id": "node/358717868"
    },
    {
      "type": "Feature",
      "properties": {
        "@id": "node/358717899",
        "ele": "658",
        "gnis:feature_id": "332783",
        "name": "Rainey Mountain",
        "natural": "peak",
        "wikidata": "Q31589859"
      },
      "geometry": {
        "type": "Point",
        "coordinates": [
          -83.3343251,
          34.877314
        ]
      },
      "id": "node/358717899"
    },
    {
      "type": "Feature",
      "properties": {
        "@id": "node/358717924",
        "ele": "1133",
        "gnis:feature_id": "332795",
        "name": "Rattlesnake Knob",
        "natural": "peak",
        "wikidata": "Q31590018"
      },
      "geometry": {
        "type": "Point",
        "coordinates": [
          -83.3454346,
          34.9350911
        ]
      },
      "id": "node/358717924"
    },
    {
      "type": "Feature",
      "properties": {
        "@id": "node/358717943",
        "ele": "982",
        "gnis:feature_id": "332811",
        "name": "Redside Mountain",
        "natural": "peak",
        "wikidata": "Q31590307"
      },
      "geometry": {
        "type": "Point",
        "coordinates": [
          -83.1250045,
          34.9934058
        ]
      },
      "id": "node/358717943"
    },
    {
      "type": "Feature",
      "properties": {
        "@id": "node/358717970",
        "ele": "34",
        "gnis:feature_id": "332838",
        "name": "Rhodes Mound",
        "natural": "peak"
      },
      "geometry": {
        "type": "Point",
        "coordinates": [
          -81.8656705,
          33.2615342
        ]
      },
      "id": "node/358717970"
    },
    {
      "type": "Feature",
      "properties": {
        "@id": "node/358718029",
        "ele": "1118",
        "gnis:feature_id": "332882",
        "name": "Rock Mountain",
        "natural": "peak",
        "wikidata": "Q31590745"
      },
      "geometry": {
        "type": "Point",
        "coordinates": [
          -83.3437685,
          34.9148135
        ]
      },
      "id": "node/358718029"
    },
    {
      "type": "Feature",
      "properties": {
        "@id": "node/358718174",
        "ele": "834",
        "gnis:feature_id": "333022",
        "name": "Sheep Knob",
        "natural": "peak",
        "wikidata": "Q31591954"
      },
      "geometry": {
        "type": "Point",
        "coordinates": [
          -83.305712,
          34.9217576
        ]
      },
      "id": "node/358718174"
    },
    {
      "type": "Feature",
      "properties": {
        "@id": "node/358718274",
        "ele": "170",
        "gnis:feature_id": "333136",
        "name": "Stony Hill",
        "natural": "peak",
        "wikidata": "Q31592794"
      },
      "geometry": {
        "type": "Point",
        "coordinates": [
          -82.7075954,
          33.3607146
        ]
      },
      "id": "node/358718274"
    },
    {
      "type": "Feature",
      "properties": {
        "@id": "node/358718395",
        "ele": "351",
        "gnis:feature_id": "333258",
        "name": "Trembly Bald",
        "natural": "peak"
      },
      "geometry": {
        "type": "Point",
        "coordinates": [
          -83.3073839,
          34.6545406
        ]
      },
      "id": "node/358718395"
    },
    {
      "type": "Feature",
      "properties": {
        "@id": "node/358718470",
        "ele": "711",
        "gnis:feature_id": "333350",
        "name": "Wall Mountain",
        "natural": "peak",
        "wikidata": "Q31593948"
      },
      "geometry": {
        "type": "Point",
        "coordinates": [
          -83.2679344,
          34.8887022
        ]
      },
      "id": "node/358718470"
    },
    {
      "type": "Feature",
      "properties": {
        "@id": "node/358718490",
        "ele": "158",
        "gnis:feature_id": "333361",
        "name": "War Hill",
        "natural": "peak"
      },
      "geometry": {
        "type": "Point",
        "coordinates": [
          -82.882924,
          33.6920718
        ]
      },
      "id": "node/358718490"
    },
    {
      "type": "Feature",
      "properties": {
        "@id": "node/358718552",
        "ele": "33",
        "gnis:feature_id": "333420",
        "name": "Whites Mound",
        "natural": "peak"
      },
      "geometry": {
        "type": "Point",
        "coordinates": [
          -81.9023374,
          33.3068101
        ]
      },
      "id": "node/358718552"
    },
    {
      "type": "Feature",
      "properties": {
        "@id": "node/358718576",
        "ele": "1059",
        "gnis:feature_id": "333439",
        "name": "Wilson Knob",
        "natural": "peak",
        "wikidata": "Q31594462"
      },
      "geometry": {
        "type": "Point",
        "coordinates": [
          -83.3179338,
          34.943424
        ]
      },
      "id": "node/358718576"
    },
    {
      "type": "Feature",
      "properties": {
        "@id": "node/358718625",
        "ele": "398",
        "gnis:feature_id": "333480",
        "name": "Yellowback Mountain",
        "natural": "peak",
        "wikidata": "Q31594803"
      },
      "geometry": {
        "type": "Point",
        "coordinates": [
          -83.3132175,
          34.6528741
        ]
      },
      "id": "node/358718625"
    },
    {
      "type": "Feature",
      "properties": {
        "@id": "node/358721695",
        "ele": "86",
        "gnis:feature_id": "334866",
        "name": "Paramore Hill",
        "natural": "peak"
      },
      "geometry": {
        "type": "Point",
        "coordinates": [
          -81.9109469,
          32.7637752
        ]
      },
      "id": "node/358721695"
    },
    {
      "type": "Feature",
      "properties": {
        "@id": "node/358758121",
        "ele": "196",
        "gnis:feature_id": "348655",
        "name": "Cemetery Hill",
        "natural": "peak",
        "wikidata": "Q31580615"
      },
      "geometry": {
        "type": "Point",
        "coordinates": [
          -83.1812677,
          33.5815162
        ]
      },
      "id": "node/358758121"
    },
    {
      "type": "Feature",
      "properties": {
        "@id": "node/358770512",
        "ele": "1259",
        "gnis:feature_id": "355834",
        "name": "Flat Top",
        "natural": "peak",
        "wikidata": "Q5457808"
      },
      "geometry": {
        "type": "Point",
        "coordinates": [
          -83.3154335,
          34.9512016
        ]
      },
      "id": "node/358770512"
    },
    {
      "type": "Feature",
      "properties": {
        "@id": "node/358771907",
        "ele": "195",
        "gnis:feature_id": "356710",
        "name": "Coon Mountain",
        "natural": "peak"
      },
      "geometry": {
        "type": "Point",
        "coordinates": [
          -83.3151571,
          33.8401189
        ]
      },
      "id": "node/358771907"
    },
    {
      "type": "Feature",
      "properties": {
        "@id": "node/2722611093",
        "ele": "505",
        "natural": "peak"
      },
      "geometry": {
        "type": "Point",
        "coordinates": [
          -83.3219024,
          34.751592
        ]
      },
      "id": "node/2722611093"
    },
    {
      "type": "Feature",
      "properties": {
        "@id": "node/2722707724",
        "ele": "875",
        "name": "Big Mountain",
        "natural": "peak"
      },
      "geometry": {
        "type": "Point",
        "coordinates": [
          -83.1375392,
          34.9424109
        ]
      },
      "id": "node/2722707724"
    },
    {
      "type": "Feature",
      "properties": {
        "@id": "node/2722714828",
        "ele": "750",
        "name": "Norton Ridge",
        "natural": "peak"
      },
      "geometry": {
        "type": "Point",
        "coordinates": [
          -83.2143566,
          34.9390169
        ]
      },
      "id": "node/2722714828"
    },
    {
      "type": "Feature",
      "properties": {
        "@id": "node/4721779254",
        "ele": "148",
        "natural": "peak"
      },
      "geometry": {
        "type": "Point",
        "coordinates": [
          -83.2024888,
          33.1013722
        ]
      },
      "id": "node/4721779254"
    },
    {
      "type": "Feature",
      "properties": {
        "@id": "node/4721779255",
        "ele": "185",
        "natural": "peak"
      },
      "geometry": {
        "type": "Point",
        "coordinates": [
          -83.2833562,
          33.0611567
        ]
      },
      "id": "node/4721779255"
    },
    {
      "type": "Feature",
      "properties": {
        "@id": "node/4910187750",
        "ele": "140",
        "natural": "peak"
      },
      "geometry": {
        "type": "Point",
        "coordinates": [
          -83.2434747,
          33.1159998
        ]
      },
      "id": "node/4910187750"
    },
    {
      "type": "Feature",
      "properties": {
        "@id": "node/5742156422",
        "name": "Air Force Hill",
        "natural": "peak"
      },
      "geometry": {
        "type": "Point",
        "coordinates": [
          -78.9425636,
          33.6681658
        ]
      },
      "id": "node/5742156422"
    },
    {
      "type": "Feature",
      "properties": {
        "@id": "node/6303222527",
        "ele": "520",
        "name": "Kings Pinnacle",
        "natural": "peak",
        "wikidata": "Q1738886"
      },
      "geometry": {
        "type": "Point",
        "coordinates": [
          -81.3125734,
          35.2078121
        ]
      },
      "id": "node/6303222527"
    },
    {
      "type": "Feature",
      "properties": {
        "@id": "node/6310339879",
        "ele": "289",
        "name": "Kings Mountain",
        "natural": "peak"
      },
      "geometry": {
        "type": "Point",
        "coordinates": [
          -81.3834892,
          35.1406433
        ]
      },
      "id": "node/6310339879"
    },
    {
      "type": "Feature",
      "properties": {
        "@id": "node/6534444077",
        "ele": "195",
        "name": "Faulkner Mountain",
        "natural": "peak"
      },
      "geometry": {
        "type": "Point",
        "coordinates": [
          -81.9885322,
          33.9650666
        ]
      },
      "id": "node/6534444077"
    },
    {
      "type": "Feature",
      "properties": {
        "@id": "node/6535770684",
        "ele": "137",
        "name": "Mount Huckabee",
        "natural": "peak"
      },
      "geometry": {
        "type": "Point",
        "coordinates": [
          -81.241346,
          33.9035884
        ]
      },
      "id": "node/6535770684"
    },
    {
      "type": "Feature",
      "properties": {
        "@id": "node/6536087145",
        "ele": "173",
        "natural": "peak"
      },
      "geometry": {
        "type": "Point",
        "coordinates": [
          -81.9935795,
          33.9698122
        ]
      },
      "id": "node/6536087145"
    },
    {
      "type": "Feature",
      "properties": {
        "@id": "node/6536087146",
        "ele": "194",
        "name": "Trisha Mountain",
        "natural": "peak"
      },
      "geometry": {
        "type": "Point",
        "coordinates": [
          -81.9790788,
          33.9899359
        ]
      },
      "id": "node/6536087146"
    },
    {
      "type": "Feature",
      "properties": {
        "@id": "node/7880014646",
        "name": "California Ridge",
        "natural": "peak"
      },
      "geometry": {
        "type": "Point",
        "coordinates": [
          -83.2883361,
          35.1020084
        ]
      },
      "id": "node/7880014646"
    },
    {
      "type": "Feature",
      "properties": {
        "@id": "node/8304857358",
        "ele": "896",
        "name": "Big Rock",
        "natural": "peak"
      },
      "geometry": {
        "type": "Point",
        "coordinates": [
          -82.6352546,
          35.1726048
        ]
      },
      "id": "node/8304857358"
    },
    {
      "type": "Feature",
      "properties": {
        "@id": "node/10833541224",
        "ele": "793.5",
        "name": "Round Mountain",
        "natural": "peak"
      },
      "geometry": {
        "type": "Point",
        "coordinates": [
          -82.3088298,
          35.1651591
        ]
      },
      "id": "node/10833541224"
    },
    {
      "type": "Feature",
      "properties": {
        "@id": "node/11371549553",
        "gnis:feature_id": "2831009",
        "name": "Reverend Mountain",
        "natural": "peak"
      },
      "geometry": {
        "type": "Point",
        "coordinates": [
          -82.634783,
          34.968617
        ]
      },
      "id": "node/11371549553"
    },
    {
      "type": "Feature",
      "properties": {
        "@id": "node/11372313604",
        "gnis:feature_id": "1225706",
        "name": "Pruett Mountain",
        "natural": "peak",
        "wikidata": "Q31658966"
      },
      "geometry": {
        "type": "Point",
        "coordinates": [
          -82.4314059,
          35.1643823
        ]
      },
      "id": "node/11372313604"
    },
    {
      "type": "Feature",
      "properties": {
        "@id": "node/11373830376",
        "gnis:feature_id": "2807011",
        "name": "Mountain Page",
        "natural": "peak"
      },
      "geometry": {
        "type": "Point",
        "coordinates": [
          -82.364476,
          35.20937
        ]
      },
      "id": "node/11373830376"
    },
    {
      "type": "Feature",
      "properties": {
        "@id": "node/11373830386",
        "gnis:feature_id": "1015313",
        "name": "Scaly Mountain",
        "natural": "peak"
      },
      "geometry": {
        "type": "Point",
        "coordinates": [
          -83.2856482,
          35.0372052
        ]
      },
      "id": "node/11373830386"
    },
    {
      "type": "Feature",
      "properties": {
        "@id": "node/11373830389",
        "gnis:feature_id": "1011603",
        "name": "Granite City",
        "natural": "peak"
      },
      "geometry": {
        "type": "Point",
        "coordinates": [
          -83.1398713,
          35.0442571
        ]
      },
      "id": "node/11373830389"
    }
  ]
}