{
  "type": "FeatureCollection",
  "generator": "overpass-turbo",
  "copyright": "The data included in this document is from www.openstreetmap.org. The data is made available under ODbL.",
  "timestamp": "2026-06-28T01:05:00Z",
  "features": [
    {
      "type": "Feature",
      "properties": {
        "@id": "way/373888471",
        "climbing": "crag",
        "name": "Hideout",
        "natural": "cliff",
        "sport": "climbing",
        "@tainted": true
      },
      "geometry": {
        "type": "LineString",
        "coordinates": [
          [
            -83.6369858,
            37.7320276
          ],
          [
            -83.6366468,
            37.7314668
          ]
        ]
      },
      "id": "way/373888471"
    },
    {
      "type": "Feature",
      "properties": {
        "@id": "way/591290561",
        "climbing": "crag",
        "name": "Bruise Brothers",
        "natural": "cliff",
        "sport": "climbing",
        "@tainted": true
      },
      "geometry": {
        "type": "LineString",
        "coordinates": [
          [
            -83.6268259,
            37.7243009
          ],
          [
            -83.6263456,
            37.7245004
          ],
          [
            -83.6262072,
            37.7246801
          ],
          [
            -83.6258613,
            37.7248848
          ]
        ]
      },
      "id": "way/591290561"
    },
    {
      "type": "Feature",
      "properties": {
        "@id": "way/953770485",
        "name": "Camelot",
        "natural": "cliff",
        "sport": "climbing",
        "@tainted": true
      },
      "geometry": {
        "type": "LineString",
        "coordinates": [
          [
            -83.674976,
            37.6493849
          ],
          [
            -83.6740811,
            37.649558
          ]
        ]
      },
      "id": "way/953770485"
    },
    {
      "type": "Feature",
      "properties": {
        "@id": "way/96779474",
        "alt_name": "Devil's Marbleyard",
        "climbing:boulder": "yes",
        "climbing:deepwater": "no",
        "climbing:ice": "no",
        "climbing:sport": "no",
        "climbing:toprope": "yes",
        "climbing:trad": "yes",
        "ele": "649",
        "gnis:feature_id": "1482991",
        "name": "Devils Marbleyard",
        "natural": "scree",
        "sport": "climbing",
        "tourism": "attraction",
        "@geometry": "center"
      },
      "geometry": {
        "type": "Point",
        "coordinates": [
          -79.4718447,
          37.5810671
        ]
      },
      "id": "way/96779474"
    },
    {
      "type": "Feature",
      "properties": {
        "@id": "way/221668718",
        "climbing:boulder": "yes",
        "climbing:toprope": "yes",
        "leisure": "pitch",
        "lit": "yes",
        "name": "Climbing Wall",
        "outdoor": "yes",
        "place_number": "d107",
        "sport": "climbing",
        "@geometry": "center"
      },
      "geometry": {
        "type": "Point",
        "coordinates": [
          -76.9459078,
          38.994198
        ]
      },
      "id": "way/221668718"
    },
    {
      "type": "Feature",
      "properties": {
        "@id": "way/231659244",
        "name": "Low Climbing Wall",
        "sport": "climbing",
        "@geometry": "center"
      },
      "geometry": {
        "type": "Point",
        "coordinates": [
          -80.58067,
          36.9923387
        ]
      },
      "id": "way/231659244"
    },
    {
      "type": "Feature",
      "properties": {
        "@id": "way/240435800",
        "addr:city": "Charlottesville",
        "addr:housenumber": "2200",
        "addr:postcode": "22903",
        "addr:state": "VA",
        "addr:street": "Old Ivy Road",
        "building": "office",
        "leisure": "sports_centre",
        "name": "Rock Revolution",
        "sport": "climbing",
        "@geometry": "center"
      },
      "geometry": {
        "type": "Point",
        "coordinates": [
          -78.5157598,
          38.0454599
        ]
      },
      "id": "way/240435800"
    },
    {
      "type": "Feature",
      "properties": {
        "@id": "way/275859798",
        "climbing": "crag",
        "name": "Roadside Crag",
        "natural": "cliff",
        "sport": "climbing",
        "@geometry": "center"
      },
      "geometry": {
        "type": "Point",
        "coordinates": [
          -83.6565979,
          37.7323421
        ]
      },
      "id": "way/275859798"
    },
    {
      "type": "Feature",
      "properties": {
        "@id": "way/275859873",
        "climbing": "crag",
        "name": "Left Flank",
        "natural": "cliff",
        "sport": "climbing",
        "@geometry": "center"
      },
      "geometry": {
        "type": "Point",
        "coordinates": [
          -83.6637794,
          37.8173994
        ]
      },
      "id": "way/275859873"
    },
    {
      "type": "Feature",
      "properties": {
        "@id": "way/275859874",
        "climbing": "crag",
        "name": "Fortress Wall",
        "natural": "cliff",
        "sport": "climbing",
        "@geometry": "center"
      },
      "geometry": {
        "type": "Point",
        "coordinates": [
          -83.6472243,
          37.8375679
        ]
      },
      "id": "way/275859874"
    },
    {
      "type": "Feature",
      "properties": {
        "@id": "way/293752480",
        "climbing": "crag",
        "name": "Church Rocks",
        "natural": "cliff",
        "sport": "climbing",
        "@geometry": "center"
      },
      "geometry": {
        "type": "Point",
        "coordinates": [
          -83.6626241,
          37.7191665
        ]
      },
      "id": "way/293752480"
    },
    {
      "type": "Feature",
      "properties": {
        "@id": "way/364439098",
        "climbing": "crag",
        "name": "Raven Rock",
        "natural": "cliff",
        "sport": "climbing",
        "@geometry": "center"
      },
      "geometry": {
        "type": "Point",
        "coordinates": [
          -83.6666888,
          37.8363877
        ]
      },
      "id": "way/364439098"
    },
    {
      "type": "Feature",
      "properties": {
        "@id": "way/364439102",
        "climbing": "crag",
        "name": "Tunnel Wall",
        "natural": "cliff",
        "sport": "climbing",
        "@geometry": "center"
      },
      "geometry": {
        "type": "Point",
        "coordinates": [
          -83.6759056,
          37.8174375
        ]
      },
      "id": "way/364439102"
    },
    {
      "type": "Feature",
      "properties": {
        "@id": "way/364439327",
        "climbing": "crag",
        "name": "Military Wall",
        "natural": "cliff",
        "sport": "climbing",
        "@geometry": "center"
      },
      "geometry": {
        "type": "Point",
        "coordinates": [
          -83.670789,
          37.8153248
        ]
      },
      "id": "way/364439327"
    },
    {
      "type": "Feature",
      "properties": {
        "@id": "way/373795433",
        "climbing": "crag",
        "name": "Beer Trailer Crag",
        "natural": "cliff",
        "sport": "climbing",
        "@geometry": "center"
      },
      "geometry": {
        "type": "Point",
        "coordinates": [
          -83.6656402,
          37.7152776
        ]
      },
      "id": "way/373795433"
    },
    {
      "type": "Feature",
      "properties": {
        "@id": "way/373888468",
        "climbing": "crag",
        "name": "The Great Wall",
        "natural": "cliff",
        "sport": "climbing",
        "@geometry": "center"
      },
      "geometry": {
        "type": "Point",
        "coordinates": [
          -83.6372232,
          37.7330448
        ]
      },
      "id": "way/373888468"
    },
    {
      "type": "Feature",
      "properties": {
        "@id": "way/373888471",
        "climbing": "crag",
        "name": "Hideout",
        "natural": "cliff",
        "sport": "climbing",
        "@geometry": "center"
      },
      "geometry": {
        "type": "Point",
        "coordinates": [
          -83.6370438,
          37.7318935
        ]
      },
      "id": "way/373888471"
    },
    {
      "type": "Feature",
      "properties": {
        "@id": "way/373888472",
        "climbing": "crag",
        "name": "The Stadium",
        "natural": "cliff",
        "sport": "climbing",
        "@geometry": "center"
      },
      "geometry": {
        "type": "Point",
        "coordinates": [
          -83.6325069,
          37.7320299
        ]
      },
      "id": "way/373888472"
    },
    {
      "type": "Feature",
      "properties": {
        "@id": "way/373888474",
        "climbing": "crag",
        "name": "Indy Wall",
        "natural": "cliff",
        "sport": "climbing",
        "@geometry": "center"
      },
      "geometry": {
        "type": "Point",
        "coordinates": [
          -83.6352418,
          37.7304814
        ]
      },
      "id": "way/373888474"
    },
    {
      "type": "Feature",
      "properties": {
        "@id": "way/373888478",
        "climbing": "crag",
        "name": "Sunbeam Buttress",
        "natural": "cliff",
        "sport": "climbing",
        "@geometry": "center"
      },
      "geometry": {
        "type": "Point",
        "coordinates": [
          -83.6372538,
          37.735444
        ]
      },
      "id": "way/373888478"
    },
    {
      "type": "Feature",
      "properties": {
        "@id": "way/373888479",
        "climbing": "crag",
        "name": "Coyote Cliff",
        "natural": "cliff",
        "sport": "climbing",
        "@geometry": "center"
      },
      "geometry": {
        "type": "Point",
        "coordinates": [
          -83.6416886,
          37.7350433
        ]
      },
      "id": "way/373888479"
    },
    {
      "type": "Feature",
      "properties": {
        "@id": "way/374353659",
        "climbing": "crag",
        "name": "The Zoo",
        "natural": "cliff",
        "sport": "climbing",
        "@geometry": "center"
      },
      "geometry": {
        "type": "Point",
        "coordinates": [
          -83.6621033,
          37.7334632
        ]
      },
      "id": "way/374353659"
    },
    {
      "type": "Feature",
      "properties": {
        "@id": "way/377735310",
        "climbing": "crag",
        "name": "Coffin Ridge",
        "natural": "cliff",
        "sport": "climbing",
        "@geometry": "center"
      },
      "geometry": {
        "type": "Point",
        "coordinates": [
          -83.6502574,
          37.8529068
        ]
      },
      "id": "way/377735310"
    },
    {
      "type": "Feature",
      "properties": {
        "@id": "way/377736652",
        "climbing": "crag",
        "name": "Buzzard Ridge",
        "natural": "cliff",
        "sport": "climbing",
        "@geometry": "center"
      },
      "geometry": {
        "type": "Point",
        "coordinates": [
          -83.6530915,
          37.8490341
        ]
      },
      "id": "way/377736652"
    },
    {
      "type": "Feature",
      "properties": {
        "@id": "way/396518862",
        "addr:city": "Charlottesville",
        "addr:housenumber": "1729",
        "addr:postcode": "22903",
        "addr:state": "VA",
        "addr:street": "Allied Street",
        "building": "commercial",
        "leisure": "sports_centre",
        "name": "Rocky Top Climbing",
        "sport": "climbing",
        "website": "https://www.rockytopclimbing.com",
        "@geometry": "center"
      },
      "geometry": {
        "type": "Point",
        "coordinates": [
          -78.4784461,
          38.0412248
        ]
      },
      "id": "way/396518862"
    },
    {
      "type": "Feature",
      "properties": {
        "@id": "way/457599132",
        "building": "yes",
        "name": "Climbing Tower",
        "sport": "climbing",
        "@geometry": "center"
      },
      "geometry": {
        "type": "Point",
        "coordinates": [
          -78.553223,
          38.2688029
        ]
      },
      "id": "way/457599132"
    },
    {
      "type": "Feature",
      "properties": {
        "@id": "way/552017504",
        "building": "yes",
        "leisure": "sports_centre",
        "name": "Climbing Tower",
        "sport": "climbing",
        "@geometry": "center"
      },
      "geometry": {
        "type": "Point",
        "coordinates": [
          -75.7622274,
          38.5497213
        ]
      },
      "id": "way/552017504"
    },
    {
      "type": "Feature",
      "properties": {
        "@id": "way/591290561",
        "climbing": "crag",
        "name": "Bruise Brothers",
        "natural": "cliff",
        "sport": "climbing",
        "@geometry": "center"
      },
      "geometry": {
        "type": "Point",
        "coordinates": [
          -83.6263989,
          37.7245547
        ]
      },
      "id": "way/591290561"
    },
    {
      "type": "Feature",
      "properties": {
        "@id": "way/614961787",
        "leisure": "sports_centre",
        "name": "COPE Area",
        "sport": "climbing",
        "@geometry": "center"
      },
      "geometry": {
        "type": "Point",
        "coordinates": [
          -77.8655091,
          37.6774691
        ]
      },
      "id": "way/614961787"
    },
    {
      "type": "Feature",
      "properties": {
        "@id": "way/615564095",
        "access": "private",
        "building": "yes",
        "climbing:toprope": "yes",
        "man_made": "tower",
        "name": "Delta Climbing Tower",
        "outdoor": "yes",
        "sport": "climbing",
        "tower:construction": "wood",
        "tower:type": "climbing",
        "@geometry": "center"
      },
      "geometry": {
        "type": "Point",
        "coordinates": [
          -76.8827012,
          37.1956954
        ]
      },
      "id": "way/615564095"
    },
    {
      "type": "Feature",
      "properties": {
        "@id": "way/652151060",
        "climbing": "crag",
        "name": "Emerald City",
        "natural": "cliff",
        "sport": "climbing",
        "@geometry": "center"
      },
      "geometry": {
        "type": "Point",
        "coordinates": [
          -83.6627259,
          37.7520674
        ]
      },
      "id": "way/652151060"
    },
    {
      "type": "Feature",
      "properties": {
        "@id": "way/652151061",
        "climbing": "crag",
        "name": "Global Village",
        "natural": "cliff",
        "sport": "climbing",
        "@geometry": "center"
      },
      "geometry": {
        "type": "Point",
        "coordinates": [
          -83.6565808,
          37.7520716
        ]
      },
      "id": "way/652151061"
    },
    {
      "type": "Feature",
      "properties": {
        "@id": "way/652157347",
        "name": "Secret Garden",
        "natural": "cliff",
        "sport": "climbing",
        "@geometry": "center"
      },
      "geometry": {
        "type": "Point",
        "coordinates": [
          -83.6752527,
          37.6400398
        ]
      },
      "id": "way/652157347"
    },
    {
      "type": "Feature",
      "properties": {
        "@id": "way/652157348",
        "name": "Monastery",
        "natural": "cliff",
        "sport": "climbing",
        "@geometry": "center"
      },
      "geometry": {
        "type": "Point",
        "coordinates": [
          -83.6762176,
          37.6414386
        ]
      },
      "id": "way/652157348"
    },
    {
      "type": "Feature",
      "properties": {
        "@id": "way/652157354",
        "name": "Corner Pocket",
        "natural": "cliff",
        "sport": "climbing",
        "@geometry": "center"
      },
      "geometry": {
        "type": "Point",
        "coordinates": [
          -83.675308,
          37.644818
        ]
      },
      "id": "way/652157354"
    },
    {
      "type": "Feature",
      "properties": {
        "@id": "way/652159251",
        "climbing": "crag",
        "name": "Sunnyside",
        "natural": "cliff",
        "sport": "climbing",
        "@geometry": "center"
      },
      "geometry": {
        "type": "Point",
        "coordinates": [
          -83.6263042,
          37.7226669
        ]
      },
      "id": "way/652159251"
    },
    {
      "type": "Feature",
      "properties": {
        "@id": "way/652159254",
        "climbing": "crag",
        "name": "Practice Wall",
        "natural": "cliff",
        "sport": "climbing",
        "@geometry": "center"
      },
      "geometry": {
        "type": "Point",
        "coordinates": [
          -83.6280722,
          37.7275463
        ]
      },
      "id": "way/652159254"
    },
    {
      "type": "Feature",
      "properties": {
        "@id": "way/652159257",
        "climbing": "crag",
        "name": "Washboard Wall",
        "natural": "cliff",
        "sport": "climbing",
        "@geometry": "center"
      },
      "geometry": {
        "type": "Point",
        "coordinates": [
          -83.6293335,
          37.7267956
        ]
      },
      "id": "way/652159257"
    },
    {
      "type": "Feature",
      "properties": {
        "@id": "way/652159261",
        "climbing": "crag",
        "name": "Tectonic Wall",
        "natural": "cliff",
        "sport": "climbing",
        "@geometry": "center"
      },
      "geometry": {
        "type": "Point",
        "coordinates": [
          -83.6320095,
          37.730224
        ]
      },
      "id": "way/652159261"
    },
    {
      "type": "Feature",
      "properties": {
        "@id": "way/652159265",
        "climbing": "crag",
        "name": "Johny's Wall",
        "natural": "cliff",
        "sport": "climbing",
        "@geometry": "center"
      },
      "geometry": {
        "type": "Point",
        "coordinates": [
          -83.6325452,
          37.729624
        ]
      },
      "id": "way/652159265"
    },
    {
      "type": "Feature",
      "properties": {
        "@id": "way/652159268",
        "climbing": "crag",
        "name": "Inner Sanctum",
        "natural": "cliff",
        "sport": "climbing",
        "@geometry": "center"
      },
      "geometry": {
        "type": "Point",
        "coordinates": [
          -83.63359,
          37.7320051
        ]
      },
      "id": "way/652159268"
    },
    {
      "type": "Feature",
      "properties": {
        "@id": "way/652159275",
        "climbing": "crag",
        "name": "The Sanctuary",
        "natural": "cliff",
        "sport": "climbing",
        "@geometry": "center"
      },
      "geometry": {
        "type": "Point",
        "coordinates": [
          -83.6340613,
          37.7309001
        ]
      },
      "id": "way/652159275"
    },
    {
      "type": "Feature",
      "properties": {
        "@id": "way/652159282",
        "climbing": "crag",
        "name": "The Great Arch",
        "natural": "cliff",
        "sport": "climbing",
        "@geometry": "center"
      },
      "geometry": {
        "type": "Point",
        "coordinates": [
          -83.6385451,
          37.7344337
        ]
      },
      "id": "way/652159282"
    },
    {
      "type": "Feature",
      "properties": {
        "@id": "way/652159286",
        "climbing": "crag",
        "name": "Solarium",
        "natural": "cliff",
        "sport": "climbing",
        "@geometry": "center"
      },
      "geometry": {
        "type": "Point",
        "coordinates": [
          -83.6390442,
          37.7334187
        ]
      },
      "id": "way/652159286"
    },
    {
      "type": "Feature",
      "properties": {
        "@id": "way/652159289",
        "climbing": "crag",
        "name": "The Arsenal",
        "natural": "cliff",
        "sport": "climbing",
        "@geometry": "center"
      },
      "geometry": {
        "type": "Point",
        "coordinates": [
          -83.6399727,
          37.733255
        ]
      },
      "id": "way/652159289"
    },
    {
      "type": "Feature",
      "properties": {
        "@id": "way/652159291",
        "climbing": "crag",
        "name": "Slab City",
        "natural": "cliff",
        "sport": "climbing",
        "@geometry": "center"
      },
      "geometry": {
        "type": "Point",
        "coordinates": [
          -83.641178,
          37.7338471
        ]
      },
      "id": "way/652159291"
    },
    {
      "type": "Feature",
      "properties": {
        "@id": "way/652159298",
        "climbing": "crag",
        "name": "The Boneyard",
        "natural": "cliff",
        "sport": "climbing",
        "@geometry": "center"
      },
      "geometry": {
        "type": "Point",
        "coordinates": [
          -83.6400422,
          37.7317085
        ]
      },
      "id": "way/652159298"
    },
    {
      "type": "Feature",
      "properties": {
        "@id": "way/652159302",
        "climbing": "crag",
        "name": "Animal Crackers Wall",
        "natural": "cliff",
        "sport": "climbing",
        "@geometry": "center"
      },
      "geometry": {
        "type": "Point",
        "coordinates": [
          -83.6395391,
          37.7309781
        ]
      },
      "id": "way/652159302"
    },
    {
      "type": "Feature",
      "properties": {
        "@id": "way/652159304",
        "climbing": "crag",
        "name": "Bibliothek",
        "natural": "cliff",
        "sport": "climbing",
        "@geometry": "center"
      },
      "geometry": {
        "type": "Point",
        "coordinates": [
          -83.6406494,
          37.7302847
        ]
      },
      "id": "way/652159304"
    },
    {
      "type": "Feature",
      "properties": {
        "@id": "way/652159306",
        "climbing": "crag",
        "name": "Persepolis",
        "natural": "cliff",
        "sport": "climbing",
        "@geometry": "center"
      },
      "geometry": {
        "type": "Point",
        "coordinates": [
          -83.6404658,
          37.7292752
        ]
      },
      "id": "way/652159306"
    },
    {
      "type": "Feature",
      "properties": {
        "@id": "way/652162144",
        "climbing": "crag",
        "natural": "cliff",
        "sport": "climbing",
        "@geometry": "center"
      },
      "geometry": {
        "type": "Point",
        "coordinates": [
          -83.6446208,
          37.841062
        ]
      },
      "id": "way/652162144"
    },
    {
      "type": "Feature",
      "properties": {
        "@id": "way/652162148",
        "climbing": "crag",
        "name": "Long Wall",
        "natural": "cliff",
        "sport": "climbing",
        "@geometry": "center"
      },
      "geometry": {
        "type": "Point",
        "coordinates": [
          -83.667282,
          37.8475008
        ]
      },
      "id": "way/652162148"
    },
    {
      "type": "Feature",
      "properties": {
        "@id": "way/652162152",
        "climbing": "crag",
        "name": "Tarr Ridge",
        "natural": "cliff",
        "sport": "climbing",
        "@geometry": "center"
      },
      "geometry": {
        "type": "Point",
        "coordinates": [
          -83.6574021,
          37.8398903
        ]
      },
      "id": "way/652162152"
    },
    {
      "type": "Feature",
      "properties": {
        "@id": "way/652162154",
        "climbing": "crag",
        "name": "The Dome",
        "natural": "cliff",
        "sport": "climbing",
        "@geometry": "center"
      },
      "geometry": {
        "type": "Point",
        "coordinates": [
          -83.6557672,
          37.8443603
        ]
      },
      "id": "way/652162154"
    },
    {
      "type": "Feature",
      "properties": {
        "@id": "way/652162157",
        "climbing": "crag",
        "name": "Eastern Sky Bridge",
        "natural": "cliff",
        "sport": "climbing",
        "@geometry": "center"
      },
      "geometry": {
        "type": "Point",
        "coordinates": [
          -83.5808444,
          37.8161636
        ]
      },
      "id": "way/652162157"
    },
    {
      "type": "Feature",
      "properties": {
        "@id": "way/652162158",
        "climbing": "crag",
        "name": "Funk Rock City",
        "natural": "cliff",
        "sport": "climbing",
        "@geometry": "center"
      },
      "geometry": {
        "type": "Point",
        "coordinates": [
          -83.5754672,
          37.803374
        ]
      },
      "id": "way/652162158"
    },
    {
      "type": "Feature",
      "properties": {
        "@id": "way/718148129",
        "access": "private",
        "addr:city": "Midlothian",
        "addr:housenumber": "11421",
        "addr:postcode": "23113",
        "addr:state": "VA",
        "addr:street": "Polo Circle",
        "building": "yes",
        "check_date": "2025-11-28",
        "contact:email": "info@peakexperiences.com",
        "contact:facebook": "https://www.facebook.com/PeakExperiencesRockClimbing/",
        "contact:instagram": "https://www.instagram.com/peakexperiences/",
        "contact:website": "https://www.peakexperiences.com/",
        "fee": "yes",
        "leisure": "sports_centre",
        "loc_name": "Peak Midlo",
        "membership": "yes",
        "name": "Peak Experiences Midlothian",
        "opening_hours": "Mo-Fr 09:00-21:00; Sa-Su 10:00-20:00",
        "operator": "Peak Experiences Climbing Centers Inc.",
        "operator:type": "private",
        "sport": "climbing",
        "website:waiver": "https://climber.hellocapitan.com/peakexperiences/documents/fill/list/kiosk/",
        "wheelchair": "no",
        "@geometry": "center"
      },
      "geometry": {
        "type": "Point",
        "coordinates": [
          -77.6097913,
          37.5261052
        ]
      },
      "id": "way/718148129"
    },
    {
      "type": "Feature",
      "properties": {
        "@id": "way/753169843",
        "leisure": "sports_centre",
        "name": "Challenge Course",
        "sport": "climbing",
        "@geometry": "center"
      },
      "geometry": {
        "type": "Point",
        "coordinates": [
          -83.4326291,
          38.1909669
        ]
      },
      "id": "way/753169843"
    },
    {
      "type": "Feature",
      "properties": {
        "@id": "way/799165133",
        "climbing": "crag",
        "name": "The Coliseum",
        "natural": "cliff",
        "sport": "climbing",
        "@geometry": "center"
      },
      "geometry": {
        "type": "Point",
        "coordinates": [
          -80.8458453,
          38.2415386
        ]
      },
      "id": "way/799165133"
    },
    {
      "type": "Feature",
      "properties": {
        "@id": "way/799165134",
        "climbing": "crag",
        "name": "Gun Wall",
        "natural": "cliff",
        "sport": "climbing",
        "@geometry": "center"
      },
      "geometry": {
        "type": "Point",
        "coordinates": [
          -80.8450325,
          38.2420199
        ]
      },
      "id": "way/799165134"
    },
    {
      "type": "Feature",
      "properties": {
        "@id": "way/799165135",
        "climbing": "crag",
        "name": "D.C. Memorial Boulder",
        "natural": "cliff",
        "sport": "climbing",
        "@geometry": "center"
      },
      "geometry": {
        "type": "Point",
        "coordinates": [
          -80.8443285,
          38.2417155
        ]
      },
      "id": "way/799165135"
    },
    {
      "type": "Feature",
      "properties": {
        "@id": "way/799165136",
        "climbing": "crag",
        "name": "Long Wall",
        "natural": "cliff",
        "sport": "climbing",
        "@geometry": "center"
      },
      "geometry": {
        "type": "Point",
        "coordinates": [
          -80.8437116,
          38.2414037
        ]
      },
      "id": "way/799165136"
    },
    {
      "type": "Feature",
      "properties": {
        "@id": "way/800130577",
        "climbing": "crag",
        "name": "Satisfaction Wall",
        "natural": "cliff",
        "sport": "climbing",
        "@geometry": "center"
      },
      "geometry": {
        "type": "Point",
        "coordinates": [
          -80.8422766,
          38.2416902
        ]
      },
      "id": "way/800130577"
    },
    {
      "type": "Feature",
      "properties": {
        "@id": "way/800130579",
        "climbing": "crag",
        "name": "Narcissus Cave",
        "natural": "cliff",
        "sport": "climbing",
        "@geometry": "center"
      },
      "geometry": {
        "type": "Point",
        "coordinates": [
          -80.840568,
          38.2420294
        ]
      },
      "id": "way/800130579"
    },
    {
      "type": "Feature",
      "properties": {
        "@id": "way/800130582",
        "climbing": "crag",
        "name": "Orange Oswald Wall",
        "natural": "cliff",
        "sport": "climbing",
        "@geometry": "center"
      },
      "geometry": {
        "type": "Point",
        "coordinates": [
          -80.8394415,
          38.2422506
        ]
      },
      "id": "way/800130582"
    },
    {
      "type": "Feature",
      "properties": {
        "@id": "way/800130583",
        "climbing": "crag",
        "name": "Circus Wall",
        "natural": "cliff",
        "sport": "climbing",
        "@geometry": "center"
      },
      "geometry": {
        "type": "Point",
        "coordinates": [
          -80.8370194,
          38.2428467
        ]
      },
      "id": "way/800130583"
    },
    {
      "type": "Feature",
      "properties": {
        "@id": "way/834077572",
        "building": "yes",
        "height": "15",
        "leisure": "sports_centre",
        "name": "Boulder Cove",
        "sport": "climbing",
        "@geometry": "center"
      },
      "geometry": {
        "type": "Point",
        "coordinates": [
          -81.1331361,
          37.9139208
        ]
      },
      "id": "way/834077572"
    },
    {
      "type": "Feature",
      "properties": {
        "@id": "way/898016439",
        "leisure": "sports_centre",
        "name": "The Rocks",
        "sport": "climbing",
        "@geometry": "center"
      },
      "geometry": {
        "type": "Point",
        "coordinates": [
          -81.1201533,
          37.9047385
        ]
      },
      "id": "way/898016439"
    },
    {
      "type": "Feature",
      "properties": {
        "@id": "way/953770485",
        "name": "Camelot",
        "natural": "cliff",
        "sport": "climbing",
        "@geometry": "center"
      },
      "geometry": {
        "type": "Point",
        "coordinates": [
          -83.6744212,
          37.6493816
        ]
      },
      "id": "way/953770485"
    },
    {
      "type": "Feature",
      "properties": {
        "@id": "way/953779965",
        "name": "Mermaid Wall",
        "natural": "cliff",
        "sport": "climbing",
        "@geometry": "center"
      },
      "geometry": {
        "type": "Point",
        "coordinates": [
          -83.6749547,
          37.6513633
        ]
      },
      "id": "way/953779965"
    },
    {
      "type": "Feature",
      "properties": {
        "@id": "way/982103952",
        "climbing": "crag",
        "natural": "cliff",
        "sport": "climbing",
        "@geometry": "center"
      },
      "geometry": {
        "type": "Point",
        "coordinates": [
          -83.6363195,
          37.7310313
        ]
      },
      "id": "way/982103952"
    },
    {
      "type": "Feature",
      "properties": {
        "@id": "way/1075911778",
        "building": "yes",
        "fee": "yes",
        "leisure": "sports_centre",
        "name": "Energy Rock Climbing Gym",
        "sport": "climbing",
        "@geometry": "center"
      },
      "geometry": {
        "type": "Point",
        "coordinates": [
          -81.6173416,
          38.3848326
        ]
      },
      "id": "way/1075911778"
    },
    {
      "type": "Feature",
      "properties": {
        "@id": "way/1160199063",
        "building": "yes",
        "leisure": "sports_centre",
        "name": "C.O.P.E. Tower",
        "sport": "climbing",
        "@geometry": "center"
      },
      "geometry": {
        "type": "Point",
        "coordinates": [
          -80.6628052,
          36.9611237
        ]
      },
      "id": "way/1160199063"
    },
    {
      "type": "Feature",
      "properties": {
        "@id": "node/1230207589",
        "addr:city": "Rockville",
        "addr:housenumber": "725",
        "addr:postcode": "20852",
        "addr:state": "MD",
        "addr:street": "Rockville Pike",
        "leisure": "sports_centre",
        "name": "Movement Rockville",
        "old_name": "Earth Treks Rockville",
        "opening_hours": "Mo-Fr 06:00-23:00; Sa 08:00-20:00; Su 08:00-18:00",
        "phone": "+1-240-283-9942",
        "sport": "climbing",
        "website": "https://movementgyms.com/rockville/"
      },
      "geometry": {
        "type": "Point",
        "coordinates": [
          -77.1434286,
          39.0786375
        ]
      },
      "id": "node/1230207589"
    },
    {
      "type": "Feature",
      "properties": {
        "@id": "way/1284526704",
        "name": "Friction Wall",
        "natural": "cliff",
        "sport": "climbing",
        "website": "https://www.mountainproject.com/area/106499477/friction-wall",
        "@geometry": "center"
      },
      "geometry": {
        "type": "Point",
        "coordinates": [
          -76.7916499,
          39.2642972
        ]
      },
      "id": "way/1284526704"
    },
    {
      "type": "Feature",
      "properties": {
        "@id": "way/1308298888",
        "climbing": "crag",
        "climbing:boulder": "no",
        "fee": "no",
        "name": "Woody’s Wall",
        "natural": "cliff",
        "rock": "Corbin Sandstone",
        "sport": "climbing",
        "@geometry": "center"
      },
      "geometry": {
        "type": "Point",
        "coordinates": [
          -83.5656075,
          37.8219704
        ]
      },
      "id": "way/1308298888"
    },
    {
      "type": "Feature",
      "properties": {
        "@id": "way/1318153493",
        "climbing": "crag",
        "natural": "cliff",
        "sport": "climbing",
        "@geometry": "center"
      },
      "geometry": {
        "type": "Point",
        "coordinates": [
          -83.6608677,
          37.7217341
        ]
      },
      "id": "way/1318153493"
    },
    {
      "type": "Feature",
      "properties": {
        "@id": "way/1341148984",
        "climbing": "crag",
        "name": "Ash Branch",
        "natural": "cliff",
        "sport": "climbing",
        "@geometry": "center"
      },
      "geometry": {
        "type": "Point",
        "coordinates": [
          -83.6299018,
          37.7180238
        ]
      },
      "id": "way/1341148984"
    },
    {
      "type": "Feature",
      "properties": {
        "@id": "way/1426071044",
        "building": "yes",
        "leisure": "sports_centre",
        "name": "Thomas Vitagliano Memorial Climbing Tower",
        "sport": "climbing",
        "tower:type": "climbing",
        "@geometry": "center"
      },
      "geometry": {
        "type": "Point",
        "coordinates": [
          -79.4014861,
          36.8380887
        ]
      },
      "id": "way/1426071044"
    },
    {
      "type": "Feature",
      "properties": {
        "@id": "way/1513090742",
        "climbing": "crag",
        "name": "Phantasia Wall",
        "natural": "cliff",
        "sport": "climbing",
        "@geometry": "center"
      },
      "geometry": {
        "type": "Point",
        "coordinates": [
          -83.6432535,
          37.8444641
        ]
      },
      "id": "way/1513090742"
    },
    {
      "type": "Feature",
      "properties": {
        "@id": "node/3773189718",
        "climbing": "route_bottom",
        "climbing:grade:yds_class": "5.10a",
        "climbing:sport": "yes",
        "name": "Moots Madness",
        "sport": "climbing"
      },
      "geometry": {
        "type": "Point",
        "coordinates": [
          -83.6369858,
          37.7320276
        ]
      },
      "id": "node/3773189718"
    },
    {
      "type": "Feature",
      "properties": {
        "@id": "node/3773189752",
        "climbing": "route_bottom",
        "climbing:grade:yds_class": "5.8",
        "climbing:sport": "yes",
        "name": "Face Up to That Arete",
        "sport": "climbing"
      },
      "geometry": {
        "type": "Point",
        "coordinates": [
          -83.6351226,
          37.7304332
        ]
      },
      "id": "node/3773189752"
    },
    {
      "type": "Feature",
      "properties": {
        "@id": "node/3811103454",
        "leisure": "sports_centre",
        "man_made": "tower",
        "name": "Alpine Climbing Tower",
        "sport": "climbing",
        "tower:type": "climbing"
      },
      "geometry": {
        "type": "Point",
        "coordinates": [
          -76.189863,
          36.870424
        ]
      },
      "id": "node/3811103454"
    },
    {
      "type": "Feature",
      "properties": {
        "@id": "node/4917399192",
        "name": "Big Pinnacle",
        "natural": "rock",
        "sport": "climbing",
        "tourism": "attraction"
      },
      "geometry": {
        "type": "Point",
        "coordinates": [
          -81.5095787,
          36.6300388
        ]
      },
      "id": "node/4917399192"
    },
    {
      "type": "Feature",
      "properties": {
        "@id": "node/5910435788",
        "addr:city": "Alexandria",
        "addr:housenumber": "5308",
        "addr:postcode": "22304",
        "addr:street": "Eisenhower Avenue",
        "contact:facebook": "https://www.facebook.com/srclimbing",
        "contact:instagram": "https://instagram.com/sportrock",
        "leisure": "sports_centre",
        "name": "Sportrock",
        "opening_hours": "Mo-Fr 06:00-23:00; Sa 10:00-21:00; Su 11:00-21:00",
        "phone": "+1-703-212-7625",
        "sport": "climbing",
        "website": "https://sportrock.com/",
        "wikidata": "Q75555969"
      },
      "geometry": {
        "type": "Point",
        "coordinates": [
          -77.126143,
          38.801127
        ]
      },
      "id": "node/5910435788"
    },
    {
      "type": "Feature",
      "properties": {
        "@id": "node/6558906165",
        "leisure": "sports_centre",
        "sport": "climbing"
      },
      "geometry": {
        "type": "Point",
        "coordinates": [
          -82.3035293,
          38.3974455
        ]
      },
      "id": "node/6558906165"
    },
    {
      "type": "Feature",
      "properties": {
        "@id": "node/6574936035",
        "leisure": "sports_centre",
        "sport": "climbing"
      },
      "geometry": {
        "type": "Point",
        "coordinates": [
          -76.5148254,
          39.2653658
        ]
      },
      "id": "node/6574936035"
    },
    {
      "type": "Feature",
      "properties": {
        "@id": "node/7131422160",
        "leisure": "sports_centre",
        "name": "Rockwall",
        "sport": "climbing"
      },
      "geometry": {
        "type": "Point",
        "coordinates": [
          -76.5086526,
          39.2931176
        ]
      },
      "id": "node/7131422160"
    },
    {
      "type": "Feature",
      "properties": {
        "@id": "node/7312858786",
        "climbing": "route_bottom",
        "climbing:grade:uiaa": "6-",
        "climbing:length": "18.29",
        "name": "Logic and Proportion",
        "sport": "climbing"
      },
      "geometry": {
        "type": "Point",
        "coordinates": [
          -83.6525815,
          37.8916837
        ]
      },
      "id": "node/7312858786"
    },
    {
      "type": "Feature",
      "properties": {
        "@id": "node/7312858787",
        "climbing": "route_bottom",
        "climbing:grade:uiaa": "7+",
        "climbing:length": "18.29",
        "name": "Griptospuridiam",
        "sport": "climbing"
      },
      "geometry": {
        "type": "Point",
        "coordinates": [
          -83.6525028,
          37.8917594
        ]
      },
      "id": "node/7312858787"
    },
    {
      "type": "Feature",
      "properties": {
        "@id": "node/7312858790",
        "climbing": "route_bottom",
        "climbing:grade:uiaa": "5-",
        "climbing:length": "12.19",
        "name": "Unknown",
        "sport": "climbing"
      },
      "geometry": {
        "type": "Point",
        "coordinates": [
          -83.6528311,
          37.8914131
        ]
      },
      "id": "node/7312858790"
    },
    {
      "type": "Feature",
      "properties": {
        "@id": "node/7312858791",
        "climbing": "route_bottom",
        "climbing:grade:uiaa": "4-",
        "climbing:length": "10.67",
        "name": "The Grinch",
        "sport": "climbing"
      },
      "geometry": {
        "type": "Point",
        "coordinates": [
          -83.6526975,
          37.8915449
        ]
      },
      "id": "node/7312858791"
    },
    {
      "type": "Feature",
      "properties": {
        "@id": "node/7312858794",
        "climbing": "route_bottom",
        "climbing:grade:uiaa": "5+",
        "climbing:length": "12.19",
        "name": "Cindy Lou's Left Tube",
        "sport": "climbing"
      },
      "geometry": {
        "type": "Point",
        "coordinates": [
          -83.652285,
          37.8919276
        ]
      },
      "id": "node/7312858794"
    },
    {
      "type": "Feature",
      "properties": {
        "@id": "node/7312858807",
        "climbing": "crag",
        "climbing:grade:uiaa:max": "8",
        "climbing:grade:uiaa:min": "3",
        "climbing:length:max": "30.48",
        "climbing:length:min": "9.14",
        "climbing:routes": "27",
        "climbing:trad": "yes",
        "name": "Dip Wall",
        "sport": "climbing"
      },
      "geometry": {
        "type": "Point",
        "coordinates": [
          -83.6525278,
          37.8927072
        ]
      },
      "id": "node/7312858807"
    },
    {
      "type": "Feature",
      "properties": {
        "@id": "node/7312858808",
        "climbing": "route_bottom",
        "climbing:grade:uiaa": "5",
        "climbing:length": "12.19",
        "name": "Star-bellied Sneeches",
        "sport": "climbing"
      },
      "geometry": {
        "type": "Point",
        "coordinates": [
          -83.6519775,
          37.8923202
        ]
      },
      "id": "node/7312858808"
    },
    {
      "type": "Feature",
      "properties": {
        "@id": "node/7312858809",
        "climbing": "route_bottom",
        "climbing:grade:uiaa": "4+",
        "climbing:length": "16.76",
        "climbing:trad": "yes",
        "name": "I Do Not Like Them in the Rain",
        "sport": "climbing"
      },
      "geometry": {
        "type": "Point",
        "coordinates": [
          -83.6518395,
          37.8923774
        ]
      },
      "id": "node/7312858809"
    },
    {
      "type": "Feature",
      "properties": {
        "@id": "node/7312858810",
        "climbing": "route_bottom",
        "climbing:grade:uiaa": "5+",
        "climbing:length": "18.29",
        "climbing:trad": "yes",
        "name": "Orange Crush",
        "sport": "climbing"
      },
      "geometry": {
        "type": "Point",
        "coordinates": [
          -83.6517723,
          37.8924054
        ]
      },
      "id": "node/7312858810"
    },
    {
      "type": "Feature",
      "properties": {
        "@id": "node/7312858811",
        "climbing": "route_bottom",
        "climbing:grade:uiaa": "6+",
        "climbing:length": "30.48",
        "climbing:trad": "yes",
        "name": "Hop on Pop",
        "sport": "climbing"
      },
      "geometry": {
        "type": "Point",
        "coordinates": [
          -83.6516902,
          37.8924181
        ]
      },
      "id": "node/7312858811"
    },
    {
      "type": "Feature",
      "properties": {
        "@id": "node/7312858812",
        "climbing": "route_bottom",
        "climbing:grade:uiaa": "5",
        "climbing:length": "21.34",
        "climbing:trad": "yes",
        "name": "Thing 2",
        "sport": "climbing"
      },
      "geometry": {
        "type": "Point",
        "coordinates": [
          -83.6516495,
          37.8924378
        ]
      },
      "id": "node/7312858812"
    },
    {
      "type": "Feature",
      "properties": {
        "@id": "node/7312858813",
        "climbing": "route_bottom",
        "climbing:grade:uiaa": "5+",
        "climbing:length": "24.38",
        "climbing:trad": "yes",
        "name": "The Lorax Tree",
        "sport": "climbing"
      },
      "geometry": {
        "type": "Point",
        "coordinates": [
          -83.6516019,
          37.892488
        ]
      },
      "id": "node/7312858813"
    },
    {
      "type": "Feature",
      "properties": {
        "@id": "node/7312858814",
        "climbing": "route_bottom",
        "climbing:grade:uiaa": "5",
        "climbing:trad": "yes",
        "name": "Cat in the Hat",
        "sport": "climbing"
      },
      "geometry": {
        "type": "Point",
        "coordinates": [
          -83.6515723,
          37.8925378
        ]
      },
      "id": "node/7312858814"
    },
    {
      "type": "Feature",
      "properties": {
        "@id": "node/7312858815",
        "climbing": "route_bottom",
        "climbing:grade:uiaa": "5",
        "climbing:trad": "yes",
        "name": "Too Many Daves",
        "sport": "climbing"
      },
      "geometry": {
        "type": "Point",
        "coordinates": [
          -83.6514671,
          37.8926041
        ]
      },
      "id": "node/7312858815"
    },
    {
      "type": "Feature",
      "properties": {
        "@id": "node/7312858816",
        "climbing": "route_bottom",
        "climbing:grade:uiaa": "5",
        "climbing:length": "21.34",
        "climbing:trad": "yes",
        "name": "Oh, The Places You'll Go",
        "sport": "climbing"
      },
      "geometry": {
        "type": "Point",
        "coordinates": [
          -83.6514224,
          37.8926067
        ]
      },
      "id": "node/7312858816"
    },
    {
      "type": "Feature",
      "properties": {
        "@id": "node/7312858889",
        "climbing": "route_bottom",
        "climbing:grade:uiaa": "3",
        "climbing:length": "12.19",
        "name": "Seuss Seuss Sudio",
        "sport": "climbing"
      },
      "geometry": {
        "type": "Point",
        "coordinates": [
          -83.6522233,
          37.8920011
        ]
      },
      "id": "node/7312858889"
    },
    {
      "type": "Feature",
      "properties": {
        "@id": "node/7312858893",
        "climbing": "route_bottom",
        "climbing:grade:uiaa": "7-",
        "climbing:length": "18.29",
        "name": "Sam I Am",
        "sport": "climbing"
      },
      "geometry": {
        "type": "Point",
        "coordinates": [
          -83.6526337,
          37.8916226
        ]
      },
      "id": "node/7312858893"
    },
    {
      "type": "Feature",
      "properties": {
        "@id": "node/7312858895",
        "climbing": "route_bottom",
        "climbing:grade:uiaa": "8",
        "climbing:length": "10.67",
        "name": "Winkin, Blinkin and Nod",
        "sport": "climbing"
      },
      "geometry": {
        "type": "Point",
        "coordinates": [
          -83.6523551,
          37.8918834
        ]
      },
      "id": "node/7312858895"
    },
    {
      "type": "Feature",
      "properties": {
        "@id": "node/7312862386",
        "climbing": "route_bottom",
        "climbing:grade:uiaa": "4+",
        "climbing:length": "10.67",
        "name": "Whoville",
        "sport": "climbing"
      },
      "geometry": {
        "type": "Point",
        "coordinates": [
          -83.6527237,
          37.8915047
        ]
      },
      "id": "node/7312862386"
    },
    {
      "type": "Feature",
      "properties": {
        "@id": "node/7312866587",
        "climbing": "route_bottom",
        "climbing:grade:uiaa": "6-",
        "climbing:length": "18.29",
        "name": "Chicken Head Better Than No Head",
        "sport": "climbing"
      },
      "geometry": {
        "type": "Point",
        "coordinates": [
          -83.652432,
          37.8918318
        ]
      },
      "id": "node/7312866587"
    },
    {
      "type": "Feature",
      "properties": {
        "@id": "node/7312866590",
        "climbing": "route_bottom",
        "climbing:grade:uiaa": "5-",
        "climbing:length": "12.19",
        "climbing:trad": "yes",
        "name": "Seuss is Dead",
        "sport": "climbing"
      },
      "geometry": {
        "type": "Point",
        "coordinates": [
          -83.6528911,
          37.8913444
        ]
      },
      "id": "node/7312866590"
    },
    {
      "type": "Feature",
      "properties": {
        "@id": "node/7312866594",
        "climbing": "route_bottom",
        "climbing:grade:uiaa": "5",
        "climbing:length": "12.19",
        "name": "Purple Cleaning Company",
        "sport": "climbing"
      },
      "geometry": {
        "type": "Point",
        "coordinates": [
          -83.6521712,
          37.8920764
        ]
      },
      "id": "node/7312866594"
    },
    {
      "type": "Feature",
      "properties": {
        "@id": "node/7312866595",
        "climbing": "route_bottom",
        "climbing:grade:uiaa": "5-",
        "climbing:length": "9.14",
        "climbing:trad": "yes",
        "name": "Ham",
        "sport": "climbing"
      },
      "geometry": {
        "type": "Point",
        "coordinates": [
          -83.6520684,
          37.8922138
        ]
      },
      "id": "node/7312866595"
    },
    {
      "type": "Feature",
      "properties": {
        "@id": "node/7312872985",
        "climbing": "route_bottom",
        "climbing:grade:uiaa": "5-",
        "climbing:length": "9.14",
        "climbing:trad": "yes",
        "name": "Green Eggs",
        "sport": "climbing"
      },
      "geometry": {
        "type": "Point",
        "coordinates": [
          -83.652093,
          37.8921411
        ]
      },
      "id": "node/7312872985"
    },
    {
      "type": "Feature",
      "properties": {
        "@id": "node/7312872986",
        "climbing": "route_bottom",
        "climbing:grade:uiaa": "5+",
        "climbing:length": "12.19",
        "name": "Fox in Locks",
        "sport": "climbing"
      },
      "geometry": {
        "type": "Point",
        "coordinates": [
          -83.6520161,
          37.892269
        ]
      },
      "id": "node/7312872986"
    },
    {
      "type": "Feature",
      "properties": {
        "@id": "node/7312873085",
        "climbing": "route_bottom",
        "climbing:grade:uiaa": "5-",
        "climbing:length": "13.72",
        "climbing:trad": "yes",
        "name": "God Save the Queen",
        "sport": "climbing"
      },
      "geometry": {
        "type": "Point",
        "coordinates": [
          -83.651921,
          37.8923521
        ]
      },
      "id": "node/7312873085"
    },
    {
      "type": "Feature",
      "properties": {
        "@id": "node/7312873185",
        "climbing": "route_bottom",
        "climbing:grade:uiaa": "5",
        "climbing:length": "12.19",
        "climbing:trad": "yes",
        "name": "One Fist Two Fist Red Fist Blue Fist",
        "sport": "climbing"
      },
      "geometry": {
        "type": "Point",
        "coordinates": [
          -83.6515108,
          37.8925723
        ]
      },
      "id": "node/7312873185"
    },
    {
      "type": "Feature",
      "properties": {
        "@id": "node/7312873285",
        "climbing": "route_bottom",
        "climbing:grade:uiaa": "5",
        "climbing:length": "21.34",
        "climbing:trad": "yes",
        "name": "The Oobleck",
        "sport": "climbing"
      },
      "geometry": {
        "type": "Point",
        "coordinates": [
          -83.6513852,
          37.8926093
        ]
      },
      "id": "node/7312873285"
    },
    {
      "type": "Feature",
      "properties": {
        "@id": "node/7312967187",
        "climbing": "route_bottom",
        "climbing:grade:uiaa": "5+",
        "climbing:length": "21.34",
        "name": "Big Money",
        "sport": "climbing"
      },
      "geometry": {
        "type": "Point",
        "coordinates": [
          -83.6695194,
          37.858682
        ]
      },
      "id": "node/7312967187"
    },
    {
      "type": "Feature",
      "properties": {
        "@id": "node/7312967188",
        "climbing": "route_bottom",
        "climbing:grade:uiaa": "7-",
        "name": "Versatile Universe",
        "sport": "climbing"
      },
      "geometry": {
        "type": "Point",
        "coordinates": [
          -83.6704945,
          37.8584232
        ]
      },
      "id": "node/7312967188"
    },
    {
      "type": "Feature",
      "properties": {
        "@id": "node/7312967189",
        "climbing": "route_bottom",
        "climbing:grade:uiaa": "5",
        "climbing:length": "9.14",
        "name": "Small Change",
        "sport": "climbing"
      },
      "geometry": {
        "type": "Point",
        "coordinates": [
          -83.6696009,
          37.8586997
        ]
      },
      "id": "node/7312967189"
    },
    {
      "type": "Feature",
      "properties": {
        "@id": "node/7312967190",
        "climbing": "route_bottom",
        "climbing:grade:uiaa": "6",
        "climbing:length": "24.38",
        "name": "Physical Attraction",
        "sport": "climbing"
      },
      "geometry": {
        "type": "Point",
        "coordinates": [
          -83.6703251,
          37.858442
        ]
      },
      "id": "node/7312967190"
    },
    {
      "type": "Feature",
      "properties": {
        "@id": "node/7312967191",
        "climbing": "route_bottom",
        "climbing:bolts": "4",
        "climbing:grade:uiaa": "5+",
        "climbing:length": "12.19",
        "climbing:sport": "yes",
        "name": "Scabies",
        "sport": "climbing"
      },
      "geometry": {
        "type": "Point",
        "coordinates": [
          -83.6702278,
          37.8584771
        ]
      },
      "id": "node/7312967191"
    },
    {
      "type": "Feature",
      "properties": {
        "@id": "node/7312967192",
        "climbing": "route_bottom",
        "climbing:grade:uiaa": "8-",
        "name": "The Seam",
        "sport": "climbing"
      },
      "geometry": {
        "type": "Point",
        "coordinates": [
          -83.6696135,
          37.858692
        ]
      },
      "id": "node/7312967192"
    },
    {
      "type": "Feature",
      "properties": {
        "@id": "node/7312967193",
        "climbing": "route_bottom",
        "climbing:grade:uiaa": "4+",
        "climbing:length": "12.19",
        "name": "Razorback",
        "sport": "climbing"
      },
      "geometry": {
        "type": "Point",
        "coordinates": [
          -83.6706241,
          37.858523
        ]
      },
      "id": "node/7312967193"
    },
    {
      "type": "Feature",
      "properties": {
        "@id": "node/7312967194",
        "climbing": "route_bottom",
        "climbing:grade:uiaa": "6",
        "climbing:length": "18.29",
        "name": "Ju-Ju",
        "sport": "climbing"
      },
      "geometry": {
        "type": "Point",
        "coordinates": [
          -83.6701677,
          37.8585437
        ]
      },
      "id": "node/7312967194"
    },
    {
      "type": "Feature",
      "properties": {
        "@id": "node/7312973186",
        "climbing": "route_bottom",
        "climbing:grade:uiaa": "5+",
        "climbing:length": "18.29",
        "name": "Punkin Head",
        "sport": "climbing"
      },
      "geometry": {
        "type": "Point",
        "coordinates": [
          -83.6682734,
          37.8574327
        ]
      },
      "id": "node/7312973186"
    },
    {
      "type": "Feature",
      "properties": {
        "@id": "node/7312973187",
        "climbing": "route_bottom",
        "climbing:grade:uiaa": "5-",
        "climbing:trad": "yes",
        "name": "Offwidth 2",
        "sport": "climbing"
      },
      "geometry": {
        "type": "Point",
        "coordinates": [
          -83.6686042,
          37.8587106
        ]
      },
      "id": "node/7312973187"
    },
    {
      "type": "Feature",
      "properties": {
        "@id": "node/7312973188",
        "climbing": "route_bottom",
        "climbing:grade:uiaa": "5-",
        "climbing:length": "19.81",
        "climbing:trad": "yes",
        "name": "Roaming the Halls",
        "sport": "climbing"
      },
      "geometry": {
        "type": "Point",
        "coordinates": [
          -83.6693923,
          37.8586734
        ]
      },
      "id": "node/7312973188"
    },
    {
      "type": "Feature",
      "properties": {
        "@id": "node/7312973189",
        "climbing": "route_bottom",
        "climbing:grade:uiaa": "10-",
        "climbing:length": "12.19",
        "name": "Welcome to Ole Kentuck",
        "sport": "climbing"
      },
      "geometry": {
        "type": "Point",
        "coordinates": [
          -83.6696843,
          37.858692
        ]
      },
      "id": "node/7312973189"
    },
    {
      "type": "Feature",
      "properties": {
        "@id": "node/7312973190",
        "climbing": "route_bottom",
        "climbing:grade:uiaa": "5+",
        "name": "Broken Arrow",
        "sport": "climbing"
      },
      "geometry": {
        "type": "Point",
        "coordinates": [
          -83.6716344,
          37.8587432
        ]
      },
      "id": "node/7312973190"
    },
    {
      "type": "Feature",
      "properties": {
        "@id": "node/7312973191",
        "climbing": "route_bottom",
        "climbing:grade:uiaa": "5",
        "climbing:length": "18.29",
        "climbing:trad": "yes",
        "name": "Offwidth 1",
        "sport": "climbing"
      },
      "geometry": {
        "type": "Point",
        "coordinates": [
          -83.6687267,
          37.8585893
        ]
      },
      "id": "node/7312973191"
    },
    {
      "type": "Feature",
      "properties": {
        "@id": "node/7312973192",
        "climbing": "route_bottom",
        "climbing:grade:uiaa": "?",
        "climbing:length": "21.34",
        "name": "Halloween",
        "sport": "climbing"
      },
      "geometry": {
        "type": "Point",
        "coordinates": [
          -83.671279,
          37.8586447
        ]
      },
      "id": "node/7312973192"
    },
    {
      "type": "Feature",
      "properties": {
        "@id": "node/7312973193",
        "climbing": "route_bottom",
        "climbing:grade:uiaa": "6",
        "climbing:length": "15.24",
        "climbing:sport": "yes",
        "name": "Reserved Seating",
        "sport": "climbing"
      },
      "geometry": {
        "type": "Point",
        "coordinates": [
          -83.6698376,
          37.8585736
        ]
      },
      "id": "node/7312973193"
    },
    {
      "type": "Feature",
      "properties": {
        "@id": "node/7312973194",
        "climbing": "route_bottom",
        "climbing:bolts": "6",
        "climbing:grade:uiaa": "8+",
        "climbing:length": "15.24",
        "climbing:sport": "yes",
        "name": "Straightedge",
        "sport": "climbing"
      },
      "geometry": {
        "type": "Point",
        "coordinates": [
          -83.6699246,
          37.858592
        ]
      },
      "id": "node/7312973194"
    },
    {
      "type": "Feature",
      "properties": {
        "@id": "node/7312973195",
        "climbing": "route_bottom",
        "climbing:bolts": "5",
        "climbing:grade:uiaa": "6+",
        "climbing:length": "18.29",
        "climbing:sport": "yes",
        "name": "Sundance",
        "sport": "climbing"
      },
      "geometry": {
        "type": "Point",
        "coordinates": [
          -83.6700931,
          37.858488
        ]
      },
      "id": "node/7312973195"
    },
    {
      "type": "Feature",
      "properties": {
        "@id": "node/7312973196",
        "climbing": "crag",
        "climbing:grade:uiaa:max": "10-",
        "climbing:grade:uiaa:min": "4-",
        "climbing:length:max": "39.62",
        "climbing:length:min": "9.14",
        "climbing:routes": "28",
        "climbing:sport": "yes",
        "climbing:trad": "yes",
        "name": "Pebble Beach",
        "sport": "climbing"
      },
      "geometry": {
        "type": "Point",
        "coordinates": [
          -83.6703593,
          37.8581656
        ]
      },
      "id": "node/7312973196"
    },
    {
      "type": "Feature",
      "properties": {
        "@id": "node/7312977786",
        "climbing": "route_bottom",
        "climbing:grade:uiaa": "5",
        "climbing:length": "15.24",
        "climbing:trad": "yes",
        "name": "Berlin Wall",
        "sport": "climbing"
      },
      "geometry": {
        "type": "Point",
        "coordinates": [
          -83.6691228,
          37.8587704
        ]
      },
      "id": "node/7312977786"
    },
    {
      "type": "Feature",
      "properties": {
        "@id": "node/7312977787",
        "climbing": "route_bottom",
        "climbing:grade:uiaa": "5",
        "climbing:length": "30.48",
        "name": "Zambezi Plunge",
        "sport": "climbing"
      },
      "geometry": {
        "type": "Point",
        "coordinates": [
          -83.6701932,
          37.8585066
        ]
      },
      "id": "node/7312977787"
    },
    {
      "type": "Feature",
      "properties": {
        "@id": "node/7312977788",
        "climbing": "route_bottom",
        "climbing:grade:uiaa": "8+",
        "climbing:length": "18.29",
        "name": "High Noon",
        "sport": "climbing"
      },
      "geometry": {
        "type": "Point",
        "coordinates": [
          -83.6698122,
          37.8586097
        ]
      },
      "id": "node/7312977788"
    },
    {
      "type": "Feature",
      "properties": {
        "@id": "node/7312986785",
        "climbing": "route_bottom",
        "climbing:grade:uiaa": "?",
        "climbing:length": "15.24",
        "name": "Rooted",
        "sport": "climbing"
      },
      "geometry": {
        "type": "Point",
        "coordinates": [
          -83.6694196,
          37.8587371
        ]
      },
      "id": "node/7312986785"
    },
    {
      "type": "Feature",
      "properties": {
        "@id": "node/7312986786",
        "climbing": "route_bottom",
        "climbing:grade:uiaa": "5+",
        "climbing:length": "15.24",
        "climbing:sport": "yes",
        "name": "Blood Money",
        "sport": "climbing"
      },
      "geometry": {
        "type": "Point",
        "coordinates": [
          -83.6684716,
          37.8576234
        ]
      },
      "id": "node/7312986786"
    },
    {
      "type": "Feature",
      "properties": {
        "@id": "node/7312986787",
        "climbing": "route_bottom",
        "climbing:grade:uiaa": "6",
        "climbing:length": "18.29",
        "name": "Brontosaurus",
        "sport": "climbing"
      },
      "geometry": {
        "type": "Point",
        "coordinates": [
          -83.6697475,
          37.8586463
        ]
      },
      "id": "node/7312986787"
    },
    {
      "type": "Feature",
      "properties": {
        "@id": "node/7312986788",
        "climbing": "route_bottom",
        "climbing:grade:uiaa": "5-",
        "climbing:length": "18.29",
        "name": "The Arrowhead",
        "sport": "climbing"
      },
      "geometry": {
        "type": "Point",
        "coordinates": [
          -83.6716585,
          37.8586359
        ]
      },
      "id": "node/7312986788"
    },
    {
      "type": "Feature",
      "properties": {
        "@id": "node/7312986789",
        "climbing": "route_bottom",
        "climbing:grade:uiaa": "4-",
        "climbing:length": "39.62",
        "name": "Beachcomber",
        "sport": "climbing"
      },
      "geometry": {
        "type": "Point",
        "coordinates": [
          -83.6715465,
          37.8586025
        ]
      },
      "id": "node/7312986789"
    },
    {
      "type": "Feature",
      "properties": {
        "@id": "node/7312986790",
        "climbing": "route_bottom",
        "climbing:grade:uiaa": "5-",
        "climbing:length": "39.62",
        "name": "Environmental Impact",
        "sport": "climbing"
      },
      "geometry": {
        "type": "Point",
        "coordinates": [
          -83.6699657,
          37.858561
        ]
      },
      "id": "node/7312986790"
    },
    {
      "type": "Feature",
      "properties": {
        "@id": "node/7312986791",
        "climbing": "route_bottom",
        "climbing:grade:uiaa": "5+",
        "climbing:length": "15.24",
        "name": "Central Scrutinizer",
        "sport": "climbing"
      },
      "geometry": {
        "type": "Point",
        "coordinates": [
          -83.6700209,
          37.8585219
        ]
      },
      "id": "node/7312986791"
    },
    {
      "type": "Feature",
      "properties": {
        "@id": "node/7313037098",
        "climbing": "route_bottom",
        "climbing:grade:uiaa": "7-",
        "climbing:trad": "yes",
        "name": "Block and Tackle",
        "sport": "climbing"
      },
      "geometry": {
        "type": "Point",
        "coordinates": [
          -83.6656208,
          37.8491064
        ]
      },
      "id": "node/7313037098"
    },
    {
      "type": "Feature",
      "properties": {
        "@id": "node/7313037099",
        "climbing": "route_bottom",
        "climbing:grade:uiaa": "5+",
        "climbing:trad": "yes",
        "name": "Feltch Me",
        "sport": "climbing"
      },
      "geometry": {
        "type": "Point",
        "coordinates": [
          -83.6659549,
          37.8490804
        ]
      },
      "id": "node/7313037099"
    },
    {
      "type": "Feature",
      "properties": {
        "@id": "node/7313037100",
        "climbing": "route_bottom",
        "climbing:grade:uiaa": "6-",
        "climbing:trad": "yes",
        "name": "Perforator",
        "sport": "climbing"
      },
      "geometry": {
        "type": "Point",
        "coordinates": [
          -83.6669571,
          37.8487206
        ]
      },
      "id": "node/7313037100"
    },
    {
      "type": "Feature",
      "properties": {
        "@id": "node/7313037101",
        "climbing": "route_bottom",
        "climbing:bolts": "8",
        "climbing:grade:uiaa": "8-",
        "climbing:length": "24.38",
        "climbing:sport": "yes",
        "name": "Are the Pies Fresh? (first anchor)",
        "sport": "climbing"
      },
      "geometry": {
        "type": "Point",
        "coordinates": [
          -83.6673207,
          37.8484873
        ]
      },
      "id": "node/7313037101"
    },
    {
      "type": "Feature",
      "properties": {
        "@id": "node/7313037102",
        "climbing": "route_bottom",
        "climbing:bolts": "9",
        "climbing:grade:uiaa": "8+",
        "climbing:length": "21.34",
        "climbing:sport": "yes",
        "name": "The Gift",
        "sport": "climbing"
      },
      "geometry": {
        "type": "Point",
        "coordinates": [
          -83.6683832,
          37.8481804
        ]
      },
      "id": "node/7313037102"
    },
    {
      "type": "Feature",
      "properties": {
        "@id": "node/7313037103",
        "climbing": "route_bottom",
        "climbing:grade:uiaa": "10+",
        "climbing:trad": "yes",
        "name": "Sacred Geometry",
        "sport": "climbing"
      },
      "geometry": {
        "type": "Point",
        "coordinates": [
          -83.6680468,
          37.848027
        ]
      },
      "id": "node/7313037103"
    },
    {
      "type": "Feature",
      "properties": {
        "@id": "node/7313037104",
        "climbing": "route_bottom",
        "climbing:bolts": "6",
        "climbing:grade:uiaa": "7",
        "climbing:length": "18.29",
        "climbing:sport": "yes",
        "name": "Kazi and Mito",
        "sport": "climbing"
      },
      "geometry": {
        "type": "Point",
        "coordinates": [
          -83.6674298,
          37.8479148
        ]
      },
      "id": "node/7313037104"
    },
    {
      "type": "Feature",
      "properties": {
        "@id": "node/7313037105",
        "climbing": "route_bottom",
        "climbing:bolts": "12",
        "climbing:grade:uiaa": "8",
        "climbing:length": "42.67",
        "climbing:sport": "yes",
        "name": "Trinket Man",
        "sport": "climbing"
      },
      "geometry": {
        "type": "Point",
        "coordinates": [
          -83.6678855,
          37.8478807
        ]
      },
      "id": "node/7313037105"
    },
    {
      "type": "Feature",
      "properties": {
        "@id": "node/7313037106",
        "climbing": "route_bottom",
        "climbing:bolts": "6",
        "climbing:grade:uiaa": "8",
        "climbing:length": "18.29",
        "climbing:sport": "yes",
        "name": "Fire and Finesse",
        "sport": "climbing"
      },
      "geometry": {
        "type": "Point",
        "coordinates": [
          -83.6676662,
          37.847844
        ]
      },
      "id": "node/7313037106"
    },
    {
      "type": "Feature",
      "properties": {
        "@id": "node/7313037107",
        "climbing": "route_bottom",
        "climbing:bolts": "12",
        "climbing:grade:uiaa": "8+",
        "climbing:length": "18.29",
        "climbing:sport": "yes",
        "name": "Denial",
        "sport": "climbing"
      },
      "geometry": {
        "type": "Point",
        "coordinates": [
          -83.6677491,
          37.8478359
        ]
      },
      "id": "node/7313037107"
    },
    {
      "type": "Feature",
      "properties": {
        "@id": "node/7313037108",
        "climbing": "route_bottom",
        "climbing:grade:uiaa": "5+",
        "climbing:trad": "yes",
        "name": "Xanthic Dance",
        "sport": "climbing"
      },
      "geometry": {
        "type": "Point",
        "coordinates": [
          -83.6692672,
          37.8477318
        ]
      },
      "id": "node/7313037108"
    },
    {
      "type": "Feature",
      "properties": {
        "@id": "node/7313037109",
        "climbing": "route_bottom",
        "climbing:grade:uiaa": "5",
        "climbing:trad": "yes",
        "name": "NEPA This",
        "sport": "climbing"
      },
      "geometry": {
        "type": "Point",
        "coordinates": [
          -83.6695956,
          37.8474402
        ]
      },
      "id": "node/7313037109"
    },
    {
      "type": "Feature",
      "properties": {
        "@id": "node/7313037110",
        "climbing": "route_bottom",
        "climbing:bolts": "8",
        "climbing:grade:uiaa": "6",
        "climbing:length": "21.34",
        "climbing:sport": "yes",
        "name": "Boom! Boom! Out Go the Lights",
        "sport": "climbing"
      },
      "geometry": {
        "type": "Point",
        "coordinates": [
          -83.6696638,
          37.8473765
        ]
      },
      "id": "node/7313037110"
    },
    {
      "type": "Feature",
      "properties": {
        "@id": "node/7313037111",
        "climbing": "route_bottom",
        "climbing:grade:uiaa": "5",
        "climbing:trad": "yes",
        "name": "Suction Lipectomy",
        "sport": "climbing"
      },
      "geometry": {
        "type": "Point",
        "coordinates": [
          -83.6700558,
          37.8469826
        ]
      },
      "id": "node/7313037111"
    },
    {
      "type": "Feature",
      "properties": {
        "@id": "node/7313037197",
        "climbing": "route_bottom",
        "climbing:grade:uiaa": "5",
        "climbing:trad": "yes",
        "name": "Texas Tea",
        "sport": "climbing"
      },
      "geometry": {
        "type": "Point",
        "coordinates": [
          -83.6657424,
          37.8490929
        ]
      },
      "id": "node/7313037197"
    },
    {
      "type": "Feature",
      "properties": {
        "@id": "node/7313037198",
        "climbing": "route_bottom",
        "climbing:bolts": "5",
        "climbing:grade:uiaa": "8",
        "climbing:length": "13.72",
        "climbing:sport": "yes",
        "name": "The Snatch",
        "sport": "climbing"
      },
      "geometry": {
        "type": "Point",
        "coordinates": [
          -83.6660367,
          37.849075
        ]
      },
      "id": "node/7313037198"
    },
    {
      "type": "Feature",
      "properties": {
        "@id": "node/7313037199",
        "climbing": "route_bottom",
        "climbing:grade:uiaa": "4",
        "climbing:trad": "yes",
        "name": "Big Country",
        "sport": "climbing"
      },
      "geometry": {
        "type": "Point",
        "coordinates": [
          -83.6662447,
          37.8490705
        ]
      },
      "id": "node/7313037199"
    },
    {
      "type": "Feature",
      "properties": {
        "@id": "node/7313037200",
        "climbing": "route_bottom",
        "climbing:bolts": "5",
        "climbing:grade:uiaa": "6-",
        "climbing:length": "15.24",
        "climbing:sport": "yes",
        "name": "Rock Caddie",
        "sport": "climbing"
      },
      "geometry": {
        "type": "Point",
        "coordinates": [
          -83.6661458,
          37.8490687
        ]
      },
      "id": "node/7313037200"
    },
    {
      "type": "Feature",
      "properties": {
        "@id": "node/7313037201",
        "climbing": "route_bottom",
        "climbing:grade:uiaa": "5",
        "climbing:trad": "yes",
        "name": "Nautical Twilight",
        "sport": "climbing"
      },
      "geometry": {
        "type": "Point",
        "coordinates": [
          -83.6663924,
          37.8490553
        ]
      },
      "id": "node/7313037201"
    },
    {
      "type": "Feature",
      "properties": {
        "@id": "node/7313037202",
        "climbing": "route_bottom",
        "climbing:grade:uiaa": "6-",
        "climbing:trad": "yes",
        "name": "Zen Master Dude",
        "sport": "climbing"
      },
      "geometry": {
        "type": "Point",
        "coordinates": [
          -83.6667037,
          37.8490014
        ]
      },
      "id": "node/7313037202"
    },
    {
      "type": "Feature",
      "properties": {
        "@id": "node/7313037203",
        "climbing": "route_bottom",
        "climbing:grade:uiaa": "7",
        "climbing:length": "39.62",
        "climbing:trad": "yes",
        "name": "Hidden Treasure",
        "sport": "climbing"
      },
      "geometry": {
        "type": "Point",
        "coordinates": [
          -83.6651572,
          37.8489817
        ]
      },
      "id": "node/7313037203"
    },
    {
      "type": "Feature",
      "properties": {
        "@id": "node/7313037204",
        "climbing": "route_bottom",
        "climbing:grade:uiaa": "5",
        "climbing:length": "24.38",
        "climbing:trad": "yes",
        "name": "The Gentrification of Long Wall",
        "sport": "climbing"
      },
      "geometry": {
        "type": "Point",
        "coordinates": [
          -83.665114,
          37.8489341
        ]
      },
      "id": "node/7313037204"
    },
    {
      "type": "Feature",
      "properties": {
        "@id": "node/7313037205",
        "climbing": "route_bottom",
        "climbing:grade:uiaa": "7-",
        "climbing:length": "25.91",
        "climbing:trad": "yes",
        "name": "Vitruvian Moon",
        "sport": "climbing"
      },
      "geometry": {
        "type": "Point",
        "coordinates": [
          -83.6650834,
          37.8488516
        ]
      },
      "id": "node/7313037205"
    },
    {
      "type": "Feature",
      "properties": {
        "@id": "node/7313037206",
        "climbing": "route_bottom",
        "climbing:grade:uiaa": "6",
        "climbing:trad": "yes",
        "name": "Fear and Loathing in Nada",
        "sport": "climbing"
      },
      "geometry": {
        "type": "Point",
        "coordinates": [
          -83.6668537,
          37.8488426
        ]
      },
      "id": "node/7313037206"
    },
    {
      "type": "Feature",
      "properties": {
        "@id": "node/7313037207",
        "climbing": "route_bottom",
        "climbing:grade:uiaa": "7+",
        "climbing:length": "30",
        "climbing:trad": "yes",
        "name": "B3",
        "sport": "climbing"
      },
      "geometry": {
        "type": "Point",
        "coordinates": [
          -83.6670889,
          37.8486434
        ]
      },
      "id": "node/7313037207"
    },
    {
      "type": "Feature",
      "properties": {
        "@id": "node/7313037208",
        "climbing": "route_bottom",
        "climbing:bolts": "7",
        "climbing:grade:uiaa": "6+",
        "climbing:length": "21.34",
        "climbing:sport": "yes",
        "name": "Back Door to Paris",
        "sport": "climbing"
      },
      "geometry": {
        "type": "Point",
        "coordinates": [
          -83.6671889,
          37.8485815
        ]
      },
      "id": "node/7313037208"
    },
    {
      "type": "Feature",
      "properties": {
        "@id": "node/7313037209",
        "climbing": "route_bottom",
        "climbing:bolts": "2",
        "climbing:grade:uiaa": "8+",
        "climbing:length": "33.53",
        "climbing:sport": "yes",
        "name": "Are the Pies Fresh?",
        "sport": "climbing"
      },
      "geometry": {
        "type": "Point",
        "coordinates": [
          -83.6673571,
          37.8483491
        ]
      },
      "id": "node/7313037209"
    },
    {
      "type": "Feature",
      "properties": {
        "@id": "node/7313037210",
        "climbing": "route_bottom",
        "climbing:bolts": "13",
        "climbing:grade:uiaa": "8-",
        "climbing:length": "42.67",
        "climbing:sport": "yes",
        "name": "Game Boy",
        "sport": "climbing"
      },
      "geometry": {
        "type": "Point",
        "coordinates": [
          -83.6673741,
          37.8482253
        ]
      },
      "id": "node/7313037210"
    },
    {
      "type": "Feature",
      "properties": {
        "@id": "node/7313037211",
        "climbing": "route_bottom",
        "climbing:boulder": "yes",
        "climbing:grade:uiaa": "?",
        "name": "Now I'm Nothing",
        "sport": "climbing"
      },
      "geometry": {
        "type": "Point",
        "coordinates": [
          -83.6685593,
          37.8481418
        ]
      },
      "id": "node/7313037211"
    },
    {
      "type": "Feature",
      "properties": {
        "@id": "node/7313037212",
        "climbing": "route_bottom",
        "climbing:grade:uiaa": "6-",
        "climbing:length": "24.38",
        "climbing:trad": "yes",
        "name": "Rock Wars",
        "sport": "climbing"
      },
      "geometry": {
        "type": "Point",
        "coordinates": [
          -83.668782,
          37.848088
        ]
      },
      "id": "node/7313037212"
    },
    {
      "type": "Feature",
      "properties": {
        "@id": "node/7313037213",
        "climbing": "route_bottom",
        "climbing:grade:uiaa": "5+",
        "climbing:trad": "yes",
        "name": "F-Man",
        "sport": "climbing"
      },
      "geometry": {
        "type": "Point",
        "coordinates": [
          -83.6673912,
          37.848088
        ]
      },
      "id": "node/7313037213"
    },
    {
      "type": "Feature",
      "properties": {
        "@id": "node/7313037214",
        "climbing": "route_bottom",
        "climbing:grade:uiaa": "7+",
        "climbing:trad": "yes",
        "name": "Next Day Air",
        "sport": "climbing"
      },
      "geometry": {
        "type": "Point",
        "coordinates": [
          -83.6681491,
          37.8480862
        ]
      },
      "id": "node/7313037214"
    },
    {
      "type": "Feature",
      "properties": {
        "@id": "node/7313037215",
        "climbing": "route_bottom",
        "climbing:grade:uiaa": "8",
        "climbing:trad": "yes",
        "name": "Souder's Crack",
        "sport": "climbing"
      },
      "geometry": {
        "type": "Point",
        "coordinates": [
          -83.6689638,
          37.8479839
        ]
      },
      "id": "node/7313037215"
    },
    {
      "type": "Feature",
      "properties": {
        "@id": "node/7313037216",
        "climbing": "route_bottom",
        "climbing:bolted": "no",
        "climbing:bolts": "0",
        "climbing:grade:uiaa": "5+",
        "climbing:length": "30.48",
        "climbing:trad": "yes",
        "name": "Hot September",
        "sport": "climbing"
      },
      "geometry": {
        "type": "Point",
        "coordinates": [
          -83.6690729,
          37.8479525
        ]
      },
      "id": "node/7313037216"
    },
    {
      "type": "Feature",
      "properties": {
        "@id": "node/7313037217",
        "climbing": "route_bottom",
        "climbing:grade:uiaa": "5+",
        "climbing:trad": "yes",
        "name": "Five Easy Pieces",
        "sport": "climbing"
      },
      "geometry": {
        "type": "Point",
        "coordinates": [
          -83.6692615,
          37.8478117
        ]
      },
      "id": "node/7313037217"
    },
    {
      "type": "Feature",
      "properties": {
        "@id": "node/7313037218",
        "climbing": "route_bottom",
        "climbing:grade:uiaa": "5-",
        "climbing:trad": "yes",
        "name": "Two Step",
        "sport": "climbing"
      },
      "geometry": {
        "type": "Point",
        "coordinates": [
          -83.6693877,
          37.8476008
        ]
      },
      "id": "node/7313037218"
    },
    {
      "type": "Feature",
      "properties": {
        "@id": "node/7313037219",
        "climbing": "route_bottom",
        "climbing:bolts": "7",
        "climbing:grade:uiaa": "8-",
        "climbing:length": "21.34",
        "climbing:sport": "yes",
        "name": "Stand and Deliver",
        "sport": "climbing"
      },
      "geometry": {
        "type": "Point",
        "coordinates": [
          -83.6694922,
          37.8475102
        ]
      },
      "id": "node/7313037219"
    },
    {
      "type": "Feature",
      "properties": {
        "@id": "node/7313037220",
        "climbing": "route_bottom",
        "climbing:grade:uiaa": "8+",
        "climbing:trad": "yes",
        "name": "Bloodline",
        "sport": "climbing"
      },
      "geometry": {
        "type": "Point",
        "coordinates": [
          -83.6698944,
          37.8471145
        ]
      },
      "id": "node/7313037220"
    },
    {
      "type": "Feature",
      "properties": {
        "@id": "node/7313037221",
        "climbing": "route_bottom",
        "climbing:grade:uiaa": "5-",
        "climbing:trad": "yes",
        "name": "Ralph and Bob's",
        "sport": "climbing"
      },
      "geometry": {
        "type": "Point",
        "coordinates": [
          -83.6699785,
          37.8470615
        ]
      },
      "id": "node/7313037221"
    },
    {
      "type": "Feature",
      "properties": {
        "@id": "node/7313037222",
        "climbing": "route_bottom",
        "climbing:grade:uiaa": "7+",
        "climbing:trad": "yes",
        "name": "Cruisemaster",
        "sport": "climbing"
      },
      "geometry": {
        "type": "Point",
        "coordinates": [
          -83.6702728,
          37.8468507
        ]
      },
      "id": "node/7313037222"
    },
    {
      "type": "Feature",
      "properties": {
        "@id": "node/7313037286",
        "climbing": "route_bottom",
        "climbing:grade:uiaa": "5-",
        "climbing:length": "24.38",
        "climbing:trad": "yes",
        "name": "Route Less Traveled",
        "sport": "climbing"
      },
      "geometry": {
        "type": "Point",
        "coordinates": [
          -83.6653777,
          37.849092
        ]
      },
      "id": "node/7313037286"
    },
    {
      "type": "Feature",
      "properties": {
        "@id": "node/7313037287",
        "climbing": "route_bottom",
        "climbing:bolted": "no",
        "climbing:bolts": "0",
        "climbing:grade:uiaa": "5",
        "climbing:length": "27.43",
        "climbing:trad": "yes",
        "name": "Mailbox",
        "sport": "climbing"
      },
      "geometry": {
        "type": "Point",
        "coordinates": [
          -83.6682309,
          37.8481652
        ]
      },
      "id": "node/7313037287"
    },
    {
      "type": "Feature",
      "properties": {
        "@id": "node/7313037288",
        "climbing": "route_bottom",
        "climbing:grade:uiaa": "5+",
        "climbing:length": "21",
        "climbing:trad": "yes",
        "name": "Yuk",
        "sport": "climbing"
      },
      "geometry": {
        "type": "Point",
        "coordinates": [
          -83.6679639,
          37.8479705
        ]
      },
      "id": "node/7313037288"
    },
    {
      "type": "Feature",
      "properties": {
        "@id": "node/7313037389",
        "climbing": "route_bottom",
        "climbing:grade:uiaa": "7+",
        "climbing:length": "39.62",
        "climbing:trad": "yes",
        "name": "Cruisemaster Direct",
        "sport": "climbing"
      },
      "geometry": {
        "type": "Point",
        "coordinates": [
          -83.6654538,
          37.8491154
        ]
      },
      "id": "node/7313037389"
    },
    {
      "type": "Feature",
      "properties": {
        "@id": "node/7313037390",
        "climbing": "route_bottom",
        "climbing:grade:uiaa": "5+",
        "climbing:trad": "yes",
        "name": "Sugar Daddy",
        "sport": "climbing"
      },
      "geometry": {
        "type": "Point",
        "coordinates": [
          -83.665522,
          37.8491073
        ]
      },
      "id": "node/7313037390"
    },
    {
      "type": "Feature",
      "properties": {
        "@id": "node/7313037391",
        "climbing": "route_bottom",
        "climbing:grade:uiaa": "?",
        "name": "The Giving Tree",
        "sport": "climbing"
      },
      "geometry": {
        "type": "Point",
        "coordinates": [
          -83.6653049,
          37.8490723
        ]
      },
      "id": "node/7313037391"
    },
    {
      "type": "Feature",
      "properties": {
        "@id": "node/7313037392",
        "climbing": "route_bottom",
        "climbing:grade:uiaa": "5+",
        "climbing:trad": "yes",
        "name": "Accidentally Kelly Street",
        "sport": "climbing"
      },
      "geometry": {
        "type": "Point",
        "coordinates": [
          -83.6664776,
          37.8490436
        ]
      },
      "id": "node/7313037392"
    },
    {
      "type": "Feature",
      "properties": {
        "@id": "node/7313037393",
        "climbing": "route_bottom",
        "climbing:bolted": "no",
        "climbing:bolts": "0",
        "climbing:grade:uiaa": "5+",
        "climbing:length": "24.38",
        "climbing:trad": "yes",
        "name": "Autumn",
        "sport": "climbing"
      },
      "geometry": {
        "type": "Point",
        "coordinates": [
          -83.6691729,
          37.8478664
        ]
      },
      "id": "node/7313037393"
    },
    {
      "type": "Feature",
      "properties": {
        "@id": "node/7313037394",
        "climbing": "route_bottom",
        "climbing:bolts": "6",
        "climbing:grade:uiaa": "8+",
        "climbing:length": "18.29",
        "climbing:sport": "yes",
        "name": "Slip it in",
        "sport": "climbing"
      },
      "geometry": {
        "type": "Point",
        "coordinates": [
          -83.6675446,
          37.8478413
        ]
      },
      "id": "node/7313037394"
    },
    {
      "type": "Feature",
      "properties": {
        "@id": "node/7313037395",
        "climbing": "crag",
        "climbing:boulder": "yes",
        "climbing:grade:uiaa:max": "10+",
        "climbing:grade:uiaa:min": "4",
        "climbing:length:max": "42.67",
        "climbing:length:min": "9.14",
        "climbing:routes": "57",
        "climbing:sport": "yes",
        "climbing:trad": "yes",
        "name": "Long Wall",
        "sport": "climbing"
      },
      "geometry": {
        "type": "Point",
        "coordinates": [
          -83.6675392,
          37.8477001
        ]
      },
      "id": "node/7313037395"
    },
    {
      "type": "Feature",
      "properties": {
        "@id": "node/7313037396",
        "climbing": "route_bottom",
        "climbing:bolts": "6",
        "climbing:grade:uiaa": "8",
        "climbing:length": "12.19",
        "climbing:sport": "yes",
        "name": "Whip it Out",
        "sport": "climbing"
      },
      "geometry": {
        "type": "Point",
        "coordinates": [
          -83.6693127,
          37.8476941
        ]
      },
      "id": "node/7313037396"
    },
    {
      "type": "Feature",
      "properties": {
        "@id": "node/7313037397",
        "climbing": "route_bottom",
        "climbing:grade:uiaa": "6-",
        "climbing:trad": "yes",
        "name": "Vector Trouble",
        "sport": "climbing"
      },
      "geometry": {
        "type": "Point",
        "coordinates": [
          -83.6697354,
          37.8473011
        ]
      },
      "id": "node/7313037397"
    },
    {
      "type": "Feature",
      "properties": {
        "@id": "node/7313037398",
        "climbing": "route_bottom",
        "climbing:grade:uiaa": "5-",
        "climbing:trad": "yes",
        "name": "Long Wall Chimney",
        "sport": "climbing"
      },
      "geometry": {
        "type": "Point",
        "coordinates": [
          -83.6697819,
          37.8472177
        ]
      },
      "id": "node/7313037398"
    },
    {
      "type": "Feature",
      "properties": {
        "@id": "node/7313037399",
        "climbing": "route_bottom",
        "climbing:grade:uiaa": "5",
        "climbing:trad": "yes",
        "name": "Treasures in Heaven",
        "sport": "climbing"
      },
      "geometry": {
        "type": "Point",
        "coordinates": [
          -83.6701581,
          37.8469305
        ]
      },
      "id": "node/7313037399"
    },
    {
      "type": "Feature",
      "properties": {
        "@id": "node/7313037400",
        "climbing": "route_bottom",
        "climbing:grade:uiaa": "5+",
        "climbing:trad": "yes",
        "name": "Cruise Control",
        "sport": "climbing"
      },
      "geometry": {
        "type": "Point",
        "coordinates": [
          -83.6702365,
          37.8469117
        ]
      },
      "id": "node/7313037400"
    },
    {
      "type": "Feature",
      "properties": {
        "@id": "node/7313038286",
        "climbing": "route_bottom",
        "climbing:bolts": "4",
        "climbing:grade:uiaa": "9-",
        "climbing:length": "9.14",
        "climbing:sport": "yes",
        "name": "Gladuator",
        "sport": "climbing"
      },
      "geometry": {
        "type": "Point",
        "coordinates": [
          -83.665856,
          37.8490947
        ]
      },
      "id": "node/7313038286"
    },
    {
      "type": "Feature",
      "properties": {
        "@id": "node/7313038287",
        "climbing": "route_bottom",
        "climbing:grade:uiaa": "5",
        "climbing:length": "27.43",
        "climbing:trad": "yes",
        "name": "Sunset",
        "sport": "climbing"
      },
      "geometry": {
        "type": "Point",
        "coordinates": [
          -83.6649572,
          37.8487852
        ]
      },
      "id": "node/7313038287"
    },
    {
      "type": "Feature",
      "properties": {
        "@id": "node/7313051585",
        "climbing": "route_bottom",
        "climbing:grade:uiaa": "5",
        "climbing:length": "39.62",
        "climbing:trad": "yes",
        "name": "Rubus Fruticosus",
        "sport": "climbing"
      },
      "geometry": {
        "type": "Point",
        "coordinates": [
          -83.6652322,
          37.8490382
        ]
      },
      "id": "node/7313051585"
    },
    {
      "type": "Feature",
      "properties": {
        "@id": "node/7313073486",
        "climbing": "route_bottom",
        "climbing:grade:uiaa": "6",
        "climbing:length": "28.0",
        "climbing:trad": "yes",
        "name": "Huevos Grande",
        "sport": "climbing"
      },
      "geometry": {
        "type": "Point",
        "coordinates": [
          -83.6416157,
          37.8460525
        ]
      },
      "id": "node/7313073486"
    },
    {
      "type": "Feature",
      "properties": {
        "@id": "node/7313075485",
        "climbing": "route_bottom",
        "climbing:grade:uiaa": "5",
        "climbing:length": "28.0",
        "climbing:trad": "yes",
        "name": "Sassafras Tease",
        "sport": "climbing"
      },
      "geometry": {
        "type": "Point",
        "coordinates": [
          -83.6419306,
          37.8458931
        ]
      },
      "id": "node/7313075485"
    },
    {
      "type": "Feature",
      "properties": {
        "@id": "node/7313075486",
        "climbing": "crag",
        "climbing:grade:uiaa:max": "6",
        "climbing:grade:uiaa:min": "5",
        "climbing:length:max": "27.43",
        "climbing:length:min": "27.43",
        "climbing:routes": "2",
        "climbing:trad": "yes",
        "name": "Sassafras Rock",
        "sport": "climbing"
      },
      "geometry": {
        "type": "Point",
        "coordinates": [
          -83.6416057,
          37.845853
        ]
      },
      "id": "node/7313075486"
    },
    {
      "type": "Feature",
      "properties": {
        "@id": "node/7313102085",
        "climbing": "route_bottom",
        "climbing:grade:uiaa": "5",
        "climbing:length": "40.0",
        "climbing:trad": "yes",
        "name": "Frenchburg Overhangs",
        "sport": "climbing"
      },
      "geometry": {
        "type": "Point",
        "coordinates": [
          -83.6390194,
          37.8407097
        ]
      },
      "id": "node/7313102085"
    },
    {
      "type": "Feature",
      "properties": {
        "@id": "node/7313102086",
        "climbing": "route_bottom",
        "climbing:grade:uiaa": "3",
        "climbing:length": "8.0",
        "climbing:trad": "yes",
        "name": "Tom's Route",
        "sport": "climbing"
      },
      "geometry": {
        "type": "Point",
        "coordinates": [
          -83.639043,
          37.8409225
        ]
      },
      "id": "node/7313102086"
    },
    {
      "type": "Feature",
      "properties": {
        "@id": "node/7313102087",
        "climbing": "route_bottom",
        "climbing:grade:uiaa": "5",
        "climbing:length": "43.0",
        "climbing:trad": "yes",
        "name": "Horny Bitch",
        "sport": "climbing"
      },
      "geometry": {
        "type": "Point",
        "coordinates": [
          -83.6464898,
          37.8377032
        ]
      },
      "id": "node/7313102087"
    },
    {
      "type": "Feature",
      "properties": {
        "@id": "node/7313102088",
        "climbing": "route_bottom",
        "climbing:grade:uiaa": "7",
        "climbing:length": "28.0",
        "climbing:trad": "yes",
        "name": "Hollywood Boulevard",
        "sport": "climbing"
      },
      "geometry": {
        "type": "Point",
        "coordinates": [
          -83.6473018,
          37.8375436
        ]
      },
      "id": "node/7313102088"
    },
    {
      "type": "Feature",
      "properties": {
        "@id": "node/7313102089",
        "climbing": "route_bottom",
        "climbing:grade:uiaa": "5",
        "climbing:length": "40.0",
        "climbing:trad": "yes",
        "name": "The Rampart",
        "sport": "climbing"
      },
      "geometry": {
        "type": "Point",
        "coordinates": [
          -83.6463511,
          37.8375241
        ]
      },
      "id": "node/7313102089"
    },
    {
      "type": "Feature",
      "properties": {
        "@id": "node/7313102090",
        "climbing": "route_bottom",
        "climbing:bolts": "2",
        "climbing:grade:uiaa": "4+",
        "climbing:length": "31.0",
        "climbing:trad": "yes",
        "name": "Bedtime for Bonzo",
        "sport": "climbing"
      },
      "geometry": {
        "type": "Point",
        "coordinates": [
          -83.6481773,
          37.8369056
        ]
      },
      "id": "node/7313102090"
    },
    {
      "type": "Feature",
      "properties": {
        "@id": "node/7313102091",
        "climbing": "route_bottom",
        "climbing:grade:uiaa": "5",
        "climbing:length": "19.0",
        "climbing:trad": "yes",
        "name": "Snake",
        "sport": "climbing"
      },
      "geometry": {
        "type": "Point",
        "coordinates": [
          -83.6478858,
          37.8371406
        ]
      },
      "id": "node/7313102091"
    },
    {
      "type": "Feature",
      "properties": {
        "@id": "node/7313102092",
        "climbing": "route_bottom",
        "climbing:grade:uiaa": "5+",
        "climbing:length": "23.0",
        "climbing:trad": "yes",
        "name": "Where Lizards Dare",
        "sport": "climbing"
      },
      "geometry": {
        "type": "Point",
        "coordinates": [
          -83.6478699,
          37.8371914
        ]
      },
      "id": "node/7313102092"
    },
    {
      "type": "Feature",
      "properties": {
        "@id": "node/7313102093",
        "climbing": "route_bottom",
        "climbing:grade:uiaa": "5",
        "climbing:length": "19.0",
        "climbing:trad": "yes",
        "name": "Bombs Bursting",
        "sport": "climbing"
      },
      "geometry": {
        "type": "Point",
        "coordinates": [
          -83.6468606,
          37.8377115
        ]
      },
      "id": "node/7313102093"
    },
    {
      "type": "Feature",
      "properties": {
        "@id": "node/7313102185",
        "climbing": "route_bottom",
        "climbing:grade:uiaa": "3",
        "climbing:length": "28.0",
        "climbing:trad": "yes",
        "name": "Joe's Route",
        "sport": "climbing"
      },
      "geometry": {
        "type": "Point",
        "coordinates": [
          -83.6385726,
          37.8409573
        ]
      },
      "id": "node/7313102185"
    },
    {
      "type": "Feature",
      "properties": {
        "@id": "node/7313102186",
        "climbing": "route_bottom",
        "climbing:grade:uiaa": "5+",
        "climbing:length": "25.0",
        "climbing:trad": "yes",
        "name": "The Beeneling",
        "sport": "climbing"
      },
      "geometry": {
        "type": "Point",
        "coordinates": [
          -83.6385236,
          37.840642
        ]
      },
      "id": "node/7313102186"
    },
    {
      "type": "Feature",
      "properties": {
        "@id": "node/7313102187",
        "climbing": "route_bottom",
        "climbing:grade:uiaa": "5-",
        "climbing:length": "20.0",
        "climbing:trad": "yes",
        "name": "Cussin' Crack",
        "sport": "climbing"
      },
      "geometry": {
        "type": "Point",
        "coordinates": [
          -83.6467141,
          37.8376642
        ]
      },
      "id": "node/7313102187"
    },
    {
      "type": "Feature",
      "properties": {
        "@id": "node/7313102188",
        "climbing": "route_bottom",
        "climbing:grade:uiaa": "2+",
        "climbing:trad": "yes",
        "name": "Calypso III",
        "sport": "climbing"
      },
      "geometry": {
        "type": "Point",
        "coordinates": [
          -83.6478378,
          37.8371654
        ]
      },
      "id": "node/7313102188"
    },
    {
      "type": "Feature",
      "properties": {
        "@id": "node/7313102189",
        "climbing": "route_bottom",
        "climbing:grade:uiaa": "4-",
        "climbing:length": "19.0",
        "climbing:trad": "yes",
        "name": "American Crack",
        "sport": "climbing"
      },
      "geometry": {
        "type": "Point",
        "coordinates": [
          -83.647235,
          37.8376277
        ]
      },
      "id": "node/7313102189"
    },
    {
      "type": "Feature",
      "properties": {
        "@id": "node/7313102190",
        "climbing": "route_bottom",
        "climbing:bolts": "2",
        "climbing:grade:uiaa": "5-",
        "climbing:length": "43.0",
        "climbing:trad": "yes",
        "name": "Party Time",
        "sport": "climbing"
      },
      "geometry": {
        "type": "Point",
        "coordinates": [
          -83.6462773,
          37.8378846
        ]
      },
      "id": "node/7313102190"
    },
    {
      "type": "Feature",
      "properties": {
        "@id": "node/7313102285",
        "climbing": "route_bottom",
        "climbing:grade:uiaa": "6+",
        "climbing:length": "25.0",
        "climbing:trad": "yes",
        "name": "What's Left of the Beeneling",
        "sport": "climbing"
      },
      "geometry": {
        "type": "Point",
        "coordinates": [
          -83.6388157,
          37.8404428
        ]
      },
      "id": "node/7313102285"
    },
    {
      "type": "Feature",
      "properties": {
        "@id": "node/7313102287",
        "climbing": "route_bottom",
        "climbing:grade:uiaa": "9+",
        "climbing:length": "16.0",
        "climbing:trad": "yes",
        "name": "Days of Rage",
        "sport": "climbing"
      },
      "geometry": {
        "type": "Point",
        "coordinates": [
          -83.6481535,
          37.8369522
        ]
      },
      "id": "node/7313102287"
    },
    {
      "type": "Feature",
      "properties": {
        "@id": "node/7313102288",
        "climbing": "route_bottom",
        "climbing:grade:uiaa": "3",
        "climbing:length": "25.0",
        "climbing:trad": "yes",
        "name": "American Wall",
        "sport": "climbing"
      },
      "geometry": {
        "type": "Point",
        "coordinates": [
          -83.6472697,
          37.8375815
        ]
      },
      "id": "node/7313102288"
    },
    {
      "type": "Feature",
      "properties": {
        "@id": "node/7313102385",
        "climbing": "crag",
        "climbing:grade:uiaa:max": "6+",
        "climbing:grade:uiaa:min": "3",
        "climbing:length:max": "47.24",
        "climbing:length:min": "7.62",
        "climbing:routes": "6",
        "climbing:trad": "yes",
        "name": "Dunkan Rock",
        "sport": "climbing"
      },
      "geometry": {
        "type": "Point",
        "coordinates": [
          -83.6385072,
          37.8404032
        ]
      },
      "id": "node/7313102385"
    },
    {
      "type": "Feature",
      "properties": {
        "@id": "node/7313102386",
        "climbing": "route_bottom",
        "climbing:grade:uiaa": "7",
        "climbing:length": "13.0",
        "climbing:trad": "yes",
        "name": "Afterburner",
        "sport": "climbing"
      },
      "geometry": {
        "type": "Point",
        "coordinates": [
          -83.6481145,
          37.836963
        ]
      },
      "id": "node/7313102386"
    },
    {
      "type": "Feature",
      "properties": {
        "@id": "node/7313102387",
        "climbing": "route_bottom",
        "climbing:grade:uiaa": "4-",
        "climbing:length": "22.0",
        "climbing:trad": "yes",
        "name": "Fortress Grunges",
        "sport": "climbing"
      },
      "geometry": {
        "type": "Point",
        "coordinates": [
          -83.647939,
          37.8370889
        ]
      },
      "id": "node/7313102387"
    },
    {
      "type": "Feature",
      "properties": {
        "@id": "node/7313102485",
        "climbing": "route_bottom",
        "climbing:grade:uiaa": "5+",
        "climbing:length": "16.0",
        "climbing:trad": "yes",
        "name": "Into the arms of the rhododendron",
        "sport": "climbing"
      },
      "geometry": {
        "type": "Point",
        "coordinates": [
          -83.64788,
          37.8375556
        ]
      },
      "id": "node/7313102485"
    },
    {
      "type": "Feature",
      "properties": {
        "@id": "node/7313102486",
        "climbing": "route_bottom",
        "climbing:grade:uiaa": "7",
        "climbing:length": "16.0",
        "climbing:trad": "yes",
        "name": "Thunder Chicken",
        "sport": "climbing"
      },
      "geometry": {
        "type": "Point",
        "coordinates": [
          -83.6476716,
          37.8373763
        ]
      },
      "id": "node/7313102486"
    },
    {
      "type": "Feature",
      "properties": {
        "@id": "node/7313102585",
        "climbing": "route_bottom",
        "climbing:grade:uiaa": "6-",
        "name": "Pigs In Space",
        "sport": "climbing"
      },
      "geometry": {
        "type": "Point",
        "coordinates": [
          -83.6471576,
          37.8376289
        ]
      },
      "id": "node/7313102585"
    },
    {
      "type": "Feature",
      "properties": {
        "@id": "node/7313102685",
        "climbing": "route_bottom",
        "climbing:grade:uiaa": "5+",
        "climbing:length": "13.0",
        "climbing:trad": "yes",
        "name": "Scratch Your Face",
        "sport": "climbing"
      },
      "geometry": {
        "type": "Point",
        "coordinates": [
          -83.6479018,
          37.8371682
        ]
      },
      "id": "node/7313102685"
    },
    {
      "type": "Feature",
      "properties": {
        "@id": "node/7313102686",
        "climbing": "route_bottom",
        "climbing:grade:uiaa": "6-",
        "climbing:length": "19.0",
        "climbing:trad": "yes",
        "name": "The Wasp",
        "sport": "climbing"
      },
      "geometry": {
        "type": "Point",
        "coordinates": [
          -83.6476314,
          37.8373252
        ]
      },
      "id": "node/7313102686"
    },
    {
      "type": "Feature",
      "properties": {
        "@id": "node/7313102687",
        "climbing": "route_bottom",
        "climbing:grade:uiaa": "6",
        "climbing:length": "46.0",
        "climbing:trad": "yes",
        "name": "Lost in Space",
        "sport": "climbing"
      },
      "geometry": {
        "type": "Point",
        "coordinates": [
          -83.6463169,
          37.8380733
        ]
      },
      "id": "node/7313102687"
    },
    {
      "type": "Feature",
      "properties": {
        "@id": "node/7313102688",
        "climbing": "route_bottom",
        "climbing:grade:uiaa": "4",
        "climbing:length": "10.0",
        "climbing:trad": "yes",
        "name": "Oozing Couth",
        "sport": "climbing"
      },
      "geometry": {
        "type": "Point",
        "coordinates": [
          -83.6479339,
          37.8370483
        ]
      },
      "id": "node/7313102688"
    },
    {
      "type": "Feature",
      "properties": {
        "@id": "node/7313102689",
        "climbing": "route_bottom",
        "climbing:grade:uiaa": "5-",
        "climbing:length": "19.0",
        "climbing:trad": "yes",
        "name": "Calypso II",
        "sport": "climbing"
      },
      "geometry": {
        "type": "Point",
        "coordinates": [
          -83.6478144,
          37.8372061
        ]
      },
      "id": "node/7313102689"
    },
    {
      "type": "Feature",
      "properties": {
        "@id": "node/7313102690",
        "climbing": "crag",
        "climbing:grade:uiaa:max": "9+",
        "climbing:grade:uiaa:min": "2+",
        "climbing:length:max": "45.72",
        "climbing:length:min": "9.14",
        "climbing:routes": "32",
        "climbing:trad": "yes",
        "name": "Fortress Wall",
        "sport": "climbing"
      },
      "geometry": {
        "type": "Point",
        "coordinates": [
          -83.6470107,
          37.8372762
        ]
      },
      "id": "node/7313102690"
    },
    {
      "type": "Feature",
      "properties": {
        "@id": "node/7313102691",
        "climbing": "route_bottom",
        "climbing:grade:uiaa": "4",
        "climbing:length": "19.0",
        "climbing:trad": "yes",
        "name": "Route 48",
        "sport": "climbing"
      },
      "geometry": {
        "type": "Point",
        "coordinates": [
          -83.6470981,
          37.8376791
        ]
      },
      "id": "node/7313102691"
    },
    {
      "type": "Feature",
      "properties": {
        "@id": "node/7313102692",
        "climbing": "route_bottom",
        "climbing:grade:uiaa": "6+",
        "climbing:length": "16.0",
        "climbing:trad": "yes",
        "name": "The Battlement",
        "sport": "climbing"
      },
      "geometry": {
        "type": "Point",
        "coordinates": [
          -83.6469185,
          37.8377067
        ]
      },
      "id": "node/7313102692"
    },
    {
      "type": "Feature",
      "properties": {
        "@id": "node/7313102785",
        "climbing": "route_bottom",
        "climbing:grade:uiaa": "5+",
        "climbing:length": "11.0",
        "climbing:trad": "yes",
        "name": "Brian's Farewell",
        "sport": "climbing"
      },
      "geometry": {
        "type": "Point",
        "coordinates": [
          -83.6463003,
          37.8375517
        ]
      },
      "id": "node/7313102785"
    },
    {
      "type": "Feature",
      "properties": {
        "@id": "node/7313102786",
        "climbing": "route_bottom",
        "climbing:grade:uiaa": "7-",
        "climbing:length": "19.0",
        "climbing:trad": "yes",
        "name": "Lost 'n Lichen It",
        "sport": "climbing"
      },
      "geometry": {
        "type": "Point",
        "coordinates": [
          -83.6478163,
          37.8371776
        ]
      },
      "id": "node/7313102786"
    },
    {
      "type": "Feature",
      "properties": {
        "@id": "node/7313102885",
        "climbing": "route_bottom",
        "climbing:grade:uiaa": "4",
        "climbing:length": "16.0",
        "climbing:trad": "yes",
        "name": "The Turret",
        "sport": "climbing"
      },
      "geometry": {
        "type": "Point",
        "coordinates": [
          -83.6481171,
          37.8367825
        ]
      },
      "id": "node/7313102885"
    },
    {
      "type": "Feature",
      "properties": {
        "@id": "node/7313102886",
        "climbing": "route_bottom",
        "climbing:grade:uiaa": "4-",
        "climbing:length": "22.0",
        "climbing:trad": "yes",
        "name": "Bonzo's Revenge",
        "sport": "climbing"
      },
      "geometry": {
        "type": "Point",
        "coordinates": [
          -83.6479226,
          37.8371235
        ]
      },
      "id": "node/7313102886"
    },
    {
      "type": "Feature",
      "properties": {
        "@id": "node/7313102887",
        "climbing": "route_bottom",
        "climbing:grade:uiaa": "5+",
        "climbing:length": "19.0",
        "climbing:trad": "yes",
        "name": "Blue Runner",
        "sport": "climbing"
      },
      "geometry": {
        "type": "Point",
        "coordinates": [
          -83.6474781,
          37.8374404
        ]
      },
      "id": "node/7313102887"
    },
    {
      "type": "Feature",
      "properties": {
        "@id": "node/7313102985",
        "climbing": "route_bottom",
        "climbing:grade:uiaa": "6",
        "climbing:length": "19.0",
        "climbing:trad": "yes",
        "name": "Serpent",
        "sport": "climbing"
      },
      "geometry": {
        "type": "Point",
        "coordinates": [
          -83.6478628,
          37.8371584
        ]
      },
      "id": "node/7313102985"
    },
    {
      "type": "Feature",
      "properties": {
        "@id": "node/7313102986",
        "climbing": "route_bottom",
        "climbing:grade:uiaa": "5-",
        "climbing:length": "19.0",
        "climbing:trad": "yes",
        "name": "Calypso I",
        "sport": "climbing"
      },
      "geometry": {
        "type": "Point",
        "coordinates": [
          -83.6474297,
          37.8374656
        ]
      },
      "id": "node/7313102986"
    },
    {
      "type": "Feature",
      "properties": {
        "@id": "node/7313114891",
        "climbing": "route_bottom",
        "climbing:grade:uiaa": "5-",
        "climbing:length": "40.0",
        "climbing:trad": "yes",
        "name": "Synergy",
        "sport": "climbing"
      },
      "geometry": {
        "type": "Point",
        "coordinates": [
          -83.5719305,
          37.899749
        ]
      },
      "id": "node/7313114891"
    },
    {
      "type": "Feature",
      "properties": {
        "@id": "node/7313127887",
        "climbing": "route_bottom",
        "climbing:grade:uiaa": "5",
        "climbing:length": "22.0",
        "climbing:trad": "yes",
        "name": "Second Thoughts",
        "sport": "climbing"
      },
      "geometry": {
        "type": "Point",
        "coordinates": [
          -83.5697806,
          37.8966407
        ]
      },
      "id": "node/7313127887"
    },
    {
      "type": "Feature",
      "properties": {
        "@id": "node/7313127888",
        "climbing": "route_bottom",
        "climbing:grade:uiaa": "6-",
        "climbing:length": "25.0",
        "climbing:trad": "yes",
        "name": "The Gauntlet",
        "sport": "climbing"
      },
      "geometry": {
        "type": "Point",
        "coordinates": [
          -83.5708449,
          37.8970766
        ]
      },
      "id": "node/7313127888"
    },
    {
      "type": "Feature",
      "properties": {
        "@id": "node/7313127889",
        "climbing": "crag",
        "climbing:grade:uiaa:max": "6-",
        "climbing:grade:uiaa:min": "4-",
        "climbing:length:max": "39.62",
        "climbing:length:min": "13.72",
        "climbing:routes": "10",
        "climbing:trad": "yes",
        "name": "Mariba Fork",
        "sport": "climbing"
      },
      "geometry": {
        "type": "Point",
        "coordinates": [
          -83.5712392,
          37.8979178
        ]
      },
      "id": "node/7313127889"
    },
    {
      "type": "Feature",
      "properties": {
        "@id": "node/7313127890",
        "climbing": "route_bottom",
        "climbing:grade:uiaa": "5",
        "climbing:length": "23.0",
        "climbing:trad": "yes",
        "name": "Rock Lobster",
        "sport": "climbing"
      },
      "geometry": {
        "type": "Point",
        "coordinates": [
          -83.5708795,
          37.8976663
        ]
      },
      "id": "node/7313127890"
    },
    {
      "type": "Feature",
      "properties": {
        "@id": "node/7313129886",
        "climbing": "route_bottom",
        "climbing:grade:uiaa": "4-",
        "climbing:length": "19.0",
        "climbing:trad": "yes",
        "name": "Heartbreak of Psoriasis",
        "sport": "climbing"
      },
      "geometry": {
        "type": "Point",
        "coordinates": [
          -83.570759,
          37.897337
        ]
      },
      "id": "node/7313129886"
    },
    {
      "type": "Feature",
      "properties": {
        "@id": "node/7313129887",
        "climbing": "route_bottom",
        "climbing:grade:uiaa": "4",
        "climbing:length": "25.0",
        "climbing:trad": "yes",
        "name": "Leo",
        "sport": "climbing"
      },
      "geometry": {
        "type": "Point",
        "coordinates": [
          -83.5708605,
          37.898661
        ]
      },
      "id": "node/7313129887"
    },
    {
      "type": "Feature",
      "properties": {
        "@id": "node/7313149385",
        "climbing": "route_bottom",
        "climbing:grade:uiaa": "6-",
        "climbing:length": "14.0",
        "climbing:trad": "yes",
        "name": "The Mayor",
        "sport": "climbing"
      },
      "geometry": {
        "type": "Point",
        "coordinates": [
          -83.5718516,
          37.8995116
        ]
      },
      "id": "node/7313149385"
    },
    {
      "type": "Feature",
      "properties": {
        "@id": "node/7313149386",
        "climbing": "route_bottom",
        "climbing:grade:uiaa": "5+",
        "climbing:length": "23.0",
        "climbing:trad": "yes",
        "name": "Reach the Beach",
        "sport": "climbing"
      },
      "geometry": {
        "type": "Point",
        "coordinates": [
          -83.5714854,
          37.8993977
        ]
      },
      "id": "node/7313149386"
    },
    {
      "type": "Feature",
      "properties": {
        "@id": "node/7313149485",
        "climbing": "route_bottom",
        "climbing:grade:uiaa": "4-",
        "climbing:length": "16.0",
        "climbing:trad": "yes",
        "name": "Laceration",
        "sport": "climbing"
      },
      "geometry": {
        "type": "Point",
        "coordinates": [
          -83.5710457,
          37.8994251
        ]
      },
      "id": "node/7313149485"
    },
    {
      "type": "Feature",
      "properties": {
        "@id": "node/7314110485",
        "climbing": "route_bottom",
        "climbing:grade:uiaa": "9-",
        "climbing:length": "31.0",
        "climbing:sport": "yes",
        "name": "Forearm Follies - extension",
        "sport": "climbing"
      },
      "geometry": {
        "type": "Point",
        "coordinates": [
          -83.6683404,
          37.8171272
        ]
      },
      "id": "node/7314110485"
    },
    {
      "type": "Feature",
      "properties": {
        "@id": "node/7314110486",
        "climbing": "route_bottom",
        "climbing:grade:uiaa": "9-",
        "climbing:length": "16.0",
        "climbing:sport": "yes",
        "name": "Etrier",
        "sport": "climbing"
      },
      "geometry": {
        "type": "Point",
        "coordinates": [
          -83.6683343,
          37.8168855
        ]
      },
      "id": "node/7314110486"
    },
    {
      "type": "Feature",
      "properties": {
        "@id": "node/7314110487",
        "climbing": "route_bottom",
        "climbing:grade:uiaa": "9",
        "climbing:length": "22.0",
        "climbing:sport": "yes",
        "name": "Super Slab",
        "sport": "climbing"
      },
      "geometry": {
        "type": "Point",
        "coordinates": [
          -83.6685098,
          37.8166203
        ]
      },
      "id": "node/7314110487"
    },
    {
      "type": "Feature",
      "properties": {
        "@id": "node/7314110488",
        "climbing": "route_bottom",
        "climbing:grade:uiaa": "8",
        "climbing:length": "37.0",
        "climbing:trad": "yes",
        "name": "Pink Feat",
        "sport": "climbing"
      },
      "geometry": {
        "type": "Point",
        "coordinates": [
          -83.6685652,
          37.8165595
        ]
      },
      "id": "node/7314110488"
    },
    {
      "type": "Feature",
      "properties": {
        "@id": "node/7314110489",
        "climbing": "route_bottom",
        "climbing:grade:uiaa": "8+",
        "climbing:length": "22.0",
        "climbing:sport": "yes",
        "name": "Nothing For Now",
        "sport": "climbing"
      },
      "geometry": {
        "type": "Point",
        "coordinates": [
          -83.6688322,
          37.8161921
        ]
      },
      "id": "node/7314110489"
    },
    {
      "type": "Feature",
      "properties": {
        "@id": "node/7314110490",
        "climbing": "route_bottom",
        "climbing:grade:uiaa": "8+",
        "climbing:length": "16.0",
        "climbing:sport": "yes",
        "name": "Right Turret",
        "sport": "climbing"
      },
      "geometry": {
        "type": "Point",
        "coordinates": [
          -83.6689143,
          37.8159213
        ]
      },
      "id": "node/7314110490"
    },
    {
      "type": "Feature",
      "properties": {
        "@id": "node/7314110491",
        "climbing": "route_bottom",
        "climbing:bolts": "6",
        "climbing:grade:uiaa": "7+",
        "climbing:length": "17.0",
        "climbing:sport": "yes",
        "name": "Parting Gift",
        "sport": "climbing"
      },
      "geometry": {
        "type": "Point",
        "coordinates": [
          -83.6691771,
          37.8159204
        ]
      },
      "id": "node/7314110491"
    },
    {
      "type": "Feature",
      "properties": {
        "@id": "node/7314110492",
        "climbing": "route_bottom",
        "climbing:grade:uiaa": "9",
        "climbing:length": "16.0",
        "climbing:sport": "yes",
        "name": "Thirsting Skull",
        "sport": "climbing"
      },
      "geometry": {
        "type": "Point",
        "coordinates": [
          -83.6695067,
          37.8157326
        ]
      },
      "id": "node/7314110492"
    },
    {
      "type": "Feature",
      "properties": {
        "@id": "node/7314110493",
        "climbing": "route_bottom",
        "climbing:grade:uiaa": "7-",
        "climbing:length": "25.0",
        "climbing:trad": "yes",
        "name": "Beenestalker",
        "sport": "climbing"
      },
      "geometry": {
        "type": "Point",
        "coordinates": [
          -83.6695203,
          37.8156146
        ]
      },
      "id": "node/7314110493"
    },
    {
      "type": "Feature",
      "properties": {
        "@id": "node/7314110494",
        "climbing": "route_bottom",
        "climbing:bolts": "6",
        "climbing:grade:uiaa": "5",
        "climbing:length": "19.0",
        "climbing:sport": "yes",
        "name": "Mr. Bungle",
        "sport": "climbing"
      },
      "geometry": {
        "type": "Point",
        "coordinates": [
          -83.6655026,
          37.81542
        ]
      },
      "id": "node/7314110494"
    },
    {
      "type": "Feature",
      "properties": {
        "@id": "node/7314110495",
        "climbing": "route_bottom",
        "climbing:bolts": "4",
        "climbing:grade:uiaa": "7",
        "climbing:length": "16.0",
        "climbing:sport": "yes",
        "name": "Maypop",
        "sport": "climbing"
      },
      "geometry": {
        "type": "Point",
        "coordinates": [
          -83.6654358,
          37.8153914
        ]
      },
      "id": "node/7314110495"
    },
    {
      "type": "Feature",
      "properties": {
        "@id": "node/7314110496",
        "climbing": "route_bottom",
        "climbing:grade:uiaa": "5+",
        "climbing:length": "16.0",
        "climbing:trad": "yes",
        "name": "Not Worth It",
        "sport": "climbing"
      },
      "geometry": {
        "type": "Point",
        "coordinates": [
          -83.6695836,
          37.8153557
        ]
      },
      "id": "node/7314110496"
    },
    {
      "type": "Feature",
      "properties": {
        "@id": "node/7314110497",
        "climbing": "route_bottom",
        "climbing:grade:uiaa": "8-",
        "climbing:length": "19.0",
        "climbing:sport": "yes",
        "name": "Minumum Creep",
        "sport": "climbing"
      },
      "geometry": {
        "type": "Point",
        "coordinates": [
          -83.6695981,
          37.8153059
        ]
      },
      "id": "node/7314110497"
    },
    {
      "type": "Feature",
      "properties": {
        "@id": "node/7314110498",
        "climbing": "route_bottom",
        "climbing:grade:uiaa": "?",
        "climbing:length": "23.0",
        "climbing:trad": "yes",
        "name": "Birthday Party",
        "sport": "climbing"
      },
      "geometry": {
        "type": "Point",
        "coordinates": [
          -83.6651847,
          37.8152759
        ]
      },
      "id": "node/7314110498"
    },
    {
      "type": "Feature",
      "properties": {
        "@id": "node/7314110499",
        "climbing": "route_bottom",
        "climbing:grade:uiaa": "5+",
        "climbing:length": "19.0",
        "climbing:trad": "yes",
        "name": "Sailing Shoes",
        "sport": "climbing"
      },
      "geometry": {
        "type": "Point",
        "coordinates": [
          -83.6697206,
          37.8152068
        ]
      },
      "id": "node/7314110499"
    },
    {
      "type": "Feature",
      "properties": {
        "@id": "node/7314110500",
        "climbing": "route_bottom",
        "climbing:grade:uiaa": "7-",
        "climbing:length": "13.0",
        "climbing:sport": "yes",
        "name": "Possum Lips",
        "sport": "climbing"
      },
      "geometry": {
        "type": "Point",
        "coordinates": [
          -83.6701382,
          37.8150625
        ]
      },
      "id": "node/7314110500"
    },
    {
      "type": "Feature",
      "properties": {
        "@id": "node/7314110501",
        "climbing": "route_bottom",
        "climbing:grade:uiaa": "9-",
        "climbing:length": "19.0",
        "climbing:sport": "yes",
        "name": "Tissue Tiger",
        "sport": "climbing"
      },
      "geometry": {
        "type": "Point",
        "coordinates": [
          -83.6701983,
          37.8150528
        ]
      },
      "id": "node/7314110501"
    },
    {
      "type": "Feature",
      "properties": {
        "@id": "node/7314110502",
        "climbing": "route_bottom",
        "climbing:bolts": "5",
        "climbing:grade:uiaa": "8-",
        "climbing:length": "19.0",
        "climbing:sport": "yes",
        "name": "Relaxed Atmosphere",
        "sport": "climbing"
      },
      "geometry": {
        "type": "Point",
        "coordinates": [
          -83.6648778,
          37.8150234
        ]
      },
      "id": "node/7314110502"
    },
    {
      "type": "Feature",
      "properties": {
        "@id": "node/7314110503",
        "climbing": "route_bottom",
        "climbing:grade:uiaa": "9",
        "climbing:length": "28.0",
        "climbing:sport": "yes",
        "name": "Mule",
        "sport": "climbing"
      },
      "geometry": {
        "type": "Point",
        "coordinates": [
          -83.6703056,
          37.8149534
        ]
      },
      "id": "node/7314110503"
    },
    {
      "type": "Feature",
      "properties": {
        "@id": "node/7314110504",
        "climbing": "route_bottom",
        "climbing:bolts": "5",
        "climbing:grade:uiaa": "7+",
        "climbing:length": "16.0",
        "climbing:sport": "yes",
        "name": "Hen-ry!",
        "sport": "climbing"
      },
      "geometry": {
        "type": "Point",
        "coordinates": [
          -83.6646773,
          37.8149321
        ]
      },
      "id": "node/7314110504"
    },
    {
      "type": "Feature",
      "properties": {
        "@id": "node/7314110505",
        "climbing": "route_bottom",
        "climbing:grade:uiaa": "10",
        "climbing:length": "28.0",
        "climbing:sport": "yes",
        "name": "The Legend",
        "sport": "climbing"
      },
      "geometry": {
        "type": "Point",
        "coordinates": [
          -83.6703553,
          37.8149021
        ]
      },
      "id": "node/7314110505"
    },
    {
      "type": "Feature",
      "properties": {
        "@id": "node/7314110506",
        "climbing": "route_bottom",
        "climbing:bolts": "10",
        "climbing:grade:uiaa": "10",
        "climbing:length": "25.0",
        "climbing:sport": "yes",
        "name": "Table of Colors",
        "sport": "climbing"
      },
      "geometry": {
        "type": "Point",
        "coordinates": [
          -83.6645238,
          37.8148065
        ]
      },
      "id": "node/7314110506"
    },
    {
      "type": "Feature",
      "properties": {
        "@id": "node/7314110507",
        "climbing": "route_bottom",
        "climbing:grade:uiaa": "8+",
        "climbing:length": "31.0",
        "climbing:sport": "yes",
        "name": "Forearm Follies",
        "sport": "climbing"
      },
      "geometry": {
        "type": "Point",
        "coordinates": [
          -83.6706235,
          37.8147436
        ]
      },
      "id": "node/7314110507"
    },
    {
      "type": "Feature",
      "properties": {
        "@id": "node/7314110508",
        "climbing": "route_bottom",
        "climbing:grade:uiaa": "7-",
        "climbing:length": "31.0",
        "climbing:trad": "yes",
        "name": "Henry Kissinger's Glasses",
        "sport": "climbing"
      },
      "geometry": {
        "type": "Point",
        "coordinates": [
          -83.6705263,
          37.8147022
        ]
      },
      "id": "node/7314110508"
    },
    {
      "type": "Feature",
      "properties": {
        "@id": "node/7314110509",
        "climbing": "route_bottom",
        "climbing:grade:uiaa": "7+",
        "climbing:length": "19.0",
        "climbing:sport": "yes",
        "name": "Another Doug Reed Route",
        "sport": "climbing"
      },
      "geometry": {
        "type": "Point",
        "coordinates": [
          -83.6706549,
          37.8146963
        ]
      },
      "id": "node/7314110509"
    },
    {
      "type": "Feature",
      "properties": {
        "@id": "node/7314110510",
        "climbing": "route_bottom",
        "climbing:grade:uiaa": "5+",
        "climbing:length": "54.0",
        "climbing:trad": "yes",
        "name": "Things That Go Bump In the Night",
        "sport": "climbing"
      },
      "geometry": {
        "type": "Point",
        "coordinates": [
          -83.6707105,
          37.8146297
        ]
      },
      "id": "node/7314110510"
    },
    {
      "type": "Feature",
      "properties": {
        "@id": "node/7314110511",
        "climbing": "route_bottom",
        "climbing:bolts": "6",
        "climbing:grade:uiaa": "9",
        "climbing:length": "20.0",
        "climbing:sport": "yes",
        "name": "The Dinosaur",
        "sport": "climbing"
      },
      "geometry": {
        "type": "Point",
        "coordinates": [
          -83.6643613,
          37.8145968
        ]
      },
      "id": "node/7314110511"
    },
    {
      "type": "Feature",
      "properties": {
        "@id": "node/7314110512",
        "climbing": "crag",
        "climbing:grade:uiaa:max": "11-",
        "climbing:grade:uiaa:min": "2+",
        "climbing:length:max": "54.86",
        "climbing:length:min": "9.14",
        "climbing:routes": "110",
        "climbing:sport": "yes",
        "climbing:trad": "yes",
        "name": "Military Wall",
        "sport": "climbing"
      },
      "geometry": {
        "type": "Point",
        "coordinates": [
          -83.6698408,
          37.8145434
        ]
      },
      "id": "node/7314110512"
    },
    {
      "type": "Feature",
      "properties": {
        "@id": "node/7314110585",
        "climbing": "route_bottom",
        "climbing:grade:uiaa": "5+",
        "climbing:length": "25.0",
        "climbing:trad": "yes",
        "name": "Gullyneering",
        "sport": "climbing"
      },
      "geometry": {
        "type": "Point",
        "coordinates": [
          -83.6683178,
          37.8170404
        ]
      },
      "id": "node/7314110585"
    },
    {
      "type": "Feature",
      "properties": {
        "@id": "node/7314110586",
        "climbing": "route_bottom",
        "climbing:grade:uiaa": "9",
        "climbing:length": "23.0",
        "climbing:sport": "yes",
        "name": "Daisychain",
        "sport": "climbing"
      },
      "geometry": {
        "type": "Point",
        "coordinates": [
          -83.6683178,
          37.8169666
        ]
      },
      "id": "node/7314110586"
    },
    {
      "type": "Feature",
      "properties": {
        "@id": "node/7314110587",
        "climbing": "route_bottom",
        "climbing:grade:uiaa": "3",
        "climbing:length": "40.0",
        "climbing:trad": "yes",
        "name": "Armed Forces",
        "sport": "climbing"
      },
      "geometry": {
        "type": "Point",
        "coordinates": [
          -83.6683568,
          37.8168093
        ]
      },
      "id": "node/7314110587"
    },
    {
      "type": "Feature",
      "properties": {
        "@id": "node/7314110588",
        "climbing": "route_bottom",
        "climbing:grade:uiaa": "5-",
        "climbing:length": "40.0",
        "climbing:trad": "yes",
        "name": "G.I.",
        "sport": "climbing"
      },
      "geometry": {
        "type": "Point",
        "coordinates": [
          -83.6683733,
          37.8167574
        ]
      },
      "id": "node/7314110588"
    },
    {
      "type": "Feature",
      "properties": {
        "@id": "node/7314110589",
        "climbing": "route_bottom",
        "climbing:grade:uiaa": "3",
        "climbing:length": "31.0",
        "climbing:trad": "yes",
        "name": "Green Gully",
        "sport": "climbing"
      },
      "geometry": {
        "type": "Point",
        "coordinates": [
          -83.6686505,
          37.8164808
        ]
      },
      "id": "node/7314110589"
    },
    {
      "type": "Feature",
      "properties": {
        "@id": "node/7314110590",
        "climbing": "route_bottom",
        "climbing:grade:uiaa": "9-",
        "climbing:length": "22.0",
        "climbing:sport": "yes",
        "name": "Special Impetus",
        "sport": "climbing"
      },
      "geometry": {
        "type": "Point",
        "coordinates": [
          -83.6687357,
          37.8163957
        ]
      },
      "id": "node/7314110590"
    },
    {
      "type": "Feature",
      "properties": {
        "@id": "node/7314110591",
        "climbing": "route_bottom",
        "climbing:grade:uiaa": "8-",
        "climbing:length": "22.0",
        "climbing:sport": "yes",
        "name": "Bozo's Bogus Booty Biner",
        "sport": "climbing"
      },
      "geometry": {
        "type": "Point",
        "coordinates": [
          -83.6688055,
          37.816283
        ]
      },
      "id": "node/7314110591"
    },
    {
      "type": "Feature",
      "properties": {
        "@id": "node/7314110592",
        "climbing": "route_bottom",
        "climbing:grade:uiaa": "6+",
        "climbing:length": "22.0",
        "climbing:trad": "yes",
        "name": "Beene Material",
        "sport": "climbing"
      },
      "geometry": {
        "type": "Point",
        "coordinates": [
          -83.6688044,
          37.8161216
        ]
      },
      "id": "node/7314110592"
    },
    {
      "type": "Feature",
      "properties": {
        "@id": "node/7314110593",
        "climbing": "route_bottom",
        "climbing:grade:uiaa": "5",
        "climbing:length": "25.0",
        "climbing:trad": "yes",
        "name": "Thought It Was Bubbles",
        "sport": "climbing"
      },
      "geometry": {
        "type": "Point",
        "coordinates": [
          -83.6693229,
          37.8159456
        ]
      },
      "id": "node/7314110593"
    },
    {
      "type": "Feature",
      "properties": {
        "@id": "node/7314110594",
        "climbing": "route_bottom",
        "climbing:grade:uiaa": "8",
        "climbing:length": "10.0",
        "climbing:sport": "yes",
        "name": "Government Cheese",
        "sport": "climbing"
      },
      "geometry": {
        "type": "Point",
        "coordinates": [
          -83.6692356,
          37.8159286
        ]
      },
      "id": "node/7314110594"
    },
    {
      "type": "Feature",
      "properties": {
        "@id": "node/7314110595",
        "climbing": "route_bottom",
        "climbing:grade:uiaa": "8-",
        "climbing:length": "19.0",
        "climbing:sport": "yes",
        "name": "Hurricane Amy",
        "sport": "climbing"
      },
      "geometry": {
        "type": "Point",
        "coordinates": [
          -83.6695466,
          37.815492
        ]
      },
      "id": "node/7314110595"
    },
    {
      "type": "Feature",
      "properties": {
        "@id": "node/7314110596",
        "climbing": "route_bottom",
        "climbing:grade:uiaa": "8+",
        "climbing:length": "19.0",
        "climbing:sport": "yes",
        "name": "Too Many Puppies",
        "sport": "climbing"
      },
      "geometry": {
        "type": "Point",
        "coordinates": [
          -83.6657012,
          37.8154656
        ]
      },
      "id": "node/7314110596"
    },
    {
      "type": "Feature",
      "properties": {
        "@id": "node/7314110597",
        "climbing": "route_bottom",
        "climbing:bolts": "7",
        "climbing:grade:uiaa": "6-",
        "climbing:length": "19.0",
        "climbing:sport": "yes",
        "name": "Fast Food Christians",
        "sport": "climbing"
      },
      "geometry": {
        "type": "Point",
        "coordinates": [
          -83.6656416,
          37.8154642
        ]
      },
      "id": "node/7314110597"
    },
    {
      "type": "Feature",
      "properties": {
        "@id": "node/7314110598",
        "climbing": "route_bottom",
        "climbing:grade:uiaa": "5-",
        "climbing:length": "25.0",
        "climbing:trad": "yes",
        "name": "Blade Runner",
        "sport": "climbing"
      },
      "geometry": {
        "type": "Point",
        "coordinates": [
          -83.6695488,
          37.8154485
        ]
      },
      "id": "node/7314110598"
    },
    {
      "type": "Feature",
      "properties": {
        "@id": "node/7314110599",
        "climbing": "route_bottom",
        "climbing:grade:uiaa": "6",
        "climbing:length": "16.0",
        "climbing:sport": "yes",
        "name": "Danita Dolores",
        "sport": "climbing"
      },
      "geometry": {
        "type": "Point",
        "coordinates": [
          -83.6695677,
          37.8153884
        ]
      },
      "id": "node/7314110599"
    },
    {
      "type": "Feature",
      "properties": {
        "@id": "node/7314110600",
        "climbing": "route_bottom",
        "climbing:bolts": "4",
        "climbing:grade:uiaa": "9-",
        "climbing:length": "16.0",
        "climbing:sport": "yes",
        "name": "Infectious",
        "sport": "climbing"
      },
      "geometry": {
        "type": "Point",
        "coordinates": [
          -83.6652768,
          37.8153272
        ]
      },
      "id": "node/7314110600"
    },
    {
      "type": "Feature",
      "properties": {
        "@id": "node/7314110601",
        "climbing": "route_bottom",
        "climbing:grade:uiaa": "9-",
        "climbing:length": "19.0",
        "climbing:sport": "yes",
        "name": "Nicoderm",
        "sport": "climbing"
      },
      "geometry": {
        "type": "Point",
        "coordinates": [
          -83.6696416,
          37.8152681
        ]
      },
      "id": "node/7314110601"
    },
    {
      "type": "Feature",
      "properties": {
        "@id": "node/7314110602",
        "climbing": "route_bottom",
        "climbing:grade:uiaa": "8+",
        "climbing:length": "16.0",
        "climbing:sport": "yes",
        "name": "Nicorette",
        "sport": "climbing"
      },
      "geometry": {
        "type": "Point",
        "coordinates": [
          -83.6696887,
          37.8152297
        ]
      },
      "id": "node/7314110602"
    },
    {
      "type": "Feature",
      "properties": {
        "@id": "node/7314110603",
        "climbing": "route_bottom",
        "climbing:grade:uiaa": "6+",
        "climbing:length": "17.0",
        "climbing:sport": "yes",
        "name": "In the Light",
        "sport": "climbing"
      },
      "geometry": {
        "type": "Point",
        "coordinates": [
          -83.6697902,
          37.8151857
        ]
      },
      "id": "node/7314110603"
    },
    {
      "type": "Feature",
      "properties": {
        "@id": "node/7314110604",
        "climbing": "route_bottom",
        "climbing:grade:uiaa": "5+",
        "climbing:length": "16.0",
        "climbing:sport": "yes",
        "name": "Sunshine",
        "sport": "climbing"
      },
      "geometry": {
        "type": "Point",
        "coordinates": [
          -83.6698605,
          37.8151668
        ]
      },
      "id": "node/7314110604"
    },
    {
      "type": "Feature",
      "properties": {
        "@id": "node/7314110605",
        "climbing": "route_bottom",
        "climbing:grade:uiaa": "2+",
        "climbing:length": "16.0",
        "climbing:trad": "yes",
        "name": "Top-roper's Route",
        "sport": "climbing"
      },
      "geometry": {
        "type": "Point",
        "coordinates": [
          -83.6699881,
          37.8150975
        ]
      },
      "id": "node/7314110605"
    },
    {
      "type": "Feature",
      "properties": {
        "@id": "node/7314110606",
        "climbing": "route_bottom",
        "climbing:grade:uiaa": "9-",
        "climbing:length": "19.0",
        "climbing:sport": "yes",
        "name": "Gung Ho",
        "sport": "climbing"
      },
      "geometry": {
        "type": "Point",
        "coordinates": [
          -83.6702302,
          37.8150018
        ]
      },
      "id": "node/7314110606"
    },
    {
      "type": "Feature",
      "properties": {
        "@id": "node/7314110607",
        "climbing": "route_bottom",
        "climbing:bolts": "5",
        "climbing:grade:uiaa": "8-",
        "climbing:length": "19.0",
        "climbing:sport": "yes",
        "name": "Third World Lover",
        "sport": "climbing"
      },
      "geometry": {
        "type": "Point",
        "coordinates": [
          -83.6647622,
          37.8149549
        ]
      },
      "id": "node/7314110607"
    },
    {
      "type": "Feature",
      "properties": {
        "@id": "node/7314110608",
        "climbing": "route_bottom",
        "climbing:grade:uiaa": "7",
        "climbing:length": "22.0",
        "climbing:trad": "yes",
        "name": "Trad Boy Go",
        "sport": "climbing"
      },
      "geometry": {
        "type": "Point",
        "coordinates": [
          -83.6645942,
          37.814885
        ]
      },
      "id": "node/7314110608"
    },
    {
      "type": "Feature",
      "properties": {
        "@id": "node/7314110609",
        "climbing": "route_bottom",
        "climbing:grade:uiaa": "11-",
        "climbing:length": "25.0",
        "climbing:sport": "yes",
        "name": "Nagypapa",
        "sport": "climbing"
      },
      "geometry": {
        "type": "Point",
        "coordinates": [
          -83.6703863,
          37.8148797
        ]
      },
      "id": "node/7314110609"
    },
    {
      "type": "Feature",
      "properties": {
        "@id": "node/7314110610",
        "climbing": "route_bottom",
        "climbing:grade:uiaa": "7+",
        "climbing:length": "25.0",
        "climbing:trad": "yes",
        "name": "Mental Health",
        "sport": "climbing"
      },
      "geometry": {
        "type": "Point",
        "coordinates": [
          -83.6704081,
          37.814839
        ]
      },
      "id": "node/7314110610"
    },
    {
      "type": "Feature",
      "properties": {
        "@id": "node/7314110611",
        "climbing": "route_bottom",
        "climbing:bolts": "10",
        "climbing:grade:uiaa": "10-",
        "climbing:length": "25.0",
        "climbing:sport": "yes",
        "name": "Table of Colors (original start)",
        "sport": "climbing"
      },
      "geometry": {
        "type": "Point",
        "coordinates": [
          -83.6644733,
          37.8147181
        ]
      },
      "id": "node/7314110611"
    },
    {
      "type": "Feature",
      "properties": {
        "@id": "node/7314110612",
        "climbing": "route_bottom",
        "climbing:bolts": "9",
        "climbing:grade:uiaa": "9-",
        "climbing:length": "25.0",
        "climbing:sport": "yes",
        "name": "Mercy, the Huff",
        "sport": "climbing"
      },
      "geometry": {
        "type": "Point",
        "coordinates": [
          -83.6644209,
          37.8146625
        ]
      },
      "id": "node/7314110612"
    },
    {
      "type": "Feature",
      "properties": {
        "@id": "node/7314110613",
        "climbing": "crag",
        "climbing:grade:uiaa:max": "10",
        "climbing:grade:uiaa:min": "2-",
        "climbing:length:max": "24.38",
        "climbing:length:min": "9.14",
        "climbing:routes": "46",
        "climbing:sport": "yes",
        "climbing:trad": "yes",
        "name": "Left Flank",
        "sport": "climbing"
      },
      "geometry": {
        "type": "Point",
        "coordinates": [
          -83.6652498,
          37.8146582
        ]
      },
      "id": "node/7314110613"
    },
    {
      "type": "Feature",
      "properties": {
        "@id": "node/7314110614",
        "climbing": "route_bottom",
        "climbing:bolts": "4",
        "climbing:grade:uiaa": "8+",
        "climbing:length": "16.0",
        "climbing:sport": "yes",
        "name": "Wild, Yet Tasty",
        "sport": "climbing"
      },
      "geometry": {
        "type": "Point",
        "coordinates": [
          -83.6642891,
          37.8144998
        ]
      },
      "id": "node/7314110614"
    },
    {
      "type": "Feature",
      "properties": {
        "@id": "node/7314110685",
        "climbing": "route_bottom",
        "climbing:grade:uiaa": "8",
        "climbing:length": "17.0",
        "climbing:sport": "yes",
        "name": "All Things Considered",
        "sport": "climbing"
      },
      "geometry": {
        "type": "Point",
        "coordinates": [
          -83.6684297,
          37.8166909
        ]
      },
      "id": "node/7314110685"
    },
    {
      "type": "Feature",
      "properties": {
        "@id": "node/7314110686",
        "climbing": "route_bottom",
        "climbing:grade:uiaa": "6-",
        "climbing:length": "10.0",
        "climbing:trad": "yes",
        "name": "Subatomic Fingerlock",
        "sport": "climbing"
      },
      "geometry": {
        "type": "Point",
        "coordinates": [
          -83.6688383,
          37.8159626
        ]
      },
      "id": "node/7314110686"
    },
    {
      "type": "Feature",
      "properties": {
        "@id": "node/7314110687",
        "climbing": "route_bottom",
        "climbing:grade:uiaa": "8",
        "climbing:length": "16.0",
        "climbing:sport": "yes",
        "name": "Jac Mac",
        "sport": "climbing"
      },
      "geometry": {
        "type": "Point",
        "coordinates": [
          -83.6694406,
          37.8159232
        ]
      },
      "id": "node/7314110687"
    },
    {
      "type": "Feature",
      "properties": {
        "@id": "node/7314110688",
        "climbing": "route_bottom",
        "climbing:grade:uiaa": "7+",
        "climbing:length": "16.0",
        "climbing:sport": "yes",
        "name": "Left Turret",
        "sport": "climbing"
      },
      "geometry": {
        "type": "Point",
        "coordinates": [
          -83.6691032,
          37.8159131
        ]
      },
      "id": "node/7314110688"
    },
    {
      "type": "Feature",
      "properties": {
        "@id": "node/7314110689",
        "climbing": "route_bottom",
        "climbing:grade:uiaa": "10-",
        "climbing:length": "19.0",
        "climbing:sport": "yes",
        "name": "Revival",
        "sport": "climbing"
      },
      "geometry": {
        "type": "Point",
        "coordinates": [
          -83.6695437,
          37.8155527
        ]
      },
      "id": "node/7314110689"
    },
    {
      "type": "Feature",
      "properties": {
        "@id": "node/7314110690",
        "climbing": "route_bottom",
        "climbing:bolts": "7",
        "climbing:grade:uiaa": "6-",
        "climbing:length": "19.0",
        "climbing:sport": "yes",
        "name": "To Defy the Laws of Tradition",
        "sport": "climbing"
      },
      "geometry": {
        "type": "Point",
        "coordinates": [
          -83.6658041,
          37.8154999
        ]
      },
      "id": "node/7314110690"
    },
    {
      "type": "Feature",
      "properties": {
        "@id": "node/7314110691",
        "climbing": "route_bottom",
        "climbing:bolts": "8",
        "climbing:grade:uiaa": "5",
        "climbing:length": "22.0",
        "climbing:trad": "yes",
        "name": "Face Up to That Crack",
        "sport": "climbing"
      },
      "geometry": {
        "type": "Point",
        "coordinates": [
          -83.665582,
          37.8154271
        ]
      },
      "id": "node/7314110691"
    },
    {
      "type": "Feature",
      "properties": {
        "@id": "node/7314110692",
        "climbing": "route_bottom",
        "climbing:bolts": "4",
        "climbing:grade:uiaa": "5+",
        "climbing:length": "13.0",
        "climbing:sport": "yes",
        "name": "Brother Stair",
        "sport": "climbing"
      },
      "geometry": {
        "type": "Point",
        "coordinates": [
          -83.6653527,
          37.8153544
        ]
      },
      "id": "node/7314110692"
    },
    {
      "type": "Feature",
      "properties": {
        "@id": "node/7314110693",
        "climbing": "route_bottom",
        "climbing:grade:uiaa": "8-",
        "climbing:length": "16.0",
        "climbing:trad": "yes",
        "name": "Unsportsmanlike Conduct",
        "sport": "climbing"
      },
      "geometry": {
        "type": "Point",
        "coordinates": [
          -83.6650981,
          37.8152188
        ]
      },
      "id": "node/7314110693"
    },
    {
      "type": "Feature",
      "properties": {
        "@id": "node/7314110694",
        "climbing": "route_bottom",
        "climbing:bolts": "5",
        "climbing:grade:uiaa": "9-",
        "climbing:length": "16.0",
        "climbing:sport": "yes",
        "name": "Sex Farm",
        "sport": "climbing"
      },
      "geometry": {
        "type": "Point",
        "coordinates": [
          -83.6650078,
          37.8151675
        ]
      },
      "id": "node/7314110694"
    },
    {
      "type": "Feature",
      "properties": {
        "@id": "node/7314110695",
        "climbing": "route_bottom",
        "climbing:grade:uiaa": "5+",
        "climbing:length": "16.0",
        "climbing:sport": "yes",
        "name": "Moonbeam",
        "sport": "climbing"
      },
      "geometry": {
        "type": "Point",
        "coordinates": [
          -83.6699048,
          37.8151393
        ]
      },
      "id": "node/7314110695"
    },
    {
      "type": "Feature",
      "properties": {
        "@id": "node/7314110696",
        "climbing": "route_bottom",
        "climbing:grade:uiaa": "2-",
        "climbing:length": "10.0",
        "climbing:trad": "yes",
        "name": "Gumby Unicorn",
        "sport": "climbing"
      },
      "geometry": {
        "type": "Point",
        "coordinates": [
          -83.6649825,
          37.8151232
        ]
      },
      "id": "node/7314110696"
    },
    {
      "type": "Feature",
      "properties": {
        "@id": "node/7314110697",
        "climbing": "route_bottom",
        "climbing:grade:uiaa": "5-",
        "climbing:length": "19.0",
        "climbing:trad": "yes",
        "name": "Decays Way",
        "sport": "climbing"
      },
      "geometry": {
        "type": "Point",
        "coordinates": [
          -83.669941,
          37.8151141
        ]
      },
      "id": "node/7314110697"
    },
    {
      "type": "Feature",
      "properties": {
        "@id": "node/7314110698",
        "climbing": "route_bottom",
        "climbing:bolts": "4",
        "climbing:grade:uiaa": "6-",
        "climbing:length": "16.0",
        "climbing:sport": "yes",
        "name": "Stay Left",
        "sport": "climbing"
      },
      "geometry": {
        "type": "Point",
        "coordinates": [
          -83.6700381,
          37.8150751
        ]
      },
      "id": "node/7314110698"
    },
    {
      "type": "Feature",
      "properties": {
        "@id": "node/7314110699",
        "climbing": "route_bottom",
        "climbing:grade:uiaa": "5+",
        "climbing:length": "16.0",
        "climbing:sport": "yes",
        "name": "Mercy Miss Percy",
        "sport": "climbing"
      },
      "geometry": {
        "type": "Point",
        "coordinates": [
          -83.6701048,
          37.8150579
        ]
      },
      "id": "node/7314110699"
    },
    {
      "type": "Feature",
      "properties": {
        "@id": "node/7314110700",
        "climbing": "route_bottom",
        "climbing:grade:uiaa": "9-",
        "climbing:length": "10.0",
        "climbing:sport": "yes",
        "name": "Reliquary",
        "sport": "climbing"
      },
      "geometry": {
        "type": "Point",
        "coordinates": [
          -83.670265,
          37.8149594
        ]
      },
      "id": "node/7314110700"
    },
    {
      "type": "Feature",
      "properties": {
        "@id": "node/7314110701",
        "climbing": "route_bottom",
        "climbing:grade:uiaa": "4",
        "climbing:length": "31.0",
        "climbing:trad": "yes",
        "name": "Stacy's Farewell",
        "sport": "climbing"
      },
      "geometry": {
        "type": "Point",
        "coordinates": [
          -83.670443,
          37.8148111
        ]
      },
      "id": "node/7314110701"
    },
    {
      "type": "Feature",
      "properties": {
        "@id": "node/7314110785",
        "climbing": "route_bottom",
        "climbing:grade:uiaa": "8+",
        "climbing:length": "16.0",
        "climbing:sport": "yes",
        "name": "Rad Boy Go",
        "sport": "climbing"
      },
      "geometry": {
        "type": "Point",
        "coordinates": [
          -83.6694014,
          37.8159361
        ]
      },
      "id": "node/7314110785"
    },
    {
      "type": "Feature",
      "properties": {
        "@id": "node/7314110786",
        "climbing": "route_bottom",
        "climbing:bolts": "5",
        "climbing:grade:uiaa": "9+",
        "climbing:length": "14.0",
        "climbing:sport": "yes",
        "name": "Stunning the Hog",
        "sport": "climbing"
      },
      "geometry": {
        "type": "Point",
        "coordinates": [
          -83.6650385,
          37.8151532
        ]
      },
      "id": "node/7314110786"
    },
    {
      "type": "Feature",
      "properties": {
        "@id": "node/7314110787",
        "climbing": "route_bottom",
        "climbing:grade:uiaa": "7+",
        "climbing:length": "19.0",
        "climbing:sport": "yes",
        "name": "Fuzzy Undercling",
        "sport": "climbing"
      },
      "geometry": {
        "type": "Point",
        "coordinates": [
          -83.6701672,
          37.8150608
        ]
      },
      "id": "node/7314110787"
    },
    {
      "type": "Feature",
      "properties": {
        "@id": "node/7314110788",
        "climbing": "route_bottom",
        "climbing:grade:uiaa": "5+",
        "climbing:length": "55.0",
        "climbing:trad": "yes",
        "name": "Jungle Beat",
        "sport": "climbing"
      },
      "geometry": {
        "type": "Point",
        "coordinates": [
          -83.6706855,
          37.8146543
        ]
      },
      "id": "node/7314110788"
    },
    {
      "type": "Feature",
      "properties": {
        "@id": "node/7314110885",
        "climbing": "route_bottom",
        "climbing:bolts": "5",
        "climbing:grade:uiaa": "7+",
        "climbing:length": "16.0",
        "climbing:sport": "yes",
        "name": "Aquaduck Pocket",
        "sport": "climbing"
      },
      "geometry": {
        "type": "Point",
        "coordinates": [
          -83.6649193,
          37.8150591
        ]
      },
      "id": "node/7314110885"
    },
    {
      "type": "Feature",
      "properties": {
        "@id": "node/7321846785",
        "climbing": "route_bottom",
        "climbing:grade:uiaa": "4+",
        "climbing:length": "22.0",
        "climbing:trad": "yes",
        "name": "Copperhead",
        "sport": "climbing"
      },
      "geometry": {
        "type": "Point",
        "coordinates": [
          -83.6123834,
          37.8322348
        ]
      },
      "id": "node/7321846785"
    },
    {
      "type": "Feature",
      "properties": {
        "@id": "node/7321846786",
        "climbing": "route_bottom",
        "climbing:grade:uiaa": "5",
        "climbing:length": "19.0",
        "climbing:trad": "yes",
        "name": "Seibert Route",
        "sport": "climbing"
      },
      "geometry": {
        "type": "Point",
        "coordinates": [
          -83.612444,
          37.8322642
        ]
      },
      "id": "node/7321846786"
    },
    {
      "type": "Feature",
      "properties": {
        "@id": "node/7321846787",
        "climbing": "crag",
        "climbing:grade:uiaa:max": "7+",
        "climbing:grade:uiaa:min": "4+",
        "climbing:length:max": "36.58",
        "climbing:length:min": "18.29",
        "climbing:routes": "4",
        "climbing:trad": "yes",
        "name": "Jewel Pinnacle",
        "sport": "climbing"
      },
      "geometry": {
        "type": "Point",
        "coordinates": [
          -83.6121534,
          37.8320291
        ]
      },
      "id": "node/7321846787"
    },
    {
      "type": "Feature",
      "properties": {
        "@id": "node/7321846788",
        "climbing": "route_bottom",
        "climbing:grade:uiaa": "5",
        "climbing:length": "28.0",
        "climbing:trad": "yes",
        "name": "Arachnid",
        "sport": "climbing"
      },
      "geometry": {
        "type": "Point",
        "coordinates": [
          -83.5977151,
          37.82875
        ]
      },
      "id": "node/7321846788"
    },
    {
      "type": "Feature",
      "properties": {
        "@id": "node/7321846789",
        "climbing": "route_bottom",
        "climbing:grade:uiaa": "8-",
        "climbing:length": "19.0",
        "climbing:trad": "yes",
        "name": "The Cutting Board",
        "sport": "climbing"
      },
      "geometry": {
        "type": "Point",
        "coordinates": [
          -83.5973658,
          37.8287085
        ]
      },
      "id": "node/7321846789"
    },
    {
      "type": "Feature",
      "properties": {
        "@id": "node/7321846790",
        "climbing": "route_bottom",
        "climbing:grade:uiaa": "7-",
        "climbing:length": "16.0",
        "climbing:trad": "yes",
        "name": "South of Zimbabwe",
        "sport": "climbing"
      },
      "geometry": {
        "type": "Point",
        "coordinates": [
          -83.5973015,
          37.8286491
        ]
      },
      "id": "node/7321846790"
    },
    {
      "type": "Feature",
      "properties": {
        "@id": "node/7321846791",
        "climbing": "route_bottom",
        "climbing:grade:uiaa": "6+",
        "climbing:length": "19.0",
        "climbing:trad": "yes",
        "name": "Heart of Darkness",
        "sport": "climbing"
      },
      "geometry": {
        "type": "Point",
        "coordinates": [
          -83.5972169,
          37.8286491
        ]
      },
      "id": "node/7321846791"
    },
    {
      "type": "Feature",
      "properties": {
        "@id": "node/7321846792",
        "climbing": "route_bottom",
        "climbing:grade:uiaa": "4-",
        "climbing:length": "37.0",
        "climbing:trad": "yes",
        "name": "Mighty Eidson",
        "sport": "climbing"
      },
      "geometry": {
        "type": "Point",
        "coordinates": [
          -83.5972788,
          37.8284499
        ]
      },
      "id": "node/7321846792"
    },
    {
      "type": "Feature",
      "properties": {
        "@id": "node/7321846793",
        "climbing": "route_bottom",
        "climbing:grade:uiaa": "2+",
        "climbing:length": "8.0",
        "climbing:trad": "yes",
        "name": "The Grunges",
        "sport": "climbing"
      },
      "geometry": {
        "type": "Point",
        "coordinates": [
          -83.5973347,
          37.8284161
        ]
      },
      "id": "node/7321846793"
    },
    {
      "type": "Feature",
      "properties": {
        "@id": "node/7321846794",
        "climbing": "route_bottom",
        "climbing:grade:uiaa": "4+",
        "climbing:length": "22.0",
        "climbing:trad": "yes",
        "name": "Salad Days",
        "sport": "climbing"
      },
      "geometry": {
        "type": "Point",
        "coordinates": [
          -83.5973085,
          37.8283194
        ]
      },
      "id": "node/7321846794"
    },
    {
      "type": "Feature",
      "properties": {
        "@id": "node/7321846795",
        "climbing": "route_bottom",
        "climbing:grade:uiaa": "6+",
        "climbing:length": "10.0",
        "climbing:trad": "yes",
        "name": "Horz",
        "sport": "climbing"
      },
      "geometry": {
        "type": "Point",
        "coordinates": [
          -83.5971933,
          37.82828
        ]
      },
      "id": "node/7321846795"
    },
    {
      "type": "Feature",
      "properties": {
        "@id": "node/7321846796",
        "climbing": "route_bottom",
        "climbing:grade:uiaa": "4+",
        "climbing:length": "28.0",
        "climbing:trad": "yes",
        "name": "Nose Traverse",
        "sport": "climbing"
      },
      "geometry": {
        "type": "Point",
        "coordinates": [
          -83.5970198,
          37.8281927
        ]
      },
      "id": "node/7321846796"
    },
    {
      "type": "Feature",
      "properties": {
        "@id": "node/7321846797",
        "climbing": "route_bottom",
        "climbing:grade:uiaa": "6-",
        "climbing:length": "16.0",
        "climbing:trad": "yes",
        "name": "Shower of Power",
        "sport": "climbing"
      },
      "geometry": {
        "type": "Point",
        "coordinates": [
          -83.596579,
          37.8281824
        ]
      },
      "id": "node/7321846797"
    },
    {
      "type": "Feature",
      "properties": {
        "@id": "node/7321846798",
        "climbing": "route_bottom",
        "climbing:grade:uiaa": "5+",
        "climbing:length": "34.0",
        "climbing:trad": "yes",
        "name": "The Corner",
        "sport": "climbing"
      },
      "geometry": {
        "type": "Point",
        "coordinates": [
          -83.5964875,
          37.8281242
        ]
      },
      "id": "node/7321846798"
    },
    {
      "type": "Feature",
      "properties": {
        "@id": "node/7321846799",
        "climbing": "crag",
        "climbing:boulder": "yes",
        "climbing:grade:uiaa:max": "8+",
        "climbing:grade:uiaa:min": "2+",
        "climbing:length:max": "47.24",
        "climbing:length:min": "7.62",
        "climbing:routes": "35",
        "climbing:sport": "yes",
        "climbing:trad": "yes",
        "name": "Tower Rock",
        "sport": "climbing"
      },
      "geometry": {
        "type": "Point",
        "coordinates": [
          -83.5973163,
          37.8280884
        ]
      },
      "id": "node/7321846799"
    },
    {
      "type": "Feature",
      "properties": {
        "@id": "node/7321846800",
        "climbing": "route_bottom",
        "climbing:grade:uiaa": "4",
        "climbing:length": "14.0",
        "climbing:trad": "yes",
        "name": "Another Grunge",
        "sport": "climbing"
      },
      "geometry": {
        "type": "Point",
        "coordinates": [
          -83.5962107,
          37.8280341
        ]
      },
      "id": "node/7321846800"
    },
    {
      "type": "Feature",
      "properties": {
        "@id": "node/7321846801",
        "climbing": "route_bottom",
        "climbing:grade:uiaa": "3",
        "climbing:length": "37.0",
        "climbing:trad": "yes",
        "name": "Tower Backside",
        "sport": "climbing"
      },
      "geometry": {
        "type": "Point",
        "coordinates": [
          -83.5962784,
          37.8280294
        ]
      },
      "id": "node/7321846801"
    },
    {
      "type": "Feature",
      "properties": {
        "@id": "node/7321846802",
        "climbing": "route_bottom",
        "climbing:grade:uiaa": "8+",
        "climbing:length": "10.0",
        "climbing:trad": "yes",
        "name": "Blow Me Down",
        "sport": "climbing"
      },
      "geometry": {
        "type": "Point",
        "coordinates": [
          -83.5961501,
          37.8280294
        ]
      },
      "id": "node/7321846802"
    },
    {
      "type": "Feature",
      "properties": {
        "@id": "node/7321846803",
        "climbing": "route_bottom",
        "climbing:grade:uiaa": "6-",
        "climbing:length": "22.0",
        "climbing:sport": "yes",
        "name": "Anti-Gravity Acrobatics",
        "sport": "climbing"
      },
      "geometry": {
        "type": "Point",
        "coordinates": [
          -83.5960693,
          37.8279853
        ]
      },
      "id": "node/7321846803"
    },
    {
      "type": "Feature",
      "properties": {
        "@id": "node/7321846804",
        "climbing": "route_bottom",
        "climbing:grade:uiaa": "5",
        "climbing:length": "37.0",
        "climbing:trad": "yes",
        "name": "Orangutan",
        "sport": "climbing"
      },
      "geometry": {
        "type": "Point",
        "coordinates": [
          -83.6312499,
          37.8207309
        ]
      },
      "id": "node/7321846804"
    },
    {
      "type": "Feature",
      "properties": {
        "@id": "node/7321846805",
        "climbing": "route_bottom",
        "climbing:grade:uiaa": "4+",
        "climbing:length": "46.0",
        "climbing:trad": "yes",
        "name": "Duke's Day",
        "sport": "climbing"
      },
      "geometry": {
        "type": "Point",
        "coordinates": [
          -83.6314232,
          37.8205716
        ]
      },
      "id": "node/7321846805"
    },
    {
      "type": "Feature",
      "properties": {
        "@id": "node/7321846806",
        "climbing": "route_bottom",
        "climbing:grade:uiaa": "6-",
        "climbing:length": "25.0",
        "name": "Honeymoon",
        "sport": "climbing"
      },
      "geometry": {
        "type": "Point",
        "coordinates": [
          -83.6214504,
          37.8199006
        ]
      },
      "id": "node/7321846806"
    },
    {
      "type": "Feature",
      "properties": {
        "@id": "node/7321846807",
        "climbing": "route_bottom",
        "climbing:grade:uiaa": "5+",
        "climbing:length": "10.0",
        "name": "Waning Moon",
        "sport": "climbing"
      },
      "geometry": {
        "type": "Point",
        "coordinates": [
          -83.6213837,
          37.8198929
        ]
      },
      "id": "node/7321846807"
    },
    {
      "type": "Feature",
      "properties": {
        "@id": "node/7321846808",
        "climbing": "route_bottom",
        "climbing:grade:uiaa": "4+",
        "climbing:length": "16.0",
        "name": "Ron's Garden",
        "sport": "climbing"
      },
      "geometry": {
        "type": "Point",
        "coordinates": [
          -83.6211369,
          37.819846
        ]
      },
      "id": "node/7321846808"
    },
    {
      "type": "Feature",
      "properties": {
        "@id": "node/7321846809",
        "climbing": "route_bottom",
        "climbing:grade:uiaa": "4+",
        "climbing:length": "19.0",
        "name": "Scared Shitless",
        "sport": "climbing"
      },
      "geometry": {
        "type": "Point",
        "coordinates": [
          -83.6210992,
          37.8198364
        ]
      },
      "id": "node/7321846809"
    },
    {
      "type": "Feature",
      "properties": {
        "@id": "node/7321846810",
        "climbing": "route_bottom",
        "climbing:grade:uiaa": "6-",
        "climbing:length": "19.0",
        "name": "Fallout",
        "sport": "climbing"
      },
      "geometry": {
        "type": "Point",
        "coordinates": [
          -83.6218715,
          37.8198244
        ]
      },
      "id": "node/7321846810"
    },
    {
      "type": "Feature",
      "properties": {
        "@id": "node/7321846811",
        "climbing": "route_bottom",
        "climbing:grade:uiaa": "6",
        "climbing:length": "16.0",
        "name": "Bob's Moon",
        "sport": "climbing"
      },
      "geometry": {
        "type": "Point",
        "coordinates": [
          -83.6210084,
          37.8198104
        ]
      },
      "id": "node/7321846811"
    },
    {
      "type": "Feature",
      "properties": {
        "@id": "node/7321846885",
        "climbing": "route_bottom",
        "climbing:grade:uiaa": "7+",
        "climbing:length": "25.0",
        "climbing:trad": "yes",
        "name": "Kool Aid",
        "sport": "climbing"
      },
      "geometry": {
        "type": "Point",
        "coordinates": [
          -83.612316,
          37.8321877
        ]
      },
      "id": "node/7321846885"
    },
    {
      "type": "Feature",
      "properties": {
        "@id": "node/7321846886",
        "climbing": "route_bottom",
        "climbing:grade:uiaa": "5-",
        "climbing:trad": "yes",
        "name": "Caver's Excitement",
        "sport": "climbing"
      },
      "geometry": {
        "type": "Point",
        "coordinates": [
          -83.5976103,
          37.8287473
        ]
      },
      "id": "node/7321846886"
    },
    {
      "type": "Feature",
      "properties": {
        "@id": "node/7321846887",
        "climbing": "route_bottom",
        "climbing:bolted": "no",
        "climbing:bolts": "0",
        "climbing:grade:uiaa": "5",
        "climbing:length": "28.0",
        "climbing:trad": "yes",
        "name": "Dog Days",
        "sport": "climbing"
      },
      "geometry": {
        "type": "Point",
        "coordinates": [
          -83.5978462,
          37.8287206
        ]
      },
      "id": "node/7321846887"
    },
    {
      "type": "Feature",
      "properties": {
        "@id": "node/7321846888",
        "climbing": "route_bottom",
        "climbing:boulder": "yes",
        "climbing:grade:uiaa": "7",
        "climbing:length": "13.0",
        "name": "Delta Blow",
        "sport": "climbing"
      },
      "geometry": {
        "type": "Point",
        "coordinates": [
          -83.5972051,
          37.8285669
        ]
      },
      "id": "node/7321846888"
    },
    {
      "type": "Feature",
      "properties": {
        "@id": "node/7321846889",
        "climbing": "route_bottom",
        "climbing:grade:uiaa": "4+",
        "climbing:length": "37.0",
        "climbing:trad": "yes",
        "name": "Groundhog",
        "sport": "climbing"
      },
      "geometry": {
        "type": "Point",
        "coordinates": [
          -83.5972491,
          37.8283063
        ]
      },
      "id": "node/7321846889"
    },
    {
      "type": "Feature",
      "properties": {
        "@id": "node/7321846890",
        "climbing": "route_bottom",
        "climbing:grade:uiaa": "5",
        "climbing:length": "25.0",
        "climbing:trad": "yes",
        "name": "Curving Crack",
        "sport": "climbing"
      },
      "geometry": {
        "type": "Point",
        "coordinates": [
          -83.5971256,
          37.8282697
        ]
      },
      "id": "node/7321846890"
    },
    {
      "type": "Feature",
      "properties": {
        "@id": "node/7321846891",
        "climbing": "route_bottom",
        "climbing:grade:uiaa": "5+",
        "climbing:length": "16.0",
        "climbing:trad": "yes",
        "name": "Razor's Edge",
        "sport": "climbing"
      },
      "geometry": {
        "type": "Point",
        "coordinates": [
          -83.5966096,
          37.8285411
        ]
      },
      "id": "node/7321846891"
    },
    {
      "type": "Feature",
      "properties": {
        "@id": "node/7321846892",
        "climbing": "route_bottom",
        "climbing:grade:uiaa": "7",
        "climbing:length": "23.0",
        "climbing:trad": "yes",
        "name": "Whimpering Insanity",
        "sport": "climbing"
      },
      "geometry": {
        "type": "Point",
        "coordinates": [
          -83.5967038,
          37.8281815
        ]
      },
      "id": "node/7321846892"
    },
    {
      "type": "Feature",
      "properties": {
        "@id": "node/7321846893",
        "climbing": "route_bottom",
        "climbing:grade:uiaa": "6+",
        "climbing:length": "31.0",
        "climbing:trad": "yes",
        "name": "Shiver Me Timbers",
        "sport": "climbing"
      },
      "geometry": {
        "type": "Point",
        "coordinates": [
          -83.5961311,
          37.8280003
        ]
      },
      "id": "node/7321846893"
    },
    {
      "type": "Feature",
      "properties": {
        "@id": "node/7321846894",
        "climbing": "route_bottom",
        "climbing:grade:uiaa": "5",
        "climbing:length": "19.0",
        "climbing:trad": "yes",
        "name": "Madagascar",
        "sport": "climbing"
      },
      "geometry": {
        "type": "Point",
        "coordinates": [
          -83.5959196,
          37.8279956
        ]
      },
      "id": "node/7321846894"
    },
    {
      "type": "Feature",
      "properties": {
        "@id": "node/7321846895",
        "climbing": "route_bottom",
        "climbing:grade:uiaa": "7-",
        "climbing:length": "25.0",
        "climbing:trad": "yes",
        "name": "Bleak Future",
        "sport": "climbing"
      },
      "geometry": {
        "type": "Point",
        "coordinates": [
          -83.5960218,
          37.8279675
        ]
      },
      "id": "node/7321846895"
    },
    {
      "type": "Feature",
      "properties": {
        "@id": "node/7321846896",
        "climbing": "route_bottom",
        "climbing:grade:uiaa": "4-",
        "climbing:length": "13.0",
        "climbing:trad": "yes",
        "name": "Cold Feet",
        "sport": "climbing"
      },
      "geometry": {
        "type": "Point",
        "coordinates": [
          -83.63073,
          37.8214555
        ]
      },
      "id": "node/7321846896"
    },
    {
      "type": "Feature",
      "properties": {
        "@id": "node/7321846897",
        "climbing": "crag",
        "climbing:grade:uiaa:max": "5+",
        "climbing:grade:uiaa:min": "4-",
        "climbing:length:max": "45.72",
        "climbing:length:min": "12.19",
        "climbing:routes": "5",
        "climbing:trad": "yes",
        "name": "Pinch-em Tight Ridge",
        "sport": "climbing"
      },
      "geometry": {
        "type": "Point",
        "coordinates": [
          -83.6306743,
          37.8201919
        ]
      },
      "id": "node/7321846897"
    },
    {
      "type": "Feature",
      "properties": {
        "@id": "node/7321846898",
        "climbing": "route_bottom",
        "climbing:grade:uiaa": "5+",
        "climbing:length": "28.0",
        "name": "Eclipse",
        "sport": "climbing"
      },
      "geometry": {
        "type": "Point",
        "coordinates": [
          -83.6215227,
          37.8199094
        ]
      },
      "id": "node/7321846898"
    },
    {
      "type": "Feature",
      "properties": {
        "@id": "node/7321846899",
        "climbing": "route_bottom",
        "climbing:grade:uiaa": "5+",
        "climbing:length": "13.0",
        "name": "Meteor Fall",
        "sport": "climbing"
      },
      "geometry": {
        "type": "Point",
        "coordinates": [
          -83.6212711,
          37.8198796
        ]
      },
      "id": "node/7321846899"
    },
    {
      "type": "Feature",
      "properties": {
        "@id": "node/7321846900",
        "climbing": "route_bottom",
        "climbing:grade:uiaa": "?",
        "climbing:length": "22.0",
        "name": "Ellen's Descent",
        "sport": "climbing"
      },
      "geometry": {
        "type": "Point",
        "coordinates": [
          -83.6217734,
          37.8198542
        ]
      },
      "id": "node/7321846900"
    },
    {
      "type": "Feature",
      "properties": {
        "@id": "node/7321846901",
        "climbing": "route_bottom",
        "climbing:grade:uiaa": "4-",
        "climbing:length": "23.0",
        "name": "Rockhouse",
        "sport": "climbing"
      },
      "geometry": {
        "type": "Point",
        "coordinates": [
          -83.6211731,
          37.8198485
        ]
      },
      "id": "node/7321846901"
    },
    {
      "type": "Feature",
      "properties": {
        "@id": "node/7321846902",
        "climbing": "route_bottom",
        "climbing:grade:uiaa": "5",
        "climbing:length": "19.0",
        "name": "It Ain't Over Yet",
        "sport": "climbing"
      },
      "geometry": {
        "type": "Point",
        "coordinates": [
          -83.6210558,
          37.8198275
        ]
      },
      "id": "node/7321846902"
    },
    {
      "type": "Feature",
      "properties": {
        "@id": "node/7321846985",
        "climbing": "route_bottom",
        "climbing:bolts": "2",
        "climbing:grade:uiaa": "4+",
        "climbing:length": "37.0",
        "climbing:trad": "yes",
        "name": "Diamond In The Crack",
        "sport": "climbing"
      },
      "geometry": {
        "type": "Point",
        "coordinates": [
          -83.6122502,
          37.8321289
        ]
      },
      "id": "node/7321846985"
    },
    {
      "type": "Feature",
      "properties": {
        "@id": "node/7321846986",
        "climbing": "route_bottom",
        "climbing:bolted": "no",
        "climbing:bolts": "0",
        "climbing:grade:uiaa": "5+",
        "climbing:length": "25.0",
        "climbing:trad": "yes",
        "name": "Africa",
        "sport": "climbing"
      },
      "geometry": {
        "type": "Point",
        "coordinates": [
          -83.5977845,
          37.8287359
        ]
      },
      "id": "node/7321846986"
    },
    {
      "type": "Feature",
      "properties": {
        "@id": "node/7321846987",
        "climbing": "route_bottom",
        "climbing:grade:uiaa": "6",
        "climbing:length": "28.0",
        "climbing:trad": "yes",
        "name": "Crankenstein",
        "sport": "climbing"
      },
      "geometry": {
        "type": "Point",
        "coordinates": [
          -83.5975045,
          37.8287159
        ]
      },
      "id": "node/7321846987"
    },
    {
      "type": "Feature",
      "properties": {
        "@id": "node/7321846988",
        "climbing": "route_bottom",
        "climbing:boulder": "yes",
        "climbing:grade:uiaa": "6+",
        "climbing:length": "13.0",
        "name": "Anything You Want",
        "sport": "climbing"
      },
      "geometry": {
        "type": "Point",
        "coordinates": [
          -83.5972482,
          37.8285034
        ]
      },
      "id": "node/7321846988"
    },
    {
      "type": "Feature",
      "properties": {
        "@id": "node/7321846989",
        "climbing": "route_bottom",
        "climbing:boulder": "yes",
        "climbing:grade:uiaa": "7",
        "climbing:length": "8.0",
        "name": "No Brain, No Pain",
        "sport": "climbing"
      },
      "geometry": {
        "type": "Point",
        "coordinates": [
          -83.5963462,
          37.8280857
        ]
      },
      "id": "node/7321846989"
    },
    {
      "type": "Feature",
      "properties": {
        "@id": "node/7321846990",
        "climbing": "route_bottom",
        "climbing:grade:uiaa": "5+",
        "climbing:length": "31.0",
        "climbing:trad": "yes",
        "name": "It Ain't Easy Being Cheesy",
        "sport": "climbing"
      },
      "geometry": {
        "type": "Point",
        "coordinates": [
          -83.6310346,
          37.8209789
        ]
      },
      "id": "node/7321846990"
    },
    {
      "type": "Feature",
      "properties": {
        "@id": "node/7321846991",
        "climbing": "route_bottom",
        "climbing:grade:uiaa": "4+",
        "climbing:length": "37.0",
        "climbing:trad": "yes",
        "name": "Bungle Through the Jungle",
        "sport": "climbing"
      },
      "geometry": {
        "type": "Point",
        "coordinates": [
          -83.6307653,
          37.8211044
        ]
      },
      "id": "node/7321846991"
    },
    {
      "type": "Feature",
      "properties": {
        "@id": "node/7321846992",
        "climbing": "route_bottom",
        "climbing:grade:uiaa": "5-",
        "climbing:length": "31.0",
        "name": "Full Moon",
        "sport": "climbing"
      },
      "geometry": {
        "type": "Point",
        "coordinates": [
          -83.6213338,
          37.8198745
        ]
      },
      "id": "node/7321846992"
    },
    {
      "type": "Feature",
      "properties": {
        "@id": "node/7321846993",
        "climbing": "route_bottom",
        "climbing:grade:uiaa": "6-",
        "climbing:length": "37.0",
        "name": "Meteor Maker",
        "sport": "climbing"
      },
      "geometry": {
        "type": "Point",
        "coordinates": [
          -83.6212189,
          37.8198726
        ]
      },
      "id": "node/7321846993"
    },
    {
      "type": "Feature",
      "properties": {
        "@id": "node/7321846994",
        "climbing": "crag",
        "climbing:grade:uiaa:max": "6",
        "climbing:grade:uiaa:min": "3",
        "climbing:length:max": "36.58",
        "climbing:length:min": "7.62",
        "climbing:routes": "14",
        "name": "Half Moon",
        "sport": "climbing",
        "tourism": "viewpoint"
      },
      "geometry": {
        "type": "Point",
        "coordinates": [
          -83.6213883,
          37.8195578
        ]
      },
      "id": "node/7321846994"
    },
    {
      "type": "Feature",
      "properties": {
        "@id": "node/7321847085",
        "climbing": "route_bottom",
        "climbing:grade:uiaa": "4-",
        "climbing:length": "46.0",
        "climbing:trad": "yes",
        "name": "Caver's Route",
        "sport": "climbing"
      },
      "geometry": {
        "type": "Point",
        "coordinates": [
          -83.5976551,
          37.8287426
        ]
      },
      "id": "node/7321847085"
    },
    {
      "type": "Feature",
      "properties": {
        "@id": "node/7321847086",
        "climbing": "route_bottom",
        "climbing:grade:uiaa": "5",
        "climbing:length": "10.0",
        "climbing:trad": "yes",
        "name": "Green Grease",
        "sport": "climbing"
      },
      "geometry": {
        "type": "Point",
        "coordinates": [
          -83.597343,
          37.8283645
        ]
      },
      "id": "node/7321847086"
    },
    {
      "type": "Feature",
      "properties": {
        "@id": "node/7321847087",
        "climbing": "route_bottom",
        "climbing:grade:uiaa": "5+",
        "climbing:length": "46.0",
        "climbing:trad": "yes",
        "name": "Wimp Out",
        "sport": "climbing"
      },
      "geometry": {
        "type": "Point",
        "coordinates": [
          -83.5969307,
          37.8281824
        ]
      },
      "id": "node/7321847087"
    },
    {
      "type": "Feature",
      "properties": {
        "@id": "node/7321847088",
        "climbing": "route_bottom",
        "climbing:grade:uiaa": "6+",
        "climbing:length": "48.0",
        "climbing:trad": "yes",
        "name": "Tower of Power",
        "sport": "climbing"
      },
      "geometry": {
        "type": "Point",
        "coordinates": [
          -83.5964174,
          37.8281008
        ]
      },
      "id": "node/7321847088"
    },
    {
      "type": "Feature",
      "properties": {
        "@id": "node/7321847185",
        "climbing": "route_bottom",
        "climbing:grade:uiaa": "5",
        "climbing:length": "25.0",
        "climbing:trad": "yes",
        "name": "Courtesy Cringe",
        "sport": "climbing"
      },
      "geometry": {
        "type": "Point",
        "coordinates": [
          -83.5974411,
          37.8287179
        ]
      },
      "id": "node/7321847185"
    },
    {
      "type": "Feature",
      "properties": {
        "@id": "node/7321847186",
        "climbing": "route_bottom",
        "climbing:grade:uiaa": "?",
        "climbing:length": "14.0",
        "climbing:trad": "yes",
        "name": "Insanity Ceiling",
        "sport": "climbing"
      },
      "geometry": {
        "type": "Point",
        "coordinates": [
          -83.5968083,
          37.8281758
        ]
      },
      "id": "node/7321847186"
    },
    {
      "type": "Feature",
      "properties": {
        "@id": "node/7321847485",
        "climbing": "route_bottom",
        "climbing:grade:uiaa": "3",
        "climbing:length": "8.0",
        "name": "Initiation",
        "sport": "climbing"
      },
      "geometry": {
        "type": "Point",
        "coordinates": [
          -83.6216464,
          37.8198764
        ]
      },
      "id": "node/7321847485"
    },
    {
      "type": "Feature",
      "properties": {
        "@id": "node/7414697903",
        "climbing": "route_bottom",
        "climbing:grade:uiaa": "8-",
        "climbing:length": "19.0",
        "climbing:trad": "yes",
        "name": "Jack the Ripper",
        "sport": "climbing"
      },
      "geometry": {
        "type": "Point",
        "coordinates": [
          -83.5777972,
          37.8189589
        ]
      },
      "id": "node/7414697903"
    },
    {
      "type": "Feature",
      "properties": {
        "@id": "node/7414697904",
        "climbing": "route_bottom",
        "climbing:grade:uiaa": "6+",
        "climbing:length": "31.0",
        "climbing:trad": "yes",
        "name": "The Specimen",
        "sport": "climbing"
      },
      "geometry": {
        "type": "Point",
        "coordinates": [
          -83.5776282,
          37.8189112
        ]
      },
      "id": "node/7414697904"
    },
    {
      "type": "Feature",
      "properties": {
        "@id": "node/7414697905",
        "climbing": "route_bottom",
        "climbing:grade:uiaa": "8+",
        "climbing:length": "19.0",
        "climbing:trad": "yes",
        "name": "Twelve Step Program",
        "sport": "climbing"
      },
      "geometry": {
        "type": "Point",
        "coordinates": [
          -83.5771484,
          37.818891
        ]
      },
      "id": "node/7414697905"
    },
    {
      "type": "Feature",
      "properties": {
        "@id": "node/7414697906",
        "climbing": "route_bottom",
        "climbing:grade:uiaa": "5",
        "climbing:length": "37.0",
        "climbing:trad": "yes",
        "name": "Gumby in the Rough",
        "sport": "climbing"
      },
      "geometry": {
        "type": "Point",
        "coordinates": [
          -83.577429,
          37.8188338
        ]
      },
      "id": "node/7414697906"
    },
    {
      "type": "Feature",
      "properties": {
        "@id": "node/7414697907",
        "climbing": "route_bottom",
        "climbing:grade:uiaa": "5",
        "climbing:length": "16.0",
        "climbing:trad": "yes",
        "name": "True Return to Trad",
        "sport": "climbing"
      },
      "geometry": {
        "type": "Point",
        "coordinates": [
          -83.5829785,
          37.8160121
        ]
      },
      "id": "node/7414697907"
    },
    {
      "type": "Feature",
      "properties": {
        "@id": "node/7414697908",
        "climbing": "route_bottom",
        "climbing:grade:uiaa": "5-",
        "climbing:length": "0.0",
        "climbing:trad": "yes",
        "name": "Factor 2 Presents",
        "sport": "climbing"
      },
      "geometry": {
        "type": "Point",
        "coordinates": [
          -83.5830547,
          37.8160046
        ]
      },
      "id": "node/7414697908"
    },
    {
      "type": "Feature",
      "properties": {
        "@id": "node/7414697909",
        "climbing": "route_bottom",
        "climbing:grade:uiaa": "5",
        "climbing:sport": "yes",
        "name": "Drop the Anchor",
        "sport": "climbing"
      },
      "geometry": {
        "type": "Point",
        "coordinates": [
          -83.5830976,
          37.815952
        ]
      },
      "id": "node/7414697909"
    },
    {
      "type": "Feature",
      "properties": {
        "@id": "node/7414697910",
        "climbing": "route_bottom",
        "climbing:bolts": "7",
        "climbing:grade:uiaa": "8",
        "climbing:length": "22.0",
        "climbing:sport": "yes",
        "name": "Dave the Dude",
        "sport": "climbing"
      },
      "geometry": {
        "type": "Point",
        "coordinates": [
          -83.5830773,
          37.8158513
        ]
      },
      "id": "node/7414697910"
    },
    {
      "type": "Feature",
      "properties": {
        "@id": "node/7414697911",
        "climbing": "route_bottom",
        "climbing:grade:uiaa": "7",
        "climbing:length": "28.0",
        "climbing:trad": "yes",
        "name": "Inhibitor",
        "sport": "climbing"
      },
      "geometry": {
        "type": "Point",
        "coordinates": [
          -83.5833297,
          37.8155748
        ]
      },
      "id": "node/7414697911"
    },
    {
      "type": "Feature",
      "properties": {
        "@id": "node/7414697912",
        "climbing": "route_bottom",
        "climbing:grade:uiaa": "?",
        "climbing:length": "31.0",
        "climbing:trad": "yes",
        "name": "Silently Does the Sun Shine",
        "sport": "climbing"
      },
      "geometry": {
        "type": "Point",
        "coordinates": [
          -83.5834725,
          37.8154751
        ]
      },
      "id": "node/7414697912"
    },
    {
      "type": "Feature",
      "properties": {
        "@id": "node/7414697913",
        "climbing": "route_bottom",
        "climbing:grade:uiaa": "7+",
        "climbing:length": "30.0",
        "climbing:sport": "yes",
        "name": "King Me",
        "sport": "climbing"
      },
      "geometry": {
        "type": "Point",
        "coordinates": [
          -83.5835344,
          37.815414
        ]
      },
      "id": "node/7414697913"
    },
    {
      "type": "Feature",
      "properties": {
        "@id": "node/7414697914",
        "climbing": "route_bottom",
        "climbing:bolts": "9",
        "climbing:grade:uiaa": "9",
        "climbing:length": "22.0",
        "climbing:sport": "yes",
        "name": "Out on a Limb",
        "sport": "climbing"
      },
      "geometry": {
        "type": "Point",
        "coordinates": [
          -83.583588,
          37.8153482
        ]
      },
      "id": "node/7414697914"
    },
    {
      "type": "Feature",
      "properties": {
        "@id": "node/7414697915",
        "climbing": "route_bottom",
        "climbing:bolts": "8",
        "climbing:grade:uiaa": "8+",
        "climbing:length": "23.0",
        "climbing:sport": "yes",
        "name": "What's Right with the Underling",
        "sport": "climbing"
      },
      "geometry": {
        "type": "Point",
        "coordinates": [
          -83.5836571,
          37.8152936
        ]
      },
      "id": "node/7414697915"
    },
    {
      "type": "Feature",
      "properties": {
        "@id": "node/7414697916",
        "climbing": "route_bottom",
        "climbing:grade:uiaa": "5+",
        "climbing:length": "31.0",
        "climbing:trad": "yes",
        "name": "The Underling",
        "sport": "climbing"
      },
      "geometry": {
        "type": "Point",
        "coordinates": [
          -83.5837071,
          37.8152626
        ]
      },
      "id": "node/7414697916"
    },
    {
      "type": "Feature",
      "properties": {
        "@id": "node/7414697917",
        "climbing": "route_bottom",
        "climbing:grade:uiaa": "5+",
        "climbing:length": "28.0",
        "climbing:trad": "yes",
        "name": "Outback",
        "sport": "climbing"
      },
      "geometry": {
        "type": "Point",
        "coordinates": [
          -83.5837571,
          37.8152146
        ]
      },
      "id": "node/7414697917"
    },
    {
      "type": "Feature",
      "properties": {
        "@id": "node/7414697918",
        "climbing": "route_bottom",
        "climbing:grade:uiaa": "5",
        "climbing:length": "22.0",
        "climbing:trad": "yes",
        "name": "Old Friends",
        "sport": "climbing"
      },
      "geometry": {
        "type": "Point",
        "coordinates": [
          -83.584088,
          37.8144444
        ]
      },
      "id": "node/7414697918"
    },
    {
      "type": "Feature",
      "properties": {
        "@id": "node/7414697919",
        "climbing": "route_bottom",
        "climbing:grade:uiaa": "8",
        "climbing:length": "22.0",
        "climbing:sport": "yes",
        "name": "Martin Rides Again",
        "sport": "climbing"
      },
      "geometry": {
        "type": "Point",
        "coordinates": [
          -83.5840713,
          37.8143532
        ]
      },
      "id": "node/7414697919"
    },
    {
      "type": "Feature",
      "properties": {
        "@id": "node/7414697920",
        "climbing": "route_bottom",
        "climbing:grade:uiaa": "?",
        "climbing:length": "19.0",
        "name": "Refraction",
        "sport": "climbing"
      },
      "geometry": {
        "type": "Point",
        "coordinates": [
          -83.5867676,
          37.8127287
        ]
      },
      "id": "node/7414697920"
    },
    {
      "type": "Feature",
      "properties": {
        "@id": "node/7414697921",
        "climbing": "route_bottom",
        "climbing:grade:uiaa": "5-",
        "climbing:length": "10.0",
        "climbing:trad": "yes",
        "name": "Take Off, Eh",
        "sport": "climbing"
      },
      "geometry": {
        "type": "Point",
        "coordinates": [
          -83.5868205,
          37.8127267
        ]
      },
      "id": "node/7414697921"
    },
    {
      "type": "Feature",
      "properties": {
        "@id": "node/7414697922",
        "climbing": "crag",
        "climbing:boulder": "yes",
        "climbing:grade:uiaa:max": "9-",
        "climbing:grade:uiaa:min": "5-",
        "climbing:length:max": "30.48",
        "climbing:length:min": "4.57",
        "climbing:routes": "4",
        "climbing:sport": "yes",
        "climbing:trad": "yes",
        "name": "Camp Store Crag",
        "sport": "climbing"
      },
      "geometry": {
        "type": "Point",
        "coordinates": [
          -83.5882228,
          37.8119286
        ]
      },
      "id": "node/7414697922"
    },
    {
      "type": "Feature",
      "properties": {
        "@id": "node/7414714197",
        "climbing": "route_bottom",
        "climbing:bolts": "7",
        "climbing:grade:uiaa": "8",
        "climbing:length": "22.0",
        "climbing:sport": "yes",
        "name": "Corpus Delicti",
        "sport": "climbing"
      },
      "geometry": {
        "type": "Point",
        "coordinates": [
          -83.5838737,
          37.8151215
        ]
      },
      "id": "node/7414714197"
    },
    {
      "type": "Feature",
      "properties": {
        "@id": "node/7414714198",
        "climbing": "crag",
        "climbing:boulder": "yes",
        "climbing:grade:uiaa:max": "9+",
        "climbing:grade:uiaa:min": "4",
        "climbing:length:max": "36.58",
        "climbing:length:min": "0",
        "climbing:routes": "34",
        "climbing:sport": "yes",
        "climbing:trad": "yes",
        "name": "Eastern Skybridge Ridge",
        "sport": "climbing"
      },
      "geometry": {
        "type": "Point",
        "coordinates": [
          -83.5836702,
          37.8147106
        ]
      },
      "id": "node/7414714198"
    },
    {
      "type": "Feature",
      "properties": {
        "@id": "node/7414714199",
        "climbing": "route_bottom",
        "climbing:grade:uiaa": "5",
        "climbing:length": "30.0",
        "climbing:trad": "yes",
        "name": "Good Times",
        "sport": "climbing"
      },
      "geometry": {
        "type": "Point",
        "coordinates": [
          -83.5841106,
          37.8146626
        ]
      },
      "id": "node/7414714199"
    },
    {
      "type": "Feature",
      "properties": {
        "@id": "node/7414714200",
        "climbing": "route_bottom",
        "climbing:grade:uiaa": "9-",
        "climbing:length": "31.0",
        "climbing:sport": "yes",
        "name": "The Rifleman",
        "sport": "climbing"
      },
      "geometry": {
        "type": "Point",
        "coordinates": [
          -83.5840749,
          37.814545
        ]
      },
      "id": "node/7414714200"
    },
    {
      "type": "Feature",
      "properties": {
        "@id": "node/7414714201",
        "climbing": "route_bottom",
        "climbing:bolts": "7",
        "climbing:grade:uiaa": "8+",
        "climbing:length": "22.0",
        "climbing:sport": "yes",
        "name": "Grunge Face",
        "sport": "climbing"
      },
      "geometry": {
        "type": "Point",
        "coordinates": [
          -83.5841404,
          37.8142027
        ]
      },
      "id": "node/7414714201"
    },
    {
      "type": "Feature",
      "properties": {
        "@id": "node/7414714202",
        "climbing": "route_bottom",
        "climbing:grade:uiaa": "7-",
        "climbing:length": "20.0",
        "climbing:sport": "yes",
        "name": "Jack in the Pulpit",
        "sport": "climbing"
      },
      "geometry": {
        "type": "Point",
        "coordinates": [
          -83.5842094,
          37.8141369
        ]
      },
      "id": "node/7414714202"
    },
    {
      "type": "Feature",
      "properties": {
        "@id": "node/7414714203",
        "climbing": "route_bottom",
        "climbing:bolts": "4",
        "climbing:grade:uiaa": "6+",
        "climbing:length": "31.0",
        "climbing:sport": "yes",
        "name": "War Emblem",
        "sport": "climbing"
      },
      "geometry": {
        "type": "Point",
        "coordinates": [
          -83.584357,
          37.8141162
        ]
      },
      "id": "node/7414714203"
    },
    {
      "type": "Feature",
      "properties": {
        "@id": "node/7414714204",
        "climbing": "route_bottom",
        "climbing:grade:uiaa": "6",
        "climbing:length": "13.0",
        "climbing:sport": "yes",
        "name": "The Hook and the Pendulum",
        "sport": "climbing"
      },
      "geometry": {
        "type": "Point",
        "coordinates": [
          -83.5862789,
          37.8128152
        ]
      },
      "id": "node/7414714204"
    },
    {
      "type": "Feature",
      "properties": {
        "@id": "node/7414714205",
        "climbing": "route_bottom",
        "climbing:grade:uiaa": "7-",
        "climbing:length": "19.0",
        "climbing:trad": "yes",
        "name": "The Return of Geoff Beene",
        "sport": "climbing"
      },
      "geometry": {
        "type": "Point",
        "coordinates": [
          -83.586381,
          37.8128113
        ]
      },
      "id": "node/7414714205"
    },
    {
      "type": "Feature",
      "properties": {
        "@id": "node/7414714206",
        "climbing": "route_bottom",
        "climbing:grade:uiaa": "5+",
        "climbing:length": "22.0",
        "climbing:trad": "yes",
        "name": "Icarus",
        "sport": "climbing"
      },
      "geometry": {
        "type": "Point",
        "coordinates": [
          -83.5862382,
          37.8128104
        ]
      },
      "id": "node/7414714206"
    },
    {
      "type": "Feature",
      "properties": {
        "@id": "node/7414714207",
        "climbing": "route_bottom",
        "climbing:grade:uiaa": "5+",
        "climbing:length": "19.0",
        "climbing:trad": "yes",
        "name": "Upstream Swimmer",
        "sport": "climbing"
      },
      "geometry": {
        "type": "Point",
        "coordinates": [
          -83.5864623,
          37.8127578
        ]
      },
      "id": "node/7414714207"
    },
    {
      "type": "Feature",
      "properties": {
        "@id": "node/7414714208",
        "climbing": "route_bottom",
        "climbing:grade:uiaa": "6+",
        "climbing:length": "34.0",
        "climbing:trad": "yes",
        "name": "Into the Void",
        "sport": "climbing"
      },
      "geometry": {
        "type": "Point",
        "coordinates": [
          -83.58653,
          37.8127296
        ]
      },
      "id": "node/7414714208"
    },
    {
      "type": "Feature",
      "properties": {
        "@id": "node/7414714209",
        "climbing": "crag",
        "climbing:grade:uiaa:max": "7+",
        "climbing:grade:uiaa:min": "5-",
        "climbing:length:max": "36.58",
        "climbing:length:min": "9.14",
        "climbing:routes": "11",
        "climbing:sport": "yes",
        "climbing:trad": "yes",
        "name": "Western Sky Bridge Ridge",
        "sport": "climbing"
      },
      "geometry": {
        "type": "Point",
        "coordinates": [
          -83.5862739,
          37.8126168
        ]
      },
      "id": "node/7414714209"
    },
    {
      "type": "Feature",
      "properties": {
        "@id": "node/7414714210",
        "climbing": "route_bottom",
        "climbing:boulder": "yes",
        "climbing:grade:uiaa": "9-",
        "climbing:length": "5.0",
        "name": "Crag",
        "sport": "climbing"
      },
      "geometry": {
        "type": "Point",
        "coordinates": [
          -83.5883041,
          37.8120805
        ]
      },
      "id": "node/7414714210"
    },
    {
      "type": "Feature",
      "properties": {
        "@id": "node/7414714211",
        "climbing": "route_bottom",
        "climbing:grade:uiaa": "5-",
        "climbing:length": "31.0",
        "climbing:trad": "yes",
        "name": "Mayapple",
        "sport": "climbing"
      },
      "geometry": {
        "type": "Point",
        "coordinates": [
          -83.5883953,
          37.8119997
        ]
      },
      "id": "node/7414714211"
    },
    {
      "type": "Feature",
      "properties": {
        "@id": "node/7414714212",
        "climbing": "route_bottom",
        "climbing:grade:uiaa": "6+",
        "climbing:sport": "yes",
        "name": "Store",
        "sport": "climbing"
      },
      "geometry": {
        "type": "Point",
        "coordinates": [
          -83.5884692,
          37.8119607
        ]
      },
      "id": "node/7414714212"
    },
    {
      "type": "Feature",
      "properties": {
        "@id": "node/7414714293",
        "climbing": "route_bottom",
        "climbing:grade:uiaa": "9",
        "climbing:length": "16.0",
        "climbing:trad": "yes",
        "name": "Mr. Get It On Jones",
        "sport": "climbing"
      },
      "geometry": {
        "type": "Point",
        "coordinates": [
          -83.5779602,
          37.8189756
        ]
      },
      "id": "node/7414714293"
    },
    {
      "type": "Feature",
      "properties": {
        "@id": "node/7414714294",
        "climbing": "route_bottom",
        "climbing:grade:uiaa": "5-",
        "climbing:length": "25.0",
        "climbing:trad": "yes",
        "name": "Not Tonight Mr. Jones",
        "sport": "climbing"
      },
      "geometry": {
        "type": "Point",
        "coordinates": [
          -83.5778666,
          37.8189744
        ]
      },
      "id": "node/7414714294"
    },
    {
      "type": "Feature",
      "properties": {
        "@id": "node/7414714295",
        "climbing": "route_bottom",
        "climbing:grade:uiaa": "4+",
        "climbing:length": "13.0",
        "climbing:trad": "yes",
        "name": "Keeping Up With the Joneses",
        "sport": "climbing"
      },
      "geometry": {
        "type": "Point",
        "coordinates": [
          -83.5780975,
          37.8189565
        ]
      },
      "id": "node/7414714295"
    },
    {
      "type": "Feature",
      "properties": {
        "@id": "node/7414714296",
        "climbing": "route_bottom",
        "climbing:grade:uiaa": "5+",
        "climbing:length": "37.0",
        "climbing:trad": "yes",
        "name": "Strokin' the Nut",
        "sport": "climbing"
      },
      "geometry": {
        "type": "Point",
        "coordinates": [
          -83.578179,
          37.8189494
        ]
      },
      "id": "node/7414714296"
    },
    {
      "type": "Feature",
      "properties": {
        "@id": "node/7414714297",
        "climbing": "route_bottom",
        "climbing:grade:uiaa": "5+",
        "climbing:length": "11.0",
        "climbing:trad": "yes",
        "name": "As Luck Would Have It",
        "sport": "climbing"
      },
      "geometry": {
        "type": "Point",
        "coordinates": [
          -83.5777127,
          37.8189267
        ]
      },
      "id": "node/7414714297"
    },
    {
      "type": "Feature",
      "properties": {
        "@id": "node/7414714298",
        "climbing": "route_bottom",
        "climbing:grade:uiaa": "7",
        "climbing:length": "22.0",
        "climbing:trad": "yes",
        "name": "Pangaea",
        "sport": "climbing"
      },
      "geometry": {
        "type": "Point",
        "coordinates": [
          -83.5772434,
          37.8188779
        ]
      },
      "id": "node/7414714298"
    },
    {
      "type": "Feature",
      "properties": {
        "@id": "node/7414714299",
        "climbing": "crag",
        "climbing:grade:uiaa:max": "9",
        "climbing:grade:uiaa:min": "4+",
        "climbing:length:max": "36.58",
        "climbing:length:min": "10.67",
        "climbing:routes": "11",
        "climbing:trad": "yes",
        "name": "Lower Sky Bridge Ridge",
        "sport": "climbing",
        "tourism": "viewpoint"
      },
      "geometry": {
        "type": "Point",
        "coordinates": [
          -83.5775588,
          37.8186597
        ]
      },
      "id": "node/7414714299"
    },
    {
      "type": "Feature",
      "properties": {
        "@id": "node/7414714300",
        "climbing": "route_bottom",
        "climbing:grade:uiaa": "6",
        "climbing:trad": "yes",
        "name": "Doppler Effect",
        "sport": "climbing"
      },
      "geometry": {
        "type": "Point",
        "coordinates": [
          -83.5830606,
          37.8158146
        ]
      },
      "id": "node/7414714300"
    },
    {
      "type": "Feature",
      "properties": {
        "@id": "node/7414714301",
        "climbing": "route_bottom",
        "climbing:grade:uiaa": "6+",
        "climbing:length": "16.0",
        "climbing:trad": "yes",
        "name": "The Big Bang",
        "sport": "climbing"
      },
      "geometry": {
        "type": "Point",
        "coordinates": [
          -83.5831202,
          37.8157469
        ]
      },
      "id": "node/7414714301"
    },
    {
      "type": "Feature",
      "properties": {
        "@id": "node/7414714302",
        "climbing": "route_bottom",
        "climbing:bolts": "7",
        "climbing:grade:uiaa": "8",
        "climbing:length": "16.0",
        "climbing:sport": "yes",
        "name": "The Route Goes Where!?",
        "sport": "climbing"
      },
      "geometry": {
        "type": "Point",
        "coordinates": [
          -83.5831702,
          37.815683
        ]
      },
      "id": "node/7414714302"
    },
    {
      "type": "Feature",
      "properties": {
        "@id": "node/7414714303",
        "climbing": "route_bottom",
        "climbing:grade:uiaa": "8+",
        "climbing:length": "11.0",
        "climbing:trad": "yes",
        "name": "The Learning Curve",
        "sport": "climbing"
      },
      "geometry": {
        "type": "Point",
        "coordinates": [
          -83.5833999,
          37.8155429
        ]
      },
      "id": "node/7414714303"
    },
    {
      "type": "Feature",
      "properties": {
        "@id": "node/7414714304",
        "climbing": "route_bottom",
        "climbing:grade:uiaa": "6",
        "climbing:length": "22.0",
        "climbing:trad": "yes",
        "name": "Ex Post Facto",
        "sport": "climbing"
      },
      "geometry": {
        "type": "Point",
        "coordinates": [
          -83.5838333,
          37.8151582
        ]
      },
      "id": "node/7414714304"
    },
    {
      "type": "Feature",
      "properties": {
        "@id": "node/7414714305",
        "climbing": "route_bottom",
        "climbing:bolts": "10",
        "climbing:grade:uiaa": "8-",
        "climbing:length": "28.0",
        "climbing:sport": "yes",
        "name": "Commencement",
        "sport": "climbing"
      },
      "geometry": {
        "type": "Point",
        "coordinates": [
          -83.5839249,
          37.8150237
        ]
      },
      "id": "node/7414714305"
    },
    {
      "type": "Feature",
      "properties": {
        "@id": "node/7414714306",
        "climbing": "route_bottom",
        "climbing:grade:uiaa": "8",
        "climbing:length": "25.0",
        "climbing:trad": "yes",
        "name": "Shelter from the Storm",
        "sport": "climbing"
      },
      "geometry": {
        "type": "Point",
        "coordinates": [
          -83.5840499,
          37.8148657
        ]
      },
      "id": "node/7414714306"
    },
    {
      "type": "Feature",
      "properties": {
        "@id": "node/7414714307",
        "climbing": "route_bottom",
        "climbing:bolts": "9",
        "climbing:grade:uiaa": "9-",
        "climbing:length": "31.0",
        "climbing:sport": "yes",
        "name": "Soul Ram",
        "sport": "climbing"
      },
      "geometry": {
        "type": "Point",
        "coordinates": [
          -83.5841106,
          37.8147736
        ]
      },
      "id": "node/7414714307"
    },
    {
      "type": "Feature",
      "properties": {
        "@id": "node/7414714308",
        "climbing": "route_bottom",
        "climbing:grade:uiaa": "7+",
        "climbing:length": "20.0",
        "climbing:sport": "yes",
        "name": "Super Dario",
        "sport": "climbing"
      },
      "geometry": {
        "type": "Point",
        "coordinates": [
          -83.584094,
          37.8142742
        ]
      },
      "id": "node/7414714308"
    },
    {
      "type": "Feature",
      "properties": {
        "@id": "node/7414714309",
        "climbing": "route_bottom",
        "climbing:grade:uiaa": "4",
        "climbing:length": "37.0",
        "climbing:trad": "yes",
        "name": "Fungus Fantasy",
        "sport": "climbing"
      },
      "geometry": {
        "type": "Point",
        "coordinates": [
          -83.5843035,
          37.8141312
        ]
      },
      "id": "node/7414714309"
    },
    {
      "type": "Feature",
      "properties": {
        "@id": "node/7414714310",
        "climbing": "route_bottom",
        "climbing:bolts": "4",
        "climbing:grade:uiaa": "8-",
        "climbing:length": "16.0",
        "climbing:sport": "yes",
        "name": "Sick Puppies",
        "sport": "climbing"
      },
      "geometry": {
        "type": "Point",
        "coordinates": [
          -83.5844713,
          37.8141171
        ]
      },
      "id": "node/7414714310"
    },
    {
      "type": "Feature",
      "properties": {
        "@id": "node/7414714311",
        "climbing": "route_bottom",
        "climbing:grade:uiaa": "5+",
        "climbing:length": "19.0",
        "climbing:trad": "yes",
        "name": "Guideline",
        "sport": "climbing"
      },
      "geometry": {
        "type": "Point",
        "coordinates": [
          -83.586338,
          37.8128045
        ]
      },
      "id": "node/7414714311"
    },
    {
      "type": "Feature",
      "properties": {
        "@id": "node/7414714312",
        "climbing": "route_bottom",
        "climbing:grade:uiaa": "7+",
        "climbing:length": "16.0",
        "climbing:trad": "yes",
        "name": "Void Direct",
        "sport": "climbing"
      },
      "geometry": {
        "type": "Point",
        "coordinates": [
          -83.5866051,
          37.812752
        ]
      },
      "id": "node/7414714312"
    },
    {
      "type": "Feature",
      "properties": {
        "@id": "node/7414714313",
        "climbing": "route_bottom",
        "climbing:grade:uiaa": "5+",
        "climbing:length": "25.0",
        "climbing:trad": "yes",
        "name": "Fleshy Headed Mutant",
        "sport": "climbing"
      },
      "geometry": {
        "type": "Point",
        "coordinates": [
          -83.586903,
          37.8127316
        ]
      },
      "id": "node/7414714313"
    },
    {
      "type": "Feature",
      "properties": {
        "@id": "node/7414714387",
        "climbing": "route_bottom",
        "climbing:grade:uiaa": "5+",
        "climbing:length": "23.0",
        "climbing:trad": "yes",
        "name": "The Whistle Driller",
        "sport": "climbing"
      },
      "geometry": {
        "type": "Point",
        "coordinates": [
          -83.5773279,
          37.8188731
        ]
      },
      "id": "node/7414714387"
    },
    {
      "type": "Feature",
      "properties": {
        "@id": "node/7414714388",
        "climbing": "route_bottom",
        "climbing:boulder": "yes",
        "climbing:grade:uiaa": "9+",
        "name": "The Pearl",
        "sport": "climbing"
      },
      "geometry": {
        "type": "Point",
        "coordinates": [
          -83.583213,
          37.8156708
        ]
      },
      "id": "node/7414714388"
    },
    {
      "type": "Feature",
      "properties": {
        "@id": "node/7414714389",
        "climbing": "route_bottom",
        "climbing:bolts": "9",
        "climbing:grade:uiaa": "8+",
        "climbing:length": "28.0",
        "climbing:sport": "yes",
        "name": "Nolo Contendere",
        "sport": "climbing"
      },
      "geometry": {
        "type": "Point",
        "coordinates": [
          -83.5832761,
          37.8156416
        ]
      },
      "id": "node/7414714389"
    },
    {
      "type": "Feature",
      "properties": {
        "@id": "node/7414714390",
        "climbing": "route_bottom",
        "climbing:bolts": "6",
        "climbing:grade:uiaa": "8",
        "climbing:length": "19.0",
        "climbing:sport": "yes",
        "name": "Physical Graffiti",
        "sport": "climbing"
      },
      "geometry": {
        "type": "Point",
        "coordinates": [
          -83.5844178,
          37.8141143
        ]
      },
      "id": "node/7414714390"
    },
    {
      "type": "Feature",
      "properties": {
        "@id": "node/7414714391",
        "climbing": "route_bottom",
        "climbing:grade:uiaa": "7-",
        "climbing:length": "37.0",
        "climbing:trad": "yes",
        "name": "The Great Arch",
        "sport": "climbing"
      },
      "geometry": {
        "type": "Point",
        "coordinates": [
          -83.5866765,
          37.8127384
        ]
      },
      "id": "node/7414714391"
    },
    {
      "type": "Feature",
      "properties": {
        "@id": "node/7414714392",
        "climbing": "route_bottom",
        "climbing:grade:uiaa": "8",
        "climbing:sport": "yes",
        "name": "Camp",
        "sport": "climbing"
      },
      "geometry": {
        "type": "Point",
        "coordinates": [
          -83.5885506,
          37.811914
        ]
      },
      "id": "node/7414714392"
    },
    {
      "type": "Feature",
      "properties": {
        "@id": "node/7414718185",
        "climbing": "route_bottom",
        "climbing:grade:uiaa": "5+",
        "climbing:length": "31.0",
        "climbing:trad": "yes",
        "name": "No Return",
        "sport": "climbing"
      },
      "geometry": {
        "type": "Point",
        "coordinates": [
          -83.5839702,
          37.8149617
        ]
      },
      "id": "node/7414718185"
    },
    {
      "type": "Feature",
      "properties": {
        "@id": "node/7414757986",
        "climbing": "route_bottom",
        "climbing:grade:uiaa": "5",
        "name": "The Hangover Problem",
        "sport": "climbing"
      },
      "geometry": {
        "type": "Point",
        "coordinates": [
          -83.5629762,
          37.8264513
        ]
      },
      "id": "node/7414757986"
    },
    {
      "type": "Feature",
      "properties": {
        "@id": "node/7414757987",
        "climbing": "route_bottom",
        "climbing:grade:uiaa": "5",
        "name": "Cranky",
        "sport": "climbing"
      },
      "geometry": {
        "type": "Point",
        "coordinates": [
          -83.5638085,
          37.8264449
        ]
      },
      "id": "node/7414757987"
    },
    {
      "type": "Feature",
      "properties": {
        "@id": "node/7414757988",
        "climbing": "route_bottom",
        "climbing:grade:uiaa": "5+",
        "name": "If My Number's Up",
        "sport": "climbing"
      },
      "geometry": {
        "type": "Point",
        "coordinates": [
          -83.5628621,
          37.8264342
        ]
      },
      "id": "node/7414757988"
    },
    {
      "type": "Feature",
      "properties": {
        "@id": "node/7414757989",
        "climbing": "route_bottom",
        "climbing:grade:uiaa": "5+",
        "name": "Scary",
        "sport": "climbing"
      },
      "geometry": {
        "type": "Point",
        "coordinates": [
          -83.5627046,
          37.8263988
        ]
      },
      "id": "node/7414757989"
    },
    {
      "type": "Feature",
      "properties": {
        "@id": "node/7414757990",
        "climbing": "route_bottom",
        "climbing:grade:uiaa": "6-",
        "name": "Cooler Than Kissing",
        "sport": "climbing"
      },
      "geometry": {
        "type": "Point",
        "coordinates": [
          -83.5623244,
          37.8263355
        ]
      },
      "id": "node/7414757990"
    },
    {
      "type": "Feature",
      "properties": {
        "@id": "node/7414757991",
        "climbing": "crag",
        "climbing:boulder": "yes",
        "climbing:grade:uiaa:max": "8-",
        "climbing:grade:uiaa:min": "5-",
        "climbing:length:max": "82.3",
        "climbing:length:min": "4.57",
        "climbing:routes": "20",
        "climbing:trad": "yes",
        "name": "Eagle Point Buttress",
        "sport": "climbing"
      },
      "geometry": {
        "type": "Point",
        "coordinates": [
          -83.5628881,
          37.8261629
        ]
      },
      "id": "node/7414757991"
    },
    {
      "type": "Feature",
      "properties": {
        "@id": "node/7414757992",
        "climbing": "route_bottom",
        "climbing:bolts": "6",
        "climbing:grade:uiaa": "8",
        "climbing:length": "22.0",
        "climbing:sport": "yes",
        "name": "The Infidel",
        "sport": "climbing"
      },
      "geometry": {
        "type": "Point",
        "coordinates": [
          -83.5768442,
          37.80346
        ]
      },
      "id": "node/7414757992"
    },
    {
      "type": "Feature",
      "properties": {
        "@id": "node/7414757993",
        "climbing": "route_bottom",
        "climbing:grade:uiaa": "5",
        "climbing:trad": "yes",
        "name": "Veldhaus Route",
        "sport": "climbing"
      },
      "geometry": {
        "type": "Point",
        "coordinates": [
          -83.5762107,
          37.803361
        ]
      },
      "id": "node/7414757993"
    },
    {
      "type": "Feature",
      "properties": {
        "@id": "node/7414757994",
        "climbing": "route_bottom",
        "climbing:grade:uiaa": "7+",
        "climbing:length": "22.0",
        "climbing:sport": "yes",
        "name": "Eye of the needle",
        "sport": "climbing"
      },
      "geometry": {
        "type": "Point",
        "coordinates": [
          -83.5759813,
          37.8033039
        ]
      },
      "id": "node/7414757994"
    },
    {
      "type": "Feature",
      "properties": {
        "@id": "node/7414757995",
        "climbing": "route_bottom",
        "climbing:grade:uiaa": "9",
        "climbing:sport": "yes",
        "name": "Flashlight (closed)",
        "sport": "climbing"
      },
      "geometry": {
        "type": "Point",
        "coordinates": [
          -83.5755042,
          37.8032124
        ]
      },
      "id": "node/7414757995"
    },
    {
      "type": "Feature",
      "properties": {
        "@id": "node/7414757996",
        "climbing": "route_bottom",
        "climbing:grade:uiaa": "8-",
        "climbing:length": "16.0",
        "climbing:sport": "yes",
        "name": "L'lle Au Ciel",
        "sport": "climbing"
      },
      "geometry": {
        "type": "Point",
        "coordinates": [
          -83.5745857,
          37.8030786
        ]
      },
      "id": "node/7414757996"
    },
    {
      "type": "Feature",
      "properties": {
        "@id": "node/7414758087",
        "climbing": "route_bottom",
        "climbing:grade:uiaa": "5-",
        "name": "The Integral",
        "sport": "climbing"
      },
      "geometry": {
        "type": "Point",
        "coordinates": [
          -83.5632572,
          37.8264503
        ]
      },
      "id": "node/7414758087"
    },
    {
      "type": "Feature",
      "properties": {
        "@id": "node/7414758088",
        "climbing": "route_bottom",
        "climbing:grade:uiaa": "5-",
        "name": "Southern Hospitality",
        "sport": "climbing"
      },
      "geometry": {
        "type": "Point",
        "coordinates": [
          -83.5631676,
          37.8264449
        ]
      },
      "id": "node/7414758088"
    },
    {
      "type": "Feature",
      "properties": {
        "@id": "node/7414758089",
        "climbing": "route_bottom",
        "climbing:grade:uiaa": "5+",
        "name": "Day Dreaming",
        "sport": "climbing"
      },
      "geometry": {
        "type": "Point",
        "coordinates": [
          -83.5635546,
          37.8264385
        ]
      },
      "id": "node/7414758089"
    },
    {
      "type": "Feature",
      "properties": {
        "@id": "node/7414758090",
        "climbing": "route_bottom",
        "climbing:grade:uiaa": "5+",
        "name": "Twin Cracks",
        "sport": "climbing"
      },
      "geometry": {
        "type": "Point",
        "coordinates": [
          -83.5634324,
          37.8264374
        ]
      },
      "id": "node/7414758090"
    },
    {
      "type": "Feature",
      "properties": {
        "@id": "node/7414758091",
        "climbing": "route_bottom",
        "climbing:grade:uiaa": "5",
        "name": "Southern Comfort",
        "sport": "climbing"
      },
      "geometry": {
        "type": "Point",
        "coordinates": [
          -83.5637664,
          37.8264309
        ]
      },
      "id": "node/7414758091"
    },
    {
      "type": "Feature",
      "properties": {
        "@id": "node/7414758092",
        "climbing": "route_bottom",
        "climbing:grade:uiaa": "5+",
        "name": "Blister in the Sun",
        "sport": "climbing"
      },
      "geometry": {
        "type": "Point",
        "coordinates": [
          -83.5627562,
          37.8264031
        ]
      },
      "id": "node/7414758092"
    },
    {
      "type": "Feature",
      "properties": {
        "@id": "node/7414758093",
        "climbing": "route_bottom",
        "climbing:grade:uiaa": "5",
        "name": "Tinker's Toy",
        "sport": "climbing"
      },
      "geometry": {
        "type": "Point",
        "coordinates": [
          -83.5624996,
          37.8263645
        ]
      },
      "id": "node/7414758093"
    },
    {
      "type": "Feature",
      "properties": {
        "@id": "node/7414758094",
        "climbing": "route_bottom",
        "climbing:grade:uiaa": "5+",
        "name": "Quantum Mechanics",
        "sport": "climbing"
      },
      "geometry": {
        "type": "Point",
        "coordinates": [
          -83.5624113,
          37.8263591
        ]
      },
      "id": "node/7414758094"
    },
    {
      "type": "Feature",
      "properties": {
        "@id": "node/7414758095",
        "climbing": "route_bottom",
        "climbing:boulder": "yes",
        "climbing:grade:uiaa": "8-",
        "climbing:length": "5.0",
        "name": "Crackaluffagus",
        "sport": "climbing"
      },
      "geometry": {
        "type": "Point",
        "coordinates": [
          -83.5620991,
          37.8262165
        ]
      },
      "id": "node/7414758095"
    },
    {
      "type": "Feature",
      "properties": {
        "@id": "node/7414758096",
        "climbing": "route_bottom",
        "climbing:grade:uiaa": "5+",
        "climbing:trad": "yes",
        "name": "Just Another Trad Route",
        "sport": "climbing"
      },
      "geometry": {
        "type": "Point",
        "coordinates": [
          -83.576763,
          37.8034882
        ]
      },
      "id": "node/7414758096"
    },
    {
      "type": "Feature",
      "properties": {
        "@id": "node/7414758097",
        "climbing": "route_bottom",
        "climbing:grade:uiaa": "6-",
        "climbing:trad": "yes",
        "name": "Cruising Lane",
        "sport": "climbing"
      },
      "geometry": {
        "type": "Point",
        "coordinates": [
          -83.5764905,
          37.8034525
        ]
      },
      "id": "node/7414758097"
    },
    {
      "type": "Feature",
      "properties": {
        "@id": "node/7414758098",
        "climbing": "route_bottom",
        "climbing:grade:uiaa": "7-",
        "climbing:trad": "yes",
        "name": "Goodstone",
        "sport": "climbing"
      },
      "geometry": {
        "type": "Point",
        "coordinates": [
          -83.5765639,
          37.8034507
        ]
      },
      "id": "node/7414758098"
    },
    {
      "type": "Feature",
      "properties": {
        "@id": "node/7414758099",
        "climbing": "route_bottom",
        "climbing:grade:uiaa": "7+",
        "climbing:sport": "yes",
        "name": "Smokin' Joe",
        "sport": "climbing"
      },
      "geometry": {
        "type": "Point",
        "coordinates": [
          -83.5770664,
          37.8033858
        ]
      },
      "id": "node/7414758099"
    },
    {
      "type": "Feature",
      "properties": {
        "@id": "node/7414758100",
        "climbing": "route_bottom",
        "climbing:grade:uiaa": "6",
        "name": "Local Color",
        "sport": "climbing"
      },
      "geometry": {
        "type": "Point",
        "coordinates": [
          -83.5762956,
          37.80338
        ]
      },
      "id": "node/7414758100"
    },
    {
      "type": "Feature",
      "properties": {
        "@id": "node/7414758101",
        "climbing": "route_bottom",
        "climbing:grade:uiaa": "8+",
        "climbing:sport": "yes",
        "name": "Frugal Chariot",
        "sport": "climbing"
      },
      "geometry": {
        "type": "Point",
        "coordinates": [
          -83.5771362,
          37.8033587
        ]
      },
      "id": "node/7414758101"
    },
    {
      "type": "Feature",
      "properties": {
        "@id": "node/7414758102",
        "climbing": "route_bottom",
        "climbing:grade:uiaa": "8+",
        "climbing:trad": "yes",
        "name": "Cascading Wind",
        "sport": "climbing"
      },
      "geometry": {
        "type": "Point",
        "coordinates": [
          -83.5754055,
          37.803177
        ]
      },
      "id": "node/7414758102"
    },
    {
      "type": "Feature",
      "properties": {
        "@id": "node/7414758103",
        "climbing": "route_bottom",
        "climbing:grade:uiaa": "10-",
        "climbing:sport": "yes",
        "name": "Appalachian Spring",
        "sport": "climbing"
      },
      "geometry": {
        "type": "Point",
        "coordinates": [
          -83.5753172,
          37.8031562
        ]
      },
      "id": "node/7414758103"
    },
    {
      "type": "Feature",
      "properties": {
        "@id": "node/7414758104",
        "climbing": "route_bottom",
        "climbing:grade:uiaa": "9+",
        "climbing:sport": "yes",
        "name": "Seppuku",
        "sport": "climbing"
      },
      "geometry": {
        "type": "Point",
        "coordinates": [
          -83.5752438,
          37.8031363
        ]
      },
      "id": "node/7414758104"
    },
    {
      "type": "Feature",
      "properties": {
        "@id": "node/7414758105",
        "climbing": "route_bottom",
        "climbing:grade:uiaa": "8-",
        "climbing:length": "29.0",
        "climbing:sport": "yes",
        "name": "There Goes The Neighborhood",
        "sport": "climbing"
      },
      "geometry": {
        "type": "Point",
        "coordinates": [
          -83.5752117,
          37.8031245
        ]
      },
      "id": "node/7414758105"
    },
    {
      "type": "Feature",
      "properties": {
        "@id": "node/7414758106",
        "climbing": "route_bottom",
        "climbing:grade:uiaa": "8+",
        "climbing:length": "14.0",
        "climbing:sport": "yes",
        "name": "Hardcore Jollies",
        "sport": "climbing"
      },
      "geometry": {
        "type": "Point",
        "coordinates": [
          -83.5746482,
          37.8031024
        ]
      },
      "id": "node/7414758106"
    },
    {
      "type": "Feature",
      "properties": {
        "@id": "node/7414758107",
        "climbing": "route_bottom",
        "climbing:bolts": "2",
        "climbing:grade:uiaa": "?",
        "climbing:length": "28.0",
        "climbing:trad": "yes",
        "name": "Red Hot Chili Pepper",
        "sport": "climbing"
      },
      "geometry": {
        "type": "Point",
        "coordinates": [
          -83.5750867,
          37.8030973
        ]
      },
      "id": "node/7414758107"
    },
    {
      "type": "Feature",
      "properties": {
        "@id": "node/7414758108",
        "climbing": "route_bottom",
        "climbing:grade:uiaa": "8+",
        "climbing:sport": "yes",
        "name": "Glory Be",
        "sport": "climbing"
      },
      "geometry": {
        "type": "Point",
        "coordinates": [
          -83.5743636,
          37.8029164
        ]
      },
      "id": "node/7414758108"
    },
    {
      "type": "Feature",
      "properties": {
        "@id": "node/7414758109",
        "climbing": "route_bottom",
        "climbing:grade:uiaa": "10",
        "climbing:length": "25.0",
        "climbing:trad": "yes",
        "name": "Gingervitis",
        "sport": "climbing"
      },
      "geometry": {
        "type": "Point",
        "coordinates": [
          -83.5743044,
          37.8028476
        ]
      },
      "id": "node/7414758109"
    },
    {
      "type": "Feature",
      "properties": {
        "@id": "node/7414758186",
        "climbing": "route_bottom",
        "climbing:grade:uiaa": "6-",
        "name": "Pussy Whipped",
        "sport": "climbing"
      },
      "geometry": {
        "type": "Point",
        "coordinates": [
          -83.563336,
          37.8264556
        ]
      },
      "id": "node/7414758186"
    },
    {
      "type": "Feature",
      "properties": {
        "@id": "node/7414758187",
        "climbing": "route_bottom",
        "climbing:grade:uiaa": "5-",
        "name": "Foxfire",
        "sport": "climbing"
      },
      "geometry": {
        "type": "Point",
        "coordinates": [
          -83.5636876,
          37.8264127
        ]
      },
      "id": "node/7414758187"
    },
    {
      "type": "Feature",
      "properties": {
        "@id": "node/7414758188",
        "climbing": "route_bottom",
        "climbing:grade:uiaa": "5",
        "name": "Scared As a Virgin",
        "sport": "climbing"
      },
      "geometry": {
        "type": "Point",
        "coordinates": [
          -83.5626069,
          37.8263805
        ]
      },
      "id": "node/7414758188"
    },
    {
      "type": "Feature",
      "properties": {
        "@id": "node/7414758189",
        "climbing": "route_bottom",
        "climbing:grade:uiaa": "?",
        "climbing:length": "77.0",
        "climbing:trad": "yes",
        "name": "Day-Yum!",
        "sport": "climbing"
      },
      "geometry": {
        "type": "Point",
        "coordinates": [
          -83.5621995,
          37.8262358
        ]
      },
      "id": "node/7414758189"
    },
    {
      "type": "Feature",
      "properties": {
        "@id": "node/7414758190",
        "climbing": "route_bottom",
        "climbing:grade:uiaa": "8+",
        "climbing:sport": "yes",
        "name": "Go Easy Billy Clyde!",
        "sport": "climbing"
      },
      "geometry": {
        "type": "Point",
        "coordinates": [
          -83.5766832,
          37.8034725
        ]
      },
      "id": "node/7414758190"
    },
    {
      "type": "Feature",
      "properties": {
        "@id": "node/7414758191",
        "climbing": "route_bottom",
        "climbing:grade:uiaa": "7-",
        "name": "Scary Monsters and Super Freaks",
        "sport": "climbing"
      },
      "geometry": {
        "type": "Point",
        "coordinates": [
          -83.577172,
          37.803471
        ]
      },
      "id": "node/7414758191"
    },
    {
      "type": "Feature",
      "properties": {
        "@id": "node/7414758192",
        "climbing": "route_bottom",
        "climbing:grade:uiaa": "5+",
        "climbing:trad": "yes",
        "name": "Rite of Passage",
        "sport": "climbing"
      },
      "geometry": {
        "type": "Point",
        "coordinates": [
          -83.5763781,
          37.8034181
        ]
      },
      "id": "node/7414758192"
    },
    {
      "type": "Feature",
      "properties": {
        "@id": "node/7414758193",
        "climbing": "route_bottom",
        "climbing:grade:uiaa": "7",
        "climbing:trad": "yes",
        "name": "Emphysema",
        "sport": "climbing"
      },
      "geometry": {
        "type": "Point",
        "coordinates": [
          -83.5769439,
          37.8033993
        ]
      },
      "id": "node/7414758193"
    },
    {
      "type": "Feature",
      "properties": {
        "@id": "node/7414758194",
        "climbing": "route_bottom",
        "climbing:grade:uiaa": "10-",
        "climbing:trad": "yes",
        "name": "Gyana Mundra",
        "sport": "climbing"
      },
      "geometry": {
        "type": "Point",
        "coordinates": [
          -83.5771946,
          37.8033914
        ]
      },
      "id": "node/7414758194"
    },
    {
      "type": "Feature",
      "properties": {
        "@id": "node/7414758195",
        "climbing": "route_bottom",
        "climbing:grade:uiaa": "8+",
        "climbing:sport": "yes",
        "name": "This is In",
        "sport": "climbing"
      },
      "geometry": {
        "type": "Point",
        "coordinates": [
          -83.5761155,
          37.8033284
        ]
      },
      "id": "node/7414758195"
    },
    {
      "type": "Feature",
      "properties": {
        "@id": "node/7414758196",
        "climbing": "route_bottom",
        "climbing:grade:uiaa": "4+",
        "climbing:trad": "yes",
        "name": "Sparky Goes Crack Climbing",
        "sport": "climbing"
      },
      "geometry": {
        "type": "Point",
        "coordinates": [
          -83.5758781,
          37.8032812
        ]
      },
      "id": "node/7414758196"
    },
    {
      "type": "Feature",
      "properties": {
        "@id": "node/7414758197",
        "climbing": "route_bottom",
        "climbing:grade:uiaa": "5+",
        "climbing:trad": "yes",
        "name": "Trad Wagon",
        "sport": "climbing"
      },
      "geometry": {
        "type": "Point",
        "coordinates": [
          -83.5756797,
          37.803245
        ]
      },
      "id": "node/7414758197"
    },
    {
      "type": "Feature",
      "properties": {
        "@id": "node/7414758198",
        "climbing": "route_bottom",
        "climbing:grade:uiaa": "6",
        "climbing:sport": "yes",
        "name": "Funkadelic",
        "sport": "climbing"
      },
      "geometry": {
        "type": "Point",
        "coordinates": [
          -83.5755833,
          37.8032296
        ]
      },
      "id": "node/7414758198"
    },
    {
      "type": "Feature",
      "properties": {
        "@id": "node/7414758199",
        "climbing": "route_bottom",
        "climbing:grade:uiaa": "9",
        "climbing:length": "29.0",
        "climbing:sport": "yes",
        "name": "Orange Juice",
        "sport": "climbing"
      },
      "geometry": {
        "type": "Point",
        "coordinates": [
          -83.5751658,
          37.8031145
        ]
      },
      "id": "node/7414758199"
    },
    {
      "type": "Feature",
      "properties": {
        "@id": "node/7414758200",
        "climbing": "crag",
        "climbing:grade:uiaa:max": "10",
        "climbing:grade:uiaa:min": "4+",
        "climbing:length:max": "28.96",
        "climbing:length:min": "13.72",
        "climbing:routes": "35",
        "climbing:sport": "yes",
        "climbing:trad": "yes",
        "name": "Funk Rock City",
        "sport": "climbing"
      },
      "geometry": {
        "type": "Point",
        "coordinates": [
          -83.5759227,
          37.8030718
        ]
      },
      "id": "node/7414758200"
    },
    {
      "type": "Feature",
      "properties": {
        "@id": "node/7414758201",
        "climbing": "route_bottom",
        "climbing:bolts": "11",
        "climbing:grade:uiaa": "7+",
        "climbing:length": "29.0",
        "climbing:sport": "yes",
        "name": "Prime Directive",
        "sport": "climbing"
      },
      "geometry": {
        "type": "Point",
        "coordinates": [
          -83.5745299,
          37.8030354
        ]
      },
      "id": "node/7414758201"
    },
    {
      "type": "Feature",
      "properties": {
        "@id": "node/7414763285",
        "climbing": "route_bottom",
        "climbing:grade:uiaa": "5-",
        "name": "Crude Boys",
        "sport": "climbing"
      },
      "geometry": {
        "type": "Point",
        "coordinates": [
          -83.5630726,
          37.8264406
        ]
      },
      "id": "node/7414763285"
    },
    {
      "type": "Feature",
      "properties": {
        "@id": "node/7414763286",
        "climbing": "route_bottom",
        "climbing:grade:uiaa": "?",
        "climbing:length": "83.0",
        "climbing:trad": "yes",
        "name": "Day Tripping",
        "sport": "climbing"
      },
      "geometry": {
        "type": "Point",
        "coordinates": [
          -83.5622538,
          37.8263151
        ]
      },
      "id": "node/7414763286"
    },
    {
      "type": "Feature",
      "properties": {
        "@id": "node/7414763287",
        "climbing": "route_bottom",
        "climbing:grade:uiaa": "5",
        "climbing:trad": "yes",
        "name": "Joe Camel",
        "sport": "climbing"
      },
      "geometry": {
        "type": "Point",
        "coordinates": [
          -83.577018,
          37.8034319
        ]
      },
      "id": "node/7414763287"
    },
    {
      "type": "Feature",
      "properties": {
        "@id": "node/7414763288",
        "climbing": "route_bottom",
        "climbing:grade:uiaa": "6-",
        "climbing:sport": "yes",
        "name": "Manic Impression",
        "sport": "climbing"
      },
      "geometry": {
        "type": "Point",
        "coordinates": [
          -83.5757966,
          37.8032522
        ]
      },
      "id": "node/7414763288"
    },
    {
      "type": "Feature",
      "properties": {
        "@id": "node/7414763289",
        "climbing": "route_bottom",
        "climbing:grade:uiaa": "6-",
        "climbing:length": "28.0",
        "climbing:trad": "yes",
        "name": "Headstone Surfer",
        "sport": "climbing"
      },
      "geometry": {
        "type": "Point",
        "coordinates": [
          -83.5746872,
          37.8031289
        ]
      },
      "id": "node/7414763289"
    },
    {
      "type": "Feature",
      "properties": {
        "@id": "node/7414763290",
        "climbing": "route_bottom",
        "climbing:grade:uiaa": "?",
        "climbing:trad": "yes",
        "name": "Snotrocket",
        "sport": "climbing"
      },
      "geometry": {
        "type": "Point",
        "coordinates": [
          -83.5744227,
          37.8029896
        ]
      },
      "id": "node/7414763290"
    },
    {
      "type": "Feature",
      "properties": {
        "@id": "node/7414764285",
        "climbing": "route_bottom",
        "climbing:grade:uiaa": "5+",
        "climbing:trad": "yes",
        "name": "Up Swift Creek Without A Paddle",
        "sport": "climbing"
      },
      "geometry": {
        "type": "Point",
        "coordinates": [
          -83.5744796,
          37.803009
        ]
      },
      "id": "node/7414764285"
    },
    {
      "type": "Feature",
      "properties": {
        "@id": "node/8258975748",
        "fee": "no",
        "leisure": "sports_centre",
        "name": "Balmoral Rope Swing",
        "sport": "climbing"
      },
      "geometry": {
        "type": "Point",
        "coordinates": [
          -77.4219214,
          38.7767601
        ]
      },
      "id": "node/8258975748"
    },
    {
      "type": "Feature",
      "properties": {
        "@id": "node/8827651778",
        "climbing": "route_bottom",
        "climbing:sport": "yes",
        "name": "Holy Grail",
        "sport": "climbing"
      },
      "geometry": {
        "type": "Point",
        "coordinates": [
          -83.6740811,
          37.649558
        ]
      },
      "id": "node/8827651778"
    },
    {
      "type": "Feature",
      "properties": {
        "@id": "node/9072339853",
        "leisure": "sports_centre",
        "name": "The Rope Adventure Park at Luray Caverns",
        "sport": "climbing"
      },
      "geometry": {
        "type": "Point",
        "coordinates": [
          -78.4841578,
          38.6652706
        ]
      },
      "id": "node/9072339853"
    },
    {
      "type": "Feature",
      "properties": {
        "@id": "node/9101685334",
        "addr:city": "Virginia Beach",
        "addr:housenumber": "4554",
        "addr:postcode": "23462",
        "addr:state": "VA",
        "addr:street": "Virginia Beach Boulevard",
        "addr:unit": "970",
        "building": "commercial",
        "fee": "yes",
        "leisure": "sports_centre",
        "name": "Latitude Climbing and Fitness",
        "opening_hours": "Mo-Fr 08:00-22:00; Sa 09:00-22:00; Su 09:00-20:00",
        "payment:cash": "yes",
        "payment:credit_cards": "yes",
        "sport": "climbing"
      },
      "geometry": {
        "type": "Point",
        "coordinates": [
          -76.13461,
          36.8451857
        ]
      },
      "id": "node/9101685334"
    },
    {
      "type": "Feature",
      "properties": {
        "@id": "node/9325110517",
        "addr:city": "Washington",
        "addr:housenumber": "1611",
        "addr:postcode": "20002",
        "addr:state": "DC",
        "addr:street": "Eckington Place Northeast",
        "addr:unit": "150",
        "leisure": "sports_centre",
        "name": "DC Bouldering Project",
        "opening_hours": "Mo-Fr 07:00-22:00; Sa-Su 08:00-20:00",
        "phone": "+1-202-667-2404",
        "sport": "climbing",
        "website": "https://www.dcboulderingproject.com/"
      },
      "geometry": {
        "type": "Point",
        "coordinates": [
          -77.0043223,
          38.9115974
        ]
      },
      "id": "node/9325110517"
    },
    {
      "type": "Feature",
      "properties": {
        "@id": "node/10051069520",
        "leisure": "sports_centre",
        "sport": "climbing"
      },
      "geometry": {
        "type": "Point",
        "coordinates": [
          -76.5821707,
          39.0013095
        ]
      },
      "id": "node/10051069520"
    },
    {
      "type": "Feature",
      "properties": {
        "@id": "node/10179926308",
        "addr:housenumber": "1700",
        "addr:postcode": "21211",
        "addr:street": "West 41st Street",
        "leisure": "sports_centre",
        "name": "Movement",
        "opening_hours": "Mo-Fr 06:00-22:00; Sa 08:00-20:00; Su 08:00-18:00",
        "sport": "climbing",
        "website": "https://movementgyms.com/hampden/"
      },
      "geometry": {
        "type": "Point",
        "coordinates": [
          -76.6444278,
          39.3361014
        ]
      },
      "id": "node/10179926308"
    },
    {
      "type": "Feature",
      "properties": {
        "@id": "node/10277405860",
        "climbing": "area",
        "name": "Party Buttress Area",
        "natural": "cliff",
        "sport": "climbing"
      },
      "geometry": {
        "type": "Point",
        "coordinates": [
          -81.0625082,
          38.0556792
        ]
      },
      "id": "node/10277405860"
    },
    {
      "type": "Feature",
      "properties": {
        "@id": "node/10277405890",
        "climbing": "area",
        "name": "Fern Point Area",
        "natural": "cliff",
        "sport": "climbing"
      },
      "geometry": {
        "type": "Point",
        "coordinates": [
          -81.0631722,
          38.0560363
        ]
      },
      "id": "node/10277405890"
    },
    {
      "type": "Feature",
      "properties": {
        "@id": "node/10277405931",
        "climbing": "area",
        "name": "Honeymooner Area",
        "natural": "cliff",
        "sport": "climbing"
      },
      "geometry": {
        "type": "Point",
        "coordinates": [
          -81.0582128,
          38.0543
        ]
      },
      "id": "node/10277405931"
    },
    {
      "type": "Feature",
      "properties": {
        "@id": "node/10536949235",
        "leisure": "sports_centre",
        "name": "The Summit",
        "sport": "climbing"
      },
      "geometry": {
        "type": "Point",
        "coordinates": [
          -82.7600422,
          38.7805723
        ]
      },
      "id": "node/10536949235"
    },
    {
      "type": "Feature",
      "properties": {
        "@id": "node/10536953199",
        "leisure": "sports_centre",
        "name": "X-Scream",
        "sport": "climbing"
      },
      "geometry": {
        "type": "Point",
        "coordinates": [
          -82.7609795,
          38.7794224
        ]
      },
      "id": "node/10536953199"
    },
    {
      "type": "Feature",
      "properties": {
        "@id": "node/10793265967",
        "climbing": "route_bottom",
        "climbing:sport": "yes",
        "name": "Perverse Intentions",
        "sport": "climbing"
      },
      "geometry": {
        "type": "Point",
        "coordinates": [
          -83.6430041,
          37.8439624
        ]
      },
      "id": "node/10793265967"
    },
    {
      "type": "Feature",
      "properties": {
        "@id": "node/10793265969",
        "climbing": "route_bottom",
        "climbing:sport": "yes",
        "name": "Creature Feature",
        "sport": "climbing"
      },
      "geometry": {
        "type": "Point",
        "coordinates": [
          -83.643567,
          37.8451051
        ]
      },
      "id": "node/10793265969"
    },
    {
      "type": "Feature",
      "properties": {
        "@id": "node/10793265970",
        "climbing": "route_bottom",
        "climbing:sport": "yes",
        "name": "Lord Of The Flies",
        "sport": "climbing"
      },
      "geometry": {
        "type": "Point",
        "coordinates": [
          -83.6421936,
          37.8432681
        ]
      },
      "id": "node/10793265970"
    },
    {
      "type": "Feature",
      "properties": {
        "@id": "node/10793531409",
        "climbing": "route_bottom",
        "climbing:sport": "yes",
        "name": "Pogue Ethics",
        "sport": "climbing"
      },
      "geometry": {
        "type": "Point",
        "coordinates": [
          -83.6424347,
          37.8435017
        ]
      },
      "id": "node/10793531409"
    },
    {
      "type": "Feature",
      "properties": {
        "@id": "node/10793531410",
        "climbing": "route_bottom",
        "climbing:sport": "yes",
        "name": "Overlord",
        "sport": "climbing"
      },
      "geometry": {
        "type": "Point",
        "coordinates": [
          -83.6421666,
          37.8431281
        ]
      },
      "id": "node/10793531410"
    },
    {
      "type": "Feature",
      "properties": {
        "@id": "node/10805093582",
        "climbing": "route_bottom",
        "climbing:sport": "yes",
        "name": "Twinkie",
        "sport": "climbing"
      },
      "geometry": {
        "type": "Point",
        "coordinates": [
          -83.643736,
          37.8455806
        ]
      },
      "id": "node/10805093582"
    },
    {
      "type": "Feature",
      "properties": {
        "@id": "node/10805100421",
        "climbing": "route_bottom",
        "climbing:sport": "yes",
        "name": "Phantasia",
        "sport": "climbing"
      },
      "geometry": {
        "type": "Point",
        "coordinates": [
          -83.6439442,
          37.8456618
        ]
      },
      "id": "node/10805100421"
    },
    {
      "type": "Feature",
      "properties": {
        "@id": "node/10968066382",
        "description": "One of central Virginia's premier rock climbing areas, offering multiple routes for trad climbing, sport climbing, and top roping. The sixty-foot granite wall is a remnant of the Richmond and Petersburg Railroad Bridge which spanned the James River.",
        "height": "17",
        "name": "Manchester Wall Rock Climbing",
        "natural": "cliff",
        "sport": "climbing"
      },
      "geometry": {
        "type": "Point",
        "coordinates": [
          -77.4459363,
          37.5295676
        ]
      },
      "id": "node/10968066382"
    },
    {
      "type": "Feature",
      "properties": {
        "@id": "node/11016466488",
        "climbing": "crag",
        "climbing:routes": "5",
        "climbing:trad": "yes",
        "name": "Window Wall",
        "sport": "climbing"
      },
      "geometry": {
        "type": "Point",
        "coordinates": [
          -83.6270985,
          37.8300656
        ]
      },
      "id": "node/11016466488"
    },
    {
      "type": "Feature",
      "properties": {
        "@id": "node/11027993850",
        "climbing": "crag",
        "climbing:sport": "yes",
        "climbing:trad": "yes",
        "name": "Pistol Ridge",
        "sport": "climbing"
      },
      "geometry": {
        "type": "Point",
        "coordinates": [
          -83.6743109,
          37.863351
        ]
      },
      "id": "node/11027993850"
    },
    {
      "type": "Feature",
      "properties": {
        "@id": "node/11027993857",
        "climbing": "crag",
        "climbing:sport": "yes",
        "climbing:trad": "yes",
        "name": "Clearcut Wall",
        "sport": "climbing"
      },
      "geometry": {
        "type": "Point",
        "coordinates": [
          -83.6667784,
          37.8664289
        ]
      },
      "id": "node/11027993857"
    },
    {
      "type": "Feature",
      "properties": {
        "@id": "node/11040308711",
        "climbing": "crag",
        "name": "Gun Crag",
        "sport": "climbing"
      },
      "geometry": {
        "type": "Point",
        "coordinates": [
          -83.6681531,
          37.7481519
        ]
      },
      "id": "node/11040308711"
    },
    {
      "type": "Feature",
      "properties": {
        "@id": "node/11369467130",
        "climbing": "route_bottom",
        "climbing:length": "12",
        "climbing:trad": "yes",
        "name": "Wrong Crack",
        "sport": "climbing"
      },
      "geometry": {
        "type": "Point",
        "coordinates": [
          -83.5843438,
          37.8231927
        ]
      },
      "id": "node/11369467130"
    },
    {
      "type": "Feature",
      "properties": {
        "@id": "node/11506692344",
        "leisure": "sports_centre",
        "level": "3",
        "name": "Sportrock Climbing Center",
        "sport": "climbing",
        "wikidata": "Q75555969"
      },
      "geometry": {
        "type": "Point",
        "coordinates": [
          -77.1971212,
          39.1160144
        ]
      },
      "id": "node/11506692344"
    },
    {
      "type": "Feature",
      "properties": {
        "@id": "node/11522828857",
        "leisure": "sports_centre",
        "name": "Talking Headwall",
        "sport": "climbing"
      },
      "geometry": {
        "type": "Point",
        "coordinates": [
          -78.3030505,
          38.9463671
        ]
      },
      "id": "node/11522828857"
    },
    {
      "type": "Feature",
      "properties": {
        "@id": "node/11608828727",
        "leisure": "sports_centre",
        "name": "State Climb",
        "sport": "climbing"
      },
      "geometry": {
        "type": "Point",
        "coordinates": [
          -77.9960213,
          38.4715524
        ]
      },
      "id": "node/11608828727"
    },
    {
      "type": "Feature",
      "properties": {
        "@id": "node/11616111793",
        "climbing": "crag",
        "climbing:routes": "16",
        "climbing:sport": "yes",
        "climbing:trad": "yes",
        "name": "Wall Of Denial",
        "sport": "climbing"
      },
      "geometry": {
        "type": "Point",
        "coordinates": [
          -83.5604369,
          37.8211118
        ]
      },
      "id": "node/11616111793"
    },
    {
      "type": "Feature",
      "properties": {
        "@id": "node/11940073570",
        "climbing": "crag",
        "climbing:routes": "5",
        "climbing:trad": "yes",
        "name": "Moonshiner’s Wall",
        "sport": "climbing"
      },
      "geometry": {
        "type": "Point",
        "coordinates": [
          -83.5739098,
          37.8214195
        ]
      },
      "id": "node/11940073570"
    },
    {
      "type": "Feature",
      "properties": {
        "@id": "node/11940073571",
        "climbing": "crag",
        "climbing:routes": "1",
        "climbing:trad": "yes",
        "name": "Doorish Wall",
        "sport": "climbing"
      },
      "geometry": {
        "type": "Point",
        "coordinates": [
          -83.566249,
          37.8259701
        ]
      },
      "id": "node/11940073571"
    },
    {
      "type": "Feature",
      "properties": {
        "@id": "node/11953787963",
        "climbing": "route_bottom",
        "climbing:sport": "yes",
        "name": "The Snows Of Winter",
        "sport": "climbing"
      },
      "geometry": {
        "type": "Point",
        "coordinates": [
          -83.6739696,
          37.6495451
        ]
      },
      "id": "node/11953787963"
    },
    {
      "type": "Feature",
      "properties": {
        "@id": "node/11953787968",
        "climbing": "route_bottom",
        "climbing:sport": "yes",
        "name": "European Swallow",
        "sport": "climbing"
      },
      "geometry": {
        "type": "Point",
        "coordinates": [
          -83.6740212,
          37.6495488
        ]
      },
      "id": "node/11953787968"
    },
    {
      "type": "Feature",
      "properties": {
        "@id": "node/11953807372",
        "climbing": "route_bottom",
        "climbing:sport": "yes",
        "name": "Aurthur King Of The Britons",
        "sport": "climbing"
      },
      "geometry": {
        "type": "Point",
        "coordinates": [
          -83.674976,
          37.6493849
        ]
      },
      "id": "node/11953807372"
    },
    {
      "type": "Feature",
      "properties": {
        "@id": "node/12206097504",
        "addr:city": "Christiansburg",
        "addr:housenumber": "100",
        "addr:postcode": "24073",
        "addr:state": "VA",
        "addr:street": "Central Avenue Northeast",
        "leisure": "sports_centre",
        "name": "Crimper's Climbing Gym",
        "sport": "climbing"
      },
      "geometry": {
        "type": "Point",
        "coordinates": [
          -80.4111823,
          37.151414
        ]
      },
      "id": "node/12206097504"
    },
    {
      "type": "Feature",
      "properties": {
        "@id": "node/12461479458",
        "access": "private",
        "addr:city": "Richmond",
        "addr:housenumber": "1375",
        "addr:postcode": "23220",
        "addr:state": "VA",
        "addr:street": "Overbrook Rd",
        "check_date": "2025-11-28",
        "contact:email": "info@peakexperiences.com",
        "contact:facebook": "https://www.facebook.com/PeakExperiencesRockClimbing/",
        "contact:instagram": "https://www.instagram.com/peakexperiences/",
        "contact:phone": "+1-804-655-2628",
        "contact:website": "https://www.peakexperiences.com/",
        "fee": "yes",
        "leisure": "sports_centre",
        "loc_name": "Peak RVA",
        "membership": "yes",
        "name": "Peak Experiences Richmond",
        "opening_hours": "Mo-Fr 06:00-23:00; Sa-Su 10:00-20:00",
        "operator": "Peak Experiences Climbing Centers Inc.",
        "operator:type": "private",
        "sport": "climbing",
        "website:waiver": "https://climber.hellocapitan.com/peakexperiences/documents/fill/list/kiosk/",
        "wheelchair": "yes"
      },
      "geometry": {
        "type": "Point",
        "coordinates": [
          -77.4554986,
          37.5631377
        ]
      },
      "id": "node/12461479458"
    },
    {
      "type": "Feature",
      "properties": {
        "@id": "node/12755685628",
        "climbing": "route_bottom",
        "climbing:boulder": "no",
        "climbing:grade:yds_class": "5.9",
        "climbing:sport": "yes",
        "climbing:traditional": "no",
        "name": "Overseer",
        "sport": "climbing"
      },
      "geometry": {
        "type": "Point",
        "coordinates": [
          -83.6262072,
          37.7246801
        ]
      },
      "id": "node/12755685628"
    },
    {
      "type": "Feature",
      "properties": {
        "@id": "node/12755685629",
        "climbing": "route_bottom",
        "climbing:boulder": "no",
        "climbing:grade:yds_class": "5.9",
        "climbing:sport": "yes",
        "climbing:traditional": "no",
        "name": "Gobblers of Geosmin",
        "sport": "climbing"
      },
      "geometry": {
        "type": "Point",
        "coordinates": [
          -83.6258613,
          37.7248848
        ]
      },
      "id": "node/12755685629"
    },
    {
      "type": "Feature",
      "properties": {
        "@id": "node/12755685630",
        "climbing": "route_bottom",
        "climbing:boulder": "no",
        "climbing:grade:yds_class": "5.8",
        "climbing:sport": "yes",
        "climbing:traditional": "no",
        "name": "Ohio Climbing",
        "sport": "climbing"
      },
      "geometry": {
        "type": "Point",
        "coordinates": [
          -83.6263456,
          37.7245004
        ]
      },
      "id": "node/12755685630"
    },
    {
      "type": "Feature",
      "properties": {
        "@id": "node/12755685631",
        "climbing": "route_bottom",
        "climbing:boulder": "no",
        "climbing:grade:yds_class": "5.8",
        "climbing:sport": "yes",
        "climbing:traditional": "no",
        "name": "Sweet Jane",
        "sport": "climbing"
      },
      "geometry": {
        "type": "Point",
        "coordinates": [
          -83.6268259,
          37.7243009
        ]
      },
      "id": "node/12755685631"
    },
    {
      "type": "Feature",
      "properties": {
        "@id": "node/12763482328",
        "climbing": "route_bottom",
        "climbing:grade:yds_class": "5.9",
        "climbing:sport": "yes",
        "name": "Dance of the Druids",
        "sport": "climbing"
      },
      "geometry": {
        "type": "Point",
        "coordinates": [
          -83.6366468,
          37.7314668
        ]
      },
      "id": "node/12763482328"
    },
    {
      "type": "Feature",
      "properties": {
        "@id": "node/12851748920",
        "check_date": "2025-05-20",
        "leisure": "sports_centre",
        "name": "Outside-In",
        "sport": "climbing"
      },
      "geometry": {
        "type": "Point",
        "coordinates": [
          -81.2075517,
          37.7906439
        ]
      },
      "id": "node/12851748920"
    },
    {
      "type": "Feature",
      "properties": {
        "@id": "node/12889371582",
        "leisure": "sports_centre",
        "name": "Point Camp",
        "operator": "High Knoll Trail",
        "operator:type": "ngo",
        "sport": "climbing"
      },
      "geometry": {
        "type": "Point",
        "coordinates": [
          -80.5482777,
          36.9912134
        ]
      },
      "id": "node/12889371582"
    },
    {
      "type": "Feature",
      "properties": {
        "@id": "node/12966287830",
        "climbing": "route_bottom",
        "climbing:grade:yds_class": "5.7",
        "climbing:sport": "yes",
        "climbing:url:mountainproject": "https://www.mountainproject.com/route/126209406/safer-than-walking",
        "name": "Safer Than Walking",
        "natural": "cliff",
        "sport": "climbing"
      },
      "geometry": {
        "type": "Point",
        "coordinates": [
          -83.630931,
          37.7175011
        ]
      },
      "id": "node/12966287830"
    },
    {
      "type": "Feature",
      "properties": {
        "@id": "node/12987526630",
        "climbing": "route_bottom",
        "name": "Devine Climb",
        "sport": "climbing"
      },
      "geometry": {
        "type": "Point",
        "coordinates": [
          -83.5886745,
          37.8230337
        ]
      },
      "id": "node/12987526630"
    },
    {
      "type": "Feature",
      "properties": {
        "@id": "node/12987526631",
        "climbing": "route_bottom",
        "name": "Mickey Mantle",
        "sport": "climbing"
      },
      "geometry": {
        "type": "Point",
        "coordinates": [
          -83.5880529,
          37.8253326
        ]
      },
      "id": "node/12987526631"
    },
    {
      "type": "Feature",
      "properties": {
        "@id": "node/12987526633",
        "climbing": "route_bottom",
        "name": "Spiderweb Tearoom",
        "sport": "climbing"
      },
      "geometry": {
        "type": "Point",
        "coordinates": [
          -83.5883289,
          37.824488
        ]
      },
      "id": "node/12987526633"
    },
    {
      "type": "Feature",
      "properties": {
        "@id": "node/12987526637",
        "climbing": "route_bottom",
        "sport": "climbing"
      },
      "geometry": {
        "type": "Point",
        "coordinates": [
          -83.5878202,
          37.825406
        ]
      },
      "id": "node/12987526637"
    },
    {
      "type": "Feature",
      "properties": {
        "@id": "node/13137072220",
        "climbing": "route_bottom",
        "climbing:grade:uiaa": "5",
        "climbing:length": "31.0",
        "climbing:trad": "yes",
        "name": "One Thing Leads to Another",
        "sport": "climbing"
      },
      "geometry": {
        "type": "Point",
        "coordinates": [
          -83.5703051,
          37.8968522
        ]
      },
      "id": "node/13137072220"
    },
    {
      "type": "Feature",
      "properties": {
        "@id": "node/13180620432",
        "addr:city": "Frederick",
        "addr:housenumber": "5714",
        "addr:postcode": "21704",
        "addr:state": "md",
        "addr:street": "Industry Lane",
        "addr:unit": "F",
        "leisure": "sports_centre",
        "name": "The Boulder Yard",
        "operator": "https://www.theboulderyardmd.com/",
        "sport": "climbing"
      },
      "geometry": {
        "type": "Point",
        "coordinates": [
          -77.4162383,
          39.3908076
        ]
      },
      "id": "node/13180620432"
    },
    {
      "type": "Feature",
      "properties": {
        "@id": "node/13204853065",
        "climbing": "crag",
        "climbing:sport": "yes",
        "climbing:trad": "yes",
        "name": "Lumpy Wall",
        "sport": "climbing"
      },
      "geometry": {
        "type": "Point",
        "coordinates": [
          -83.6376643,
          37.8889699
        ]
      },
      "id": "node/13204853065"
    },
    {
      "type": "Feature",
      "properties": {
        "@id": "node/13204853072",
        "climbing": "crag",
        "climbing:sport": "yes",
        "climbing:trad": "yes",
        "name": "Muscle Beach",
        "sport": "climbing"
      },
      "geometry": {
        "type": "Point",
        "coordinates": [
          -83.6530053,
          37.8737876
        ]
      },
      "id": "node/13204853072"
    },
    {
      "type": "Feature",
      "properties": {
        "@id": "node/13204853073",
        "climbing": "crag",
        "climbing:sport": "yes",
        "climbing:trad": "yes",
        "name": "Backside",
        "sport": "climbing"
      },
      "geometry": {
        "type": "Point",
        "coordinates": [
          -83.6421176,
          37.8883112
        ]
      },
      "id": "node/13204853073"
    },
    {
      "type": "Feature",
      "properties": {
        "@id": "node/13227755630",
        "climbing": "crag",
        "name": "Between Wall",
        "sport": "climbing"
      },
      "geometry": {
        "type": "Point",
        "coordinates": [
          -83.6559,
          37.8675
        ]
      },
      "id": "node/13227755630"
    },
    {
      "type": "Feature",
      "properties": {
        "@id": "node/13227755631",
        "climbing": "crag",
        "name": "Minas Tirith",
        "sport": "climbing"
      },
      "geometry": {
        "type": "Point",
        "coordinates": [
          -83.6602696,
          37.8745707
        ]
      },
      "id": "node/13227755631"
    },
    {
      "type": "Feature",
      "properties": {
        "@id": "node/13227755632",
        "climbing": "crag",
        "name": "Jazz Rock",
        "sport": "climbing"
      },
      "geometry": {
        "type": "Point",
        "coordinates": [
          -83.6681,
          37.8724
        ]
      },
      "id": "node/13227755632"
    },
    {
      "type": "Feature",
      "properties": {
        "@id": "node/13227755634",
        "climbing": "crag",
        "name": "Brighton Wall",
        "sport": "climbing"
      },
      "geometry": {
        "type": "Point",
        "coordinates": [
          -83.6653,
          37.8727
        ]
      },
      "id": "node/13227755634"
    },
    {
      "type": "Feature",
      "properties": {
        "@id": "node/13227755635",
        "climbing": "crag",
        "name": "Symphony Wall",
        "sport": "climbing"
      },
      "geometry": {
        "type": "Point",
        "coordinates": [
          -83.6668,
          37.8739
        ]
      },
      "id": "node/13227755635"
    },
    {
      "type": "Feature",
      "properties": {
        "@id": "node/13227755636",
        "climbing": "crag",
        "name": "Bear Wollor Hollor",
        "sport": "climbing"
      },
      "geometry": {
        "type": "Point",
        "coordinates": [
          -83.6614,
          37.8676
        ]
      },
      "id": "node/13227755636"
    },
    {
      "type": "Feature",
      "properties": {
        "@id": "node/13227755637",
        "climbing": "crag",
        "name": "Willie's Wall",
        "sport": "climbing"
      },
      "geometry": {
        "type": "Point",
        "coordinates": [
          -83.6639,
          37.8737
        ]
      },
      "id": "node/13227755637"
    },
    {
      "type": "Feature",
      "properties": {
        "@id": "node/13227898485",
        "climbing": "route_bottom",
        "climbing:grade:yds_class": "5.8",
        "climbing:sport": "no",
        "climbing:trad": "yes",
        "name": "Trunkline",
        "sport": "climbing"
      },
      "geometry": {
        "type": "Point",
        "coordinates": [
          -83.6390396,
          37.8946073
        ]
      },
      "id": "node/13227898485"
    },
    {
      "type": "Feature",
      "properties": {
        "@id": "node/13227917703",
        "climbing": "crag",
        "name": "Indian Creek",
        "sport": "climbing"
      },
      "geometry": {
        "type": "Point",
        "coordinates": [
          -83.6384834,
          37.8949416
        ]
      },
      "id": "node/13227917703"
    },
    {
      "type": "Feature",
      "properties": {
        "@id": "node/13227917724",
        "climbing": "crag",
        "name": "Board Wall",
        "sport": "climbing"
      },
      "geometry": {
        "type": "Point",
        "coordinates": [
          -83.635155,
          37.9000732
        ]
      },
      "id": "node/13227917724"
    },
    {
      "type": "Feature",
      "properties": {
        "@id": "node/13227917732",
        "climbing": "crag",
        "name": "Lost Ridge",
        "sport": "climbing"
      },
      "geometry": {
        "type": "Point",
        "coordinates": [
          -83.6432,
          37.9077
        ]
      },
      "id": "node/13227917732"
    },
    {
      "type": "Feature",
      "properties": {
        "@id": "node/13227917736",
        "climbing": "crag",
        "name": "Purple Valley",
        "sport": "climbing"
      },
      "geometry": {
        "type": "Point",
        "coordinates": [
          -83.6388,
          37.9014
        ]
      },
      "id": "node/13227917736"
    },
    {
      "type": "Feature",
      "properties": {
        "@id": "node/13228434773",
        "climbing": "crag",
        "name": "Wildcat Wall",
        "sport": "climbing"
      },
      "geometry": {
        "type": "Point",
        "coordinates": [
          -83.5685779,
          37.7931463
        ]
      },
      "id": "node/13228434773"
    },
    {
      "type": "Feature",
      "properties": {
        "@id": "node/13230619359",
        "climbing": "crag",
        "name": "Buzzard's Roost",
        "sport": "climbing"
      },
      "geometry": {
        "type": "Point",
        "coordinates": [
          -83.5878442,
          37.8171886
        ]
      },
      "id": "node/13230619359"
    },
    {
      "type": "Feature",
      "properties": {
        "@id": "node/13274678305",
        "climbing": "crag",
        "name": "Slab Camp",
        "sport": "climbing"
      },
      "geometry": {
        "type": "Point",
        "coordinates": [
          -83.36386,
          38.12833
        ]
      },
      "id": "node/13274678305"
    },
    {
      "type": "Feature",
      "properties": {
        "@id": "node/13618115545",
        "leisure": "sports_centre",
        "name": "Tango Tower",
        "sport": "climbing"
      },
      "geometry": {
        "type": "Point",
        "coordinates": [
          -80.4709467,
          39.1017159
        ]
      },
      "id": "node/13618115545"
    }
  ]
}