{
  "type": "FeatureCollection",
  "generator": "overpass-turbo",
  "copyright": "The data included in this document is from www.openstreetmap.org. The data is made available under ODbL.",
  "timestamp": "2026-06-28T01:04:00Z",
  "features": [
    {
      "type": "Feature",
      "properties": {
        "@id": "relation/1224608",
        "distance": "1.67 mi",
        "name": "Barrans-Baldwin Trail (green)",
        "network": "lwn",
        "operator": "Baltimore County Department of Recreation and Parks",
        "osmc:symbol": "red:green",
        "route": "hiking",
        "symbol": "green",
        "type": "route",
        "@geometry": "center"
      },
      "geometry": {
        "type": "Point",
        "coordinates": [
          -76.5536404,
          39.4254999
        ]
      },
      "id": "relation/1224608"
    },
    {
      "type": "Feature",
      "properties": {
        "@id": "relation/1623950",
        "colour": "blue",
        "name": "Potomac Heritage National Scenic Trail (right bank)",
        "network": "US:NST",
        "network:type": "nwn",
        "operator": "National Park Service",
        "osmc:symbol": "blue::blue_stripe",
        "ref": "PHT",
        "route": "hiking",
        "short_name": "PHT",
        "symbol": "blue stripe",
        "type": "route",
        "website": "https://www.nps.gov/pohe/planyourvisit/maps.htm",
        "wikidata": "Q7235063",
        "wikipedia": "en:Potomac Heritage Trail",
        "@geometry": "center"
      },
      "geometry": {
        "type": "Point",
        "coordinates": [
          -77.2835859,
          38.8309436
        ]
      },
      "id": "relation/1623950"
    },
    {
      "type": "Feature",
      "properties": {
        "@id": "relation/1664503",
        "name": "Seneca Creek Greenway",
        "network": "rwn",
        "route": "hiking",
        "type": "route",
        "wikidata": "Q104856102",
        "wikipedia": "en:Seneca Creek Greenway Trail",
        "@geometry": "center"
      },
      "geometry": {
        "type": "Point",
        "coordinates": [
          -77.2655906,
          39.1602789
        ]
      },
      "id": "relation/1664503"
    },
    {
      "type": "Feature",
      "properties": {
        "@id": "relation/1772789",
        "colour": "#ffff00",
        "name": "Allegheny Trail",
        "network": "rwn",
        "operator": "West Virginia Scenic Trails Association",
        "ref": "ALT",
        "route": "hiking",
        "symbol": "2\"x 6\" yellow rectangular blazes",
        "type": "route",
        "website": "https://www.wvscenictrails.org/allegheny-trail-info",
        "wikidata": "Q4731350",
        "wikipedia": "en:Allegheny Trail",
        "@geometry": "center"
      },
      "geometry": {
        "type": "Point",
        "coordinates": [
          -80.4892233,
          37.4884342
        ]
      },
      "id": "relation/1772789"
    },
    {
      "type": "Feature",
      "properties": {
        "@id": "relation/2104521",
        "colour": "#8fbfcc",
        "name": "Buckeye Trail (Old Mans Cave)",
        "network": "nwn",
        "operator": "Buckeye Trail Association",
        "osmc:symbol": "blue::blue_stripe",
        "ref": "BT",
        "route": "hiking",
        "segment": "yes",
        "symbol": "blue",
        "type": "route",
        "website": "https://www.buckeyetrail.org/sections/old-mans-cave",
        "@geometry": "center"
      },
      "geometry": {
        "type": "Point",
        "coordinates": [
          -82.5780519,
          39.4823795
        ]
      },
      "id": "relation/2104521"
    },
    {
      "type": "Feature",
      "properties": {
        "@id": "relation/2196951",
        "colour": "purple",
        "name": "Rockburn Branch Trail",
        "network": "lwn",
        "route": "hiking",
        "type": "route",
        "@geometry": "center"
      },
      "geometry": {
        "type": "Point",
        "coordinates": [
          -76.7328715,
          39.2228828
        ]
      },
      "id": "relation/2196951"
    },
    {
      "type": "Feature",
      "properties": {
        "@id": "relation/2196952",
        "colour": "yellow",
        "name": "Morning Choice Trail",
        "network": "lwn",
        "route": "hiking",
        "type": "route",
        "@geometry": "center"
      },
      "geometry": {
        "type": "Point",
        "coordinates": [
          -76.753263,
          39.2245233
        ]
      },
      "id": "relation/2196952"
    },
    {
      "type": "Feature",
      "properties": {
        "@id": "relation/2197057",
        "colour": "red",
        "name": "Vineyard Spring Trail",
        "network": "lwn",
        "route": "hiking",
        "type": "route",
        "@geometry": "center"
      },
      "geometry": {
        "type": "Point",
        "coordinates": [
          -76.7336132,
          39.2356249
        ]
      },
      "id": "relation/2197057"
    },
    {
      "type": "Feature",
      "properties": {
        "@id": "relation/2314003",
        "designation": "USGS self-guided tour",
        "name": "USGS Rock Garden Walk",
        "route": "hiking",
        "source": "http://www.usgs.gov/visitors/selfmap.asp",
        "type": "route",
        "@geometry": "center"
      },
      "geometry": {
        "type": "Point",
        "coordinates": [
          -77.36919,
          38.9471085
        ]
      },
      "id": "relation/2314003"
    },
    {
      "type": "Feature",
      "properties": {
        "@id": "relation/4555041",
        "distance": "4.5 mi",
        "name": "Prince Frederick Trail",
        "network": "lwn",
        "operator": "American Chestnut Land Trust",
        "osmc:symbol": "blue::blue_stripe",
        "ref": "PF2BAY",
        "route": "hiking",
        "signed_direction": "no",
        "symbol": "blue stripe",
        "trailblazed": "symbols",
        "trailblazed:visibility": "poor",
        "type": "route",
        "@geometry": "center"
      },
      "geometry": {
        "type": "Point",
        "coordinates": [
          -76.5495302,
          38.5432129
        ]
      },
      "id": "relation/4555041"
    },
    {
      "type": "Feature",
      "properties": {
        "@id": "relation/4555045",
        "distance": "3.8 mi",
        "name": "Parkers Creek Loop",
        "network": "lwn",
        "operator": "American Chestnut Land Trust",
        "osmc:symbol": "purple::purple_stripe",
        "roundtrip": "yes",
        "route": "hiking",
        "symbol": "purple stripe",
        "type": "route",
        "@geometry": "center"
      },
      "geometry": {
        "type": "Point",
        "coordinates": [
          -76.5347317,
          38.5406186
        ]
      },
      "id": "relation/4555045"
    },
    {
      "type": "Feature",
      "properties": {
        "@id": "relation/4555046",
        "distance": "1 mi",
        "name": "Double Oak Road Trail",
        "network": "lwn",
        "operator": "American Chestnut Land Trust",
        "osmc:symbol": "red::red_stripe",
        "route": "hiking",
        "symbol": "red stripe",
        "type": "route",
        "@geometry": "center"
      },
      "geometry": {
        "type": "Point",
        "coordinates": [
          -76.5378696,
          38.540522
        ]
      },
      "id": "relation/4555046"
    },
    {
      "type": "Feature",
      "properties": {
        "@id": "relation/4555109",
        "distance": "2.01 mi",
        "name": "East Loop Trail",
        "network": "lwn",
        "operator": "American Chestnut Land Trust",
        "osmc:symbol": "green::green_stripe",
        "roundtrip": "yes",
        "route": "hiking",
        "symbol": "green stripe",
        "type": "route",
        "@geometry": "center"
      },
      "geometry": {
        "type": "Point",
        "coordinates": [
          -76.521315,
          38.5059335
        ]
      },
      "id": "relation/4555109"
    },
    {
      "type": "Feature",
      "properties": {
        "@id": "relation/4555110",
        "distance": "1.07 mi",
        "name": "Laurel Loop Trail",
        "network": "lwn",
        "osmc:symbol": "purple::purple_stripe",
        "roundtrip": "yes",
        "route": "hiking",
        "symbol": "purple stripe",
        "type": "route",
        "@geometry": "center"
      },
      "geometry": {
        "type": "Point",
        "coordinates": [
          -76.5218622,
          38.510443
        ]
      },
      "id": "relation/4555110"
    },
    {
      "type": "Feature",
      "properties": {
        "@id": "relation/4555111",
        "distance": "2.70 mi",
        "name": "Ridge Loop",
        "network": "lwn",
        "osmc:symbol": "red::red_stripe",
        "roundtrip": "yes",
        "route": "hiking",
        "symbol": "red stripe",
        "type": "route",
        "@geometry": "center"
      },
      "geometry": {
        "type": "Point",
        "coordinates": [
          -76.5219047,
          38.5153538
        ]
      },
      "id": "relation/4555111"
    },
    {
      "type": "Feature",
      "properties": {
        "@id": "relation/4555112",
        "distance": "0.87 mi",
        "name": "Flint Trail",
        "network": "lwn",
        "osmc:symbol": "orange::orange_stripe",
        "roundtrip": "no",
        "route": "hiking",
        "symbol": "orange stripe",
        "type": "route",
        "@geometry": "center"
      },
      "geometry": {
        "type": "Point",
        "coordinates": [
          -76.5228175,
          38.514919
        ]
      },
      "id": "relation/4555112"
    },
    {
      "type": "Feature",
      "properties": {
        "@id": "relation/4648749",
        "name": "Brawner Farm Loop Trail",
        "route": "hiking",
        "type": "route",
        "@geometry": "center"
      },
      "geometry": {
        "type": "Point",
        "coordinates": [
          -77.560071,
          38.8148135
        ]
      },
      "id": "relation/4648749"
    },
    {
      "type": "Feature",
      "properties": {
        "@id": "relation/4648750",
        "name": "Chinn Ridge Loop Trail",
        "route": "hiking",
        "type": "route",
        "@geometry": "center"
      },
      "geometry": {
        "type": "Point",
        "coordinates": [
          -77.5395393,
          38.806047
        ]
      },
      "id": "relation/4648750"
    },
    {
      "type": "Feature",
      "properties": {
        "@id": "relation/4648751",
        "name": "Deep Cut Loop Trail",
        "route": "hiking",
        "type": "route",
        "@geometry": "center"
      },
      "geometry": {
        "type": "Point",
        "coordinates": [
          -77.5544762,
          38.8196827
        ]
      },
      "id": "relation/4648751"
    },
    {
      "type": "Feature",
      "properties": {
        "@id": "relation/4648752",
        "name": "First Manassas Trail",
        "route": "hiking",
        "type": "route",
        "@geometry": "center"
      },
      "geometry": {
        "type": "Point",
        "coordinates": [
          -77.5179313,
          38.8215594
        ]
      },
      "id": "relation/4648752"
    },
    {
      "type": "Feature",
      "properties": {
        "@id": "relation/4648753",
        "name": "Henry Hill Loop Trail",
        "route": "hiking",
        "type": "route",
        "@geometry": "center"
      },
      "geometry": {
        "type": "Point",
        "coordinates": [
          -77.5211972,
          38.815702
        ]
      },
      "id": "relation/4648753"
    },
    {
      "type": "Feature",
      "properties": {
        "@id": "relation/4648754",
        "name": "Matthews Hill Loop Trail",
        "route": "hiking",
        "type": "route",
        "@geometry": "center"
      },
      "geometry": {
        "type": "Point",
        "coordinates": [
          -77.5300674,
          38.8256051
        ]
      },
      "id": "relation/4648754"
    },
    {
      "type": "Feature",
      "properties": {
        "@id": "relation/4648755",
        "name": "Second Manassas Trail",
        "route": "hiking",
        "type": "route",
        "@geometry": "center"
      },
      "geometry": {
        "type": "Point",
        "coordinates": [
          -77.537679,
          38.8154654
        ]
      },
      "id": "relation/4648755"
    },
    {
      "type": "Feature",
      "properties": {
        "@id": "relation/4648756",
        "name": "Stone Bridge Loop Trail",
        "route": "hiking",
        "type": "route",
        "@geometry": "center"
      },
      "geometry": {
        "type": "Point",
        "coordinates": [
          -77.5070353,
          38.8252286
        ]
      },
      "id": "relation/4648756"
    },
    {
      "type": "Feature",
      "properties": {
        "@id": "relation/4648757",
        "name": "Unfinished Railroad Loop Trail",
        "route": "hiking",
        "type": "route",
        "@geometry": "center"
      },
      "geometry": {
        "type": "Point",
        "coordinates": [
          -77.5450737,
          38.8287149
        ]
      },
      "id": "relation/4648757"
    },
    {
      "type": "Feature",
      "properties": {
        "@id": "relation/6058405",
        "colour": "#00FFFF",
        "name": "Huckleberry Trail",
        "ref": "TR533",
        "route": "hiking",
        "type": "route",
        "@geometry": "center"
      },
      "geometry": {
        "type": "Point",
        "coordinates": [
          -79.5154443,
          38.7258003
        ]
      },
      "id": "relation/6058405"
    },
    {
      "type": "Feature",
      "properties": {
        "@id": "relation/6058406",
        "colour": "#00FF00",
        "name": "Seneca Creek Trail",
        "network": "lwn",
        "ref": "TR515",
        "route": "hiking",
        "type": "route",
        "@geometry": "center"
      },
      "geometry": {
        "type": "Point",
        "coordinates": [
          -79.5290048,
          38.7395925
        ]
      },
      "id": "relation/6058406"
    },
    {
      "type": "Feature",
      "properties": {
        "@id": "relation/6229388",
        "colour": "blue",
        "name": "Blue Trail",
        "network": "lwn",
        "operator": "Baltimore County Recreation & Parks",
        "ref": "Blue",
        "route": "hiking",
        "symbol": "blue trail blaze",
        "trail_marking": "blue",
        "type": "route",
        "@geometry": "center"
      },
      "geometry": {
        "type": "Point",
        "coordinates": [
          -76.4475606,
          39.3903937
        ]
      },
      "id": "relation/6229388"
    },
    {
      "type": "Feature",
      "properties": {
        "@id": "relation/6229389",
        "colour": "green",
        "name": "Green Trail",
        "network": "lwn",
        "operator": "Baltimore County Recreation & Parks",
        "ref": "Green",
        "route": "hiking",
        "symbol": "green trailblaze",
        "trail_marking": "green",
        "type": "route",
        "@geometry": "center"
      },
      "geometry": {
        "type": "Point",
        "coordinates": [
          -76.4509729,
          39.393016
        ]
      },
      "id": "relation/6229389"
    },
    {
      "type": "Feature",
      "properties": {
        "@id": "relation/6229390",
        "name": "Paved Loop Path",
        "network": "lwn",
        "operator": "Baltimore County Recreation & Parks",
        "ref": "PLP",
        "route": "hiking",
        "type": "route",
        "@geometry": "center"
      },
      "geometry": {
        "type": "Point",
        "coordinates": [
          -76.4515236,
          39.3946022
        ]
      },
      "id": "relation/6229390"
    },
    {
      "type": "Feature",
      "properties": {
        "@id": "relation/6229391",
        "colour": "red",
        "name": "Red Trail",
        "network": "lwn",
        "operator": "Baltimore County Recreation & Parks",
        "ref": "Red",
        "route": "hiking",
        "symbol": "red trail blaze",
        "trail_marking": "red",
        "type": "route",
        "@geometry": "center"
      },
      "geometry": {
        "type": "Point",
        "coordinates": [
          -76.4475143,
          39.391912
        ]
      },
      "id": "relation/6229391"
    },
    {
      "type": "Feature",
      "properties": {
        "@id": "relation/6249386",
        "ascent": "1345",
        "colour": "blue",
        "description": "This trail traverses Gambrill State Park, the Frederick City Watershed, Cunningham Falls State Park and Catoctin Mountain National Park.",
        "distance": "42.8",
        "foot": "yes",
        "loc_name": "Catoctin Trail",
        "name": "Catoctin National Recreation Trail",
        "name:en": "Catoctin National Recreation Trail",
        "network": "rwn",
        "operator": "Potomac Appalachian Trail Club",
        "osmc:symbol": "blue::blue_stripe",
        "route": "hiking",
        "symbol": "blue hash",
        "trail_marking": "blue",
        "type": "route",
        "website": "https://www.nps.gov/cato/planyourvisit/catoctin-national-recreation-trail.htm",
        "wikidata": "Q5053830",
        "wikipedia": "en:Catoctin Trail",
        "@geometry": "center"
      },
      "geometry": {
        "type": "Point",
        "coordinates": [
          -77.4677382,
          39.5673069
        ]
      },
      "id": "relation/6249386"
    },
    {
      "type": "Feature",
      "properties": {
        "@id": "relation/6289471",
        "distance": "1.8",
        "name": "Yellow Trail",
        "network": "lwn",
        "operator": "Baltimore County Department of Recreation and Parks",
        "osmc:symbol": "yellow:yellow_stripe",
        "ref": "YT",
        "route": "hiking",
        "symbol": "yellow hash",
        "type": "route",
        "@geometry": "center"
      },
      "geometry": {
        "type": "Point",
        "coordinates": [
          -76.649581,
          39.387052
        ]
      },
      "id": "relation/6289471"
    },
    {
      "type": "Feature",
      "properties": {
        "@id": "relation/6627487",
        "colour": "red",
        "description": "The Morgan Mill trail is a collection of fire roads that traverse the woods near Morgan Mill Road. As with all trails in Loch Raven, there is no official designation. This route is the generally accepted course by users.",
        "distance": "4.232575",
        "name": "Morgan Mill Trail",
        "operator": "Baltimore City Department of Public Works",
        "osmc:symbol": "red:red",
        "ref": "Red",
        "route": "hiking",
        "symbol": "red stripe",
        "type": "route",
        "@geometry": "center"
      },
      "geometry": {
        "type": "Point",
        "coordinates": [
          -76.5461549,
          39.447689
        ]
      },
      "id": "relation/6627487"
    },
    {
      "type": "Feature",
      "properties": {
        "@id": "relation/6649228",
        "name": "Northwest Branch Trail",
        "network": "lwn",
        "operator": "Maryland-National Capital Park and Planning Commission",
        "ref": "NBT",
        "route": "hiking",
        "type": "route",
        "wikidata": "Q98609208",
        "@geometry": "center"
      },
      "geometry": {
        "type": "Point",
        "coordinates": [
          -77.0163736,
          39.0457765
        ]
      },
      "id": "relation/6649228"
    },
    {
      "type": "Feature",
      "properties": {
        "@id": "relation/6649229",
        "colour": "blue",
        "description": "Lots to see on this hiking exclusive corridor along the Northwest Branch.",
        "name": "Rachel Carson Greenway Trail",
        "network": "lwn",
        "operator": "Maryland-National Capital Park and Planning Commission",
        "osmc:symbol": "blue:white:blue_stripe",
        "ref": "RCG",
        "route": "hiking",
        "type": "route",
        "wikidata": "Q7279185",
        "@geometry": "center"
      },
      "geometry": {
        "type": "Point",
        "coordinates": [
          -76.9811669,
          39.0034275
        ]
      },
      "id": "relation/6649229"
    },
    {
      "type": "Feature",
      "properties": {
        "@id": "relation/6773694",
        "distance": ".7 mi",
        "name": "Sherwood Farm Trail (orange)",
        "network": "lwn",
        "operator": "Baltimore County Department of Recreation and Parks",
        "route": "hiking",
        "symbol": "orange",
        "type": "route",
        "@geometry": "center"
      },
      "geometry": {
        "type": "Point",
        "coordinates": [
          -76.5493904,
          39.417253
        ]
      },
      "id": "relation/6773694"
    },
    {
      "type": "Feature",
      "properties": {
        "@id": "relation/6773695",
        "distance": ".6 mi",
        "name": "Wellington Woods Trail (green)",
        "network": "lwn",
        "operator": "Baltimore County Department of Recreation and Parks",
        "route": "hiking",
        "symbol": "green",
        "type": "route",
        "@geometry": "center"
      },
      "geometry": {
        "type": "Point",
        "coordinates": [
          -76.5538552,
          39.417
        ]
      },
      "id": "relation/6773695"
    },
    {
      "type": "Feature",
      "properties": {
        "@id": "relation/6773696",
        "distance": ".4 mi",
        "name": "Birder's Path",
        "network": "lwn",
        "operator": "Baltimore County Department of Recreation and Parks",
        "route": "hiking",
        "type": "route",
        "@geometry": "center"
      },
      "geometry": {
        "type": "Point",
        "coordinates": [
          -76.5447712,
          39.4165071
        ]
      },
      "id": "relation/6773696"
    },
    {
      "type": "Feature",
      "properties": {
        "@id": "relation/6773697",
        "distance": ".3 mi",
        "name": "Sycamore Path",
        "network": "lwn",
        "operator": "Baltimore County Department of Recreation and Parks",
        "route": "hiking",
        "type": "route",
        "@geometry": "center"
      },
      "geometry": {
        "type": "Point",
        "coordinates": [
          -76.5416032,
          39.4221804
        ]
      },
      "id": "relation/6773697"
    },
    {
      "type": "Feature",
      "properties": {
        "@id": "relation/6773698",
        "distance": ".33 mi",
        "name": "Loch Raven Drive Trail (purple)",
        "network": "lwn",
        "operator": "Baltimore County Department of Recreation and Parks",
        "route": "hiking",
        "symbol": "purple",
        "type": "route",
        "@geometry": "center"
      },
      "geometry": {
        "type": "Point",
        "coordinates": [
          -76.540475,
          39.4211763
        ]
      },
      "id": "relation/6773698"
    },
    {
      "type": "Feature",
      "properties": {
        "@id": "relation/6773699",
        "distance": ".6 mi",
        "name": "Eck Path",
        "network": "lwn",
        "operator": "Baltimore County Department of Recreation and Parks",
        "route": "hiking",
        "type": "route",
        "@geometry": "center"
      },
      "geometry": {
        "type": "Point",
        "coordinates": [
          -76.5535412,
          39.4099659
        ]
      },
      "id": "relation/6773699"
    },
    {
      "type": "Feature",
      "properties": {
        "@id": "relation/6773700",
        "distance": ".4 mi",
        "name": "Greenhouse Path",
        "network": "lwn",
        "operator": "Baltimore County Department of Recreation and Parks",
        "route": "hiking",
        "type": "route",
        "@geometry": "center"
      },
      "geometry": {
        "type": "Point",
        "coordinates": [
          -76.5459977,
          39.4191574
        ]
      },
      "id": "relation/6773700"
    },
    {
      "type": "Feature",
      "properties": {
        "@id": "relation/6773701",
        "distance": ".25 mi",
        "name": "Meadow Trail (yellow)",
        "network": "lwn",
        "operator": "Baltimore County Department of Recreation and Parks",
        "route": "hiking",
        "symbol": "yellow",
        "type": "route",
        "@geometry": "center"
      },
      "geometry": {
        "type": "Point",
        "coordinates": [
          -76.5486021,
          39.4207396
        ]
      },
      "id": "relation/6773701"
    },
    {
      "type": "Feature",
      "properties": {
        "@id": "relation/6773702",
        "distance": ".2 mi",
        "name": "Chat Path",
        "network": "lwn",
        "operator": "Baltimore County Department of Recreation and Parks",
        "route": "hiking",
        "type": "route",
        "@geometry": "center"
      },
      "geometry": {
        "type": "Point",
        "coordinates": [
          -76.5494933,
          39.4194353
        ]
      },
      "id": "relation/6773702"
    },
    {
      "type": "Feature",
      "properties": {
        "@id": "relation/6773703",
        "distance": "1.0 mi",
        "name": "Willow Grove Trail (red)",
        "network": "lwn",
        "operator": "Baltimore County Department of Recreation and Parks",
        "osmc:symbol": "red:red",
        "route": "hiking",
        "symbol": "red",
        "type": "route",
        "@geometry": "center"
      },
      "geometry": {
        "type": "Point",
        "coordinates": [
          -76.5508918,
          39.4205488
        ]
      },
      "id": "relation/6773703"
    },
    {
      "type": "Feature",
      "properties": {
        "@id": "relation/6773704",
        "distance": ".9 mi",
        "name": "Minebank Run Trail (blue)",
        "network": "lwn",
        "operator": "Baltimore County Department of Recreation and Parks",
        "route": "hiking",
        "symbol": "blue",
        "type": "route",
        "@geometry": "center"
      },
      "geometry": {
        "type": "Point",
        "coordinates": [
          -76.5469107,
          39.416341
        ]
      },
      "id": "relation/6773704"
    },
    {
      "type": "Feature",
      "properties": {
        "@id": "relation/6773705",
        "distance": ".2 mi",
        "name": "Lime Kiln Trail (white)",
        "network": "lwn",
        "operator": "Baltimore County Department of Recreation and Parks",
        "route": "hiking",
        "symbol": "white",
        "type": "route",
        "@geometry": "center"
      },
      "geometry": {
        "type": "Point",
        "coordinates": [
          -76.545947,
          39.4179525
        ]
      },
      "id": "relation/6773705"
    },
    {
      "type": "Feature",
      "properties": {
        "@id": "relation/7080771",
        "name": "Rivanna Trail (RTF)",
        "network": "lwn",
        "osmc:symbol": "green:green_round:green_round:RTF:white",
        "route": "hiking",
        "symbol": "white RTF in filled green circle",
        "type": "route",
        "@geometry": "center"
      },
      "geometry": {
        "type": "Point",
        "coordinates": [
          -78.4995567,
          38.0567224
        ]
      },
      "id": "relation/7080771"
    },
    {
      "type": "Feature",
      "properties": {
        "@id": "relation/7226278",
        "colour": "#8fbfcc",
        "name": "Buckeye Trail (Whipple)",
        "network": "nwn",
        "operator": "Buckeye Trail Association",
        "osmc:symbol": "blue::blue_stripe",
        "ref": "BT",
        "route": "hiking",
        "segment": "yes",
        "symbol": "blue",
        "type": "route",
        "website": "https://www.buckeyetrail.org/sections/whipple",
        "@geometry": "center"
      },
      "geometry": {
        "type": "Point",
        "coordinates": [
          -81.4383252,
          39.545582
        ]
      },
      "id": "relation/7226278"
    },
    {
      "type": "Feature",
      "properties": {
        "@id": "relation/7249606",
        "access": "yes",
        "foot": "yes",
        "name": "Creekside Trail",
        "network": "lwn",
        "operator": "Lynchburg Parks and Recreation",
        "route": "hiking",
        "type": "route",
        "@geometry": "center"
      },
      "geometry": {
        "type": "Point",
        "coordinates": [
          -79.1743082,
          37.41057
        ]
      },
      "id": "relation/7249606"
    },
    {
      "type": "Feature",
      "properties": {
        "@id": "relation/7273902",
        "name": "Northwest Branch Trail",
        "operator": "Maryland-National Capital Park and Planning Commission",
        "osmc:symbol": "blue::blue_stripe",
        "route": "hiking",
        "symbol": "sky blue vertical stripe",
        "type": "route",
        "@geometry": "center"
      },
      "geometry": {
        "type": "Point",
        "coordinates": [
          -77.0271164,
          39.0805426
        ]
      },
      "id": "relation/7273902"
    },
    {
      "type": "Feature",
      "properties": {
        "@id": "relation/7397604",
        "alt_name": "Green Trail",
        "name": "Reston Green Trail",
        "network": "lwn",
        "ref": "RA-Green",
        "route": "hiking",
        "source": "knowledge",
        "type": "route",
        "@geometry": "center"
      },
      "geometry": {
        "type": "Point",
        "coordinates": [
          -77.3486757,
          38.9643056
        ]
      },
      "id": "relation/7397604"
    },
    {
      "type": "Feature",
      "properties": {
        "@id": "relation/7397605",
        "alt_name": "Blue Trail",
        "fixme": "is area 507857264 really part of the route?",
        "name": "Reston Blue Trail",
        "network": "lwn",
        "ref": "RA-Blue",
        "route": "hiking",
        "source": "knowledge",
        "type": "route",
        "@geometry": "center"
      },
      "geometry": {
        "type": "Point",
        "coordinates": [
          -77.3374708,
          38.9667812
        ]
      },
      "id": "relation/7397605"
    },
    {
      "type": "Feature",
      "properties": {
        "@id": "relation/7432418",
        "motor_vehicle": "no",
        "name": "Washington, Baltimore & Annapolis Trail",
        "network": "rwn",
        "ref": "WBA",
        "route": "hiking",
        "type": "route",
        "@geometry": "center"
      },
      "geometry": {
        "type": "Point",
        "coordinates": [
          -76.762483,
          39.0209991
        ]
      },
      "id": "relation/7432418"
    },
    {
      "type": "Feature",
      "properties": {
        "@id": "relation/7757785",
        "distance": "2.2 mi",
        "name": "North-South Trail",
        "network": "lwn",
        "osmc:symbol": "pink::pink_stripe",
        "roundtrip": "no",
        "route": "hiking",
        "symbol": "Pink Blaze",
        "type": "route",
        "@geometry": "center"
      },
      "geometry": {
        "type": "Point",
        "coordinates": [
          -76.5327916,
          38.5270639
        ]
      },
      "id": "relation/7757785"
    },
    {
      "type": "Feature",
      "properties": {
        "@id": "relation/8057865",
        "name": "Turtle Head Trail",
        "network": "lwn",
        "route": "hiking",
        "type": "route",
        "@geometry": "center"
      },
      "geometry": {
        "type": "Point",
        "coordinates": [
          -82.2918075,
          38.3943768
        ]
      },
      "id": "relation/8057865"
    },
    {
      "type": "Feature",
      "properties": {
        "@id": "relation/8057870",
        "name": "River Trail",
        "network": "lwn",
        "route": "hiking",
        "type": "route",
        "@geometry": "center"
      },
      "geometry": {
        "type": "Point",
        "coordinates": [
          -82.3063168,
          38.3950224
        ]
      },
      "id": "relation/8057870"
    },
    {
      "type": "Feature",
      "properties": {
        "@id": "relation/8188560",
        "name": "Reservoir Hollow Trail",
        "network": "lwn",
        "ref": "509",
        "route": "hiking",
        "type": "route",
        "@geometry": "center"
      },
      "geometry": {
        "type": "Point",
        "coordinates": [
          -79.3315932,
          37.7218825
        ]
      },
      "id": "relation/8188560"
    },
    {
      "type": "Feature",
      "properties": {
        "@id": "relation/8335853",
        "colour": "black",
        "description": "The trail passes through the High Knob scenic area, mixing several steep slopes with fairly level areas.",
        "distance": "5.3",
        "name": "Black Locust Trail",
        "network": "lwn",
        "operator": "Maryland Department of Natural Resources",
        "osmc:symbol": "black::black_stripe",
        "roundtrip": "yes",
        "route": "hiking",
        "symbol": "Black Hash",
        "trail_marking": "black",
        "type": "route",
        "@geometry": "center"
      },
      "geometry": {
        "type": "Point",
        "coordinates": [
          -77.4911867,
          39.467092
        ]
      },
      "id": "relation/8335853"
    },
    {
      "type": "Feature",
      "properties": {
        "@id": "relation/8335854",
        "colour": "red",
        "description": "Fairly easy to walk, this trail connects the campground with the rest of the park. One short section of the trail is somewhat steep.",
        "distance": "1.6",
        "name": "Red Maple Trail",
        "network": "lwn",
        "operator": "Maryland Department of Natural Resources",
        "osmc:symbol": "red::red_stripe",
        "roundtrip": "yes",
        "route": "hiking",
        "symbol": "Red Hash",
        "trail_marking": "red",
        "type": "route",
        "@geometry": "center"
      },
      "geometry": {
        "type": "Point",
        "coordinates": [
          -77.4913251,
          39.4605541
        ]
      },
      "id": "relation/8335854"
    },
    {
      "type": "Feature",
      "properties": {
        "@id": "relation/8335855",
        "colour": "white",
        "description": "This easy trail is open to hikers only (no mountain bikes), and is a good choice for families with small children.",
        "distance": "1.6",
        "name": "White Oak Trail",
        "network": "lwn",
        "operator": "Maryland Department of Natural Resources",
        "osmc:symbol": "white::white_stripe",
        "roundtrip": "yes",
        "route": "hiking",
        "symbol": "White Hash",
        "trail_marking": "white",
        "type": "route",
        "@geometry": "center"
      },
      "geometry": {
        "type": "Point",
        "coordinates": [
          -77.4904832,
          39.465029
        ]
      },
      "id": "relation/8335855"
    },
    {
      "type": "Feature",
      "properties": {
        "@id": "relation/8421458",
        "name": "Little Gunpowder Trail",
        "network": "lwn",
        "osmc:symbol": "waycolor::white_stripe",
        "route": "hiking",
        "type": "route",
        "@geometry": "center"
      },
      "geometry": {
        "type": "Point",
        "coordinates": [
          -76.4073923,
          39.4757989
        ]
      },
      "id": "relation/8421458"
    },
    {
      "type": "Feature",
      "properties": {
        "@id": "relation/8421459",
        "name": "Jerusalem Mill Trail (blue)",
        "network": "lwn",
        "ref": "Blue",
        "route": "hiking",
        "symbol": "blue hash",
        "type": "route",
        "@geometry": "center"
      },
      "geometry": {
        "type": "Point",
        "coordinates": [
          -76.3949236,
          39.4673674
        ]
      },
      "id": "relation/8421459"
    },
    {
      "type": "Feature",
      "properties": {
        "@id": "relation/8470797",
        "name": "Allegheny Mountain Trail",
        "network": "rwn",
        "ref": "AMT",
        "route": "hiking",
        "type": "route",
        "@geometry": "center"
      },
      "geometry": {
        "type": "Point",
        "coordinates": [
          -79.7432577,
          38.4228694
        ]
      },
      "id": "relation/8470797"
    },
    {
      "type": "Feature",
      "properties": {
        "@id": "relation/8496203",
        "name": "Campus Paths",
        "network": "lwn",
        "ref": "UM101",
        "route": "hiking",
        "type": "route",
        "@geometry": "center"
      },
      "geometry": {
        "type": "Point",
        "coordinates": [
          -75.6848213,
          38.2091857
        ]
      },
      "id": "relation/8496203"
    },
    {
      "type": "Feature",
      "properties": {
        "@id": "relation/8537069",
        "description": "The Sam's Grave Trail is named for a grave for a dog name Sam that someone emplaced along it.",
        "name": "Sam's Grave Trail",
        "network": "lcn",
        "operator": "Baltimore City Department of Public Works",
        "route": "hiking",
        "type": "route",
        "@geometry": "center"
      },
      "geometry": {
        "type": "Point",
        "coordinates": [
          -76.5746961,
          39.433844
        ]
      },
      "id": "relation/8537069"
    },
    {
      "type": "Feature",
      "properties": {
        "@id": "relation/8537330",
        "name": "Shore Trail",
        "network": "lwn",
        "route": "hiking",
        "type": "route",
        "@geometry": "center"
      },
      "geometry": {
        "type": "Point",
        "coordinates": [
          -76.5876865,
          39.4687183
        ]
      },
      "id": "relation/8537330"
    },
    {
      "type": "Feature",
      "properties": {
        "@id": "relation/8537345",
        "description": "The Merryman's Mill Trail is an unofficial network of trails around the historic namesake mill. The mill's ruins and cemetery are visible along the route.",
        "name": "Merryman's Mill Trail",
        "network": "lcn",
        "operator": "Baltimore City Department of Public Works",
        "ref": "MMT",
        "route": "hiking",
        "type": "route",
        "@geometry": "center"
      },
      "geometry": {
        "type": "Point",
        "coordinates": [
          -76.600456,
          39.4745079
        ]
      },
      "id": "relation/8537345"
    },
    {
      "type": "Feature",
      "properties": {
        "@id": "relation/8679702",
        "name": "Radio Tower Trail",
        "network": "lwn",
        "route": "hiking",
        "type": "route",
        "@geometry": "center"
      },
      "geometry": {
        "type": "Point",
        "coordinates": [
          -82.305728,
          38.3956055
        ]
      },
      "id": "relation/8679702"
    },
    {
      "type": "Feature",
      "properties": {
        "@id": "relation/8679716",
        "name": "Cliffside Trail",
        "network": "lwn",
        "route": "hiking",
        "type": "route",
        "@geometry": "center"
      },
      "geometry": {
        "type": "Point",
        "coordinates": [
          -82.3097538,
          38.3917277
        ]
      },
      "id": "relation/8679716"
    },
    {
      "type": "Feature",
      "properties": {
        "@id": "relation/8679717",
        "name": "Turman Trail",
        "network": "lwn",
        "route": "hiking",
        "type": "route",
        "@geometry": "center"
      },
      "geometry": {
        "type": "Point",
        "coordinates": [
          -82.3083482,
          38.3978119
        ]
      },
      "id": "relation/8679717"
    },
    {
      "type": "Feature",
      "properties": {
        "@id": "relation/8679718",
        "name": "Deer Trail",
        "network": "lwn",
        "route": "hiking",
        "type": "route",
        "@geometry": "center"
      },
      "geometry": {
        "type": "Point",
        "coordinates": [
          -82.308538,
          38.3975777
        ]
      },
      "id": "relation/8679718"
    },
    {
      "type": "Feature",
      "properties": {
        "@id": "relation/8790924",
        "description": "Cape Henlopen DE to Maryland State Line",
        "distance": "45.61 mi",
        "name": "ADT - Delaware - Seg 1",
        "network": "nwn",
        "operator": "American Discovery Trail Society",
        "ref": "ADT A1",
        "route": "hiking",
        "type": "route",
        "@geometry": "center"
      },
      "geometry": {
        "type": "Point",
        "coordinates": [
          -75.4059691,
          38.7940363
        ]
      },
      "id": "relation/8790924"
    },
    {
      "type": "Feature",
      "properties": {
        "@id": "relation/8838047",
        "colour": "#8fbfcc",
        "name": "Buckeye Trail (Scioto Trail)",
        "network": "nwn",
        "operator": "Buckeye Trail Association",
        "osmc:symbol": "blue::blue_stripe",
        "ref": "BT",
        "route": "hiking",
        "segment": "yes",
        "symbol": "blue",
        "type": "route",
        "website": "https://www.buckeyetrail.org/sections/scioto-trail",
        "@geometry": "center"
      },
      "geometry": {
        "type": "Point",
        "coordinates": [
          -82.9728607,
          39.2663462
        ]
      },
      "id": "relation/8838047"
    },
    {
      "type": "Feature",
      "properties": {
        "@id": "relation/8841170",
        "distance": "2 mi",
        "name": "Western Branch Park Walking Trail",
        "network": "lwn",
        "operator": "Chesapeake City Parks and Recreation",
        "roundtrip": "yes",
        "route": "hiking",
        "type": "route",
        "@geometry": "center"
      },
      "geometry": {
        "type": "Point",
        "coordinates": [
          -76.4214352,
          36.8151008
        ]
      },
      "id": "relation/8841170"
    },
    {
      "type": "Feature",
      "properties": {
        "@id": "relation/8874210",
        "colour": "yellow",
        "name": "Wetland Trail",
        "network": "lhn",
        "route": "hiking",
        "type": "route",
        "@geometry": "center"
      },
      "geometry": {
        "type": "Point",
        "coordinates": [
          -76.8006413,
          38.8883682
        ]
      },
      "id": "relation/8874210"
    },
    {
      "type": "Feature",
      "properties": {
        "@id": "relation/8874211",
        "colour": "blue",
        "name": "Spicebush",
        "network": "lhn",
        "route": "hiking",
        "type": "route",
        "@geometry": "center"
      },
      "geometry": {
        "type": "Point",
        "coordinates": [
          -76.793997,
          38.8895849
        ]
      },
      "id": "relation/8874211"
    },
    {
      "type": "Feature",
      "properties": {
        "@id": "relation/8876514",
        "colour": "#ff0000",
        "description": "Greenbelt Park to Georgetown - Washington D.C.",
        "distance": "33",
        "name": "ADT - Maryland - Seg 3",
        "network": "nwn",
        "operator": "American Discovery Trail Society",
        "osmc:symbol": "red:white:red_triangle_line:ADT:blue",
        "ref": "ADT B3",
        "route": "hiking",
        "type": "route",
        "website": "https://discoverytrail.org/eastern-states",
        "wikidata": "Q463893",
        "wikipedia": "en:American Discovery Trail",
        "@geometry": "center"
      },
      "geometry": {
        "type": "Point",
        "coordinates": [
          -76.9761304,
          38.9500269
        ]
      },
      "id": "relation/8876514"
    },
    {
      "type": "Feature",
      "properties": {
        "@id": "relation/8884100",
        "description": "Delaware State Line to Chesapeake Bay",
        "distance": "42.8 mi",
        "name": "ADT - Maryland - Seg 1",
        "network": "nwn",
        "operator": "American Discovery Trail Society",
        "ref": "ADT B1",
        "route": "hiking",
        "type": "route",
        "@geometry": "center"
      },
      "geometry": {
        "type": "Point",
        "coordinates": [
          -76.0643059,
          38.9335405
        ]
      },
      "id": "relation/8884100"
    },
    {
      "type": "Feature",
      "properties": {
        "@id": "relation/8885434",
        "description": "Chesapeake Bay to Greenbelt Park",
        "distance": "41.77 mi",
        "name": "ADT - Maryland - Seg 2",
        "network": "nwn",
        "operator": "American Discovery Trail Society",
        "ref": "ADT B2",
        "route": "hiking",
        "type": "route",
        "@geometry": "center"
      },
      "geometry": {
        "type": "Point",
        "coordinates": [
          -76.6526154,
          38.9899651
        ]
      },
      "id": "relation/8885434"
    },
    {
      "type": "Feature",
      "properties": {
        "@id": "relation/8887227",
        "colour": "#ff0000",
        "description": "Georgetown to Oldtown, Md",
        "distance": "268",
        "name": "ADT - Maryland - Seg 4",
        "network": "nwn",
        "operator": "American Discovery Trail Society",
        "osmc:symbol": "red:white:red_triangle_line:ADT:blue",
        "ref": "ADT B4",
        "route": "hiking",
        "type": "route",
        "website": "https://discoverytrail.org/eastern-states",
        "wikidata": "Q463893",
        "wikipedia": "en:American Discovery Trail",
        "@geometry": "center"
      },
      "geometry": {
        "type": "Point",
        "coordinates": [
          -77.8350435,
          39.3010443
        ]
      },
      "id": "relation/8887227"
    },
    {
      "type": "Feature",
      "properties": {
        "@id": "relation/8888708",
        "description": "Maryland Line to Streby",
        "distance": "58.92 mi",
        "name": "ADT - West Virginia - Seg 1",
        "network": "nwn",
        "operator": "American Discovery Trail Society",
        "ref": "ADT C1",
        "route": "hiking",
        "type": "route",
        "@geometry": "center"
      },
      "geometry": {
        "type": "Point",
        "coordinates": [
          -78.9224684,
          39.3102017
        ]
      },
      "id": "relation/8888708"
    },
    {
      "type": "Feature",
      "properties": {
        "@id": "relation/8889030",
        "description": "Streby to Nestorville",
        "distance": "67.56 mi",
        "name": "ADT - West Virginia - Seg 2",
        "network": "nwn",
        "operator": "American Discovery Trail Society",
        "ref": "ADT C2",
        "route": "hiking",
        "type": "route",
        "@geometry": "center"
      },
      "geometry": {
        "type": "Point",
        "coordinates": [
          -79.5721099,
          39.1062692
        ]
      },
      "id": "relation/8889030"
    },
    {
      "type": "Feature",
      "properties": {
        "@id": "relation/8907805",
        "colour": "#ff0000",
        "description": "Nestorville to Wilsonburg WV",
        "distance": "75.04 mi",
        "name": "ADT - West Virginia - Seg 3",
        "network": "nwn",
        "operator": "American Discovery Trail Society",
        "osmc:symbol": "red:white:red_triangle_line:ADT:blue",
        "ref": "ADT C3",
        "route": "hiking",
        "type": "route",
        "website": "https://discoverytrail.org/eastern-states",
        "wikidata": "Q463893",
        "wikipedia": "en:American Discovery Trail",
        "@geometry": "center"
      },
      "geometry": {
        "type": "Point",
        "coordinates": [
          -80.150435,
          39.2489138
        ]
      },
      "id": "relation/8907805"
    },
    {
      "type": "Feature",
      "properties": {
        "@id": "relation/8908702",
        "colour": "#ff0000",
        "description": "Wilsonburg, WV to Parkersburg, WV",
        "distance": "79.83 mi",
        "name": "ADT - West Virginia - Seg 4",
        "network": "nwn",
        "operator": "American Discovery Trail Society",
        "osmc:symbol": "red:white:red_triangle_line:ADT:blue",
        "ref": "ADT C4",
        "route": "hiking",
        "type": "route",
        "website": "https://discoverytrail.org/eastern-states",
        "wikidata": "Q463893",
        "wikipedia": "en:American Discovery Trail",
        "@geometry": "center"
      },
      "geometry": {
        "type": "Point",
        "coordinates": [
          -80.9779617,
          39.2343775
        ]
      },
      "id": "relation/8908702"
    },
    {
      "type": "Feature",
      "properties": {
        "@id": "relation/8908881",
        "colour": "#ff0000",
        "description": "Parkersburg, WV to Chesterhill, Ohio",
        "distance": "54",
        "name": "ADT - Ohio D - Seg 1",
        "network": "nwn",
        "operator": "American Discovery Trail Society",
        "osmc:symbol": "red:white:red_triangle_line:ADT:blue",
        "ref": "ADT D1",
        "route": "hiking",
        "type": "route",
        "website": "https://discoverytrail.org/eastern-states",
        "wikidata": "Q463893",
        "wikipedia": "en:American Discovery Trail",
        "@geometry": "center"
      },
      "geometry": {
        "type": "Point",
        "coordinates": [
          -81.7162876,
          39.3814646
        ]
      },
      "id": "relation/8908881"
    },
    {
      "type": "Feature",
      "properties": {
        "@id": "relation/8911610",
        "colour": "#ff0000",
        "description": "Logan, Ohio to Tar Hollow State Park, Ohio",
        "distance": "84",
        "name": "ADT - Ohio D - Seg 4",
        "network": "nwn",
        "operator": "American Discovery Trail Society",
        "osmc:symbol": "red:white:red_triangle_line:ADT:blue",
        "ref": "ADT D4",
        "route": "hiking",
        "type": "route",
        "website": "https://discoverytrail.org/eastern-states",
        "wikidata": "Q463893",
        "wikipedia": "en:American Discovery Trail",
        "@geometry": "center"
      },
      "geometry": {
        "type": "Point",
        "coordinates": [
          -82.5780519,
          39.4823795
        ]
      },
      "id": "relation/8911610"
    },
    {
      "type": "Feature",
      "properties": {
        "@id": "relation/8911945",
        "colour": "#ff0000",
        "description": "Tar Hollow State Park, Ohio to Pike Lake State Park, Ohio",
        "distance": "96",
        "name": "ADT - Ohio D - Seg 5",
        "network": "nwn",
        "operator": "American Discovery Trail Society",
        "osmc:symbol": "red:white:red_triangle_line:ADT:blue",
        "ref": "ADT D5",
        "route": "hiking",
        "type": "route",
        "website": "https://discoverytrail.org/eastern-states",
        "wikidata": "Q463893",
        "wikipedia": "en:American Discovery Trail",
        "@geometry": "center"
      },
      "geometry": {
        "type": "Point",
        "coordinates": [
          -82.9728607,
          39.2663462
        ]
      },
      "id": "relation/8911945"
    },
    {
      "type": "Feature",
      "properties": {
        "@id": "relation/8929619",
        "colour": "#ff0000",
        "description": "Sinking Spring",
        "distance": "91",
        "name": "ADT - Ohio D - Seg 6",
        "network": "nwn",
        "operator": "American Discovery Trail Society",
        "osmc:symbol": "red:white:red_triangle_line:ADT:blue",
        "ref": "ADT D6",
        "route": "hiking",
        "type": "route",
        "website": "https://discoverytrail.org/eastern-states",
        "wikidata": "Q463893",
        "wikipedia": "en:American Discovery Trail",
        "@geometry": "center"
      },
      "geometry": {
        "type": "Point",
        "coordinates": [
          -83.3426791,
          39.0387997
        ]
      },
      "id": "relation/8929619"
    },
    {
      "type": "Feature",
      "properties": {
        "@id": "relation/8930711",
        "colour": "#ff0000",
        "description": "Peebles, Ohio to Shawnee State Park, Ohio",
        "distance": "76",
        "name": "ADT - Ohio D - Seg 7",
        "network": "nwn",
        "operator": "American Discovery Trail Society",
        "osmc:symbol": "red:white:red_triangle_line:ADT:blue",
        "ref": "ADT D7",
        "route": "hiking",
        "type": "route",
        "website": "https://discoverytrail.org/eastern-states",
        "wikidata": "Q463893",
        "wikipedia": "en:American Discovery Trail",
        "@geometry": "center"
      },
      "geometry": {
        "type": "Point",
        "coordinates": [
          -83.2779355,
          38.8027135
        ]
      },
      "id": "relation/8930711"
    },
    {
      "type": "Feature",
      "properties": {
        "@id": "relation/8941371",
        "colour": "#ff0000",
        "description": "Shawnee State Park, Ohio to Mount Orab, Ohio",
        "distance": "103",
        "name": "ADT - Ohio D - Seg 8",
        "network": "nwn",
        "operator": "American Discovery Trail Society",
        "osmc:symbol": "red:white:red_triangle_line:ADT:blue",
        "ref": "ADT D8",
        "route": "hiking",
        "type": "route",
        "website": "https://discoverytrail.org/eastern-states",
        "wikidata": "Q463893",
        "wikipedia": "en:American Discovery Trail",
        "@geometry": "center"
      },
      "geometry": {
        "type": "Point",
        "coordinates": [
          -83.6491328,
          38.8606572
        ]
      },
      "id": "relation/8941371"
    },
    {
      "type": "Feature",
      "properties": {
        "@id": "relation/9141806",
        "colour": "blue",
        "name": "Belfast Trail",
        "network": "lwn",
        "ref": "9",
        "route": "hiking",
        "type": "route",
        "@geometry": "center"
      },
      "geometry": {
        "type": "Point",
        "coordinates": [
          -79.4735416,
          37.5787019
        ]
      },
      "id": "relation/9141806"
    },
    {
      "type": "Feature",
      "properties": {
        "@id": "relation/9354853",
        "name": "Kanawha Trace",
        "network": "rwn",
        "operator": "Tri State Area Council, Inc. Boy Scouts of America",
        "route": "hiking",
        "type": "route",
        "@geometry": "center"
      },
      "geometry": {
        "type": "Point",
        "coordinates": [
          -82.1402566,
          38.4937484
        ]
      },
      "id": "relation/9354853"
    },
    {
      "type": "Feature",
      "properties": {
        "@id": "relation/9430360",
        "colour": "#0000ff",
        "distance": "8.25 mi",
        "name": "Lake Shore Trail",
        "network": "lwn",
        "oneway": "no",
        "osmc:symbol": "blue:white_diamond:blue_dot",
        "roundtrip": "yes",
        "route": "hiking",
        "symbol": "Blue circle on white diamond",
        "type": "route",
        "@geometry": "center"
      },
      "geometry": {
        "type": "Point",
        "coordinates": [
          -82.6207077,
          38.6191245
        ]
      },
      "id": "relation/9430360"
    },
    {
      "type": "Feature",
      "properties": {
        "@id": "relation/9433514",
        "colour": "#ffff00",
        "distance": "17.28 mi",
        "name": "Vesuvius Backpack Trail",
        "network": "lwn",
        "oneway": "no",
        "osmc:symbol": "yellow:white_diamond:yellow_dot",
        "roundtrip": "yes",
        "route": "hiking",
        "symbol": "Yellow circle on white diamond",
        "type": "route",
        "@geometry": "center"
      },
      "geometry": {
        "type": "Point",
        "coordinates": [
          -82.6017835,
          38.6251754
        ]
      },
      "id": "relation/9433514"
    },
    {
      "type": "Feature",
      "properties": {
        "@id": "relation/9433536",
        "colour": "#ff0000",
        "distance": "0.85 mi",
        "name": "Whiskey Run Trail",
        "network": "lwn",
        "oneway": "no",
        "osmc:symbol": "red:white_diamond:red_dot",
        "roundtrip": "yes",
        "route": "hiking",
        "symbol": "Red circle on white diamond",
        "type": "route",
        "@geometry": "center"
      },
      "geometry": {
        "type": "Point",
        "coordinates": [
          -82.6258553,
          38.6158854
        ]
      },
      "id": "relation/9433536"
    },
    {
      "type": "Feature",
      "properties": {
        "@id": "relation/9434652",
        "distance": "0.78 mi",
        "name": "Longbow Archery Trail",
        "network": "lwn",
        "oneway": "no",
        "route": "hiking",
        "type": "route",
        "@geometry": "center"
      },
      "geometry": {
        "type": "Point",
        "coordinates": [
          -82.6381356,
          38.6110377
        ]
      },
      "id": "relation/9434652"
    },
    {
      "type": "Feature",
      "properties": {
        "@id": "relation/9435977",
        "colour": "#ffffff",
        "distance": "0.93 mi",
        "name": "Addis Mine Trail",
        "network": "lwn",
        "oneway": "no",
        "osmc:symbol": "white:white_diamond",
        "roundtrip": "no",
        "route": "hiking",
        "symbol": "White diamond",
        "type": "route",
        "@geometry": "center"
      },
      "geometry": {
        "type": "Point",
        "coordinates": [
          -82.6430363,
          38.6136954
        ]
      },
      "id": "relation/9435977"
    },
    {
      "type": "Feature",
      "properties": {
        "@id": "relation/9435983",
        "colour": "#ffffff",
        "distance": "0.42 mi",
        "name": "Rock House Trail",
        "network": "lwn",
        "oneway": "no",
        "osmc:symbol": "white:white_diamond",
        "roundtrip": "no",
        "route": "hiking",
        "symbol": "White diamond",
        "type": "route",
        "@geometry": "center"
      },
      "geometry": {
        "type": "Point",
        "coordinates": [
          -82.6359401,
          38.6132191
        ]
      },
      "id": "relation/9435983"
    },
    {
      "type": "Feature",
      "properties": {
        "@id": "relation/9463005",
        "name": "Lost Trail",
        "network": "lwn",
        "osmc:symbol": "yellow:yellow:white_stripe",
        "route": "hiking",
        "symbol": "White in yellow diamond",
        "type": "route",
        "@geometry": "center"
      },
      "geometry": {
        "type": "Point",
        "coordinates": [
          -82.3571968,
          38.3065296
        ]
      },
      "id": "relation/9463005"
    },
    {
      "type": "Feature",
      "properties": {
        "@id": "relation/9464335",
        "name": "Rubens Branch",
        "network": "lwn",
        "route": "hiking",
        "type": "route",
        "@geometry": "center"
      },
      "geometry": {
        "type": "Point",
        "coordinates": [
          -82.3759598,
          38.2961604
        ]
      },
      "id": "relation/9464335"
    },
    {
      "type": "Feature",
      "properties": {
        "@id": "relation/9464336",
        "name": "Mary Davis Trail",
        "network": "lwn",
        "osmc:symbol": "orange:orange:white_stripe",
        "route": "hiking",
        "symbol": "White in orange diamond",
        "type": "route",
        "@geometry": "center"
      },
      "geometry": {
        "type": "Point",
        "coordinates": [
          -82.3639882,
          38.2987549
        ]
      },
      "id": "relation/9464336"
    },
    {
      "type": "Feature",
      "properties": {
        "@id": "relation/9472476",
        "distance": "0.45 mi",
        "name": "Scarlet Oak Trail",
        "network": "lwn",
        "oneway": "no",
        "osmc:symbol": "red:white_diamond:red_dot",
        "roundtrip": "no",
        "route": "hiking",
        "symbol": "Red circle on white diamond",
        "type": "route",
        "@geometry": "center"
      },
      "geometry": {
        "type": "Point",
        "coordinates": [
          -82.6322092,
          38.6103655
        ]
      },
      "id": "relation/9472476"
    },
    {
      "type": "Feature",
      "properties": {
        "@id": "relation/9472477",
        "distance": "0.61 mi",
        "name": "Old Beach Trail",
        "network": "lwn",
        "oneway": "no",
        "osmc:symbol": "blue:white_diamond:blue_dot",
        "roundtrip": "no",
        "route": "hiking",
        "symbol": "Blue circle on white diamond",
        "type": "route",
        "@geometry": "center"
      },
      "geometry": {
        "type": "Point",
        "coordinates": [
          -82.6302324,
          38.6132324
        ]
      },
      "id": "relation/9472477"
    },
    {
      "type": "Feature",
      "properties": {
        "@id": "relation/9472478",
        "distance": "0.34 mi",
        "name": "Black Oak Trail",
        "network": "lwn",
        "oneway": "no",
        "osmc:symbol": "yellow:white_diamond:yellow_dot",
        "roundtrip": "no",
        "route": "hiking",
        "symbol": "Yellow circle on white diamond",
        "type": "route",
        "@geometry": "center"
      },
      "geometry": {
        "type": "Point",
        "coordinates": [
          -82.6338105,
          38.6161384
        ]
      },
      "id": "relation/9472478"
    },
    {
      "type": "Feature",
      "properties": {
        "@id": "relation/9472479",
        "distance": "0.14 mi",
        "name": "White Oak Trail",
        "network": "lwn",
        "oneway": "no",
        "osmc:symbol": "brown:white_diamond:brown_dot",
        "roundtrip": "no",
        "route": "hiking",
        "symbol": "Brown circle on white diamond",
        "type": "route",
        "@geometry": "center"
      },
      "geometry": {
        "type": "Point",
        "coordinates": [
          -82.6345151,
          38.6151869
        ]
      },
      "id": "relation/9472479"
    },
    {
      "type": "Feature",
      "properties": {
        "@id": "relation/9472749",
        "name": "Trail of Doom Loop",
        "network": "lwn",
        "route": "hiking",
        "type": "route",
        "@geometry": "center"
      },
      "geometry": {
        "type": "Point",
        "coordinates": [
          -82.2964071,
          38.3901347
        ]
      },
      "id": "relation/9472749"
    },
    {
      "type": "Feature",
      "properties": {
        "@id": "relation/9472750",
        "name": "Trail of Doom",
        "network": "lwn",
        "route": "hiking",
        "type": "route",
        "@geometry": "center"
      },
      "geometry": {
        "type": "Point",
        "coordinates": [
          -82.2962345,
          38.3907657
        ]
      },
      "id": "relation/9472750"
    },
    {
      "type": "Feature",
      "properties": {
        "@id": "relation/9472751",
        "name": "Trailer Park Trail",
        "network": "lwn",
        "route": "hiking",
        "type": "route",
        "@geometry": "center"
      },
      "geometry": {
        "type": "Point",
        "coordinates": [
          -82.291004,
          38.3924609
        ]
      },
      "id": "relation/9472751"
    },
    {
      "type": "Feature",
      "properties": {
        "@id": "relation/9472752",
        "name": "The Trenches Trail",
        "network": "lwn",
        "route": "hiking",
        "type": "route",
        "@geometry": "center"
      },
      "geometry": {
        "type": "Point",
        "coordinates": [
          -82.2950722,
          38.3949839
        ]
      },
      "id": "relation/9472752"
    },
    {
      "type": "Feature",
      "properties": {
        "@id": "relation/9472753",
        "name": "Switchback Trail",
        "network": "lwn",
        "route": "hiking",
        "type": "route",
        "@geometry": "center"
      },
      "geometry": {
        "type": "Point",
        "coordinates": [
          -82.2980893,
          38.3906932
        ]
      },
      "id": "relation/9472753"
    },
    {
      "type": "Feature",
      "properties": {
        "@id": "relation/9472754",
        "name": "Switchback Bypass",
        "network": "lwn",
        "route": "hiking",
        "type": "route",
        "@geometry": "center"
      },
      "geometry": {
        "type": "Point",
        "coordinates": [
          -82.297031,
          38.3903022
        ]
      },
      "id": "relation/9472754"
    },
    {
      "type": "Feature",
      "properties": {
        "@id": "relation/9472756",
        "name": "Stone Hut Trail",
        "network": "lwn",
        "route": "hiking",
        "type": "route",
        "@geometry": "center"
      },
      "geometry": {
        "type": "Point",
        "coordinates": [
          -82.2961931,
          38.3936789
        ]
      },
      "id": "relation/9472756"
    },
    {
      "type": "Feature",
      "properties": {
        "@id": "relation/9472757",
        "name": "River Trail Upper",
        "network": "lwn",
        "route": "hiking",
        "type": "route",
        "@geometry": "center"
      },
      "geometry": {
        "type": "Point",
        "coordinates": [
          -82.2923098,
          38.3900695
        ]
      },
      "id": "relation/9472757"
    },
    {
      "type": "Feature",
      "properties": {
        "@id": "relation/9472759",
        "name": "Middle Ridge Trail",
        "network": "lwn",
        "route": "hiking",
        "type": "route",
        "@geometry": "center"
      },
      "geometry": {
        "type": "Point",
        "coordinates": [
          -82.2963154,
          38.3923298
        ]
      },
      "id": "relation/9472759"
    },
    {
      "type": "Feature",
      "properties": {
        "@id": "relation/9472760",
        "name": "Mark McCalla Memorial Trail",
        "network": "lwn",
        "route": "hiking",
        "type": "route",
        "@geometry": "center"
      },
      "geometry": {
        "type": "Point",
        "coordinates": [
          -82.2931532,
          38.3923414
        ]
      },
      "id": "relation/9472760"
    },
    {
      "type": "Feature",
      "properties": {
        "@id": "relation/9472761",
        "name": "Lake William Overlook",
        "network": "lwn",
        "route": "hiking",
        "type": "route",
        "@geometry": "center"
      },
      "geometry": {
        "type": "Point",
        "coordinates": [
          -82.298417,
          38.389503
        ]
      },
      "id": "relation/9472761"
    },
    {
      "type": "Feature",
      "properties": {
        "@id": "relation/9472763",
        "name": "Gulch Nature Trail",
        "network": "lwn",
        "route": "hiking",
        "type": "route",
        "@geometry": "center"
      },
      "geometry": {
        "type": "Point",
        "coordinates": [
          -82.2946531,
          38.3946395
        ]
      },
      "id": "relation/9472763"
    },
    {
      "type": "Feature",
      "properties": {
        "@id": "relation/9472764",
        "name": "For Sale Trail",
        "network": "lwn",
        "route": "hiking",
        "type": "route",
        "@geometry": "center"
      },
      "geometry": {
        "type": "Point",
        "coordinates": [
          -82.2935509,
          38.3964682
        ]
      },
      "id": "relation/9472764"
    },
    {
      "type": "Feature",
      "properties": {
        "@id": "relation/9472765",
        "name": "Flag Trail",
        "network": "lwn",
        "route": "hiking",
        "type": "route",
        "@geometry": "center"
      },
      "geometry": {
        "type": "Point",
        "coordinates": [
          -82.2925574,
          38.395527
        ]
      },
      "id": "relation/9472765"
    },
    {
      "type": "Feature",
      "properties": {
        "@id": "relation/9472766",
        "name": "Gasline 1",
        "network": "lwn",
        "route": "hiking",
        "type": "route",
        "@geometry": "center"
      },
      "geometry": {
        "type": "Point",
        "coordinates": [
          -82.2939732,
          38.3942268
        ]
      },
      "id": "relation/9472766"
    },
    {
      "type": "Feature",
      "properties": {
        "@id": "relation/9472767",
        "name": "Black Pond Trail",
        "network": "lwn",
        "route": "hiking",
        "type": "route",
        "@geometry": "center"
      },
      "geometry": {
        "type": "Point",
        "coordinates": [
          -82.2957617,
          38.3895273
        ]
      },
      "id": "relation/9472767"
    },
    {
      "type": "Feature",
      "properties": {
        "@id": "relation/9472768",
        "name": "Ballfield Overlook",
        "network": "lwn",
        "route": "hiking",
        "type": "route",
        "@geometry": "center"
      },
      "geometry": {
        "type": "Point",
        "coordinates": [
          -82.2976077,
          38.3924436
        ]
      },
      "id": "relation/9472768"
    },
    {
      "type": "Feature",
      "properties": {
        "@id": "relation/9472796",
        "name": "Greenrocks Trail",
        "network": "lwn",
        "route": "hiking",
        "type": "route",
        "@geometry": "center"
      },
      "geometry": {
        "type": "Point",
        "coordinates": [
          -82.2925697,
          38.3908373
        ]
      },
      "id": "relation/9472796"
    },
    {
      "type": "Feature",
      "properties": {
        "@id": "relation/9473660",
        "name": "River Trail Access Road",
        "network": "lwn",
        "route": "hiking",
        "type": "route",
        "@geometry": "center"
      },
      "geometry": {
        "type": "Point",
        "coordinates": [
          -82.2992285,
          38.3903665
        ]
      },
      "id": "relation/9473660"
    },
    {
      "type": "Feature",
      "properties": {
        "@id": "relation/9473662",
        "name": "Lake William Trail",
        "network": "lwn",
        "route": "hiking",
        "type": "route",
        "@geometry": "center"
      },
      "geometry": {
        "type": "Point",
        "coordinates": [
          -82.2992579,
          38.3873123
        ]
      },
      "id": "relation/9473662"
    },
    {
      "type": "Feature",
      "properties": {
        "@id": "relation/9473664",
        "name": "Upper to Lower",
        "network": "lwn",
        "route": "hiking",
        "type": "route",
        "@geometry": "center"
      },
      "geometry": {
        "type": "Point",
        "coordinates": [
          -82.304819,
          38.3967806
        ]
      },
      "id": "relation/9473664"
    },
    {
      "type": "Feature",
      "properties": {
        "@id": "relation/9473666",
        "name": "Orange Ribbon Trail",
        "network": "lwn",
        "route": "hiking",
        "type": "route",
        "@geometry": "center"
      },
      "geometry": {
        "type": "Point",
        "coordinates": [
          -82.3043007,
          38.3967131
        ]
      },
      "id": "relation/9473666"
    },
    {
      "type": "Feature",
      "properties": {
        "@id": "relation/9473668",
        "name": "Overlook Trail",
        "network": "lwn",
        "route": "hiking",
        "type": "route",
        "@geometry": "center"
      },
      "geometry": {
        "type": "Point",
        "coordinates": [
          -82.3038509,
          38.3962525
        ]
      },
      "id": "relation/9473668"
    },
    {
      "type": "Feature",
      "properties": {
        "@id": "relation/9473670",
        "name": "Meadow Ridge Trail",
        "network": "lwn",
        "route": "hiking",
        "type": "route",
        "@geometry": "center"
      },
      "geometry": {
        "type": "Point",
        "coordinates": [
          -82.3027662,
          38.3959088
        ]
      },
      "id": "relation/9473670"
    },
    {
      "type": "Feature",
      "properties": {
        "@id": "relation/9473672",
        "mtb:scale:imba": "2",
        "name": "Concrete Connector",
        "network": "lwn",
        "route": "hiking",
        "type": "route",
        "@geometry": "center"
      },
      "geometry": {
        "type": "Point",
        "coordinates": [
          -82.3035194,
          38.3971262
        ]
      },
      "id": "relation/9473672"
    },
    {
      "type": "Feature",
      "properties": {
        "@id": "relation/9473673",
        "name": "Powerline Ridge",
        "network": "lwn",
        "route": "hiking",
        "type": "route",
        "@geometry": "center"
      },
      "geometry": {
        "type": "Point",
        "coordinates": [
          -82.3063419,
          38.3953838
        ]
      },
      "id": "relation/9473673"
    },
    {
      "type": "Feature",
      "properties": {
        "@id": "relation/9473677",
        "name": "Walking Trail",
        "network": "lwn",
        "route": "hiking",
        "type": "route",
        "@geometry": "center"
      },
      "geometry": {
        "type": "Point",
        "coordinates": [
          -82.3060628,
          38.3949266
        ]
      },
      "id": "relation/9473677"
    },
    {
      "type": "Feature",
      "properties": {
        "@id": "relation/9473679",
        "name": "Drew's Downhill",
        "network": "lwn",
        "route": "hiking",
        "type": "route",
        "@geometry": "center"
      },
      "geometry": {
        "type": "Point",
        "coordinates": [
          -82.3131995,
          38.3921363
        ]
      },
      "id": "relation/9473679"
    },
    {
      "type": "Feature",
      "properties": {
        "@id": "relation/9473682",
        "name": "Rocket Trail",
        "network": "lwn",
        "route": "hiking",
        "type": "route",
        "@geometry": "center"
      },
      "geometry": {
        "type": "Point",
        "coordinates": [
          -82.3119337,
          38.3933289
        ]
      },
      "id": "relation/9473682"
    },
    {
      "type": "Feature",
      "properties": {
        "@id": "relation/9473683",
        "name": "Farm View Trail",
        "network": "lwn",
        "route": "hiking",
        "type": "route",
        "@geometry": "center"
      },
      "geometry": {
        "type": "Point",
        "coordinates": [
          -82.3096196,
          38.3932126
        ]
      },
      "id": "relation/9473683"
    },
    {
      "type": "Feature",
      "properties": {
        "@id": "relation/9473685",
        "name": "Devils Hollow Trail",
        "network": "lwn",
        "route": "hiking",
        "type": "route",
        "@geometry": "center"
      },
      "geometry": {
        "type": "Point",
        "coordinates": [
          -82.3096624,
          38.3956472
        ]
      },
      "id": "relation/9473685"
    },
    {
      "type": "Feature",
      "properties": {
        "@id": "relation/9473687",
        "name": "Gun Range Trail",
        "network": "lwn",
        "route": "hiking",
        "type": "route",
        "@geometry": "center"
      },
      "geometry": {
        "type": "Point",
        "coordinates": [
          -82.3118931,
          38.3955435
        ]
      },
      "id": "relation/9473687"
    },
    {
      "type": "Feature",
      "properties": {
        "@id": "relation/9473689",
        "name": "Gasline 3 Trail",
        "network": "lwn",
        "route": "hiking",
        "type": "route",
        "@geometry": "center"
      },
      "geometry": {
        "type": "Point",
        "coordinates": [
          -82.305068,
          38.3994304
        ]
      },
      "id": "relation/9473689"
    },
    {
      "type": "Feature",
      "properties": {
        "@id": "relation/9473692",
        "name": "Camelback Trail",
        "network": "lwn",
        "route": "hiking",
        "type": "route",
        "@geometry": "center"
      },
      "geometry": {
        "type": "Point",
        "coordinates": [
          -82.3007285,
          38.3985096
        ]
      },
      "id": "relation/9473692"
    },
    {
      "type": "Feature",
      "properties": {
        "@id": "relation/9473694",
        "name": "Pikes Peak Trail",
        "network": "lwn",
        "route": "hiking",
        "type": "route",
        "@geometry": "center"
      },
      "geometry": {
        "type": "Point",
        "coordinates": [
          -82.3034767,
          38.3944479
        ]
      },
      "id": "relation/9473694"
    },
    {
      "type": "Feature",
      "properties": {
        "@id": "relation/9473695",
        "name": "Abandon Trail",
        "network": "lwn",
        "route": "hiking",
        "type": "route",
        "@geometry": "center"
      },
      "geometry": {
        "type": "Point",
        "coordinates": [
          -82.3021721,
          38.3956778
        ]
      },
      "id": "relation/9473695"
    },
    {
      "type": "Feature",
      "properties": {
        "@id": "relation/9473698",
        "name": "Waterfall Trail",
        "network": "lwn",
        "route": "hiking",
        "type": "route",
        "@geometry": "center"
      },
      "geometry": {
        "type": "Point",
        "coordinates": [
          -82.3007249,
          38.3964424
        ]
      },
      "id": "relation/9473698"
    },
    {
      "type": "Feature",
      "properties": {
        "@id": "relation/9473699",
        "name": "Amphitheater Trail",
        "network": "lwn",
        "route": "hiking",
        "type": "route",
        "@geometry": "center"
      },
      "geometry": {
        "type": "Point",
        "coordinates": [
          -82.3004528,
          38.396464
        ]
      },
      "id": "relation/9473699"
    },
    {
      "type": "Feature",
      "properties": {
        "@id": "relation/9473702",
        "name": "Amphitheater Downhill",
        "network": "lwn",
        "route": "hiking",
        "type": "route",
        "@geometry": "center"
      },
      "geometry": {
        "type": "Point",
        "coordinates": [
          -82.2992301,
          38.3965822
        ]
      },
      "id": "relation/9473702"
    },
    {
      "type": "Feature",
      "properties": {
        "@id": "relation/9473706",
        "name": "Interactive Trail",
        "network": "lwn",
        "route": "hiking",
        "type": "route",
        "@geometry": "center"
      },
      "geometry": {
        "type": "Point",
        "coordinates": [
          -82.2973561,
          38.3971473
        ]
      },
      "id": "relation/9473706"
    },
    {
      "type": "Feature",
      "properties": {
        "@id": "relation/9473707",
        "name": "The Stairs",
        "network": "lwn",
        "route": "hiking",
        "type": "route",
        "@geometry": "center"
      },
      "geometry": {
        "type": "Point",
        "coordinates": [
          -82.2961749,
          38.3971124
        ]
      },
      "id": "relation/9473707"
    },
    {
      "type": "Feature",
      "properties": {
        "@id": "relation/9473710",
        "name": "Frog Hollow Trail",
        "network": "lwn",
        "route": "hiking",
        "type": "route",
        "@geometry": "center"
      },
      "geometry": {
        "type": "Point",
        "coordinates": [
          -82.2949765,
          38.3975858
        ]
      },
      "id": "relation/9473710"
    },
    {
      "type": "Feature",
      "properties": {
        "@id": "relation/9477912",
        "distance": "0.05 mi",
        "name": "Connector Trail",
        "network": "lwn",
        "route": "hiking",
        "type": "route",
        "@geometry": "center"
      },
      "geometry": {
        "type": "Point",
        "coordinates": [
          -82.4347594,
          38.3935307
        ]
      },
      "id": "relation/9477912"
    },
    {
      "type": "Feature",
      "properties": {
        "@id": "relation/9477913",
        "distance": "0.11 mi",
        "name": "Teubert Foundation Sensory Trail",
        "network": "lwn",
        "route": "hiking",
        "type": "route",
        "@geometry": "center"
      },
      "geometry": {
        "type": "Point",
        "coordinates": [
          -82.4331487,
          38.3947121
        ]
      },
      "id": "relation/9477913"
    },
    {
      "type": "Feature",
      "properties": {
        "@id": "relation/9477914",
        "distance": "0.16 mi",
        "name": "Spice Bush Trail",
        "network": "lwn",
        "route": "hiking",
        "type": "route",
        "@geometry": "center"
      },
      "geometry": {
        "type": "Point",
        "coordinates": [
          -82.437165,
          38.391767
        ]
      },
      "id": "relation/9477914"
    },
    {
      "type": "Feature",
      "properties": {
        "@id": "relation/9477915",
        "distance": "0.69 mi",
        "name": "Tulip Tree Trail",
        "network": "lwn",
        "route": "hiking",
        "type": "route",
        "@geometry": "center"
      },
      "geometry": {
        "type": "Point",
        "coordinates": [
          -82.435082,
          38.3926193
        ]
      },
      "id": "relation/9477915"
    },
    {
      "type": "Feature",
      "properties": {
        "@id": "relation/9477916",
        "distance": "0.32 mi",
        "name": "Gentle Oak Trail",
        "network": "lwn",
        "route": "hiking",
        "type": "route",
        "@geometry": "center"
      },
      "geometry": {
        "type": "Point",
        "coordinates": [
          -82.4347513,
          38.392761
        ]
      },
      "id": "relation/9477916"
    },
    {
      "type": "Feature",
      "properties": {
        "@id": "relation/9480225",
        "description": "Homestead Trail in Pinnacle Rock State Park.",
        "name": "Homestead Trail",
        "network": "lwn",
        "route": "hiking",
        "type": "route",
        "@geometry": "center"
      },
      "geometry": {
        "type": "Point",
        "coordinates": [
          -81.2908987,
          37.3155769
        ]
      },
      "id": "relation/9480225"
    },
    {
      "type": "Feature",
      "properties": {
        "@id": "relation/9480226",
        "description": "Cemetery Trail in Pinnacle Rock State Park.",
        "name": "Cemetery Trail",
        "network": "lwn",
        "route": "hiking",
        "type": "route",
        "@geometry": "center"
      },
      "geometry": {
        "type": "Point",
        "coordinates": [
          -81.2882639,
          37.3157485
        ]
      },
      "id": "relation/9480226"
    },
    {
      "type": "Feature",
      "properties": {
        "@id": "relation/9480227",
        "description": "Beaver Pond Trail in Pinnacle Rock State Park.",
        "name": "Beaver Pond Trail",
        "network": "lwn",
        "route": "hiking",
        "type": "route",
        "@geometry": "center"
      },
      "geometry": {
        "type": "Point",
        "coordinates": [
          -81.293096,
          37.3117272
        ]
      },
      "id": "relation/9480227"
    },
    {
      "type": "Feature",
      "properties": {
        "@id": "relation/9480228",
        "description": "Lake View Trail in Pinnacle Rock State Park.",
        "name": "Lake View Trail",
        "network": "lwn",
        "route": "hiking",
        "type": "route",
        "@geometry": "center"
      },
      "geometry": {
        "type": "Point",
        "coordinates": [
          -81.291571,
          37.3076203
        ]
      },
      "id": "relation/9480228"
    },
    {
      "type": "Feature",
      "properties": {
        "@id": "relation/9480721",
        "description": "Overlook Trail at Pinnacle Rock State Park.",
        "name": "Overlook Trail",
        "network": "lwn",
        "route": "hiking",
        "type": "route",
        "@geometry": "center"
      },
      "geometry": {
        "type": "Point",
        "coordinates": [
          -81.2918034,
          37.3211783
        ]
      },
      "id": "relation/9480721"
    },
    {
      "type": "Feature",
      "properties": {
        "@id": "relation/9483516",
        "name": "Coal Mine",
        "network": "lwn",
        "osmc:symbol": "green:green",
        "route": "hiking",
        "symbol": "Green blaze",
        "type": "route",
        "@geometry": "center"
      },
      "geometry": {
        "type": "Point",
        "coordinates": [
          -82.3653527,
          38.2948727
        ]
      },
      "id": "relation/9483516"
    },
    {
      "type": "Feature",
      "properties": {
        "@id": "relation/9483519",
        "name": "North Ridge Trail",
        "network": "lwn",
        "osmc:symbol": "white:white:white_stripe",
        "route": "hiking",
        "symbol": "White in white diamond",
        "type": "route",
        "@geometry": "center"
      },
      "geometry": {
        "type": "Point",
        "coordinates": [
          -82.3622769,
          38.302149
        ]
      },
      "id": "relation/9483519"
    },
    {
      "type": "Feature",
      "properties": {
        "@id": "relation/9492496",
        "name": "Acorn Ridge Trail",
        "network": "lwn",
        "route": "hiking",
        "type": "route",
        "@geometry": "center"
      },
      "geometry": {
        "type": "Point",
        "coordinates": [
          -81.2909891,
          37.3133874
        ]
      },
      "id": "relation/9492496"
    },
    {
      "type": "Feature",
      "properties": {
        "@id": "relation/9617339",
        "distance": "1.5",
        "name": "Fire Road Trail",
        "network": "lwn",
        "ref": "6",
        "route": "hiking",
        "type": "route",
        "@geometry": "center"
      },
      "geometry": {
        "type": "Point",
        "coordinates": [
          -76.8023774,
          39.0307875
        ]
      },
      "id": "relation/9617339"
    },
    {
      "type": "Feature",
      "properties": {
        "@id": "relation/9617340",
        "distance": "0.6",
        "name": "Laurel Trail",
        "network": "lwn",
        "ref": "4",
        "route": "hiking",
        "type": "route",
        "@geometry": "center"
      },
      "geometry": {
        "type": "Point",
        "coordinates": [
          -76.7981266,
          39.0313025
        ]
      },
      "id": "relation/9617340"
    },
    {
      "type": "Feature",
      "properties": {
        "@id": "relation/9617341",
        "distance": "0.3",
        "name": "Goose Pond Trail",
        "network": "lwn",
        "ref": "2",
        "route": "hiking",
        "type": "route",
        "@geometry": "center"
      },
      "geometry": {
        "type": "Point",
        "coordinates": [
          -76.797502,
          39.0289676
        ]
      },
      "id": "relation/9617341"
    },
    {
      "type": "Feature",
      "properties": {
        "@id": "relation/9617342",
        "distance": "2.3",
        "name": "Cash lake Trail",
        "network": "lwn",
        "ref": "3",
        "route": "hiking",
        "type": "route",
        "@geometry": "center"
      },
      "geometry": {
        "type": "Point",
        "coordinates": [
          -76.7922356,
          39.0298779
        ]
      },
      "id": "relation/9617342"
    },
    {
      "type": "Feature",
      "properties": {
        "@id": "relation/9617343",
        "distance": "0.9",
        "name": "Valley Trail",
        "network": "lwn",
        "ref": "6",
        "route": "hiking",
        "type": "route",
        "@geometry": "center"
      },
      "geometry": {
        "type": "Point",
        "coordinates": [
          -76.7949359,
          39.0331804
        ]
      },
      "id": "relation/9617343"
    },
    {
      "type": "Feature",
      "properties": {
        "@id": "relation/9690597",
        "colour": "#8fbfcc",
        "name": "Buckeye Trail (West Union)",
        "network": "nwn",
        "operator": "Buckeye Trail Association",
        "osmc:symbol": "blue::blue_stripe",
        "ref": "BT",
        "route": "hiking",
        "segment": "yes",
        "symbol": "blue",
        "type": "route",
        "website": "https://www.buckeyetrail.org/sections/west-union",
        "@geometry": "center"
      },
      "geometry": {
        "type": "Point",
        "coordinates": [
          -83.6776166,
          38.8606572
        ]
      },
      "id": "relation/9690597"
    },
    {
      "type": "Feature",
      "properties": {
        "@id": "relation/9690598",
        "colour": "#8fbfcc",
        "name": "Buckeye Trail (Sinking Spring)",
        "network": "nwn",
        "operator": "Buckeye Trail Association",
        "osmc:symbol": "blue::blue_stripe",
        "ref": "BT",
        "route": "hiking",
        "segment": "yes",
        "symbol": "blue",
        "type": "route",
        "website": "https://www.buckeyetrail.org/sections/sinking-spring",
        "@geometry": "center"
      },
      "geometry": {
        "type": "Point",
        "coordinates": [
          -83.3426791,
          39.0471853
        ]
      },
      "id": "relation/9690598"
    },
    {
      "type": "Feature",
      "properties": {
        "@id": "relation/9690599",
        "colour": "#8fbfcc",
        "name": "Buckeye Trail (Shawnee)",
        "network": "nwn",
        "operator": "Buckeye Trail Association",
        "osmc:symbol": "blue::blue_stripe",
        "ref": "BT",
        "route": "hiking",
        "segment": "yes",
        "symbol": "blue",
        "type": "route",
        "website": "https://www.buckeyetrail.org/sections/shawnee",
        "@geometry": "center"
      },
      "geometry": {
        "type": "Point",
        "coordinates": [
          -83.3064193,
          38.8136942
        ]
      },
      "id": "relation/9690599"
    },
    {
      "type": "Feature",
      "properties": {
        "@id": "relation/9690605",
        "name": "Shawnee Day Hike Trail",
        "network": "lwn",
        "operator": "Ohio Department of Natural Resources",
        "osmc:symbol": "blue::blue_stripe",
        "route": "hiking",
        "symbol": "blue",
        "type": "route",
        "@geometry": "center"
      },
      "geometry": {
        "type": "Point",
        "coordinates": [
          -83.1769017,
          38.7428496
        ]
      },
      "id": "relation/9690605"
    },
    {
      "type": "Feature",
      "properties": {
        "@id": "relation/9690606",
        "name": "Shawnee Backpack Wilderness Side Trail",
        "network": "lwn",
        "operator": "Ohio Department of Natural Resources",
        "osmc:symbol": "white::white_stripe",
        "route": "hiking",
        "symbol": "white",
        "type": "route",
        "@geometry": "center"
      },
      "geometry": {
        "type": "Point",
        "coordinates": [
          -83.2545483,
          38.6876181
        ]
      },
      "id": "relation/9690606"
    },
    {
      "type": "Feature",
      "properties": {
        "@id": "relation/9690607",
        "name": "Shawnee Backpack Trail",
        "network": "lwn",
        "operator": "Ohio Department of Natural Resources",
        "osmc:symbol": "orange::orange_stripe",
        "route": "hiking",
        "symbol": "orange",
        "type": "route",
        "@geometry": "center"
      },
      "geometry": {
        "type": "Point",
        "coordinates": [
          -83.184523,
          38.7179452
        ]
      },
      "id": "relation/9690607"
    },
    {
      "type": "Feature",
      "properties": {
        "@id": "relation/9692274",
        "name": "Backpack Side Trail",
        "network": "lwn",
        "operator": "Ohio Department of Natural Resources",
        "osmc:symbol": "white::white_stripe",
        "route": "hiking",
        "symbol": "white",
        "type": "route",
        "@geometry": "center"
      },
      "geometry": {
        "type": "Point",
        "coordinates": [
          -83.1577004,
          38.7296216
        ]
      },
      "id": "relation/9692274"
    },
    {
      "type": "Feature",
      "properties": {
        "@id": "relation/9709436",
        "name": "High Mountain Trail",
        "network": "lwn",
        "route": "hiking",
        "type": "route",
        "@geometry": "center"
      },
      "geometry": {
        "type": "Point",
        "coordinates": [
          -82.2945352,
          38.3923636
        ]
      },
      "id": "relation/9709436"
    },
    {
      "type": "Feature",
      "properties": {
        "@id": "relation/9709449",
        "name": "84 Lumber Hiking Trail",
        "network": "lwn",
        "route": "hiking",
        "type": "route",
        "@geometry": "center"
      },
      "geometry": {
        "type": "Point",
        "coordinates": [
          -82.2965792,
          38.3975858
        ]
      },
      "id": "relation/9709449"
    },
    {
      "type": "Feature",
      "properties": {
        "@id": "relation/9884267",
        "name": "McCarty Accotink Connector",
        "network": "lwn",
        "route": "hiking",
        "type": "route",
        "@geometry": "center"
      },
      "geometry": {
        "type": "Point",
        "coordinates": [
          -77.1626261,
          38.7019839
        ]
      },
      "id": "relation/9884267"
    },
    {
      "type": "Feature",
      "properties": {
        "@id": "relation/9884268",
        "name": "McCarty Connector",
        "network": "lwn",
        "route": "hiking",
        "type": "route",
        "@geometry": "center"
      },
      "geometry": {
        "type": "Point",
        "coordinates": [
          -77.1613344,
          38.7050127
        ]
      },
      "id": "relation/9884268"
    },
    {
      "type": "Feature",
      "properties": {
        "@id": "relation/9884269",
        "name": "Pohick Loop",
        "network": "lwn",
        "route": "hiking",
        "type": "route",
        "@geometry": "center"
      },
      "geometry": {
        "type": "Point",
        "coordinates": [
          -77.1571736,
          38.7032574
        ]
      },
      "id": "relation/9884269"
    },
    {
      "type": "Feature",
      "properties": {
        "@id": "relation/9884270",
        "name": "Wetland Connector",
        "network": "lwn",
        "route": "hiking",
        "type": "route",
        "@geometry": "center"
      },
      "geometry": {
        "type": "Point",
        "coordinates": [
          -77.1589026,
          38.7051813
        ]
      },
      "id": "relation/9884270"
    },
    {
      "type": "Feature",
      "properties": {
        "@id": "relation/9884271",
        "name": "Pohick Overlook",
        "network": "lwn",
        "route": "hiking",
        "type": "route",
        "@geometry": "center"
      },
      "geometry": {
        "type": "Point",
        "coordinates": [
          -77.1578959,
          38.7043996
        ]
      },
      "id": "relation/9884271"
    },
    {
      "type": "Feature",
      "properties": {
        "@id": "relation/9884272",
        "name": "Wetland Trail",
        "network": "lwn",
        "route": "hiking",
        "type": "route",
        "@geometry": "center"
      },
      "geometry": {
        "type": "Point",
        "coordinates": [
          -77.1576987,
          38.7022663
        ]
      },
      "id": "relation/9884272"
    },
    {
      "type": "Feature",
      "properties": {
        "@id": "relation/9884273",
        "name": "Great Blue Heron Trail",
        "network": "lwn",
        "route": "hiking",
        "type": "route",
        "@geometry": "center"
      },
      "geometry": {
        "type": "Point",
        "coordinates": [
          -77.160476,
          38.6983055
        ]
      },
      "id": "relation/9884273"
    },
    {
      "type": "Feature",
      "properties": {
        "@id": "relation/9884274",
        "colour": "white",
        "name": "Marsh Overlook",
        "network": "lwn",
        "osmc:symbol": "yellow:white:white_dot:hiker",
        "route": "hiking",
        "type": "route",
        "@geometry": "center"
      },
      "geometry": {
        "type": "Point",
        "coordinates": [
          -77.1668428,
          38.6961869
        ]
      },
      "id": "relation/9884274"
    },
    {
      "type": "Feature",
      "properties": {
        "@id": "relation/9884275",
        "colour": "maroon",
        "name": "McCarthy Loop Trail",
        "network": "lwn",
        "osmc:symbol": "maroon:blue_round:hiker",
        "route": "hiking",
        "type": "route",
        "@geometry": "center"
      },
      "geometry": {
        "type": "Point",
        "coordinates": [
          -77.1640948,
          38.6976824
        ]
      },
      "id": "relation/9884275"
    },
    {
      "type": "Feature",
      "properties": {
        "@id": "relation/9884276",
        "name": "Loop Trail",
        "network": "lwn",
        "route": "hiking",
        "type": "route",
        "@geometry": "center"
      },
      "geometry": {
        "type": "Point",
        "coordinates": [
          -77.1563265,
          38.6972726
        ]
      },
      "id": "relation/9884276"
    },
    {
      "type": "Feature",
      "properties": {
        "@id": "relation/9884277",
        "colour": "green",
        "name": "Beaver Pond Trail",
        "network": "lwn",
        "osmc:symbol": "maroon:green_round:hiker",
        "route": "hiking",
        "type": "route",
        "@geometry": "center"
      },
      "geometry": {
        "type": "Point",
        "coordinates": [
          -77.1589075,
          38.6990741
        ]
      },
      "id": "relation/9884277"
    },
    {
      "type": "Feature",
      "properties": {
        "@id": "relation/9884278",
        "colour": "maroon",
        "name": "Accotink Creek Trail",
        "network": "lwn",
        "osmc:symbol": "blue:maroon_round:hiker",
        "route": "hiking",
        "type": "route",
        "@geometry": "center"
      },
      "geometry": {
        "type": "Point",
        "coordinates": [
          -77.160926,
          38.7006817
        ]
      },
      "id": "relation/9884278"
    },
    {
      "type": "Feature",
      "properties": {
        "@id": "relation/9884279",
        "name": "Basin Trail",
        "network": "lwn",
        "route": "hiking",
        "type": "route",
        "@geometry": "center"
      },
      "geometry": {
        "type": "Point",
        "coordinates": [
          -77.1536987,
          38.6909584
        ]
      },
      "id": "relation/9884279"
    },
    {
      "type": "Feature",
      "properties": {
        "@id": "relation/9884703",
        "name": "Belvoir Ruins Trail",
        "network": "lwn",
        "route": "hiking",
        "type": "route",
        "@geometry": "center"
      },
      "geometry": {
        "type": "Point",
        "coordinates": [
          -77.1311324,
          38.6776229
        ]
      },
      "id": "relation/9884703"
    },
    {
      "type": "Feature",
      "properties": {
        "@id": "relation/9979520",
        "description": "Turkey Rock Trail in Pinnacle Rock State Park.",
        "name": "Turkey Rock Trail",
        "network": "lwn",
        "route": "hiking",
        "type": "route",
        "@geometry": "center"
      },
      "geometry": {
        "type": "Point",
        "coordinates": [
          -81.2941181,
          37.3168826
        ]
      },
      "id": "relation/9979520"
    },
    {
      "type": "Feature",
      "properties": {
        "@id": "relation/9979521",
        "description": "Falling Rock Trail in Pinnacle Rock State Park.",
        "name": "Falling Rock Trail",
        "network": "lwn",
        "route": "hiking",
        "type": "route",
        "@geometry": "center"
      },
      "geometry": {
        "type": "Point",
        "coordinates": [
          -81.29118,
          37.3213453
        ]
      },
      "id": "relation/9979521"
    },
    {
      "type": "Feature",
      "properties": {
        "@id": "relation/9979583",
        "description": "Garland \"Bo\" Bowman Lakeside Memorial Trail in Glenwood Park.",
        "name": "Garland \"Bo\" Bowman Lakeside Memorial Trail",
        "network": "lwn",
        "route": "hiking",
        "type": "route",
        "@geometry": "center"
      },
      "geometry": {
        "type": "Point",
        "coordinates": [
          -81.1637579,
          37.3328996
        ]
      },
      "id": "relation/9979583"
    },
    {
      "type": "Feature",
      "properties": {
        "@id": "relation/9983975",
        "name": "Rock Hollow Nature Trail",
        "network": "lhn",
        "route": "hiking",
        "type": "route",
        "@geometry": "center"
      },
      "geometry": {
        "type": "Point",
        "coordinates": [
          -82.4151789,
          38.3070965
        ]
      },
      "id": "relation/9983975"
    },
    {
      "type": "Feature",
      "properties": {
        "@id": "relation/10048570",
        "name": "Mash Fork Falls Trail",
        "network": "lwn",
        "route": "hiking",
        "type": "route",
        "@geometry": "center"
      },
      "geometry": {
        "type": "Point",
        "coordinates": [
          -81.1407425,
          37.5039136
        ]
      },
      "id": "relation/10048570"
    },
    {
      "type": "Feature",
      "properties": {
        "@id": "relation/10048571",
        "name": "Farley Ridge Road and Trail",
        "network": "lwn",
        "route": "hiking",
        "type": "route",
        "@geometry": "center"
      },
      "geometry": {
        "type": "Point",
        "coordinates": [
          -81.1479068,
          37.5151205
        ]
      },
      "id": "relation/10048571"
    },
    {
      "type": "Feature",
      "properties": {
        "@id": "relation/10048572",
        "name": "Almost Heaven Road and Trail",
        "network": "lwn",
        "route": "hiking",
        "type": "route",
        "@geometry": "center"
      },
      "geometry": {
        "type": "Point",
        "coordinates": [
          -81.1534985,
          37.5212505
        ]
      },
      "id": "relation/10048572"
    },
    {
      "type": "Feature",
      "properties": {
        "@id": "relation/10048573",
        "name": "McCoy Road and Trail",
        "network": "lwn",
        "route": "hiking",
        "type": "route",
        "@geometry": "center"
      },
      "geometry": {
        "type": "Point",
        "coordinates": [
          -81.1624443,
          37.5188761
        ]
      },
      "id": "relation/10048573"
    },
    {
      "type": "Feature",
      "properties": {
        "@id": "relation/10048574",
        "name": "Turkey Loop Road and Trail",
        "network": "lwn",
        "route": "hiking",
        "type": "route",
        "@geometry": "center"
      },
      "geometry": {
        "type": "Point",
        "coordinates": [
          -81.1491565,
          37.5143633
        ]
      },
      "id": "relation/10048574"
    },
    {
      "type": "Feature",
      "properties": {
        "@id": "relation/10048575",
        "name": "Blue Jay Spur Trail",
        "network": "lwn",
        "route": "hiking",
        "type": "route",
        "@geometry": "center"
      },
      "geometry": {
        "type": "Point",
        "coordinates": [
          -81.1358046,
          37.5109492
        ]
      },
      "id": "relation/10048575"
    },
    {
      "type": "Feature",
      "properties": {
        "@id": "relation/10048576",
        "name": "Horse Bypass Trail",
        "network": "lwn",
        "route": "hiking",
        "type": "route",
        "@geometry": "center"
      },
      "geometry": {
        "type": "Point",
        "coordinates": [
          -81.1352749,
          37.5059526
        ]
      },
      "id": "relation/10048576"
    },
    {
      "type": "Feature",
      "properties": {
        "@id": "relation/10048577",
        "name": "White Oak Road and Trail",
        "network": "lwn",
        "route": "hiking",
        "type": "route",
        "@geometry": "center"
      },
      "geometry": {
        "type": "Point",
        "coordinates": [
          -81.1430716,
          37.529835
        ]
      },
      "id": "relation/10048577"
    },
    {
      "type": "Feature",
      "properties": {
        "@id": "relation/10048578",
        "name": "Blue Jay Ridge Trail",
        "network": "lwn",
        "route": "hiking",
        "type": "route",
        "@geometry": "center"
      },
      "geometry": {
        "type": "Point",
        "coordinates": [
          -81.1417474,
          37.5180437
        ]
      },
      "id": "relation/10048578"
    },
    {
      "type": "Feature",
      "properties": {
        "@id": "relation/10048579",
        "name": "Hatfield Road and Trail",
        "network": "lwn",
        "route": "hiking",
        "type": "route",
        "@geometry": "center"
      },
      "geometry": {
        "type": "Point",
        "coordinates": [
          -81.1530554,
          37.5324653
        ]
      },
      "id": "relation/10048579"
    },
    {
      "type": "Feature",
      "properties": {
        "@id": "relation/10048580",
        "name": "Waldron Spur Trail",
        "network": "lwn",
        "route": "hiking",
        "type": "route",
        "@geometry": "center"
      },
      "geometry": {
        "type": "Point",
        "coordinates": [
          -81.139357,
          37.5338821
        ]
      },
      "id": "relation/10048580"
    },
    {
      "type": "Feature",
      "properties": {
        "@id": "relation/10048581",
        "name": "Deer Crossing Road and Trail",
        "network": "lwn",
        "route": "hiking",
        "type": "route",
        "@geometry": "center"
      },
      "geometry": {
        "type": "Point",
        "coordinates": [
          -81.1420315,
          37.5333902
        ]
      },
      "id": "relation/10048581"
    },
    {
      "type": "Feature",
      "properties": {
        "@id": "relation/10048582",
        "name": "Bear Wallow Road and Trail",
        "network": "lwn",
        "route": "hiking",
        "type": "route",
        "@geometry": "center"
      },
      "geometry": {
        "type": "Point",
        "coordinates": [
          -81.132666,
          37.5330611
        ]
      },
      "id": "relation/10048582"
    },
    {
      "type": "Feature",
      "properties": {
        "@id": "relation/10048583",
        "name": "Neely Knob Road and Trail",
        "network": "lwn",
        "route": "hiking",
        "type": "route",
        "@geometry": "center"
      },
      "geometry": {
        "type": "Point",
        "coordinates": [
          -81.1410177,
          37.5449791
        ]
      },
      "id": "relation/10048583"
    },
    {
      "type": "Feature",
      "properties": {
        "@id": "relation/10120278",
        "name": "Area 51 Trail",
        "network": "lwn",
        "route": "hiking",
        "type": "route",
        "@geometry": "center"
      },
      "geometry": {
        "type": "Point",
        "coordinates": [
          -82.2975453,
          38.3920722
        ]
      },
      "id": "relation/10120278"
    },
    {
      "type": "Feature",
      "properties": {
        "@id": "relation/10449263",
        "backpacking": "yes",
        "colour": "blue",
        "distance": "252 mi",
        "name": "Tuscarora Trail",
        "network": "rwn",
        "operator": "Potomac Appalachian Trail Club",
        "operator:wikidata": "Q3079313",
        "osmc:symbol": "blue:white:blue_stripe:T-T:red",
        "ref": "TT",
        "route": "hiking",
        "symbol": "blue-paint blazes",
        "type": "route",
        "wikidata": "Q7856716",
        "wikipedia": "en:Tuscarora Trail",
        "@geometry": "center"
      },
      "geometry": {
        "type": "Point",
        "coordinates": [
          -77.8589542,
          39.5291051
        ]
      },
      "id": "relation/10449263"
    },
    {
      "type": "Feature",
      "properties": {
        "@id": "relation/10582685",
        "name": "Buck Hollow Trail",
        "network": "lwn",
        "operator": "U.S. National Park Service",
        "osmc:symbol": "blue::blue_stripe",
        "route": "hiking",
        "type": "route",
        "@geometry": "center"
      },
      "geometry": {
        "type": "Point",
        "coordinates": [
          -78.2986032,
          38.6458818
        ]
      },
      "id": "relation/10582685"
    },
    {
      "type": "Feature",
      "properties": {
        "@id": "relation/10582686",
        "name": "Buck Ridge Trail",
        "network": "lwn",
        "operator": "U.S. National Park Service",
        "osmc:symbol": "blue::blue_stripe",
        "route": "hiking",
        "type": "route",
        "@geometry": "center"
      },
      "geometry": {
        "type": "Point",
        "coordinates": [
          -78.2949246,
          38.6468353
        ]
      },
      "id": "relation/10582686"
    },
    {
      "type": "Feature",
      "properties": {
        "@id": "relation/10592568",
        "colour": "blue",
        "distance": "9.2 miles",
        "name": "Dickey Ridge Trail",
        "network": "lwn",
        "operator": "Unites States National Park Service",
        "osmc:symbol": "blue::blue_stripe",
        "route": "hiking",
        "symbol": "blue-paint blazes",
        "type": "route",
        "@geometry": "center"
      },
      "geometry": {
        "type": "Point",
        "coordinates": [
          -78.1893437,
          38.867781
        ]
      },
      "id": "relation/10592568"
    },
    {
      "type": "Feature",
      "properties": {
        "@id": "relation/10612952",
        "name": "Ridge Trail",
        "network": "lwn",
        "operator": "Unites States National Park Service",
        "osmc:symbol": "blue:white:blue_stripe",
        "route": "hiking",
        "type": "route",
        "@geometry": "center"
      },
      "geometry": {
        "type": "Point",
        "coordinates": [
          -78.3117015,
          38.5605318
        ]
      },
      "id": "relation/10612952"
    },
    {
      "type": "Feature",
      "properties": {
        "@id": "relation/10612953",
        "name": "Weakley Hollow Fire Road",
        "network": "lwn",
        "operator": "United States National Park Service",
        "osmc:symbol": "yellow:white:yellow_stripe",
        "route": "hiking",
        "type": "route",
        "@geometry": "center"
      },
      "geometry": {
        "type": "Point",
        "coordinates": [
          -78.3162779,
          38.5628961
        ]
      },
      "id": "relation/10612953"
    },
    {
      "type": "Feature",
      "properties": {
        "@id": "relation/10613298",
        "colour": "blue",
        "distance": "1 mile",
        "name": "Fox Hollow Trail",
        "network": "lwn",
        "operator": "United States National Park Service",
        "osmc:symbol": "blue::blue_stripe",
        "route": "hiking",
        "symbol": "blue-paint blazes",
        "type": "route",
        "@geometry": "center"
      },
      "geometry": {
        "type": "Point",
        "coordinates": [
          -78.2038365,
          38.8750173
        ]
      },
      "id": "relation/10613298"
    },
    {
      "type": "Feature",
      "properties": {
        "@id": "relation/10613299",
        "distance": "1.4 miles",
        "name": "Snead Farm",
        "network": "lwn",
        "operator": "United States National Park Service",
        "osmc:symbol": "blue::blue_stripe",
        "route": "hiking",
        "symbol": "blue-paint blazes",
        "type": "route",
        "@geometry": "center"
      },
      "geometry": {
        "type": "Point",
        "coordinates": [
          -78.2016989,
          38.8576141
        ]
      },
      "id": "relation/10613299"
    },
    {
      "type": "Feature",
      "properties": {
        "@id": "relation/10623780",
        "network": "lwn",
        "route": "hiking",
        "type": "route",
        "@geometry": "center"
      },
      "geometry": {
        "type": "Point",
        "coordinates": [
          -82.3820894,
          38.3102092
        ]
      },
      "id": "relation/10623780"
    },
    {
      "type": "Feature",
      "properties": {
        "@id": "relation/10656127",
        "distance": "2.0 miles",
        "name": "Lands Run Gap Road",
        "network": "lwn",
        "operator": "United States National Park Service",
        "osmc:symbol": "yellow:white:yellow_diamond",
        "route": "hiking",
        "symbol": "yellow-paint blazes",
        "type": "route",
        "@geometry": "center"
      },
      "geometry": {
        "type": "Point",
        "coordinates": [
          -78.1956273,
          38.8283621
        ]
      },
      "id": "relation/10656127"
    },
    {
      "type": "Feature",
      "properties": {
        "@id": "relation/10656128",
        "colour": "yellow",
        "distance": "1.2 miles",
        "name": "Hickerson Hollow Trail",
        "network": "lwn",
        "operator": "United States National Park Service",
        "osmc:symbol": "yellow:white:yellow_stripe",
        "route": "hiking",
        "symbol": "yellow-paint blazes",
        "type": "route",
        "@geometry": "center"
      },
      "geometry": {
        "type": "Point",
        "coordinates": [
          -78.1813993,
          38.8407909
        ]
      },
      "id": "relation/10656128"
    },
    {
      "type": "Feature",
      "properties": {
        "@id": "relation/10656129",
        "colour": "yellow",
        "name": "Springhouse Trail",
        "operator": "Unites States Natioal Park Service",
        "osmc:symbol": "yellow:white:yellow_stripe",
        "route": "hiking",
        "symbol": "yellow-paint blazes",
        "type": "route",
        "@geometry": "center"
      },
      "geometry": {
        "type": "Point",
        "coordinates": [
          -78.1726793,
          38.8312762
        ]
      },
      "id": "relation/10656129"
    },
    {
      "type": "Feature",
      "properties": {
        "@id": "relation/10656130",
        "name": "Compton Peak Spur",
        "network": "lwn",
        "operator": "United States National Park Service",
        "osmc:symbol": "blue:white:blue_stripe",
        "route": "hiking",
        "type": "route",
        "@geometry": "center"
      },
      "geometry": {
        "type": "Point",
        "coordinates": [
          -78.1750438,
          38.8183988
        ]
      },
      "id": "relation/10656130"
    },
    {
      "type": "Feature",
      "properties": {
        "@id": "relation/10730370",
        "name": "Jenkins Gap Trail",
        "operator": "United States National Park Service",
        "osmc:symbol": "yellow:white:yellow_stripe",
        "route": "hiking",
        "symbol": "yellow-paint blazes",
        "type": "route",
        "@geometry": "center"
      },
      "geometry": {
        "type": "Point",
        "coordinates": [
          -78.1886442,
          38.8062141
        ]
      },
      "id": "relation/10730370"
    },
    {
      "type": "Feature",
      "properties": {
        "@id": "relation/10730371",
        "name": "Mount Marshall Trail",
        "network": "lwn",
        "operator": "United States National Park Service",
        "osmc:symbol": "yellow::yellow_stripe",
        "route": "hiking",
        "type": "route",
        "@geometry": "center"
      },
      "geometry": {
        "type": "Point",
        "coordinates": [
          -78.1810454,
          38.775018
        ]
      },
      "id": "relation/10730371"
    },
    {
      "type": "Feature",
      "properties": {
        "@id": "relation/10730372",
        "name": "Jordan River Trail",
        "network": "lwn",
        "operator": "Unnited States National Park Service",
        "osmc:symbol": "yellow::yellow_stripe",
        "route": "hiking",
        "type": "route",
        "@geometry": "center"
      },
      "geometry": {
        "type": "Point",
        "coordinates": [
          -78.1701404,
          38.7696145
        ]
      },
      "id": "relation/10730372"
    },
    {
      "type": "Feature",
      "properties": {
        "@id": "relation/10730373",
        "name": "Bluff Trail",
        "network": "lwn",
        "operator": "United States National Park Service",
        "osmc:symbol": "yellow::yellow_stripe",
        "route": "hiking",
        "type": "route",
        "@geometry": "center"
      },
      "geometry": {
        "type": "Point",
        "coordinates": [
          -78.2060876,
          38.7660931
        ]
      },
      "id": "relation/10730373"
    },
    {
      "type": "Feature",
      "properties": {
        "@id": "relation/10730374",
        "name": "Harris Hollow Trail",
        "network": "lwn",
        "operator": "United States National Park Service",
        "osmc:symbol": "yellow::yellow_stripe",
        "route": "hiking",
        "type": "route",
        "@geometry": "center"
      },
      "geometry": {
        "type": "Point",
        "coordinates": [
          -78.2367616,
          38.7536172
        ]
      },
      "id": "relation/10730374"
    },
    {
      "type": "Feature",
      "properties": {
        "@id": "relation/10730375",
        "name": "Big Devils Stairs",
        "network": "lwn",
        "operator": "United States National Park Service",
        "osmc:symbol": "blue::blue_stripe",
        "route": "hiking",
        "type": "route",
        "@geometry": "center"
      },
      "geometry": {
        "type": "Point",
        "coordinates": [
          -78.2141257,
          38.7575596
        ]
      },
      "id": "relation/10730375"
    },
    {
      "type": "Feature",
      "properties": {
        "@id": "relation/10734633",
        "distance": "3.4 miles",
        "name": "Browntown Trail",
        "network": "lwn",
        "operator": "United States National Park Service",
        "osmc:symbol": "yellow:white:yellow_stripe",
        "route": "hiking",
        "symbol": "yellow-paint blazes",
        "type": "route",
        "@geometry": "center"
      },
      "geometry": {
        "type": "Point",
        "coordinates": [
          -78.240084,
          38.780619
        ]
      },
      "id": "relation/10734633"
    },
    {
      "type": "Feature",
      "properties": {
        "@id": "relation/10734634",
        "name": "Keyser Run Road",
        "network": "lwn",
        "operator": "United States National Park Service",
        "osmc:symbol": "yellow::yellow_stripe",
        "route": "hiking",
        "type": "route",
        "@geometry": "center"
      },
      "geometry": {
        "type": "Point",
        "coordinates": [
          -78.2670466,
          38.7401538
        ]
      },
      "id": "relation/10734634"
    },
    {
      "type": "Feature",
      "properties": {
        "@id": "relation/10734635",
        "name": "Little Devils Stairs Trail",
        "network": "lwn",
        "operator": "United States National Park Service",
        "osmc:symbol": "blue::blue_stripe",
        "route": "hiking",
        "type": "route",
        "@geometry": "center"
      },
      "geometry": {
        "type": "Point",
        "coordinates": [
          -78.262616,
          38.7410207
        ]
      },
      "id": "relation/10734635"
    },
    {
      "type": "Feature",
      "properties": {
        "@id": "relation/10734636",
        "name": "Sugarloaf Trail",
        "network": "lwn",
        "operator": "United States National Park Service",
        "osmc:symbol": "blue:white:blue_stripe",
        "route": "hiking",
        "type": "route",
        "@geometry": "center"
      },
      "geometry": {
        "type": "Point",
        "coordinates": [
          -78.2760078,
          38.7543547
        ]
      },
      "id": "relation/10734636"
    },
    {
      "type": "Feature",
      "properties": {
        "@id": "relation/10734637",
        "name": "Pole Link Bridge Trail",
        "network": "lwn",
        "operator": "United States National Park Service",
        "osmc:symbol": "blue::blue_stripe",
        "route": "hiking",
        "type": "route",
        "@geometry": "center"
      },
      "geometry": {
        "type": "Point",
        "coordinates": [
          -78.2739785,
          38.7474101
        ]
      },
      "id": "relation/10734637"
    },
    {
      "type": "Feature",
      "properties": {
        "@id": "relation/10734796",
        "name": "Piney Branch Trail",
        "network": "lwn",
        "operator": "United States National Park Service",
        "osmc:symbol": "blue:white:blue_stripe",
        "route": "hiking",
        "type": "route",
        "@geometry": "center"
      },
      "geometry": {
        "type": "Point",
        "coordinates": [
          -78.2798978,
          38.7260407
        ]
      },
      "id": "relation/10734796"
    },
    {
      "type": "Feature",
      "properties": {
        "@id": "relation/10734797",
        "name": "Piney Ridge Trail",
        "network": "lwn",
        "operator": "United State National Park Service",
        "osmc:symbol": "blue:white:blue_stripe",
        "route": "hiking",
        "type": "route",
        "@geometry": "center"
      },
      "geometry": {
        "type": "Point",
        "coordinates": [
          -78.2923075,
          38.7308923
        ]
      },
      "id": "relation/10734797"
    },
    {
      "type": "Feature",
      "properties": {
        "@id": "relation/10740711",
        "colour": "blue",
        "name": "Jeremys Run Trail",
        "network": "lwn",
        "operator": "United States National Park Service",
        "osmc:symbol": "blue::blue_stripe",
        "route": "hiking",
        "type": "route",
        "@geometry": "center"
      },
      "geometry": {
        "type": "Point",
        "coordinates": [
          -78.3485615,
          38.7298438
        ]
      },
      "id": "relation/10740711"
    },
    {
      "type": "Feature",
      "properties": {
        "@id": "relation/10742337",
        "colour": "yellow",
        "name": "Hull School Trail",
        "network": "lwn",
        "operator": "United States National Park Service",
        "osmc:symbol": "yellow::yellow_stripe",
        "route": "hiking",
        "type": "route",
        "@geometry": "center"
      },
      "geometry": {
        "type": "Point",
        "coordinates": [
          -78.2963637,
          38.7110179
        ]
      },
      "id": "relation/10742337"
    },
    {
      "type": "Feature",
      "properties": {
        "@id": "relation/10742338",
        "name": "Thorton River Trail",
        "network": "lwn",
        "operator": "United State National Park Service",
        "osmc:symbol": "yellow::yellow_stripe",
        "route": "hiking",
        "type": "route",
        "@geometry": "center"
      },
      "geometry": {
        "type": "Point",
        "coordinates": [
          -78.29908,
          38.7086063
        ]
      },
      "id": "relation/10742338"
    },
    {
      "type": "Feature",
      "properties": {
        "@id": "relation/10742339",
        "name": "Neighbor Mountain Trail",
        "network": "lwn",
        "operator": "United States National Park Service",
        "osmc:symbol": "yellow::yellow_stripe",
        "route": "hiking",
        "type": "route",
        "@geometry": "center"
      },
      "geometry": {
        "type": "Point",
        "coordinates": [
          -78.348663,
          38.703903
        ]
      },
      "id": "relation/10742339"
    },
    {
      "type": "Feature",
      "properties": {
        "@id": "relation/10743457",
        "name": "Pass Mountain Trail",
        "network": "lwn",
        "operator": "United States National Park Service",
        "osmc:symbol": "blue:white:blue_stripe",
        "route": "hiking",
        "type": "route",
        "@geometry": "center"
      },
      "geometry": {
        "type": "Point",
        "coordinates": [
          -78.3063184,
          38.674626
        ]
      },
      "id": "relation/10743457"
    },
    {
      "type": "Feature",
      "properties": {
        "@id": "relation/10744270",
        "name": "Pass Mountain Hut Road",
        "network": "lwn",
        "operator": "United States National Park Service",
        "osmc:symbol": "yellow:white:yellow_stripe",
        "route": "hiking",
        "type": "route",
        "@geometry": "center"
      },
      "geometry": {
        "type": "Point",
        "coordinates": [
          -78.3194728,
          38.6695967
        ]
      },
      "id": "relation/10744270"
    },
    {
      "type": "Feature",
      "properties": {
        "@id": "relation/10748866",
        "name": "West Virginia Central & Pittsburgh Railroad Trail",
        "network": "lwn",
        "route": "hiking",
        "type": "route",
        "@geometry": "center"
      },
      "geometry": {
        "type": "Point",
        "coordinates": [
          -79.5453253,
          39.0980226
        ]
      },
      "id": "relation/10748866"
    },
    {
      "type": "Feature",
      "properties": {
        "@id": "relation/10751962",
        "colour": "yellow",
        "distance": "1.3 miles",
        "name": "Weddlewood Trail",
        "network": "lwn",
        "operator": "United States National Park Service",
        "osmc:symbol": "yellow::yellow_stripe",
        "route": "hiking",
        "symbol": "yellow-paint blazes",
        "type": "route",
        "@geometry": "center"
      },
      "geometry": {
        "type": "Point",
        "coordinates": [
          -78.3033505,
          38.7677326
        ]
      },
      "id": "relation/10751962"
    },
    {
      "type": "Feature",
      "properties": {
        "@id": "relation/10751963",
        "colour": "yellow",
        "description": "4.4 miles",
        "name": "Mathews Arm Fire Road",
        "network": "lwn",
        "operator": "United States National Park Servcice",
        "osmc:symbol": "yellow::yellow_stripe",
        "route": "hiking",
        "symbol": "yellow-paint blazes",
        "type": "route",
        "@geometry": "center"
      },
      "geometry": {
        "type": "Point",
        "coordinates": [
          -78.2929109,
          38.773538
        ]
      },
      "id": "relation/10751963"
    },
    {
      "type": "Feature",
      "properties": {
        "@id": "relation/10751964",
        "name": "Traces Nature Trail",
        "network": "lwn",
        "operator": "United States National Park Service",
        "osmc:symbol": "blue:white:blue_stripe",
        "route": "hiking",
        "type": "route",
        "@geometry": "center"
      },
      "geometry": {
        "type": "Point",
        "coordinates": [
          -78.2958038,
          38.7640124
        ]
      },
      "id": "relation/10751964"
    },
    {
      "type": "Feature",
      "properties": {
        "@id": "relation/10754157",
        "distance": "2.0 miles",
        "name": "Elkwallow Trail",
        "network": "lwn",
        "operator": "United States National Park Service",
        "osmc:symbol": "blue:white:blue_stripe",
        "route": "hiking",
        "symbol": "blue-paint blazes",
        "type": "route",
        "@geometry": "center"
      },
      "geometry": {
        "type": "Point",
        "coordinates": [
          -78.3029194,
          38.7492661
        ]
      },
      "id": "relation/10754157"
    },
    {
      "type": "Feature",
      "properties": {
        "@id": "relation/10754158",
        "name": "Rocky Branch Trail",
        "network": "lwn",
        "operator": "United States National Park Service",
        "osmc:symbol": "yellow:white:yellow_stripe",
        "route": "hiking",
        "type": "route",
        "@geometry": "center"
      },
      "geometry": {
        "type": "Point",
        "coordinates": [
          -78.3315113,
          38.6887424
        ]
      },
      "id": "relation/10754158"
    },
    {
      "type": "Feature",
      "properties": {
        "@id": "relation/10754767",
        "name": "South River Falls Trail",
        "network": "lwn",
        "operator": "United States National Park Service",
        "osmc:symbol": "blue:white:blue_stripe",
        "route": "hiking",
        "type": "route",
        "@geometry": "center"
      },
      "geometry": {
        "type": "Point",
        "coordinates": [
          -78.5058225,
          38.3804428
        ]
      },
      "id": "relation/10754767"
    },
    {
      "type": "Feature",
      "properties": {
        "@id": "relation/10777054",
        "name": "Squirrel Neck Loop",
        "network": "lhn",
        "route": "hiking",
        "type": "route",
        "@geometry": "center"
      },
      "geometry": {
        "type": "Point",
        "coordinates": [
          -76.5420324,
          38.8918332
        ]
      },
      "id": "relation/10777054"
    },
    {
      "type": "Feature",
      "properties": {
        "@id": "relation/10777055",
        "name": "Contee Watershed Trail",
        "network": "lhn",
        "route": "hiking",
        "type": "route",
        "@geometry": "center"
      },
      "geometry": {
        "type": "Point",
        "coordinates": [
          -76.5449909,
          38.8926974
        ]
      },
      "id": "relation/10777055"
    },
    {
      "type": "Feature",
      "properties": {
        "@id": "relation/10777307",
        "colour": "yellow",
        "distance": "7.5 miles",
        "name": "Knob Mountain Trail",
        "network": "lwn",
        "operator": "United States National Park Servce",
        "osmc:symbol": "yellow::yellow_stripe",
        "route": "hiking",
        "symbol": "yellow-paint blazes",
        "type": "route",
        "@geometry": "center"
      },
      "geometry": {
        "type": "Point",
        "coordinates": [
          -78.3394887,
          38.7369301
        ]
      },
      "id": "relation/10777307"
    },
    {
      "type": "Feature",
      "properties": {
        "@id": "relation/10777308",
        "colour": "blue",
        "distance": "0.4 miles",
        "name": "Thompson Hollow Trail",
        "network": "lwn",
        "operator": "United States National Park Service",
        "osmc:symbol": "blue::blue_stripe",
        "route": "hiking",
        "symbol": "blue-paint blazes",
        "type": "route",
        "@geometry": "center"
      },
      "geometry": {
        "type": "Point",
        "coordinates": [
          -78.3171426,
          38.7945044
        ]
      },
      "id": "relation/10777308"
    },
    {
      "type": "Feature",
      "properties": {
        "@id": "relation/10778580",
        "name": "Hazel Mountain Trail",
        "network": "lwn",
        "operator": "United States National Park Service",
        "osmc:symbol": "yellow:white:yellow_stripe",
        "route": "hiking",
        "type": "route",
        "@geometry": "center"
      },
      "geometry": {
        "type": "Point",
        "coordinates": [
          -78.3002975,
          38.6227766
        ]
      },
      "id": "relation/10778580"
    },
    {
      "type": "Feature",
      "properties": {
        "@id": "relation/10778581",
        "name": "Sams Ridge Trail",
        "network": "lwn",
        "operator": "United States National Park Service",
        "osmc:symbol": "blue:white:blue_stripe",
        "route": "hiking",
        "type": "route",
        "@geometry": "center"
      },
      "geometry": {
        "type": "Point",
        "coordinates": [
          -78.2738765,
          38.6135095
        ]
      },
      "id": "relation/10778581"
    },
    {
      "type": "Feature",
      "properties": {
        "@id": "relation/10778582",
        "colour": "#fafe0b",
        "name": "White Rocks Trail",
        "network": "lwn",
        "operator": "United States National Park Service",
        "osmc:symbol": "blue::blue_stripe",
        "route": "hiking",
        "type": "route",
        "@geometry": "center"
      },
      "geometry": {
        "type": "Point",
        "coordinates": [
          -78.28299,
          38.633933
        ]
      },
      "id": "relation/10778582"
    },
    {
      "type": "Feature",
      "properties": {
        "@id": "relation/10785123",
        "name": "Hazel River Trail",
        "network": "lwn",
        "operator": "United States National Park Service",
        "osmc:symbol": "yellow::yellow_stripe",
        "route": "hiking",
        "type": "route",
        "@geometry": "center"
      },
      "geometry": {
        "type": "Point",
        "coordinates": [
          -78.2733013,
          38.622422
        ]
      },
      "id": "relation/10785123"
    },
    {
      "type": "Feature",
      "properties": {
        "@id": "relation/10785124",
        "name": "Catlett Spur Trail",
        "network": "lwn",
        "operator": "United States National Park Service",
        "osmc:symbol": "blue:white:blue_stripe",
        "route": "hiking",
        "type": "route",
        "@geometry": "center"
      },
      "geometry": {
        "type": "Point",
        "coordinates": [
          -78.3027688,
          38.6217822
        ]
      },
      "id": "relation/10785124"
    },
    {
      "type": "Feature",
      "properties": {
        "@id": "relation/10786228",
        "name": "Hannah Run Trail",
        "network": "lwn",
        "operator": "United States National Park Service",
        "osmc:symbol": "blue:white:blue_stripe",
        "route": "hiking",
        "type": "route",
        "@geometry": "center"
      },
      "geometry": {
        "type": "Point",
        "coordinates": [
          -78.3164371,
          38.6069226
        ]
      },
      "id": "relation/10786228"
    },
    {
      "type": "Feature",
      "properties": {
        "@id": "relation/10786229",
        "name": "Pine Hill Gap Trail",
        "network": "lwn",
        "operator": "United States National Park Service",
        "osmc:symbol": "blue:white:blue_stripe",
        "route": "hiking",
        "type": "route",
        "@geometry": "center"
      },
      "geometry": {
        "type": "Point",
        "coordinates": [
          -78.2858271,
          38.5978746
        ]
      },
      "id": "relation/10786229"
    },
    {
      "type": "Feature",
      "properties": {
        "@id": "relation/10786230",
        "name": "Hot Short Mountain Trail",
        "network": "lwn",
        "operator": "United States National Park Service",
        "osmc:symbol": "blue:white:blue_stripe",
        "route": "hiking",
        "type": "route",
        "@geometry": "center"
      },
      "geometry": {
        "type": "Point",
        "coordinates": [
          -78.3049022,
          38.5979639
        ]
      },
      "id": "relation/10786230"
    },
    {
      "type": "Feature",
      "properties": {
        "@id": "relation/10786581",
        "name": "Canaan Valley Rail Trail",
        "network": "lwn",
        "route": "hiking",
        "type": "route",
        "@geometry": "center"
      },
      "geometry": {
        "type": "Point",
        "coordinates": [
          -79.3994505,
          39.1201912
        ]
      },
      "id": "relation/10786581"
    },
    {
      "type": "Feature",
      "properties": {
        "@id": "relation/10786582",
        "name": "Lower Canaan Valley Rail Trail",
        "network": "lwn",
        "route": "hiking",
        "type": "route",
        "@geometry": "center"
      },
      "geometry": {
        "type": "Point",
        "coordinates": [
          -79.3677031,
          39.097193
        ]
      },
      "id": "relation/10786582"
    },
    {
      "type": "Feature",
      "properties": {
        "@id": "relation/10790061",
        "name": "Nicholson Hollow Trail",
        "network": "lwn",
        "operator": "United States National Park Service",
        "osmc:symbol": "blue:white:blue_stripe",
        "route": "hiking",
        "type": "route",
        "@geometry": "center"
      },
      "geometry": {
        "type": "Point",
        "coordinates": [
          -78.3282603,
          38.593379
        ]
      },
      "id": "relation/10790061"
    },
    {
      "type": "Feature",
      "properties": {
        "@id": "relation/10790062",
        "name": "Catlett Mountain Trail",
        "network": "lwn",
        "operator": "United States National Park Service",
        "osmc:symbol": "blue:white:blue_stripe",
        "route": "hiking",
        "type": "route",
        "@geometry": "center"
      },
      "geometry": {
        "type": "Point",
        "coordinates": [
          -78.3019506,
          38.6155653
        ]
      },
      "id": "relation/10790062"
    },
    {
      "type": "Feature",
      "properties": {
        "@id": "relation/10790063",
        "name": "Corbin Cabin Cutoff Trail",
        "network": "lwn",
        "operator": "United States National Park Service",
        "osmc:symbol": "blue::blue_stripe",
        "route": "hiking",
        "type": "route",
        "@geometry": "center"
      },
      "geometry": {
        "type": "Point",
        "coordinates": [
          -78.3470446,
          38.6091972
        ]
      },
      "id": "relation/10790063"
    },
    {
      "type": "Feature",
      "properties": {
        "@id": "relation/10790064",
        "name": "Meadow Springs Trail",
        "network": "lwn",
        "operator": "United States National Park Service",
        "osmc:symbol": "blue::blue_stripe",
        "route": "hiking",
        "type": "route",
        "@geometry": "center"
      },
      "geometry": {
        "type": "Point",
        "coordinates": [
          -78.3175519,
          38.6398132
        ]
      },
      "id": "relation/10790064"
    },
    {
      "type": "Feature",
      "properties": {
        "@id": "relation/10790065",
        "name": "Byrds Nest #3 Road",
        "network": "lwn",
        "operator": "United States National Park Service",
        "osmc:symbol": "yellow::yellow_stripe",
        "route": "hiking",
        "type": "route",
        "@geometry": "center"
      },
      "geometry": {
        "type": "Point",
        "coordinates": [
          -78.321163,
          38.6355661
        ]
      },
      "id": "relation/10790065"
    },
    {
      "type": "Feature",
      "properties": {
        "@id": "relation/10792442",
        "name": "Skyland Fire Road",
        "network": "lwn",
        "operator": "United States National Park Service",
        "osmc:symbol": "yellow::yellow_stripe",
        "route": "hiking",
        "type": "route",
        "@geometry": "center"
      },
      "geometry": {
        "type": "Point",
        "coordinates": [
          -78.3886869,
          38.6060503
        ]
      },
      "id": "relation/10792442"
    },
    {
      "type": "Feature",
      "properties": {
        "@id": "relation/10792443",
        "name": "Stony Man Horse Trail",
        "network": "lwn",
        "operator": "United States National Park Service",
        "osmc:symbol": "yellow::yellow_stripe",
        "route": "hiking",
        "type": "route",
        "@geometry": "center"
      },
      "geometry": {
        "type": "Point",
        "coordinates": [
          -78.3736716,
          38.5956894
        ]
      },
      "id": "relation/10792443"
    },
    {
      "type": "Feature",
      "properties": {
        "@id": "relation/10792444",
        "colour": "blue;white",
        "name": "Stony Man Trail",
        "network": "lwn",
        "operator": "United States National Park Service",
        "osmc:symbol": "blue::blue_stripe",
        "route": "hiking",
        "type": "route",
        "@geometry": "center"
      },
      "geometry": {
        "type": "Point",
        "coordinates": [
          -78.3720313,
          38.5968429
        ]
      },
      "id": "relation/10792444"
    },
    {
      "type": "Feature",
      "properties": {
        "@id": "relation/10792445",
        "name": "Passamaquoddy Trail",
        "network": "lwn",
        "operator": "United States National Park Service",
        "osmc:symbol": "blue::blue_stripe",
        "route": "hiking",
        "type": "route",
        "@geometry": "center"
      },
      "geometry": {
        "type": "Point",
        "coordinates": [
          -78.3730242,
          38.6004396
        ]
      },
      "id": "relation/10792445"
    },
    {
      "type": "Feature",
      "properties": {
        "@id": "relation/10792446",
        "name": "Furnace Spring Trail",
        "network": "lwn",
        "operator": "United States National Park Service",
        "osmc:symbol": "yellow::yellow_stripe",
        "route": "hiking",
        "type": "route",
        "@geometry": "center"
      },
      "geometry": {
        "type": "Point",
        "coordinates": [
          -78.3778896,
          38.5956654
        ]
      },
      "id": "relation/10792446"
    },
    {
      "type": "Feature",
      "properties": {
        "@id": "relation/10793716",
        "name": "Compton Gap Fire Road",
        "network": "lwn",
        "operator": "United States National Park Service",
        "osmc:symbol": "yellow:white:yellow_stripe",
        "route": "hiking",
        "symbol": "yellow-paint blazes",
        "type": "route",
        "@geometry": "center"
      },
      "geometry": {
        "type": "Point",
        "coordinates": [
          -78.1552202,
          38.8473361
        ]
      },
      "id": "relation/10793716"
    },
    {
      "type": "Feature",
      "properties": {
        "@id": "relation/10794153",
        "colour": "blue",
        "distance": "5.5 miles",
        "name": "Overall Run Trail",
        "network": "lwn",
        "operator": "United States National Park Service",
        "osmc:symbol": "blue::blue_stripe",
        "route": "hiking",
        "symbol": "blue-paint blazes",
        "type": "route",
        "@geometry": "center"
      },
      "geometry": {
        "type": "Point",
        "coordinates": [
          -78.3101785,
          38.7772882
        ]
      },
      "id": "relation/10794153"
    },
    {
      "type": "Feature",
      "properties": {
        "@id": "relation/10794154",
        "colour": "yellow",
        "distance": "3.1 miles",
        "name": "Beecher Ridge Trail",
        "network": "lwn",
        "operator": "United States National Park Service",
        "osmc:symbol": "yellow::yellow_stripe",
        "route": "hiking",
        "symbol": "yellow-paint blazes",
        "type": "route",
        "@geometry": "center"
      },
      "geometry": {
        "type": "Point",
        "coordinates": [
          -78.3122884,
          38.7801075
        ]
      },
      "id": "relation/10794154"
    },
    {
      "type": "Feature",
      "properties": {
        "@id": "relation/10794155",
        "distance": "4.0 miles",
        "name": "Heiskel Hollow Tral",
        "network": "lwn",
        "operator": "United States National Park Service",
        "osmc:symbol": "yellow::yellow_stripe",
        "route": "hiking",
        "symbol": "yellow-paint blazes",
        "type": "route",
        "@geometry": "center"
      },
      "geometry": {
        "type": "Point",
        "coordinates": [
          -78.3329649,
          38.7731623
        ]
      },
      "id": "relation/10794155"
    },
    {
      "type": "Feature",
      "properties": {
        "@id": "relation/10844176",
        "name": "Corbin Mountain Trail",
        "network": "lwn",
        "operator": "United States National Park Service",
        "osmc:symbol": "blue:white:blue_stripe",
        "route": "hiking",
        "type": "route",
        "@geometry": "center"
      },
      "geometry": {
        "type": "Point",
        "coordinates": [
          -78.3334282,
          38.5824391
        ]
      },
      "id": "relation/10844176"
    },
    {
      "type": "Feature",
      "properties": {
        "@id": "relation/10844177",
        "name": "Indian Run Trail",
        "network": "lwn",
        "operator": "United States National Park Service",
        "osmc:symbol": "blue::blue_stripe",
        "route": "hiking",
        "type": "route",
        "@geometry": "center"
      },
      "geometry": {
        "type": "Point",
        "coordinates": [
          -78.3505956,
          38.5925848
        ]
      },
      "id": "relation/10844177"
    },
    {
      "type": "Feature",
      "properties": {
        "@id": "relation/10844178",
        "name": "Corbin Hollow Trail",
        "network": "lwn",
        "operator": "United States National Park Service",
        "osmc:symbol": "blue:white:blue_stripe",
        "route": "hiking",
        "type": "route",
        "@geometry": "center"
      },
      "geometry": {
        "type": "Point",
        "coordinates": [
          -78.3349817,
          38.5727039
        ]
      },
      "id": "relation/10844178"
    },
    {
      "type": "Feature",
      "properties": {
        "@id": "relation/10844179",
        "colour": "blue",
        "name": "Robertson Mountain Trail",
        "network": "lwn",
        "operator": "National Park Service",
        "osmc:symbol": "blue:white:blue_stripe",
        "route": "hiking",
        "type": "route",
        "@geometry": "center"
      },
      "geometry": {
        "type": "Point",
        "coordinates": [
          -78.3350602,
          38.5710227
        ]
      },
      "id": "relation/10844179"
    },
    {
      "type": "Feature",
      "properties": {
        "@id": "relation/10844180",
        "name": "Old Rag Fire Road",
        "network": "lwn",
        "operator": "United States National Park Service",
        "osmc:symbol": "yellow::yellow_stripe",
        "route": "hiking",
        "type": "route",
        "@geometry": "center"
      },
      "geometry": {
        "type": "Point",
        "coordinates": [
          -78.3567743,
          38.5685611
        ]
      },
      "id": "relation/10844180"
    },
    {
      "type": "Feature",
      "properties": {
        "@id": "relation/11051995",
        "name": "Mayo River Trail",
        "network": "rwn",
        "note": "Developing trail planned to approximately parallel the Mayo River from VA's state park to the Dan River.",
        "operator": "North Carolina Division of Parks and Recreation",
        "route": "hiking",
        "symbol": "blue diamond",
        "type": "route",
        "@geometry": "center"
      },
      "geometry": {
        "type": "Point",
        "coordinates": [
          -79.9949005,
          36.5503969
        ]
      },
      "id": "relation/11051995"
    },
    {
      "type": "Feature",
      "properties": {
        "@id": "relation/11116963",
        "colour": "yellow",
        "name": "Cassandor Hamilton Trail",
        "network": "lwn",
        "operator": "Baltimore County Department of Recreation and Parks",
        "osmc:symbol": "yellow:white:yellow_bar",
        "ref": "yellow",
        "route": "hiking",
        "symbol": "yellow bar",
        "type": "route",
        "@geometry": "center"
      },
      "geometry": {
        "type": "Point",
        "coordinates": [
          -76.3724942,
          39.3489826
        ]
      },
      "id": "relation/11116963"
    },
    {
      "type": "Feature",
      "properties": {
        "@id": "relation/11116964",
        "colour": "white",
        "name": "White Tail Trail",
        "network": "lwn",
        "operator": "Baltimore County Department of Recreation and Parks",
        "osmc:symbol": "white:white",
        "ref": "white",
        "route": "hiking",
        "symbol": "white stripe",
        "type": "route",
        "@geometry": "center"
      },
      "geometry": {
        "type": "Point",
        "coordinates": [
          -76.3691228,
          39.3461666
        ]
      },
      "id": "relation/11116964"
    },
    {
      "type": "Feature",
      "properties": {
        "@id": "relation/11116965",
        "colour": "red",
        "name": "Weiskittel Trail",
        "network": "lwn",
        "operator": "Baltimore County Department of Recreation and Parks",
        "osmc:symbol": "red:red",
        "ref": "red",
        "route": "hiking",
        "symbol": "red stripe",
        "type": "route",
        "@geometry": "center"
      },
      "geometry": {
        "type": "Point",
        "coordinates": [
          -76.3685564,
          39.3425497
        ]
      },
      "id": "relation/11116965"
    },
    {
      "type": "Feature",
      "properties": {
        "@id": "relation/11116966",
        "colour": "blue",
        "name": "Dundee-Saltpeter Trail",
        "network": "lwn",
        "operator": "Baltimore County Department of Recreation and Parks",
        "osmc:symbol": "blue:blue",
        "ref": "Blue",
        "route": "hiking",
        "symbol": "blue stripe",
        "type": "route",
        "@geometry": "center"
      },
      "geometry": {
        "type": "Point",
        "coordinates": [
          -76.3733594,
          39.3464941
        ]
      },
      "id": "relation/11116966"
    },
    {
      "type": "Feature",
      "properties": {
        "@id": "relation/11117036",
        "description": "The Merryman's Mill Trail, lower option follows the stays closer to the waters edge and is an unofficial network of trails around the historic namesake mill. The mill's ruins and cemetery are visible along the route.",
        "name": "Merryman's Mill Trail (Lower)",
        "network": "lcn",
        "operator": "Baltimore City Department of Public Works",
        "ref": "MMT",
        "route": "hiking",
        "type": "route",
        "@geometry": "center"
      },
      "geometry": {
        "type": "Point",
        "coordinates": [
          -76.5982812,
          39.4749409
        ]
      },
      "id": "relation/11117036"
    },
    {
      "type": "Feature",
      "properties": {
        "@id": "relation/11140513",
        "colour": "#82c1e3",
        "name": "North Country National Scenic Trail (OH)",
        "network": "nwn",
        "network:type": "US:NST",
        "operator": "United States National Park Service;North Country Trail Association",
        "osmc:symbol": "blue:white:blue_stripe:NCT:black",
        "ref": "NCT",
        "route": "hiking",
        "symbol": "blue stripe",
        "type": "route",
        "website": "https://northcountrytrail.org/the-trail/ohio/",
        "wikidata": "Q14716246",
        "wikipedia": "en:North Country Trail",
        "@geometry": "center"
      },
      "geometry": {
        "type": "Point",
        "coordinates": [
          -82.4886848,
          40.1961988
        ]
      },
      "id": "relation/11140513"
    },
    {
      "type": "Feature",
      "properties": {
        "@id": "relation/11224972",
        "name": "Express Trail",
        "network": "lwn",
        "route": "hiking",
        "type": "route",
        "@geometry": "center"
      },
      "geometry": {
        "type": "Point",
        "coordinates": [
          -82.3162247,
          38.3933612
        ]
      },
      "id": "relation/11224972"
    },
    {
      "type": "Feature",
      "properties": {
        "@id": "relation/11300457",
        "colour": "red",
        "distance": "0.6 mi",
        "name": "Red Trail",
        "network": "lhn",
        "route": "hiking",
        "type": "route",
        "@geometry": "center"
      },
      "geometry": {
        "type": "Point",
        "coordinates": [
          -82.6411236,
          38.4693405
        ]
      },
      "id": "relation/11300457"
    },
    {
      "type": "Feature",
      "properties": {
        "@id": "relation/11300458",
        "colour": "white",
        "distance": "0.8 mi",
        "name": "White Trail",
        "network": "lhn",
        "route": "hiking",
        "type": "route",
        "@geometry": "center"
      },
      "geometry": {
        "type": "Point",
        "coordinates": [
          -82.6410096,
          38.4689247
        ]
      },
      "id": "relation/11300458"
    },
    {
      "type": "Feature",
      "properties": {
        "@id": "relation/11300459",
        "colour": "orange",
        "distance": "1.2 mi",
        "name": "Orange Trail",
        "network": "lhn",
        "route": "hiking",
        "type": "route",
        "@geometry": "center"
      },
      "geometry": {
        "type": "Point",
        "coordinates": [
          -82.6349987,
          38.4678337
        ]
      },
      "id": "relation/11300459"
    },
    {
      "type": "Feature",
      "properties": {
        "@id": "relation/11300460",
        "colour": "blue",
        "distance": "0.75 mi",
        "name": "Blue Trail",
        "network": "lhn",
        "route": "hiking",
        "type": "route",
        "@geometry": "center"
      },
      "geometry": {
        "type": "Point",
        "coordinates": [
          -82.6366603,
          38.4684312
        ]
      },
      "id": "relation/11300460"
    },
    {
      "type": "Feature",
      "properties": {
        "@id": "relation/11300461",
        "colour": "yellow",
        "distance": "0.5 mi",
        "name": "Yellow Trail",
        "network": "lhn",
        "route": "hiking",
        "type": "route",
        "@geometry": "center"
      },
      "geometry": {
        "type": "Point",
        "coordinates": [
          -82.6380142,
          38.4691867
        ]
      },
      "id": "relation/11300461"
    },
    {
      "type": "Feature",
      "properties": {
        "@id": "relation/11321501",
        "name": "Crystal Rock Trail",
        "network": "lwn",
        "route": "hiking",
        "type": "route",
        "@geometry": "center"
      },
      "geometry": {
        "type": "Point",
        "coordinates": [
          -77.2802097,
          39.1996711
        ]
      },
      "id": "relation/11321501"
    },
    {
      "type": "Feature",
      "properties": {
        "@id": "relation/11321502",
        "name": "Black Hill Trail",
        "network": "lwn",
        "route": "hiking",
        "type": "route",
        "@geometry": "center"
      },
      "geometry": {
        "type": "Point",
        "coordinates": [
          -77.2899855,
          39.1941986
        ]
      },
      "id": "relation/11321502"
    },
    {
      "type": "Feature",
      "properties": {
        "@id": "relation/11340459",
        "name": "Portsmouth Ditch Trail",
        "network": "lwn",
        "route": "hiking",
        "type": "route",
        "@geometry": "center"
      },
      "geometry": {
        "type": "Point",
        "coordinates": [
          -76.3882014,
          36.723384
        ]
      },
      "id": "relation/11340459"
    },
    {
      "type": "Feature",
      "properties": {
        "@id": "relation/11340460",
        "name": "Rosemary Ditch Trail",
        "network": "lwn",
        "route": "hiking",
        "type": "route",
        "@geometry": "center"
      },
      "geometry": {
        "type": "Point",
        "coordinates": [
          -76.3794433,
          36.7044363
        ]
      },
      "id": "relation/11340460"
    },
    {
      "type": "Feature",
      "properties": {
        "@id": "relation/11340461",
        "name": "Northeast Ditch Trail",
        "network": "lwn",
        "route": "hiking",
        "type": "route",
        "@geometry": "center"
      },
      "geometry": {
        "type": "Point",
        "coordinates": [
          -76.3809227,
          36.6960144
        ]
      },
      "id": "relation/11340461"
    },
    {
      "type": "Feature",
      "properties": {
        "@id": "relation/11340462",
        "name": "Big Entry Ditch Trail",
        "network": "lwn",
        "route": "hiking",
        "type": "route",
        "@geometry": "center"
      },
      "geometry": {
        "type": "Point",
        "coordinates": [
          -76.3960474,
          36.7283833
        ]
      },
      "id": "relation/11340462"
    },
    {
      "type": "Feature",
      "properties": {
        "@id": "relation/11340463",
        "name": "Black Bear Trail",
        "network": "lwn",
        "roundtrip": "yes",
        "route": "hiking",
        "type": "route",
        "@geometry": "center"
      },
      "geometry": {
        "type": "Point",
        "coordinates": [
          -76.391167,
          36.7313205
        ]
      },
      "id": "relation/11340463"
    },
    {
      "type": "Feature",
      "properties": {
        "@id": "relation/11340464",
        "name": "Pines Trail",
        "network": "lwn",
        "operator": "Fish and Wildlife Service",
        "roundtrip": "yes",
        "route": "hiking",
        "type": "route",
        "@geometry": "center"
      },
      "geometry": {
        "type": "Point",
        "coordinates": [
          -76.5604687,
          36.6193931
        ]
      },
      "id": "relation/11340464"
    },
    {
      "type": "Feature",
      "properties": {
        "@id": "relation/11340465",
        "name": "Washington Ditch Boardwalk",
        "network": "lwn",
        "operator": "Fish and Wildlife Service",
        "roundtrip": "yes",
        "route": "hiking",
        "type": "route",
        "@geometry": "center"
      },
      "geometry": {
        "type": "Point",
        "coordinates": [
          -76.5451461,
          36.6453139
        ]
      },
      "id": "relation/11340465"
    },
    {
      "type": "Feature",
      "properties": {
        "@id": "relation/11340466",
        "name": "Lynn Ditch Trail",
        "network": "lwn",
        "operator": "Fish and Wildlife Service",
        "route": "hiking",
        "type": "route",
        "@geometry": "center"
      },
      "geometry": {
        "type": "Point",
        "coordinates": [
          -76.5282816,
          36.6778213
        ]
      },
      "id": "relation/11340466"
    },
    {
      "type": "Feature",
      "properties": {
        "@id": "relation/11340467",
        "name": "Jericho Ditch Trail",
        "network": "lwn",
        "operator": "Fish and Wildlife Service",
        "route": "hiking",
        "type": "route",
        "@geometry": "center"
      },
      "geometry": {
        "type": "Point",
        "coordinates": [
          -76.508405,
          36.6897215
        ]
      },
      "id": "relation/11340467"
    },
    {
      "type": "Feature",
      "properties": {
        "@id": "relation/11340468",
        "name": "Williamson Ditch Trail",
        "network": "lwn",
        "operator": "Fish and Wildlife Service",
        "roundtrip": "yes",
        "route": "hiking",
        "type": "route",
        "@geometry": "center"
      },
      "geometry": {
        "type": "Point",
        "coordinates": [
          -76.4965782,
          36.732922
        ]
      },
      "id": "relation/11340468"
    },
    {
      "type": "Feature",
      "properties": {
        "@id": "relation/11340469",
        "name": "New Ditch Trail",
        "network": "lwn",
        "operator": "Fish and Wildlife Service",
        "route": "hiking",
        "type": "route",
        "@geometry": "center"
      },
      "geometry": {
        "type": "Point",
        "coordinates": [
          -76.4944132,
          36.7280425
        ]
      },
      "id": "relation/11340469"
    },
    {
      "type": "Feature",
      "properties": {
        "@id": "relation/11340470",
        "name": "Camp Ditch Trail",
        "network": "lwn",
        "operator": "Fish and Wildlife Service",
        "route": "hiking",
        "type": "route",
        "@geometry": "center"
      },
      "geometry": {
        "type": "Point",
        "coordinates": [
          -76.46217,
          36.6736217
        ]
      },
      "id": "relation/11340470"
    },
    {
      "type": "Feature",
      "properties": {
        "@id": "relation/11340471",
        "name": "East Ditch Trail",
        "network": "lwn",
        "operator": "Fish and Wildlife Service",
        "route": "hiking",
        "type": "route",
        "@geometry": "center"
      },
      "geometry": {
        "type": "Point",
        "coordinates": [
          -76.4472945,
          36.6833321
        ]
      },
      "id": "relation/11340471"
    },
    {
      "type": "Feature",
      "properties": {
        "@id": "relation/11340472",
        "name": "Hudnell Ditch Trail",
        "network": "lwn",
        "operator": "Fish and Wildlife Service",
        "route": "hiking",
        "type": "route",
        "@geometry": "center"
      },
      "geometry": {
        "type": "Point",
        "coordinates": [
          -76.4997532,
          36.7153317
        ]
      },
      "id": "relation/11340472"
    },
    {
      "type": "Feature",
      "properties": {
        "@id": "relation/11340473",
        "name": "Washington Ditch Trail",
        "network": "lwn",
        "operator": "Fish and Wildlife Service",
        "roundtrip": "yes",
        "route": "hiking",
        "type": "route",
        "@geometry": "center"
      },
      "geometry": {
        "type": "Point",
        "coordinates": [
          -76.5096535,
          36.6337974
        ]
      },
      "id": "relation/11340473"
    },
    {
      "type": "Feature",
      "properties": {
        "@id": "relation/11364314",
        "name": "Great Eastern Trail - Tuscarora Trail",
        "network": "rwn",
        "ref": "TT",
        "route": "hiking",
        "type": "route",
        "website": "http://www.greateasterntrail.net",
        "wikidata": "Q5599095",
        "wikipedia": "en:Great Eastern Trail",
        "@geometry": "center"
      },
      "geometry": {
        "type": "Point",
        "coordinates": [
          -78.2738289,
          39.4925438
        ]
      },
      "id": "relation/11364314"
    },
    {
      "type": "Feature",
      "properties": {
        "@id": "relation/11384550",
        "name": "Great Eastern Trail - Headwaters Section",
        "network": "lwn",
        "ref": "GET",
        "route": "hiking",
        "type": "route",
        "website": "http://www.greateasterntrail.net",
        "wikidata": "Q5599095",
        "wikipedia": "en:Great Eastern Trail",
        "@geometry": "center"
      },
      "geometry": {
        "type": "Point",
        "coordinates": [
          -78.8124684,
          38.8529501
        ]
      },
      "id": "relation/11384550"
    },
    {
      "type": "Feature",
      "properties": {
        "@id": "relation/11518178",
        "colour": "blue",
        "name": "White Oak Canyon Trail",
        "network": "lwn",
        "operator": "Unites States National Park Service",
        "osmc:symbol": "blue::blue_stripe",
        "route": "hiking",
        "type": "route",
        "@geometry": "center"
      },
      "geometry": {
        "type": "Point",
        "coordinates": [
          -78.3661388,
          38.562745
        ]
      },
      "id": "relation/11518178"
    },
    {
      "type": "Feature",
      "properties": {
        "@id": "relation/11519825",
        "name": "Pass Mountain Loop Trail",
        "network": "lwn",
        "operator": "United States National Park Service",
        "osmc:symbol": "blue:white:blue_stripe",
        "route": "hiking",
        "type": "route",
        "@geometry": "center"
      },
      "geometry": {
        "type": "Point",
        "coordinates": [
          -78.3348235,
          38.6745278
        ]
      },
      "id": "relation/11519825"
    },
    {
      "type": "Feature",
      "properties": {
        "@id": "relation/11519826",
        "name": "Millers Head Trail",
        "network": "lwn",
        "operator": "United States National Park Service",
        "osmc:symbol": "blue::blue_stripe",
        "route": "hiking",
        "type": "route",
        "@geometry": "center"
      },
      "geometry": {
        "type": "Point",
        "coordinates": [
          -78.3887584,
          38.5919564
        ]
      },
      "id": "relation/11519826"
    },
    {
      "type": "Feature",
      "properties": {
        "@id": "relation/11520193",
        "colour": "orange",
        "name": "Massanutten Trail",
        "network": "rwn",
        "operator": "United States Forestry Service",
        "operator:wikidata": "Q3079313",
        "osmc:symbol": "orange::orange_stripe",
        "ref": "TR 408",
        "route": "hiking",
        "type": "route",
        "wikidata": "Q6784531",
        "wikipedia": "en:Massanutten Trail",
        "@geometry": "center"
      },
      "geometry": {
        "type": "Point",
        "coordinates": [
          -78.4593367,
          38.8116646
        ]
      },
      "id": "relation/11520193"
    },
    {
      "type": "Feature",
      "properties": {
        "@id": "relation/11521169",
        "network": "lwn",
        "operator": "United States National Park Service",
        "osmc:symbol": "blue::blue_stripe",
        "route": "hiking",
        "type": "route",
        "@geometry": "center"
      },
      "geometry": {
        "type": "Point",
        "coordinates": [
          -78.3832628,
          38.5626847
        ]
      },
      "id": "relation/11521169"
    },
    {
      "type": "Feature",
      "properties": {
        "@id": "relation/11521170",
        "colour": "yellow",
        "name": "Skyland-Big Meadows Horse Trail",
        "network": "lwn",
        "operator": "United States National Park Service",
        "osmc:symbol": "yellow::yellow_stripe",
        "route": "hiking",
        "type": "route",
        "@geometry": "center"
      },
      "geometry": {
        "type": "Point",
        "coordinates": [
          -78.4047081,
          38.5389594
        ]
      },
      "id": "relation/11521170"
    },
    {
      "type": "Feature",
      "properties": {
        "@id": "relation/11521171",
        "colour": "blue",
        "name": "Cedar Run Trail",
        "network": "lwn",
        "operator": "United States National Park Service",
        "osmc:symbol": "blue::blue_stripe",
        "route": "hiking",
        "type": "route",
        "@geometry": "center"
      },
      "geometry": {
        "type": "Point",
        "coordinates": [
          -78.368903,
          38.5461918
        ]
      },
      "id": "relation/11521171"
    },
    {
      "type": "Feature",
      "properties": {
        "@id": "relation/11521173",
        "colour": "blue",
        "name": "Limberlost Trail",
        "network": "lwn",
        "operator": "United States National Park Serivce",
        "osmc:symbol": "blue::blue_stripe",
        "route": "hiking",
        "type": "route",
        "@geometry": "center"
      },
      "geometry": {
        "type": "Point",
        "coordinates": [
          -78.3786378,
          38.5776166
        ]
      },
      "id": "relation/11521173"
    },
    {
      "type": "Feature",
      "properties": {
        "@id": "relation/11521174",
        "colour": "yellow",
        "name": "Skyland Stables Trail",
        "network": "lwn",
        "operator": "United States National Park Service",
        "osmc:symbol": "yellow::yellow_stripe",
        "route": "hiking",
        "type": "route",
        "@geometry": "center"
      },
      "geometry": {
        "type": "Point",
        "coordinates": [
          -78.3826823,
          38.5836644
        ]
      },
      "id": "relation/11521174"
    },
    {
      "type": "Feature",
      "properties": {
        "@id": "relation/11521175",
        "name": "Crusher Ridge Trail",
        "network": "lwn",
        "operator": "United States National Park Service",
        "osmc:symbol": "blue::blue_stripe",
        "route": "hiking",
        "type": "route",
        "@geometry": "center"
      },
      "geometry": {
        "type": "Point",
        "coordinates": [
          -78.3623379,
          38.6232768
        ]
      },
      "id": "relation/11521175"
    },
    {
      "type": "Feature",
      "properties": {
        "@id": "relation/11521176",
        "name": "Lower Hawksbill Trail",
        "network": "lwn",
        "operator": "United States National Park Service",
        "osmc:symbol": "blue::blue_stripe",
        "route": "hiking",
        "type": "route",
        "@geometry": "center"
      },
      "geometry": {
        "type": "Point",
        "coordinates": [
          -78.3914079,
          38.5548232
        ]
      },
      "id": "relation/11521176"
    },
    {
      "type": "Feature",
      "properties": {
        "@id": "relation/11521177",
        "name": "Salamander Trail",
        "network": "lwn",
        "operator": "United States National Park Service",
        "osmc:symbol": "blue::blue_stripe",
        "route": "hiking",
        "type": "route",
        "@geometry": "center"
      },
      "geometry": {
        "type": "Point",
        "coordinates": [
          -78.4008081,
          38.5532591
        ]
      },
      "id": "relation/11521177"
    },
    {
      "type": "Feature",
      "properties": {
        "@id": "relation/11521178",
        "name": "Upper Hawksbill Trail",
        "network": "lwn",
        "operator": "United States National Park Service",
        "osmc:symbol": "blue::blue_stripe",
        "route": "hiking",
        "type": "route",
        "@geometry": "center"
      },
      "geometry": {
        "type": "Point",
        "coordinates": [
          -78.3957437,
          38.5493667
        ]
      },
      "id": "relation/11521178"
    },
    {
      "type": "Feature",
      "properties": {
        "@id": "relation/11521179",
        "name": "Hawksbill Fire Road",
        "network": "lwn",
        "operator": "United States National Park Service",
        "osmc:symbol": "yellow::yellow_stripe",
        "route": "hiking",
        "type": "route",
        "@geometry": "center"
      },
      "geometry": {
        "type": "Point",
        "coordinates": [
          -78.3954576,
          38.5552156
        ]
      },
      "id": "relation/11521179"
    },
    {
      "type": "Feature",
      "properties": {
        "@id": "relation/11522611",
        "name": "Marys Rock Spur",
        "network": "lwn",
        "operator": "United States National Park Service",
        "osmc:symbol": "blue::blue_stripe",
        "route": "hiking",
        "type": "route",
        "@geometry": "center"
      },
      "geometry": {
        "type": "Point",
        "coordinates": [
          -78.3172739,
          38.6498943
        ]
      },
      "id": "relation/11522611"
    },
    {
      "type": "Feature",
      "properties": {
        "@id": "relation/11522612",
        "colour": "blue",
        "name": "Leading Ridge Trail",
        "network": "lwn",
        "operator": "United States National Park Service",
        "osmc:symbol": "blue::blue_stripe",
        "route": "hiking",
        "type": "route",
        "@geometry": "center"
      },
      "geometry": {
        "type": "Point",
        "coordinates": [
          -78.3382514,
          38.63466
        ]
      },
      "id": "relation/11522612"
    },
    {
      "type": "Feature",
      "properties": {
        "@id": "relation/11522613",
        "colour": "yellow",
        "name": "White Oak Canyon Fire Road",
        "network": "lwn",
        "operator": "United States National Park Service",
        "osmc:symbol": "yellow::yellow_stripe",
        "route": "hiking",
        "type": "route",
        "@geometry": "center"
      },
      "geometry": {
        "type": "Point",
        "coordinates": [
          -78.3715124,
          38.5587946
        ]
      },
      "id": "relation/11522613"
    },
    {
      "type": "Feature",
      "properties": {
        "@id": "relation/11535842",
        "name": "Pipeline Crossing",
        "network": "lwn",
        "route": "hiking",
        "type": "route",
        "@geometry": "center"
      },
      "geometry": {
        "type": "Point",
        "coordinates": [
          -82.2954495,
          38.3948329
        ]
      },
      "id": "relation/11535842"
    },
    {
      "type": "Feature",
      "properties": {
        "@id": "relation/11569406",
        "name": "Rose River Loop Trail",
        "network": "lwn",
        "operator": "United States National Park Service",
        "osmc:symbol": "blue:white:blue_stripe",
        "route": "hiking",
        "type": "route",
        "@geometry": "center"
      },
      "geometry": {
        "type": "Point",
        "coordinates": [
          -78.4151776,
          38.527496
        ]
      },
      "id": "relation/11569406"
    },
    {
      "type": "Feature",
      "properties": {
        "@id": "relation/11569407",
        "name": "Dark Holllow Falls Trail",
        "network": "lwn",
        "operator": "United States National Park Service",
        "osmc:symbol": "blue:white:blue_stripe",
        "route": "hiking",
        "type": "route",
        "@geometry": "center"
      },
      "geometry": {
        "type": "Point",
        "coordinates": [
          -78.4268198,
          38.5192363
        ]
      },
      "id": "relation/11569407"
    },
    {
      "type": "Feature",
      "properties": {
        "@id": "relation/11569408",
        "name": "Rose River Fire Road",
        "network": "lwn",
        "operator": "United States National Park Service",
        "osmc:symbol": "yellow:white:yellow_stripe",
        "route": "hiking",
        "type": "route",
        "@geometry": "center"
      },
      "geometry": {
        "type": "Point",
        "coordinates": [
          -78.3945956,
          38.5216675
        ]
      },
      "id": "relation/11569408"
    },
    {
      "type": "Feature",
      "properties": {
        "@id": "relation/11569409",
        "name": "Story of the Forest Trail",
        "network": "lwn",
        "operator": "United States National Park Service",
        "osmc:symbol": "blue:white:blue_stripe",
        "route": "hiking",
        "type": "route",
        "@geometry": "center"
      },
      "geometry": {
        "type": "Point",
        "coordinates": [
          -78.4348263,
          38.5226962
        ]
      },
      "id": "relation/11569409"
    },
    {
      "type": "Feature",
      "properties": {
        "@id": "relation/11569410",
        "name": "Red Gate Fire Road",
        "network": "lwn",
        "operator": "United States National Park Service",
        "osmc:symbol": "yellow:white:yellow_stripe",
        "route": "hiking",
        "type": "route",
        "@geometry": "center"
      },
      "geometry": {
        "type": "Point",
        "coordinates": [
          -78.4277295,
          38.5434834
        ]
      },
      "id": "relation/11569410"
    },
    {
      "type": "Feature",
      "properties": {
        "@id": "relation/11569411",
        "name": "Berry Hollow Fire Road",
        "network": "lwn",
        "operator": "United States National Park Service",
        "osmc:symbol": "yellow:white:yellow_stripe",
        "route": "hiking",
        "type": "route",
        "@geometry": "center"
      },
      "geometry": {
        "type": "Point",
        "coordinates": [
          -78.3355669,
          38.5528192
        ]
      },
      "id": "relation/11569411"
    },
    {
      "type": "Feature",
      "properties": {
        "@id": "relation/11572401",
        "name": "Broad Hollow Trail",
        "network": "lwn",
        "operator": "United States National Park Service",
        "osmc:symbol": "blue:white:blue_stripe",
        "route": "hiking",
        "type": "route",
        "@geometry": "center"
      },
      "geometry": {
        "type": "Point",
        "coordinates": [
          -78.2807476,
          38.6045744
        ]
      },
      "id": "relation/11572401"
    },
    {
      "type": "Feature",
      "properties": {
        "@id": "relation/11572402",
        "name": "South River Fire Road",
        "network": "lwn",
        "operator": "United States National Park Service",
        "osmc:symbol": "yellow:white:yellow_stripe",
        "route": "hiking",
        "type": "route",
        "@geometry": "center"
      },
      "geometry": {
        "type": "Point",
        "coordinates": [
          -78.5004655,
          38.3840146
        ]
      },
      "id": "relation/11572402"
    },
    {
      "type": "Feature",
      "properties": {
        "@id": "relation/11572857",
        "name": "Pocosin Fire Road",
        "network": "lwn",
        "operator": "United States National Park Service",
        "osmc:symbol": "yellow:white:yellow_stripe",
        "route": "hiking",
        "type": "route",
        "@geometry": "center"
      },
      "geometry": {
        "type": "Point",
        "coordinates": [
          -78.4713598,
          38.4042898
        ]
      },
      "id": "relation/11572857"
    },
    {
      "type": "Feature",
      "properties": {
        "@id": "relation/11572858",
        "name": "Bearfence Mountain Trail",
        "network": "lwn",
        "operator": "United States National Park Service",
        "osmc:symbol": "blue:white:blue_stripe",
        "route": "hiking",
        "type": "route",
        "@geometry": "center"
      },
      "geometry": {
        "type": "Point",
        "coordinates": [
          -78.4658634,
          38.4495547
        ]
      },
      "id": "relation/11572858"
    },
    {
      "type": "Feature",
      "properties": {
        "@id": "relation/11572859",
        "name": "Lewis Spring Falls Trail",
        "network": "lwn",
        "operator": "United States National Park Service",
        "osmc:symbol": "blue:white:blue_stripe",
        "route": "hiking",
        "type": "route",
        "@geometry": "center"
      },
      "geometry": {
        "type": "Point",
        "coordinates": [
          -78.445421,
          38.5253655
        ]
      },
      "id": "relation/11572859"
    },
    {
      "type": "Feature",
      "properties": {
        "@id": "relation/11572860",
        "name": "Stony Mountain Trail",
        "network": "lwn",
        "operator": "United States National Park Service",
        "osmc:symbol": "yellow:white:yellow_bar",
        "route": "hiking",
        "type": "route",
        "@geometry": "center"
      },
      "geometry": {
        "type": "Point",
        "coordinates": [
          -78.4082673,
          38.5166936
        ]
      },
      "id": "relation/11572860"
    },
    {
      "type": "Feature",
      "properties": {
        "@id": "relation/11572861",
        "name": "Rapidan Fire Road",
        "network": "lwn",
        "operator": "United States National Park Service",
        "osmc:symbol": "yellow:white:yellow_stripe",
        "route": "hiking",
        "type": "route",
        "@geometry": "center"
      },
      "geometry": {
        "type": "Point",
        "coordinates": [
          -78.400471,
          38.486049
        ]
      },
      "id": "relation/11572861"
    },
    {
      "type": "Feature",
      "properties": {
        "@id": "relation/11573098",
        "colour": "orange",
        "distance": "0.4",
        "name": "The Sunrise Trail",
        "network": "lwn",
        "osmc:symbol": "orange::orange_stripe",
        "route": "hiking",
        "type": "route",
        "@geometry": "center"
      },
      "geometry": {
        "type": "Point",
        "coordinates": [
          -77.3912748,
          39.2617722
        ]
      },
      "id": "relation/11573098"
    },
    {
      "type": "Feature",
      "properties": {
        "@id": "relation/11573099",
        "distance": "0.4",
        "name": "The Monadnock Trail",
        "network": "lwn",
        "osmc:symbol": "red::red_stripe",
        "route": "hiking",
        "type": "route",
        "@geometry": "center"
      },
      "geometry": {
        "type": "Point",
        "coordinates": [
          -77.392837,
          39.2639908
        ]
      },
      "id": "relation/11573099"
    },
    {
      "type": "Feature",
      "properties": {
        "@id": "relation/11573100",
        "distance": "0.4",
        "name": "A.M. Thomas Trail",
        "network": "lwn",
        "osmc:symbol": "green::green_stripe",
        "route": "hiking",
        "type": "route",
        "@geometry": "center"
      },
      "geometry": {
        "type": "Point",
        "coordinates": [
          -77.3948969,
          39.2617127
        ]
      },
      "id": "relation/11573100"
    },
    {
      "type": "Feature",
      "properties": {
        "@id": "relation/11573101",
        "colour": "white",
        "distance": "4",
        "name": "Mountain Loop Trail",
        "network": "lwn",
        "osmc:symbol": "white::white_stripe",
        "route": "hiking",
        "type": "route",
        "@geometry": "center"
      },
      "geometry": {
        "type": "Point",
        "coordinates": [
          -77.3934701,
          39.2603362
        ]
      },
      "id": "relation/11573101"
    },
    {
      "type": "Feature",
      "properties": {
        "@id": "relation/11573102",
        "colour": "purple",
        "distance": "2.4",
        "network": "lwn",
        "osmc:symbol": "purple::purple_stripe",
        "route": "hiking",
        "type": "route",
        "@geometry": "center"
      },
      "geometry": {
        "type": "Point",
        "coordinates": [
          -77.3890179,
          39.2855865
        ]
      },
      "id": "relation/11573102"
    },
    {
      "type": "Feature",
      "properties": {
        "@id": "relation/11573103",
        "colour": "blue",
        "distance": "8",
        "name": "Northern Peaks Trail",
        "network": "lwn",
        "osmc:symbol": "blue::blue_stripe",
        "route": "hiking",
        "type": "route",
        "@geometry": "center"
      },
      "geometry": {
        "type": "Point",
        "coordinates": [
          -77.3898813,
          39.2729896
        ]
      },
      "id": "relation/11573103"
    },
    {
      "type": "Feature",
      "properties": {
        "@id": "relation/11573104",
        "colour": "yellow",
        "distance": "11.2",
        "name": "Saddleback Horse Trail",
        "network": "lwn",
        "osmc:symbol": "yellow::yellow_stripe",
        "route": "hiking",
        "type": "route",
        "@geometry": "center"
      },
      "geometry": {
        "type": "Point",
        "coordinates": [
          -77.3897316,
          39.2668746
        ]
      },
      "id": "relation/11573104"
    },
    {
      "type": "Feature",
      "properties": {
        "@id": "relation/11578648",
        "name": "Battlefield Interpretive Trail",
        "network": "lwn",
        "osmc:symbol": "white::white_stripe",
        "route": "hiking",
        "type": "route",
        "@geometry": "center"
      },
      "geometry": {
        "type": "Point",
        "coordinates": [
          -77.5286459,
          39.1320121
        ]
      },
      "id": "relation/11578648"
    },
    {
      "type": "Feature",
      "properties": {
        "@id": "relation/11578649",
        "name": "Orange Trail",
        "network": "lwn",
        "osmc:symbol": "orange::orange_stripe",
        "route": "hiking",
        "type": "route",
        "@geometry": "center"
      },
      "geometry": {
        "type": "Point",
        "coordinates": [
          -77.5301606,
          39.1327909
        ]
      },
      "id": "relation/11578649"
    },
    {
      "type": "Feature",
      "properties": {
        "@id": "relation/11578650",
        "name": "Red Trail",
        "network": "lwn",
        "osmc:symbol": "red::red_stripe",
        "route": "hiking",
        "type": "route",
        "@geometry": "center"
      },
      "geometry": {
        "type": "Point",
        "coordinates": [
          -77.5286247,
          39.1293485
        ]
      },
      "id": "relation/11578650"
    },
    {
      "type": "Feature",
      "properties": {
        "@id": "relation/11578651",
        "name": "Green Trail",
        "network": "lwn",
        "osmc:symbol": "green::green_stripe",
        "route": "hiking",
        "type": "route",
        "@geometry": "center"
      },
      "geometry": {
        "type": "Point",
        "coordinates": [
          -77.531054,
          39.1285355
        ]
      },
      "id": "relation/11578651"
    },
    {
      "type": "Feature",
      "properties": {
        "@id": "relation/11578652",
        "name": "Yellow Trail",
        "network": "lwn",
        "osmc:symbol": "yellow::yellow_stripe",
        "route": "hiking",
        "type": "route",
        "@geometry": "center"
      },
      "geometry": {
        "type": "Point",
        "coordinates": [
          -77.5270613,
          39.1272443
        ]
      },
      "id": "relation/11578652"
    },
    {
      "type": "Feature",
      "properties": {
        "@id": "relation/11578653",
        "name": "Blue Trail",
        "network": "lwn",
        "osmc:symbol": "blue::blue_stripe",
        "route": "hiking",
        "type": "route",
        "@geometry": "center"
      },
      "geometry": {
        "type": "Point",
        "coordinates": [
          -77.5268161,
          39.1265679
        ]
      },
      "id": "relation/11578653"
    },
    {
      "type": "Feature",
      "properties": {
        "@id": "relation/11593732",
        "distance": "0.52 mi",
        "name": "Frog Pond Trail",
        "network": "lwn",
        "osmc:symbol": "yellow::yellow_stripe",
        "roundtrip": "no",
        "route": "hiking",
        "symbol": "yellow stripe",
        "type": "route",
        "@geometry": "center"
      },
      "geometry": {
        "type": "Point",
        "coordinates": [
          -76.5184886,
          38.5140455
        ]
      },
      "id": "relation/11593732"
    },
    {
      "type": "Feature",
      "properties": {
        "@id": "relation/11593735",
        "name": "Griffin Meadow Trail",
        "network": "lwn",
        "osmc:symbol": "yellow::yellow_stripe",
        "roundtrip": "yes",
        "route": "hiking",
        "symbol": "yellow stripe",
        "type": "route",
        "@geometry": "center"
      },
      "geometry": {
        "type": "Point",
        "coordinates": [
          -76.5312144,
          38.547992
        ]
      },
      "id": "relation/11593735"
    },
    {
      "type": "Feature",
      "properties": {
        "@id": "relation/11599739",
        "name": "Mill Prong Trail",
        "network": "lwn",
        "operator": "United States National Park Service",
        "osmc:symbol": "blue:white:blue_stripe",
        "route": "hiking",
        "type": "route",
        "@geometry": "center"
      },
      "geometry": {
        "type": "Point",
        "coordinates": [
          -78.4377245,
          38.4994752
        ]
      },
      "id": "relation/11599739"
    },
    {
      "type": "Feature",
      "properties": {
        "@id": "relation/11599740",
        "name": "Mill Prong Horse Trail",
        "network": "lwn",
        "operator": "United States National Park Service",
        "osmc:symbol": "yellow:white:yellow_stripe",
        "route": "hiking",
        "type": "route",
        "@geometry": "center"
      },
      "geometry": {
        "type": "Point",
        "coordinates": [
          -78.424825,
          38.4991647
        ]
      },
      "id": "relation/11599740"
    },
    {
      "type": "Feature",
      "properties": {
        "@id": "relation/11599741",
        "name": "Camp Hoover Road",
        "network": "lwn",
        "operator": "United States National Park Service",
        "osmc:symbol": "yellow:white:yellow_stripe",
        "route": "hiking",
        "type": "route",
        "@geometry": "center"
      },
      "geometry": {
        "type": "Point",
        "coordinates": [
          -78.4156225,
          38.4914914
        ]
      },
      "id": "relation/11599741"
    },
    {
      "type": "Feature",
      "properties": {
        "@id": "relation/11599742",
        "name": "Laurel Prong Horse Trail",
        "network": "lwn",
        "operator": "United States National Park Service",
        "osmc:symbol": "yellow:white:yellow_stripe",
        "route": "hiking",
        "type": "route",
        "@geometry": "center"
      },
      "geometry": {
        "type": "Point",
        "coordinates": [
          -78.4248784,
          38.4888574
        ]
      },
      "id": "relation/11599742"
    },
    {
      "type": "Feature",
      "properties": {
        "@id": "relation/11599743",
        "name": "Laurel Prong Trail",
        "network": "lwn",
        "operator": "United States National Park Service",
        "osmc:symbol": "blue:white:blue_stripe",
        "route": "hiking",
        "type": "route",
        "@geometry": "center"
      },
      "geometry": {
        "type": "Point",
        "coordinates": [
          -78.4418221,
          38.4795393
        ]
      },
      "id": "relation/11599743"
    },
    {
      "type": "Feature",
      "properties": {
        "@id": "relation/11600056",
        "name": "Upper Dark Hollow Trail",
        "network": "lwn",
        "operator": "United States National Park Service",
        "osmc:symbol": "yellow:white:yellow_stripe",
        "route": "hiking",
        "type": "route",
        "@geometry": "center"
      },
      "geometry": {
        "type": "Point",
        "coordinates": [
          -78.3941588,
          38.5017826
        ]
      },
      "id": "relation/11600056"
    },
    {
      "type": "Feature",
      "properties": {
        "@id": "relation/11600057",
        "name": "Dark Hollow Trail",
        "network": "lwn",
        "operator": "United States National Park Service",
        "osmc:symbol": "blue:white:blue_stripe",
        "route": "hiking",
        "type": "route",
        "@geometry": "center"
      },
      "geometry": {
        "type": "Point",
        "coordinates": [
          -78.387824,
          38.5074715
        ]
      },
      "id": "relation/11600057"
    },
    {
      "type": "Feature",
      "properties": {
        "@id": "relation/11605122",
        "name": "Lewis Mountain Trail",
        "network": "lwn",
        "operator": "United States National Park Service",
        "osmc:symbol": "blue:white:blue_stripe",
        "route": "hiking",
        "type": "route",
        "@geometry": "center"
      },
      "geometry": {
        "type": "Point",
        "coordinates": [
          -78.4751886,
          38.4327545
        ]
      },
      "id": "relation/11605122"
    },
    {
      "type": "Feature",
      "properties": {
        "@id": "relation/11609304",
        "name": "Tanners Ridge Road",
        "network": "lwn",
        "operator": "United States National Park Service",
        "osmc:symbol": "yellow:white:yellow_stripe",
        "route": "hiking",
        "type": "route",
        "@geometry": "center"
      },
      "geometry": {
        "type": "Point",
        "coordinates": [
          -78.4522803,
          38.510868
        ]
      },
      "id": "relation/11609304"
    },
    {
      "type": "Feature",
      "properties": {
        "@id": "relation/11609305",
        "name": "Powell Mountain Trail",
        "operator": "United States National Park Service",
        "osmc:symbol": "blue:white:blue_stripe",
        "route": "hiking",
        "type": "route",
        "@geometry": "center"
      },
      "geometry": {
        "type": "Point",
        "coordinates": [
          -78.4784158,
          38.4711898
        ]
      },
      "id": "relation/11609305"
    },
    {
      "type": "Feature",
      "properties": {
        "@id": "relation/11609306",
        "name": "Conway River Fire Road",
        "network": "lwn",
        "operator": "United States National Park Service",
        "osmc:symbol": "yellow:white:yellow_stripe",
        "route": "hiking",
        "type": "route",
        "@geometry": "center"
      },
      "geometry": {
        "type": "Point",
        "coordinates": [
          -78.4503727,
          38.4680889
        ]
      },
      "id": "relation/11609306"
    },
    {
      "type": "Feature",
      "properties": {
        "@id": "relation/11609307",
        "name": "Slaughter Trail",
        "network": "lwn",
        "operator": "United States National Park Service",
        "osmc:symbol": "yellow:white:yellow_stripe",
        "route": "hiking",
        "type": "route",
        "@geometry": "center"
      },
      "geometry": {
        "type": "Point",
        "coordinates": [
          -78.4520711,
          38.4336036
        ]
      },
      "id": "relation/11609307"
    },
    {
      "type": "Feature",
      "properties": {
        "@id": "relation/11609308",
        "name": "Conway River Trail",
        "network": "lwn",
        "operator": "United States National Park Service",
        "osmc:symbol": "yellow:white:yellow_stripe",
        "route": "hiking",
        "type": "route",
        "@geometry": "center"
      },
      "geometry": {
        "type": "Point",
        "coordinates": [
          -78.4362414,
          38.4283566
        ]
      },
      "id": "relation/11609308"
    },
    {
      "type": "Feature",
      "properties": {
        "@id": "relation/11609309",
        "name": "Saddleback Mountain Trail",
        "network": "lwn",
        "operator": "United States National Park Service",
        "osmc:symbol": "blue:white:blue_stripe",
        "route": "hiking",
        "type": "route",
        "@geometry": "center"
      },
      "geometry": {
        "type": "Point",
        "coordinates": [
          -78.5220269,
          38.3714373
        ]
      },
      "id": "relation/11609309"
    },
    {
      "type": "Feature",
      "properties": {
        "@id": "relation/11623267",
        "colour": "orange",
        "name": "Glendening - Orange Loop",
        "network": "lwn",
        "osmc:symbol": "orange_stripe",
        "route": "hiking",
        "symbol": "orange stripe",
        "type": "route",
        "@geometry": "center"
      },
      "geometry": {
        "type": "Point",
        "coordinates": [
          -76.6998348,
          38.7982963
        ]
      },
      "id": "relation/11623267"
    },
    {
      "type": "Feature",
      "properties": {
        "@id": "relation/11629359",
        "name": "Graves Mill Trail",
        "network": "lwn",
        "operator": "United States National Park Service",
        "osmc:symbol": "yellow:white:yellow_stripe",
        "route": "hiking",
        "type": "route",
        "@geometry": "center"
      },
      "geometry": {
        "type": "Point",
        "coordinates": [
          -78.3674377,
          38.449956
        ]
      },
      "id": "relation/11629359"
    },
    {
      "type": "Feature",
      "properties": {
        "@id": "relation/11629360",
        "name": "Staunton River Trail",
        "network": "lwn",
        "operator": "United States National Park Service",
        "osmc:symbol": "blue:white:blue_stripe",
        "route": "hiking",
        "type": "route",
        "@geometry": "center"
      },
      "geometry": {
        "type": "Point",
        "coordinates": [
          -78.3942644,
          38.4553001
        ]
      },
      "id": "relation/11629360"
    },
    {
      "type": "Feature",
      "properties": {
        "@id": "relation/11629361",
        "name": "Fork Mountain Horse Trail",
        "network": "lwn",
        "operator": "United States National Park Service",
        "osmc:symbol": "yellow:white:yellow_stripe",
        "route": "hiking",
        "type": "route",
        "@geometry": "center"
      },
      "geometry": {
        "type": "Point",
        "coordinates": [
          -78.4256204,
          38.4814955
        ]
      },
      "id": "relation/11629361"
    },
    {
      "type": "Feature",
      "properties": {
        "@id": "relation/11629362",
        "name": "Fork Mountain Fire Road",
        "network": "lwn",
        "operator": "United States National Park Service",
        "osmc:symbol": "yellow:white:yellow_stripe",
        "route": "hiking",
        "type": "route",
        "@geometry": "center"
      },
      "geometry": {
        "type": "Point",
        "coordinates": [
          -78.4027583,
          38.4703693
        ]
      },
      "id": "relation/11629362"
    },
    {
      "type": "Feature",
      "properties": {
        "@id": "relation/11629363",
        "name": "Jones Mountain Trail",
        "network": "lwn",
        "operator": "United States National Park Service",
        "osmc:symbol": "blue:white:blue_stripe",
        "route": "hiking",
        "type": "route",
        "@geometry": "center"
      },
      "geometry": {
        "type": "Point",
        "coordinates": [
          -78.4116158,
          38.4621239
        ]
      },
      "id": "relation/11629363"
    },
    {
      "type": "Feature",
      "properties": {
        "@id": "relation/11629364",
        "name": "Cat Knob Trail",
        "network": "lwn",
        "operator": "United States National Park Service",
        "osmc:symbol": "blue:blue_stripe",
        "route": "hiking",
        "type": "route",
        "@geometry": "center"
      },
      "geometry": {
        "type": "Point",
        "coordinates": [
          -78.4353491,
          38.4711364
        ]
      },
      "id": "relation/11629364"
    },
    {
      "type": "Feature",
      "properties": {
        "@id": "relation/11631610",
        "name": "Entry Run Trail",
        "network": "lwn",
        "operator": "Potomac Appalachian Trail Club",
        "osmc:symbol": "blue:white:blue_stripe",
        "route": "hiking",
        "type": "route",
        "@geometry": "center"
      },
      "geometry": {
        "type": "Point",
        "coordinates": [
          -78.4675416,
          38.3912071
        ]
      },
      "id": "relation/11631610"
    },
    {
      "type": "Feature",
      "properties": {
        "@id": "relation/11631611",
        "name": "Rosser Lamb Trail",
        "network": "lwn",
        "operator": "Potomac Appalachian Trail Club",
        "osmc:symbol": "blue:white:blue_stripe",
        "route": "hiking",
        "type": "route",
        "@geometry": "center"
      },
      "geometry": {
        "type": "Point",
        "coordinates": [
          -78.4655307,
          38.3859753
        ]
      },
      "id": "relation/11631611"
    },
    {
      "type": "Feature",
      "properties": {
        "@id": "relation/11632718",
        "name": "Pocosin Trail",
        "operator": "United States National Park Service",
        "osmc:symbol": "yellow:white:yellow_stripe",
        "route": "hiking",
        "type": "route",
        "@geometry": "center"
      },
      "geometry": {
        "type": "Point",
        "coordinates": [
          -78.4857109,
          38.3940482
        ]
      },
      "id": "relation/11632718"
    },
    {
      "type": "Feature",
      "properties": {
        "@id": "relation/11632719",
        "name": "McDaniel Hollow Trail",
        "network": "lwn",
        "operator": "United States National Park Service",
        "osmc:symbol": "blue:white:blue_stripe",
        "route": "hiking",
        "type": "route",
        "@geometry": "center"
      },
      "geometry": {
        "type": "Point",
        "coordinates": [
          -78.398287,
          38.4560042
        ]
      },
      "id": "relation/11632719"
    },
    {
      "type": "Feature",
      "properties": {
        "@id": "relation/11632720",
        "name": "Meadows School Trail",
        "network": "lwn",
        "operator": "United States National Park Service",
        "osmc:symbol": "blue:white:blue_stripe",
        "route": "hiking",
        "type": "route",
        "@geometry": "center"
      },
      "geometry": {
        "type": "Point",
        "coordinates": [
          -78.4765437,
          38.4505471
        ]
      },
      "id": "relation/11632720"
    },
    {
      "type": "Feature",
      "properties": {
        "@id": "relation/11632721",
        "name": "Dry Run Fire Road",
        "network": "lwn",
        "operator": "United States National Park Service",
        "osmc:symbol": "yellow:white:yellow_stripe",
        "route": "hiking",
        "type": "route",
        "@geometry": "center"
      },
      "geometry": {
        "type": "Point",
        "coordinates": [
          -78.5225995,
          38.39904
        ]
      },
      "id": "relation/11632721"
    },
    {
      "type": "Feature",
      "properties": {
        "@id": "relation/11632722",
        "name": "Smith Roach Gap Fire Road",
        "network": "lwn",
        "operator": "United States National Park Service",
        "osmc:symbol": "yellow:white:yellow_stripe",
        "route": "hiking",
        "type": "route",
        "@geometry": "center"
      },
      "geometry": {
        "type": "Point",
        "coordinates": [
          -78.568496,
          38.3257015
        ]
      },
      "id": "relation/11632722"
    },
    {
      "type": "Feature",
      "properties": {
        "@id": "relation/11632723",
        "name": "Hightop Hut Road",
        "network": "lwn",
        "operator": "United States National Park Service",
        "osmc:symbol": "yellow:white:yellow_stripe",
        "route": "hiking",
        "type": "route",
        "@geometry": "center"
      },
      "geometry": {
        "type": "Point",
        "coordinates": [
          -78.560834,
          38.3292699
        ]
      },
      "id": "relation/11632723"
    },
    {
      "type": "Feature",
      "properties": {
        "@id": "relation/11642065",
        "name": "Beldor Fire Road",
        "network": "lwn",
        "operator": "United States National Park Service",
        "osmc:symbol": "yellow:white:yellow_stripe",
        "route": "hiking",
        "type": "route",
        "@geometry": "center"
      },
      "geometry": {
        "type": "Point",
        "coordinates": [
          -78.6242909,
          38.3091785
        ]
      },
      "id": "relation/11642065"
    },
    {
      "type": "Feature",
      "properties": {
        "@id": "relation/11642066",
        "name": "Simmons Gap Fire Road",
        "network": "lwn",
        "operator": "United States National Park Service",
        "osmc:symbol": "yellow:white:yellow_stripe",
        "route": "hiking",
        "type": "route",
        "@geometry": "center"
      },
      "geometry": {
        "type": "Point",
        "coordinates": [
          -78.6210185,
          38.2962069
        ]
      },
      "id": "relation/11642066"
    },
    {
      "type": "Feature",
      "properties": {
        "@id": "relation/11642067",
        "name": "Beldor Ridge Trail",
        "network": "lwn",
        "operator": "United States National Park Service",
        "osmc:symbol": "blue:white:blue_stripe",
        "route": "hiking",
        "type": "route",
        "@geometry": "center"
      },
      "geometry": {
        "type": "Point",
        "coordinates": [
          -78.6133535,
          38.3603902
        ]
      },
      "id": "relation/11642067"
    },
    {
      "type": "Feature",
      "properties": {
        "@id": "relation/11710374",
        "colour": "green",
        "description": "Visitors seeking an adventure love this trail. There are several steep slopes and very little level ground, making this trail a challenge.",
        "distance": "3.2",
        "name": "Green Ash Trail",
        "network": "lwn",
        "operator": "Maryland Department of Natural Resources",
        "osmc:symbol": "green::green_stripe",
        "roundtrip": "yes",
        "route": "hiking",
        "symbol": "Green Hash",
        "trail_marking": "green",
        "type": "route",
        "@geometry": "center"
      },
      "geometry": {
        "type": "Point",
        "coordinates": [
          -77.4923898,
          39.467092
        ]
      },
      "id": "relation/11710374"
    },
    {
      "type": "Feature",
      "properties": {
        "@id": "relation/11711395",
        "colour": "yellow",
        "description": "The longest of the Gambrill trails, this trail is only moderately difficult. Enjoy the view from North Frederick Overlook as you continue north along a moderately sloped ridgeline walk.",
        "distance": "11.4",
        "name": "Yellow Poplar Trail",
        "network": "lwn",
        "operator": "Maryland Department of Natural Resources",
        "osmc:symbol": "yellow::yellow_stripe",
        "roundtrip": "yes",
        "route": "hiking",
        "symbol": "Yellow Hash",
        "trail_marking": "yellow",
        "type": "route",
        "@geometry": "center"
      },
      "geometry": {
        "type": "Point",
        "coordinates": [
          -77.4950646,
          39.4765838
        ]
      },
      "id": "relation/11711395"
    },
    {
      "type": "Feature",
      "properties": {
        "@id": "relation/11779970",
        "name": "Brown Mountain Trail",
        "network": "lwn",
        "operator": "United States National Park Service",
        "osmc:symbol": "blue:white:blue_stripe",
        "route": "hiking",
        "type": "route",
        "@geometry": "center"
      },
      "geometry": {
        "type": "Point",
        "coordinates": [
          -78.6807099,
          38.3005803
        ]
      },
      "id": "relation/11779970"
    },
    {
      "type": "Feature",
      "properties": {
        "@id": "relation/11779971",
        "name": "Rocky Mountain Trail",
        "network": "lwn",
        "operator": "United States National Park Service",
        "osmc:symbol": "blue:white:blue_stripe",
        "route": "hiking",
        "type": "route",
        "@geometry": "center"
      },
      "geometry": {
        "type": "Point",
        "coordinates": [
          -78.6793543,
          38.2916672
        ]
      },
      "id": "relation/11779971"
    },
    {
      "type": "Feature",
      "properties": {
        "@id": "relation/11779972",
        "name": "Big Run Portal Trail",
        "network": "lwn",
        "operator": "United States National Park Service",
        "osmc:symbol": "yellow:white:yellow_stripe",
        "route": "hiking",
        "type": "route",
        "@geometry": "center"
      },
      "geometry": {
        "type": "Point",
        "coordinates": [
          -78.7046357,
          38.2852537
        ]
      },
      "id": "relation/11779972"
    },
    {
      "type": "Feature",
      "properties": {
        "@id": "relation/11779973",
        "name": "Big Run Loop Trail",
        "network": "lwn",
        "operator": "United States National Park Service",
        "osmc:symbol": "yellow:white:yellow_stripe",
        "route": "hiking",
        "type": "route",
        "@geometry": "center"
      },
      "geometry": {
        "type": "Point",
        "coordinates": [
          -78.6993634,
          38.2536926
        ]
      },
      "id": "relation/11779973"
    },
    {
      "type": "Feature",
      "properties": {
        "@id": "relation/11779974",
        "name": "Patterson Ridge Trail",
        "network": "lwn",
        "operator": "Untited States National Park Service",
        "osmc:symbol": "yellow:white:yellow_stripe",
        "route": "hiking",
        "type": "route",
        "@geometry": "center"
      },
      "geometry": {
        "type": "Point",
        "coordinates": [
          -78.6779984,
          38.2747274
        ]
      },
      "id": "relation/11779974"
    },
    {
      "type": "Feature",
      "properties": {
        "@id": "relation/11779975",
        "name": "Rockytop Trail",
        "network": "lwn",
        "operator": "United States National Park Service",
        "osmc:symbol": "blue:white:blue_stripe",
        "route": "hiking",
        "type": "route",
        "@geometry": "center"
      },
      "geometry": {
        "type": "Point",
        "coordinates": [
          -78.7156323,
          38.2808736
        ]
      },
      "id": "relation/11779975"
    },
    {
      "type": "Feature",
      "properties": {
        "@id": "relation/11796789",
        "name": "White Loop Trail",
        "network": "lwn",
        "osmc:symbol": "gray:gray:white_stripe",
        "route": "hiking",
        "type": "route",
        "@geometry": "center"
      },
      "geometry": {
        "type": "Point",
        "coordinates": [
          -77.312177,
          39.1356462
        ]
      },
      "id": "relation/11796789"
    },
    {
      "type": "Feature",
      "properties": {
        "@id": "relation/11796790",
        "name": "Orange Trail",
        "network": "lwn",
        "osmc:symbol": "orange:white:orange_stripe",
        "route": "hiking",
        "type": "route",
        "@geometry": "center"
      },
      "geometry": {
        "type": "Point",
        "coordinates": [
          -77.312177,
          39.1356462
        ]
      },
      "id": "relation/11796790"
    },
    {
      "type": "Feature",
      "properties": {
        "@id": "relation/11796791",
        "name": "Seneca Ridge Trail",
        "network": "lwn",
        "osmc:symbol": "red:white:red_stripe",
        "route": "hiking",
        "type": "route",
        "@geometry": "center"
      },
      "geometry": {
        "type": "Point",
        "coordinates": [
          -77.292008,
          39.1256182
        ]
      },
      "id": "relation/11796791"
    },
    {
      "type": "Feature",
      "properties": {
        "@id": "relation/11796792",
        "name": "Seneca Bluffs Trail",
        "network": "lwn",
        "osmc:symbol": "orange:white:orange_stripe",
        "route": "hiking",
        "type": "route",
        "@geometry": "center"
      },
      "geometry": {
        "type": "Point",
        "coordinates": [
          -77.3389042,
          39.1044107
        ]
      },
      "id": "relation/11796792"
    },
    {
      "type": "Feature",
      "properties": {
        "@id": "relation/11796793",
        "name": "Yellow Trail",
        "network": "lwn",
        "osmc:symbol": "yellow:white:yellow_stripe",
        "route": "hiking",
        "type": "route",
        "@geometry": "center"
      },
      "geometry": {
        "type": "Point",
        "coordinates": [
          -77.3256813,
          39.1369001
        ]
      },
      "id": "relation/11796793"
    },
    {
      "type": "Feature",
      "properties": {
        "@id": "relation/11796794",
        "name": "Blue Trail",
        "network": "lwn",
        "osmc:symbol": "blue:white:blue_stripe",
        "route": "hiking",
        "type": "route",
        "@geometry": "center"
      },
      "geometry": {
        "type": "Point",
        "coordinates": [
          -77.3234934,
          39.13803
        ]
      },
      "id": "relation/11796794"
    },
    {
      "type": "Feature",
      "properties": {
        "@id": "relation/11796795",
        "name": "Green Trail",
        "network": "lwn",
        "osmc:symbol": "green:white:green_stripe",
        "route": "hiking",
        "type": "route",
        "@geometry": "center"
      },
      "geometry": {
        "type": "Point",
        "coordinates": [
          -77.3215281,
          39.1308097
        ]
      },
      "id": "relation/11796795"
    },
    {
      "type": "Feature",
      "properties": {
        "@id": "relation/11796796",
        "name": "Red Trail",
        "network": "lwn",
        "osmc:symbol": "red:white:red_stripe",
        "route": "hiking",
        "type": "route",
        "@geometry": "center"
      },
      "geometry": {
        "type": "Point",
        "coordinates": [
          -77.3339636,
          39.1464267
        ]
      },
      "id": "relation/11796796"
    },
    {
      "type": "Feature",
      "properties": {
        "@id": "relation/11796797",
        "name": "Diabase Connector",
        "network": "lwn",
        "osmc:symbol": "blue:white:red_hiker",
        "route": "hiking",
        "type": "route",
        "@geometry": "center"
      },
      "geometry": {
        "type": "Point",
        "coordinates": [
          -77.3303556,
          39.1513259
        ]
      },
      "id": "relation/11796797"
    },
    {
      "type": "Feature",
      "properties": {
        "@id": "relation/11799537",
        "name": "Hard Rock Trail",
        "network": "lwn",
        "osmc:symbol": "blue:white:red_hiker",
        "route": "hiking",
        "type": "route",
        "@geometry": "center"
      },
      "geometry": {
        "type": "Point",
        "coordinates": [
          -77.2831455,
          39.2043483
        ]
      },
      "id": "relation/11799537"
    },
    {
      "type": "Feature",
      "properties": {
        "@id": "relation/11799538",
        "name": "Field Crest Spur",
        "network": "lwn",
        "osmc:symbol": "blue:white:red_hiker",
        "route": "hiking",
        "type": "route",
        "@geometry": "center"
      },
      "geometry": {
        "type": "Point",
        "coordinates": [
          -77.2808801,
          39.2093717
        ]
      },
      "id": "relation/11799538"
    },
    {
      "type": "Feature",
      "properties": {
        "@id": "relation/11799539",
        "name": "Hamilton Trail",
        "network": "lwn",
        "osmc:symbol": "blue:white:red_hiker",
        "route": "hiking",
        "type": "route",
        "@geometry": "center"
      },
      "geometry": {
        "type": "Point",
        "coordinates": [
          -77.2873106,
          39.2038433
        ]
      },
      "id": "relation/11799539"
    },
    {
      "type": "Feature",
      "properties": {
        "@id": "relation/11799540",
        "name": "Cabin Branch Trail",
        "network": "lwn",
        "osmc:symbol": "blue:white:red_hiker",
        "route": "hiking",
        "type": "route",
        "@geometry": "center"
      },
      "geometry": {
        "type": "Point",
        "coordinates": [
          -77.2901794,
          39.2042565
        ]
      },
      "id": "relation/11799540"
    },
    {
      "type": "Feature",
      "properties": {
        "@id": "relation/11799541",
        "name": "Hoyles Mill Trail",
        "network": "lwn",
        "osmc:symbol": "black:white:black_hiker",
        "route": "hiking",
        "type": "route",
        "@geometry": "center"
      },
      "geometry": {
        "type": "Point",
        "coordinates": [
          -77.3146167,
          39.171431
        ]
      },
      "id": "relation/11799541"
    },
    {
      "type": "Feature",
      "properties": {
        "@id": "relation/11799542",
        "name": "Diabase Trail",
        "network": "lwn",
        "osmc:symbol": "blue:white:red_hiker",
        "route": "hiking",
        "type": "route",
        "@geometry": "center"
      },
      "geometry": {
        "type": "Point",
        "coordinates": [
          -77.3258338,
          39.1523756
        ]
      },
      "id": "relation/11799542"
    },
    {
      "type": "Feature",
      "properties": {
        "@id": "relation/11801147",
        "name": "Loudoun Heights Trail",
        "network": "lwn",
        "operator": "United States National Park Service",
        "osmc:symbol": "blue:white:blue_stripe",
        "route": "hiking",
        "type": "route",
        "@geometry": "center"
      },
      "geometry": {
        "type": "Point",
        "coordinates": [
          -77.7250678,
          39.3181037
        ]
      },
      "id": "relation/11801147"
    },
    {
      "type": "Feature",
      "properties": {
        "@id": "relation/11801148",
        "name": "Orange Trail",
        "network": "lwn",
        "operator": "United States National Park Service",
        "osmc:symbol": "orange:white:orange_stripe",
        "route": "hiking",
        "type": "route",
        "@geometry": "center"
      },
      "geometry": {
        "type": "Point",
        "coordinates": [
          -77.7319681,
          39.3163695
        ]
      },
      "id": "relation/11801148"
    },
    {
      "type": "Feature",
      "properties": {
        "@id": "relation/11801149",
        "name": "Combined Trail",
        "network": "lwn",
        "operator": "United States National Park Service",
        "osmc:symbol": "green:white:green_stripe",
        "route": "hiking",
        "type": "route",
        "@geometry": "center"
      },
      "geometry": {
        "type": "Point",
        "coordinates": [
          -77.7303301,
          39.3311798
        ]
      },
      "id": "relation/11801149"
    },
    {
      "type": "Feature",
      "properties": {
        "@id": "relation/11801150",
        "name": "Overlook Cliff Trail",
        "network": "lwn",
        "operator": "United States National Park Service",
        "osmc:symbol": "red:white:red_stripe",
        "route": "hiking",
        "type": "route",
        "@geometry": "center"
      },
      "geometry": {
        "type": "Point",
        "coordinates": [
          -77.7253761,
          39.3279314
        ]
      },
      "id": "relation/11801150"
    },
    {
      "type": "Feature",
      "properties": {
        "@id": "relation/11801151",
        "name": "Stone Fort Trail",
        "network": "lwn",
        "operator": "United States National Park Service",
        "osmc:symbol": "blue:white:blue_stripe",
        "route": "hiking",
        "type": "route",
        "@geometry": "center"
      },
      "geometry": {
        "type": "Point",
        "coordinates": [
          -77.7217732,
          39.334807
        ]
      },
      "id": "relation/11801151"
    },
    {
      "type": "Feature",
      "properties": {
        "@id": "relation/11802197",
        "name": "Ten Mile Creek Trail",
        "network": "lwn",
        "osmc:symbol": "blue:white:blue_hiker",
        "route": "hiking",
        "type": "route",
        "@geometry": "center"
      },
      "geometry": {
        "type": "Point",
        "coordinates": [
          -77.3186811,
          39.2031193
        ]
      },
      "id": "relation/11802197"
    },
    {
      "type": "Feature",
      "properties": {
        "@id": "relation/11809110",
        "name": "Meadow Loop",
        "network": "lwn",
        "osmc:symbol": "blue:white:black_horse",
        "route": "hiking",
        "type": "route",
        "@geometry": "center"
      },
      "geometry": {
        "type": "Point",
        "coordinates": [
          -77.4204461,
          39.186075
        ]
      },
      "id": "relation/11809110"
    },
    {
      "type": "Feature",
      "properties": {
        "@id": "relation/11809111",
        "name": "Two Bridges Trail",
        "network": "lwn",
        "osmc:symbol": "blue:white:black_horse",
        "route": "hiking",
        "type": "route",
        "@geometry": "center"
      },
      "geometry": {
        "type": "Point",
        "coordinates": [
          -77.4235325,
          39.186032
        ]
      },
      "id": "relation/11809111"
    },
    {
      "type": "Feature",
      "properties": {
        "@id": "relation/11809112",
        "name": "Greenburg Challenge Loop",
        "network": "lwn",
        "osmc:symbol": "blue:white:black_horse",
        "route": "hiking",
        "type": "route",
        "@geometry": "center"
      },
      "geometry": {
        "type": "Point",
        "coordinates": [
          -77.4293599,
          39.1888217
        ]
      },
      "id": "relation/11809112"
    },
    {
      "type": "Feature",
      "properties": {
        "@id": "relation/11809113",
        "name": "Monocacy Loop",
        "network": "lwn",
        "osmc:symbol": "blue:white:black_horse",
        "route": "hiking",
        "type": "route",
        "@geometry": "center"
      },
      "geometry": {
        "type": "Point",
        "coordinates": [
          -77.4207098,
          39.1817451
        ]
      },
      "id": "relation/11809113"
    },
    {
      "type": "Feature",
      "properties": {
        "@id": "relation/11814151",
        "name": "Stone Barn Loop",
        "network": "lwn",
        "osmc:symbol": "blue:white:black_horse",
        "route": "hiking",
        "type": "route",
        "@geometry": "center"
      },
      "geometry": {
        "type": "Point",
        "coordinates": [
          -77.4397172,
          39.1870115
        ]
      },
      "id": "relation/11814151"
    },
    {
      "type": "Feature",
      "properties": {
        "@id": "relation/11841084",
        "distance": "65",
        "name": "Gerry Connolly Cross County Trail",
        "network": "rwn",
        "operator": "Fairfax County Park Authority",
        "ref": "CCT",
        "route": "hiking",
        "short_name": "CCT",
        "type": "route",
        "website": "https://www.fairfaxcounty.gov/parks/trails/cross-county-trail",
        "wikipedia": "en:Gerry Connolly Cross County Trail",
        "@geometry": "center"
      },
      "geometry": {
        "type": "Point",
        "coordinates": [
          -77.2681775,
          38.8388961
        ]
      },
      "id": "relation/11841084"
    },
    {
      "type": "Feature",
      "properties": {
        "@id": "relation/11877136",
        "name": "Pondside Nature Trail",
        "route": "hiking",
        "type": "route",
        "@geometry": "center"
      },
      "geometry": {
        "type": "Point",
        "coordinates": [
          -75.53703,
          38.981553
        ]
      },
      "id": "relation/11877136"
    },
    {
      "type": "Feature",
      "properties": {
        "@id": "relation/11877482",
        "name": "Red Trail",
        "route": "hiking",
        "type": "route",
        "@geometry": "center"
      },
      "geometry": {
        "type": "Point",
        "coordinates": [
          -75.6858058,
          39.3443561
        ]
      },
      "id": "relation/11877482"
    },
    {
      "type": "Feature",
      "properties": {
        "@id": "relation/11877483",
        "name": "Blue Trail",
        "route": "hiking",
        "type": "route",
        "@geometry": "center"
      },
      "geometry": {
        "type": "Point",
        "coordinates": [
          -75.6743215,
          39.3442417
        ]
      },
      "id": "relation/11877483"
    },
    {
      "type": "Feature",
      "properties": {
        "@id": "relation/11878421",
        "name": "Yellow Trail",
        "route": "hiking",
        "type": "route",
        "@geometry": "center"
      },
      "geometry": {
        "type": "Point",
        "coordinates": [
          -75.6750457,
          39.3446439
        ]
      },
      "id": "relation/11878421"
    },
    {
      "type": "Feature",
      "properties": {
        "@id": "relation/11878816",
        "name": "Big Woods Trail",
        "network": "lwn",
        "osmc:symbol": "blue:white:black_arch",
        "route": "hiking",
        "type": "route",
        "@geometry": "center"
      },
      "geometry": {
        "type": "Point",
        "coordinates": [
          -77.4151736,
          39.1936725
        ]
      },
      "id": "relation/11878816"
    },
    {
      "type": "Feature",
      "properties": {
        "@id": "relation/11878817",
        "name": "Fileds Edge Trail",
        "network": "lwn",
        "osmc:symbol": "blue:white:black_arch",
        "route": "hiking",
        "type": "route",
        "@geometry": "center"
      },
      "geometry": {
        "type": "Point",
        "coordinates": [
          -77.4119652,
          39.1915428
        ]
      },
      "id": "relation/11878817"
    },
    {
      "type": "Feature",
      "properties": {
        "@id": "relation/11878818",
        "name": "Potomac Hunt Trail",
        "network": "lwn",
        "osmc:symbol": "blue:white:black_arch",
        "route": "hiking",
        "type": "route",
        "@geometry": "center"
      },
      "geometry": {
        "type": "Point",
        "coordinates": [
          -77.4155483,
          39.1877382
        ]
      },
      "id": "relation/11878818"
    },
    {
      "type": "Feature",
      "properties": {
        "@id": "relation/11878819",
        "name": "Rickman Field Trail",
        "network": "lwn",
        "osmc:symbol": "blue:white:black_arch",
        "route": "hiking",
        "type": "route",
        "@geometry": "center"
      },
      "geometry": {
        "type": "Point",
        "coordinates": [
          -77.4222091,
          39.1921368
        ]
      },
      "id": "relation/11878819"
    },
    {
      "type": "Feature",
      "properties": {
        "@id": "relation/11878820",
        "name": "Straight Shot Trail",
        "network": "lwn",
        "osmc:symbol": "blue:white:black_arch",
        "route": "hiking",
        "type": "route",
        "@geometry": "center"
      },
      "geometry": {
        "type": "Point",
        "coordinates": [
          -77.4133384,
          39.191012
        ]
      },
      "id": "relation/11878820"
    },
    {
      "type": "Feature",
      "properties": {
        "@id": "relation/11878821",
        "name": "High Point Trail",
        "network": "lwn",
        "osmc:symbol": "blue:white:black_arch",
        "route": "hiking",
        "type": "route",
        "@geometry": "center"
      },
      "geometry": {
        "type": "Point",
        "coordinates": [
          -77.4101253,
          39.1925607
        ]
      },
      "id": "relation/11878821"
    },
    {
      "type": "Feature",
      "properties": {
        "@id": "relation/11905818",
        "colour": "orange",
        "name": "Orange Trail",
        "network": "lhn",
        "route": "hiking",
        "type": "route",
        "@geometry": "center"
      },
      "geometry": {
        "type": "Point",
        "coordinates": [
          -76.9132805,
          38.7392623
        ]
      },
      "id": "relation/11905818"
    },
    {
      "type": "Feature",
      "properties": {
        "@id": "relation/11905819",
        "colour": "blue",
        "name": "Blue Trail",
        "network": "lwn",
        "route": "hiking",
        "type": "route",
        "@geometry": "center"
      },
      "geometry": {
        "type": "Point",
        "coordinates": [
          -76.9156395,
          38.7369287
        ]
      },
      "id": "relation/11905819"
    },
    {
      "type": "Feature",
      "properties": {
        "@id": "relation/11916951",
        "description": "The Pink Trail follows the east and north edge of the lake along an old roadbed for part of the way. It is a work in progress",
        "name": "Pink Trail",
        "network": "lwn",
        "operator": "Baltimore County Department of Recreation and Parks",
        "ref": "Pink",
        "route": "hiking",
        "symbol": "Pink hash mark",
        "type": "route",
        "@geometry": "center"
      },
      "geometry": {
        "type": "Point",
        "coordinates": [
          -76.6404796,
          39.3809682
        ]
      },
      "id": "relation/11916951"
    },
    {
      "type": "Feature",
      "properties": {
        "@id": "relation/11916952",
        "description": "The Blue Trail follows the waters edge for a flat, muddy trip between L'Hirondale Club Rd and the Red Trail",
        "name": "Blue Trail",
        "network": "lwn",
        "operator": "Baltimore County Department of Recreation and Parks",
        "ref": "Blue",
        "route": "hiking",
        "symbol": "Blue Hash mark",
        "type": "route",
        "@geometry": "center"
      },
      "geometry": {
        "type": "Point",
        "coordinates": [
          -76.650931,
          39.3919094
        ]
      },
      "id": "relation/11916952"
    },
    {
      "type": "Feature",
      "properties": {
        "@id": "relation/11916953",
        "description": "The Purple Trail is a newer trail that connects the Copper Mill Road highlands with the lower Red Trail",
        "name": "Purple Trail",
        "network": "lwn",
        "operator": "Baltimore County Department of Recreation and Parks",
        "ref": "Purple",
        "route": "hiking",
        "symbol": "Purple hash mark",
        "type": "route",
        "@geometry": "center"
      },
      "geometry": {
        "type": "Point",
        "coordinates": [
          -76.6492037,
          39.3837671
        ]
      },
      "id": "relation/11916953"
    },
    {
      "type": "Feature",
      "properties": {
        "@id": "relation/11916954",
        "description": "The Orange Trail connects Falls Road and the Red Trail, following a ridge that parallels the river",
        "name": "Orange Trail",
        "network": "lwn",
        "operator": "Baltimore County Department of Recreation and Parks",
        "ref": "Orange",
        "route": "hiking",
        "symbol": "Orange hash Mark",
        "type": "route",
        "@geometry": "center"
      },
      "geometry": {
        "type": "Point",
        "coordinates": [
          -76.6553559,
          39.3872871
        ]
      },
      "id": "relation/11916954"
    },
    {
      "type": "Feature",
      "properties": {
        "@id": "relation/11916955",
        "description": "The Green Trail follows the side slope of the serpentine area",
        "name": "Green Trail",
        "network": "lwn",
        "operator": "Baltimore County Department of Recreation and Parks",
        "ref": "Green",
        "route": "hiking",
        "symbol": "Green hash mark",
        "type": "route",
        "@geometry": "center"
      },
      "geometry": {
        "type": "Point",
        "coordinates": [
          -76.6489908,
          39.3882521
        ]
      },
      "id": "relation/11916955"
    },
    {
      "type": "Feature",
      "properties": {
        "@id": "relation/11916956",
        "description": "The White Trail traverses the hilly pine forest area of the park before descending to the Green Trail",
        "name": "White Trail",
        "network": "lwn",
        "operator": "Baltimore County Department of Recreation and Parks",
        "ref": "White",
        "route": "hiking",
        "symbol": "White hash mark",
        "type": "route",
        "@geometry": "center"
      },
      "geometry": {
        "type": "Point",
        "coordinates": [
          -76.6503225,
          39.3875309
        ]
      },
      "id": "relation/11916956"
    },
    {
      "type": "Feature",
      "properties": {
        "@id": "relation/11916957",
        "description": "The main hiking path in Lake Roland. The path mostly follows an old railroad grade. The southern end includes steps.",
        "name": "Red Trail",
        "network": "lwn",
        "operator": "Baltimore County Department of Recreation and Parks",
        "ref": "Red",
        "route": "hiking",
        "symbol": "Red Hash Mark",
        "type": "route",
        "@geometry": "center"
      },
      "geometry": {
        "type": "Point",
        "coordinates": [
          -76.6539731,
          39.3908431
        ]
      },
      "id": "relation/11916957"
    },
    {
      "type": "Feature",
      "properties": {
        "@id": "relation/11995386",
        "name": "St. Jones Reserve Trail",
        "route": "hiking",
        "type": "route",
        "@geometry": "center"
      },
      "geometry": {
        "type": "Point",
        "coordinates": [
          -75.4338154,
          39.0854483
        ]
      },
      "id": "relation/11995386"
    },
    {
      "type": "Feature",
      "properties": {
        "@id": "relation/12015629",
        "colour": "purple",
        "name": "Purple Trail",
        "network": "lhn",
        "route": "hiking",
        "type": "route",
        "@geometry": "center"
      },
      "geometry": {
        "type": "Point",
        "coordinates": [
          -76.9077059,
          38.7434875
        ]
      },
      "id": "relation/12015629"
    },
    {
      "type": "Feature",
      "properties": {
        "@id": "relation/12015630",
        "colour": "green",
        "name": "Green Trail",
        "network": "lhn",
        "route": "hiking",
        "type": "route",
        "@geometry": "center"
      },
      "geometry": {
        "type": "Point",
        "coordinates": [
          -76.9188922,
          38.7376765
        ]
      },
      "id": "relation/12015630"
    },
    {
      "type": "Feature",
      "properties": {
        "@id": "relation/12015674",
        "name": "Perimeter Trail",
        "network": "lhn",
        "route": "hiking",
        "type": "route",
        "@geometry": "center"
      },
      "geometry": {
        "type": "Point",
        "coordinates": [
          -76.9121631,
          38.7339743
        ]
      },
      "id": "relation/12015674"
    },
    {
      "type": "Feature",
      "properties": {
        "@id": "relation/12015675",
        "colour": "red",
        "name": "Red Trail",
        "network": "lhn",
        "route": "hiking",
        "type": "route",
        "@geometry": "center"
      },
      "geometry": {
        "type": "Point",
        "coordinates": [
          -76.9179095,
          38.7316947
        ]
      },
      "id": "relation/12015675"
    },
    {
      "type": "Feature",
      "properties": {
        "@id": "relation/12041345",
        "from": "Geudon Road",
        "name": "Whittleton Ridge",
        "network": "lwn",
        "network:type": "Local",
        "operator": "USFS",
        "route": "hiking",
        "to": "overlook",
        "type": "route",
        "@geometry": "center"
      },
      "geometry": {
        "type": "Point",
        "coordinates": [
          -83.6525172,
          37.7760897
        ]
      },
      "id": "relation/12041345"
    },
    {
      "type": "Feature",
      "properties": {
        "@id": "relation/12041357",
        "distance": "7.82 mi",
        "from": "Nada Tunnel Road",
        "name": "Rough Trail @221",
        "network": "lwn",
        "network:type": "Local",
        "operator": "USFS",
        "roundtrip": "no",
        "route": "hiking",
        "type": "route",
        "@geometry": "center"
      },
      "geometry": {
        "type": "Point",
        "coordinates": [
          -83.6290373,
          37.8113577
        ]
      },
      "id": "relation/12041357"
    },
    {
      "type": "Feature",
      "properties": {
        "@id": "relation/12041477",
        "name": "Bucklodge Loop",
        "network": "lwn",
        "osmc:symbol": "blue:white:blue_stripe",
        "route": "hiking",
        "type": "route",
        "@geometry": "center"
      },
      "geometry": {
        "type": "Point",
        "coordinates": [
          -77.3349085,
          39.2292965
        ]
      },
      "id": "relation/12041477"
    },
    {
      "type": "Feature",
      "properties": {
        "@id": "relation/12041542",
        "from": "KY 715",
        "name": "Sheltowee Trace NRT Section 13",
        "network": "rwn",
        "operator": "USFS",
        "ref": "100",
        "route": "hiking",
        "to": "KY 15",
        "type": "route",
        "@geometry": "center"
      },
      "geometry": {
        "type": "Point",
        "coordinates": [
          -83.6381798,
          37.8127732
        ]
      },
      "id": "relation/12041542"
    },
    {
      "type": "Feature",
      "properties": {
        "@id": "relation/12041561",
        "from": "KY 15",
        "name": "Sheltowee Trace NRT Section 14",
        "network": "rwn",
        "operator": "USFS",
        "ref": "100",
        "route": "hiking",
        "to": "KY 11",
        "type": "route",
        "@geometry": "center"
      },
      "geometry": {
        "type": "Point",
        "coordinates": [
          -83.6650329,
          37.7884995
        ]
      },
      "id": "relation/12041561"
    },
    {
      "type": "Feature",
      "properties": {
        "@id": "relation/12041634",
        "from": "US 460",
        "name": "Sheltowee Trace NRT Section 12",
        "network": "rwn",
        "operator": "USFS",
        "ref": "100",
        "route": "hiking",
        "to": "KY 715",
        "type": "route",
        "@geometry": "center"
      },
      "geometry": {
        "type": "Point",
        "coordinates": [
          -83.6041437,
          37.8728996
        ]
      },
      "id": "relation/12041634"
    },
    {
      "type": "Feature",
      "properties": {
        "@id": "relation/12115286",
        "from": "Whittleton Branch Trail",
        "name": "Whittleton Arch Trail #217",
        "network": "lwn",
        "operator": "USFS",
        "osmc:symbol": ":white::WA:red",
        "ref": "217",
        "route": "hiking",
        "to": "Whittleton Arch",
        "type": "route",
        "@geometry": "center"
      },
      "geometry": {
        "type": "Point",
        "coordinates": [
          -83.661365,
          37.7842771
        ]
      },
      "id": "relation/12115286"
    },
    {
      "type": "Feature",
      "properties": {
        "@id": "relation/12115288",
        "from": "KY 15",
        "name": "Whittleton Branch Trail #216",
        "network": "lwn",
        "operator": "USFS",
        "osmc:symbol": ":white::WB:red",
        "ref": "216",
        "route": "hiking",
        "to": "Whittleton Campground",
        "type": "route",
        "@geometry": "center"
      },
      "geometry": {
        "type": "Point",
        "coordinates": [
          -83.6636567,
          37.7899671
        ]
      },
      "id": "relation/12115288"
    },
    {
      "type": "Feature",
      "properties": {
        "@id": "relation/12118656",
        "name": "Koomer Ridge #220",
        "network": "lwn",
        "operator": "USFS",
        "route": "hiking",
        "type": "route",
        "@geometry": "center"
      },
      "geometry": {
        "type": "Point",
        "coordinates": [
          -83.6279828,
          37.7950027
        ]
      },
      "id": "relation/12118656"
    },
    {
      "type": "Feature",
      "properties": {
        "@id": "relation/12118657",
        "name": "Hidden Arch Trail #208",
        "network": "lwn",
        "operator": "USFS",
        "route": "hiking",
        "type": "route",
        "@geometry": "center"
      },
      "geometry": {
        "type": "Point",
        "coordinates": [
          -83.6376106,
          37.7881089
        ]
      },
      "id": "relation/12118657"
    },
    {
      "type": "Feature",
      "properties": {
        "@id": "relation/12118658",
        "name": "Silvermine Arch Trail #225",
        "network": "lwn",
        "operator": "USFS",
        "route": "hiking",
        "type": "route",
        "@geometry": "center"
      },
      "geometry": {
        "type": "Point",
        "coordinates": [
          -83.629893,
          37.7867399
        ]
      },
      "id": "relation/12118658"
    },
    {
      "type": "Feature",
      "properties": {
        "@id": "relation/12118659",
        "name": "Cliff Trail #206",
        "network": "lwn",
        "operator": "USFS",
        "route": "hiking",
        "type": "route",
        "@geometry": "center"
      },
      "geometry": {
        "type": "Point",
        "coordinates": [
          -83.630396,
          37.7850228
        ]
      },
      "id": "relation/12118659"
    },
    {
      "type": "Feature",
      "properties": {
        "@id": "relation/12118680",
        "name": "Buck Trail #226",
        "network": "lwn",
        "operator": "USFS",
        "route": "hiking",
        "type": "route",
        "@geometry": "center"
      },
      "geometry": {
        "type": "Point",
        "coordinates": [
          -83.6346415,
          37.8019711
        ]
      },
      "id": "relation/12118680"
    },
    {
      "type": "Feature",
      "properties": {
        "@id": "relation/12118681",
        "name": "Pinch-em Tight Trail #233",
        "network": "lwn",
        "operator": "USFS",
        "route": "hiking",
        "type": "route",
        "@geometry": "center"
      },
      "geometry": {
        "type": "Point",
        "coordinates": [
          -83.6460861,
          37.8090027
        ]
      },
      "id": "relation/12118681"
    },
    {
      "type": "Feature",
      "properties": {
        "@id": "relation/12118682",
        "name": "Rush Ridge #227",
        "network": "lwn",
        "operator": "USFS",
        "route": "hiking",
        "type": "route",
        "@geometry": "center"
      },
      "geometry": {
        "type": "Point",
        "coordinates": [
          -83.6496835,
          37.8134945
        ]
      },
      "id": "relation/12118682"
    },
    {
      "type": "Feature",
      "properties": {
        "@id": "relation/12118683",
        "name": "Gray's Arch Trail #205",
        "network": "lwn",
        "operator": "USFS",
        "route": "hiking",
        "type": "route",
        "@geometry": "center"
      },
      "geometry": {
        "type": "Point",
        "coordinates": [
          -83.6589896,
          37.8131829
        ]
      },
      "id": "relation/12118683"
    },
    {
      "type": "Feature",
      "properties": {
        "@id": "relation/12118684",
        "name": "Boone Hut Trail #209",
        "network": "lwn",
        "operator": "USFS",
        "route": "hiking",
        "type": "route",
        "@geometry": "center"
      },
      "geometry": {
        "type": "Point",
        "coordinates": [
          -83.6611026,
          37.8086495
        ]
      },
      "id": "relation/12118684"
    },
    {
      "type": "Feature",
      "properties": {
        "@id": "relation/12118713",
        "name": "Osborne Bend Trail #240",
        "network": "lwn",
        "operator": "USFS",
        "route": "hiking",
        "type": "route",
        "@geometry": "center"
      },
      "geometry": {
        "type": "Point",
        "coordinates": [
          -83.5796669,
          37.8372095
        ]
      },
      "id": "relation/12118713"
    },
    {
      "type": "Feature",
      "properties": {
        "@id": "relation/12118714",
        "name": "Lost Branch Trail #239",
        "network": "lwn",
        "operator": "USFS",
        "route": "hiking",
        "type": "route",
        "@geometry": "center"
      },
      "geometry": {
        "type": "Point",
        "coordinates": [
          -83.584667,
          37.8543061
        ]
      },
      "id": "relation/12118714"
    },
    {
      "type": "Feature",
      "properties": {
        "@id": "relation/12118715",
        "name": "Bison Way Trail #210",
        "network": "lwn",
        "operator": "USFS",
        "route": "hiking",
        "type": "route",
        "@geometry": "center"
      },
      "geometry": {
        "type": "Point",
        "coordinates": [
          -83.610313,
          37.8397825
        ]
      },
      "id": "relation/12118715"
    },
    {
      "type": "Feature",
      "properties": {
        "@id": "relation/12118716",
        "name": "Swift Camp Creek Trail #219",
        "network": "lwn",
        "operator": "USFS",
        "route": "hiking",
        "type": "route",
        "@geometry": "center"
      },
      "geometry": {
        "type": "Point",
        "coordinates": [
          -83.5751551,
          37.786038
        ]
      },
      "id": "relation/12118716"
    },
    {
      "type": "Feature",
      "properties": {
        "@id": "relation/12118717",
        "name": "Wildcat Trail #228",
        "network": "lwn",
        "operator": "USFS",
        "route": "hiking",
        "type": "route",
        "@geometry": "center"
      },
      "geometry": {
        "type": "Point",
        "coordinates": [
          -83.5840006,
          37.7894247
        ]
      },
      "id": "relation/12118717"
    },
    {
      "type": "Feature",
      "properties": {
        "@id": "relation/12118718",
        "name": "Rock Bridge Trail #207",
        "network": "lwn",
        "operator": "USFS",
        "route": "hiking",
        "type": "route",
        "@geometry": "center"
      },
      "geometry": {
        "type": "Point",
        "coordinates": [
          -83.5635616,
          37.7697076
        ]
      },
      "id": "relation/12118718"
    },
    {
      "type": "Feature",
      "properties": {
        "@id": "relation/12121313",
        "name": "5K Trail",
        "route": "hiking",
        "type": "route",
        "@geometry": "center"
      },
      "geometry": {
        "type": "Point",
        "coordinates": [
          -75.4823885,
          38.8971617
        ]
      },
      "id": "relation/12121313"
    },
    {
      "type": "Feature",
      "properties": {
        "@id": "relation/12139858",
        "name": "Dogwood Dell Hiking Trail",
        "route": "hiking",
        "type": "route",
        "@geometry": "center"
      },
      "geometry": {
        "type": "Point",
        "coordinates": [
          -77.4841181,
          37.5382275
        ]
      },
      "id": "relation/12139858"
    },
    {
      "type": "Feature",
      "properties": {
        "@id": "relation/12221672",
        "name": "Black Farm Trail (Red)",
        "route": "hiking",
        "type": "route",
        "@geometry": "center"
      },
      "geometry": {
        "type": "Point",
        "coordinates": [
          -75.2504498,
          38.8241161
        ]
      },
      "id": "relation/12221672"
    },
    {
      "type": "Feature",
      "properties": {
        "@id": "relation/12221673",
        "name": "Blue Goose Trail (Blue)",
        "route": "hiking",
        "type": "route",
        "@geometry": "center"
      },
      "geometry": {
        "type": "Point",
        "coordinates": [
          -75.25411,
          38.8220015
        ]
      },
      "id": "relation/12221673"
    },
    {
      "type": "Feature",
      "properties": {
        "@id": "relation/12256361",
        "from": "KY 1274",
        "name": "Sheltowee Trace NRT Section 11",
        "network": "rwn",
        "operator": "USFS",
        "ref": "100",
        "route": "hiking",
        "to": "US 460",
        "type": "route",
        "@geometry": "center"
      },
      "geometry": {
        "type": "Point",
        "coordinates": [
          -83.581204,
          37.9441657
        ]
      },
      "id": "relation/12256361"
    },
    {
      "type": "Feature",
      "properties": {
        "@id": "relation/12256527",
        "from": "Clear Creek",
        "name": "Sheltowee Trace NRT Section 10",
        "network": "rwn",
        "operator": "USFS",
        "ref": "100",
        "route": "hiking",
        "to": "KY 1274",
        "type": "route",
        "@geometry": "center"
      },
      "geometry": {
        "type": "Point",
        "coordinates": [
          -83.596179,
          38.0123006
        ]
      },
      "id": "relation/12256527"
    },
    {
      "type": "Feature",
      "properties": {
        "@id": "relation/12256528",
        "from": "KY 801",
        "name": "Sheltowee Trace NRT Section 9",
        "network": "rwn",
        "operator": "USFS",
        "ref": "100",
        "route": "hiking",
        "to": "Clear Creek",
        "type": "route",
        "@geometry": "center"
      },
      "geometry": {
        "type": "Point",
        "coordinates": [
          -83.5580949,
          38.0860936
        ]
      },
      "id": "relation/12256528"
    },
    {
      "type": "Feature",
      "properties": {
        "@id": "relation/12287516",
        "name": "Heide Trail",
        "network": "lwn",
        "old_name": "Ridge Trail",
        "operator": "Baltimore City Department of Recreation and Parks",
        "osmc:symbol": "white::white_dot",
        "route": "hiking",
        "symbol": "double white dots, horizontal",
        "type": "route",
        "@geometry": "center"
      },
      "geometry": {
        "type": "Point",
        "coordinates": [
          -76.6932599,
          39.3061418
        ]
      },
      "id": "relation/12287516"
    },
    {
      "type": "Feature",
      "properties": {
        "@id": "relation/12295146",
        "name": "Kaymoor Trail",
        "network": "lwn",
        "ref": "KT",
        "route": "hiking",
        "type": "route",
        "@geometry": "center"
      },
      "geometry": {
        "type": "Point",
        "coordinates": [
          -81.0553288,
          38.0318365
        ]
      },
      "id": "relation/12295146"
    },
    {
      "type": "Feature",
      "properties": {
        "@id": "relation/12295170",
        "name": "Old Ferry Road Trail",
        "network": "lwn",
        "ref": "OFR",
        "route": "hiking",
        "type": "route",
        "@geometry": "center"
      },
      "geometry": {
        "type": "Point",
        "coordinates": [
          -80.9393486,
          38.2005952
        ]
      },
      "id": "relation/12295170"
    },
    {
      "type": "Feature",
      "properties": {
        "@id": "relation/12295263",
        "name": "Fayetteville Trail",
        "network": "lwn",
        "ref": "FT",
        "route": "hiking",
        "type": "route",
        "@geometry": "center"
      },
      "geometry": {
        "type": "Point",
        "coordinates": [
          -81.0787535,
          38.0559312
        ]
      },
      "id": "relation/12295263"
    },
    {
      "type": "Feature",
      "properties": {
        "@id": "relation/12295291",
        "name": "Endless Wall Trail",
        "network": "lwn",
        "ref": "EWT",
        "route": "hiking",
        "type": "route",
        "@geometry": "center"
      },
      "geometry": {
        "type": "Point",
        "coordinates": [
          -81.0540295,
          38.0584447
        ]
      },
      "id": "relation/12295291"
    },
    {
      "type": "Feature",
      "properties": {
        "@id": "relation/12295296",
        "name": "Bridge Trail",
        "network": "lwn",
        "ref": "BT",
        "route": "hiking",
        "type": "route",
        "@geometry": "center"
      },
      "geometry": {
        "type": "Point",
        "coordinates": [
          -81.0911904,
          38.0679193
        ]
      },
      "id": "relation/12295296"
    },
    {
      "type": "Feature",
      "properties": {
        "@id": "relation/12295320",
        "name": "Long Point Trail",
        "network": "lwn",
        "ref": "LPT",
        "route": "hiking",
        "type": "route",
        "@geometry": "center"
      },
      "geometry": {
        "type": "Point",
        "coordinates": [
          -81.076334,
          38.0506591
        ]
      },
      "id": "relation/12295320"
    },
    {
      "type": "Feature",
      "properties": {
        "@id": "relation/12295339",
        "name": "Craig Branch Trail",
        "network": "lwn",
        "ref": "CBT",
        "route": "hiking",
        "type": "route",
        "@geometry": "center"
      },
      "geometry": {
        "type": "Point",
        "coordinates": [
          -81.0545999,
          38.0434592
        ]
      },
      "id": "relation/12295339"
    },
    {
      "type": "Feature",
      "properties": {
        "@id": "relation/12295355",
        "name": "Kaymoor Miners Trail",
        "network": "lwn",
        "ref": "KMT",
        "route": "hiking",
        "type": "route",
        "@geometry": "center"
      },
      "geometry": {
        "type": "Point",
        "coordinates": [
          -81.0655247,
          38.0463091
        ]
      },
      "id": "relation/12295355"
    },
    {
      "type": "Feature",
      "properties": {
        "@id": "relation/12295365",
        "name": "Butcher Branch Trail",
        "network": "lwn",
        "ref": "BBT",
        "route": "hiking",
        "type": "route",
        "@geometry": "center"
      },
      "geometry": {
        "type": "Point",
        "coordinates": [
          -81.0719534,
          38.0480916
        ]
      },
      "id": "relation/12295365"
    },
    {
      "type": "Feature",
      "properties": {
        "@id": "relation/12295380",
        "name": "Timber Ridge Trail",
        "network": "lwn",
        "ref": "TRT",
        "route": "hiking",
        "type": "route",
        "@geometry": "center"
      },
      "geometry": {
        "type": "Point",
        "coordinates": [
          -81.0811901,
          38.0469859
        ]
      },
      "id": "relation/12295380"
    },
    {
      "type": "Feature",
      "properties": {
        "@id": "relation/12295412",
        "name": "Park Loop Trail",
        "network": "lwn",
        "ref": "PLT",
        "route": "hiking",
        "type": "route",
        "@geometry": "center"
      },
      "geometry": {
        "type": "Point",
        "coordinates": [
          -81.0884538,
          38.0576865
        ]
      },
      "id": "relation/12295412"
    },
    {
      "type": "Feature",
      "properties": {
        "@id": "relation/12295431",
        "name": "Burnwood Trail",
        "ref": "BT",
        "route": "hiking",
        "type": "route",
        "@geometry": "center"
      },
      "geometry": {
        "type": "Point",
        "coordinates": [
          -81.0767077,
          38.0764264
        ]
      },
      "id": "relation/12295431"
    },
    {
      "type": "Feature",
      "properties": {
        "@id": "relation/12295616",
        "name": "Rend Trail",
        "network": "lwn",
        "ref": "RT",
        "route": "hiking",
        "type": "route",
        "@geometry": "center"
      },
      "geometry": {
        "type": "Point",
        "coordinates": [
          -81.1057517,
          37.960382
        ]
      },
      "id": "relation/12295616"
    },
    {
      "type": "Feature",
      "properties": {
        "@id": "relation/12295767",
        "name": "Southside Trail",
        "network": "lwn",
        "ref": "SST",
        "route": "hiking",
        "type": "route",
        "@geometry": "center"
      },
      "geometry": {
        "type": "Point",
        "coordinates": [
          -81.054423,
          37.9760839
        ]
      },
      "id": "relation/12295767"
    },
    {
      "type": "Feature",
      "properties": {
        "@id": "relation/12295803",
        "name": "Brooklyn Mine Trail",
        "network": "lwn",
        "ref": "BMT",
        "route": "hiking",
        "type": "route",
        "@geometry": "center"
      },
      "geometry": {
        "type": "Point",
        "coordinates": [
          -81.0299545,
          37.9887339
        ]
      },
      "id": "relation/12295803"
    },
    {
      "type": "Feature",
      "properties": {
        "@id": "relation/12295864",
        "name": "Meadow River Gorge Trail",
        "network": "lwn",
        "ref": "MRG",
        "route": "hiking",
        "type": "route",
        "@geometry": "center"
      },
      "geometry": {
        "type": "Point",
        "coordinates": [
          -80.9271933,
          38.1492136
        ]
      },
      "id": "relation/12295864"
    },
    {
      "type": "Feature",
      "properties": {
        "@id": "relation/12412884",
        "name": "Otter Point Trail",
        "network": "lwn",
        "osmc:symbol": "yellow:white:yellow_stripe",
        "route": "hiking",
        "type": "route",
        "@geometry": "center"
      },
      "geometry": {
        "type": "Point",
        "coordinates": [
          -76.7028193,
          38.7815832
        ]
      },
      "id": "relation/12412884"
    },
    {
      "type": "Feature",
      "properties": {
        "@id": "relation/12412885",
        "name": "Two Run Trail",
        "network": "lwn",
        "osmc:symbol": "yellow:white:yellow_stripe",
        "route": "hiking",
        "type": "route",
        "@geometry": "center"
      },
      "geometry": {
        "type": "Point",
        "coordinates": [
          -76.7020758,
          38.7805539
        ]
      },
      "id": "relation/12412885"
    },
    {
      "type": "Feature",
      "properties": {
        "@id": "relation/12412886",
        "name": "Farm Trail",
        "network": "lwn",
        "osmc:symbol": "white::white_stripe",
        "route": "hiking",
        "type": "route",
        "@geometry": "center"
      },
      "geometry": {
        "type": "Point",
        "coordinates": [
          -76.6997454,
          38.7794476
        ]
      },
      "id": "relation/12412886"
    },
    {
      "type": "Feature",
      "properties": {
        "@id": "relation/12412887",
        "name": "Pindell Bluff Trail",
        "network": "lwn",
        "osmc:symbol": "white::white_stripe",
        "route": "hiking",
        "type": "route",
        "@geometry": "center"
      },
      "geometry": {
        "type": "Point",
        "coordinates": [
          -76.6954481,
          38.7750295
        ]
      },
      "id": "relation/12412887"
    },
    {
      "type": "Feature",
      "properties": {
        "@id": "relation/12412888",
        "name": "Beach Trail",
        "network": "lwn",
        "osmc:symbol": "white::white_stripe",
        "route": "hiking",
        "type": "route",
        "@geometry": "center"
      },
      "geometry": {
        "type": "Point",
        "coordinates": [
          -76.6885306,
          38.7787254
        ]
      },
      "id": "relation/12412888"
    },
    {
      "type": "Feature",
      "properties": {
        "@id": "relation/12412889",
        "name": "Upper RR Bed Trail",
        "network": "lwn",
        "osmc:symbol": "white::white_stripe",
        "route": "hiking",
        "type": "route",
        "@geometry": "center"
      },
      "geometry": {
        "type": "Point",
        "coordinates": [
          -76.6964941,
          38.7805712
        ]
      },
      "id": "relation/12412889"
    },
    {
      "type": "Feature",
      "properties": {
        "@id": "relation/12412890",
        "name": "RR Bed Trail",
        "network": "lwn",
        "osmc:symbol": "orange:white:orange_stripe",
        "route": "hiking",
        "type": "route",
        "@geometry": "center"
      },
      "geometry": {
        "type": "Point",
        "coordinates": [
          -76.7026609,
          38.7817038
        ]
      },
      "id": "relation/12412890"
    },
    {
      "type": "Feature",
      "properties": {
        "@id": "relation/12412891",
        "name": "Railroad Bed Trail",
        "network": "lwn",
        "osmc:symbol": "yellow:white:yellow_stripe",
        "route": "hiking",
        "type": "route",
        "@geometry": "center"
      },
      "geometry": {
        "type": "Point",
        "coordinates": [
          -76.7079997,
          38.781574
        ]
      },
      "id": "relation/12412891"
    },
    {
      "type": "Feature",
      "properties": {
        "@id": "relation/12412892",
        "name": "Utility Trail",
        "network": "lwn",
        "osmc:symbol": "white::white_stripe",
        "route": "hiking",
        "type": "route",
        "@geometry": "center"
      },
      "geometry": {
        "type": "Point",
        "coordinates": [
          -76.7012364,
          38.7836255
        ]
      },
      "id": "relation/12412892"
    },
    {
      "type": "Feature",
      "properties": {
        "@id": "relation/12412893",
        "name": "Middle Trail",
        "network": "lwn",
        "osmc:symbol": "organe:white:orange_stripe",
        "route": "hiking",
        "type": "route",
        "@geometry": "center"
      },
      "geometry": {
        "type": "Point",
        "coordinates": [
          -76.6997838,
          38.7833719
        ]
      },
      "id": "relation/12412893"
    },
    {
      "type": "Feature",
      "properties": {
        "@id": "relation/12412894",
        "name": "Forest Trail",
        "network": "lwn",
        "osmc:symbol": "green:white:green_stripe",
        "route": "hiking",
        "type": "route",
        "@geometry": "center"
      },
      "geometry": {
        "type": "Point",
        "coordinates": [
          -76.6986885,
          38.784074
        ]
      },
      "id": "relation/12412894"
    },
    {
      "type": "Feature",
      "properties": {
        "@id": "relation/12416744",
        "name": "Pindell Ridge Trail",
        "network": "lwn",
        "osmc:symbol": "blue:white:blue_stripe",
        "route": "hiking",
        "type": "route",
        "@geometry": "center"
      },
      "geometry": {
        "type": "Point",
        "coordinates": [
          -76.6914541,
          38.7782951
        ]
      },
      "id": "relation/12416744"
    },
    {
      "type": "Feature",
      "properties": {
        "@id": "relation/12416745",
        "name": "Farm Connector Trail",
        "network": "lwn",
        "osmc:symbol": "blue:white:blue_stripe",
        "route": "hiking",
        "type": "route",
        "@geometry": "center"
      },
      "geometry": {
        "type": "Point",
        "coordinates": [
          -76.6925914,
          38.7698773
        ]
      },
      "id": "relation/12416745"
    },
    {
      "type": "Feature",
      "properties": {
        "@id": "relation/12487623",
        "name": "Stuart's Hill Loop",
        "route": "hiking",
        "type": "route",
        "@geometry": "center"
      },
      "geometry": {
        "type": "Point",
        "coordinates": [
          -77.5609637,
          38.8030711
        ]
      },
      "id": "relation/12487623"
    },
    {
      "type": "Feature",
      "properties": {
        "@id": "relation/12495732",
        "name": "White Oak - Cedar Run Loop",
        "route": "hiking",
        "type": "route",
        "@geometry": "center"
      },
      "geometry": {
        "type": "Point",
        "coordinates": [
          -78.367587,
          38.550535
        ]
      },
      "id": "relation/12495732"
    },
    {
      "type": "Feature",
      "properties": {
        "@id": "relation/12495836",
        "name": "Church Loop Trail",
        "route": "hiking",
        "type": "route",
        "@geometry": "center"
      },
      "geometry": {
        "type": "Point",
        "coordinates": [
          -81.0791415,
          37.9518175
        ]
      },
      "id": "relation/12495836"
    },
    {
      "type": "Feature",
      "properties": {
        "@id": "relation/12495837",
        "name": "Stone Cliff Trail",
        "route": "hiking",
        "type": "route",
        "@geometry": "center"
      },
      "geometry": {
        "type": "Point",
        "coordinates": [
          -81.0456853,
          37.920484
        ]
      },
      "id": "relation/12495837"
    },
    {
      "type": "Feature",
      "properties": {
        "@id": "relation/12496236",
        "name": "Conveyor Trail",
        "route": "hiking",
        "type": "route",
        "@geometry": "center"
      },
      "geometry": {
        "type": "Point",
        "coordinates": [
          -81.0425039,
          38.053326
        ]
      },
      "id": "relation/12496236"
    },
    {
      "type": "Feature",
      "properties": {
        "@id": "relation/12496237",
        "name": "Town Loop Connector Trail",
        "route": "hiking",
        "type": "route",
        "@geometry": "center"
      },
      "geometry": {
        "type": "Point",
        "coordinates": [
          -81.0389425,
          38.0504885
        ]
      },
      "id": "relation/12496237"
    },
    {
      "type": "Feature",
      "properties": {
        "@id": "relation/12496238",
        "name": "Town Loop Trail",
        "route": "hiking",
        "type": "route",
        "@geometry": "center"
      },
      "geometry": {
        "type": "Point",
        "coordinates": [
          -81.04053,
          38.0508059
        ]
      },
      "id": "relation/12496238"
    },
    {
      "type": "Feature",
      "properties": {
        "@id": "relation/12496239",
        "name": "Tipple Trail",
        "route": "hiking",
        "type": "route",
        "@geometry": "center"
      },
      "geometry": {
        "type": "Point",
        "coordinates": [
          -81.0426899,
          38.0508897
        ]
      },
      "id": "relation/12496239"
    },
    {
      "type": "Feature",
      "properties": {
        "@id": "relation/12496240",
        "name": "Seldom Seen Trail",
        "route": "hiking",
        "type": "route",
        "@geometry": "center"
      },
      "geometry": {
        "type": "Point",
        "coordinates": [
          -81.0475844,
          38.0521751
        ]
      },
      "id": "relation/12496240"
    },
    {
      "type": "Feature",
      "properties": {
        "@id": "relation/12496241",
        "name": "Keeneys Creek Trail",
        "route": "hiking",
        "type": "route",
        "@geometry": "center"
      },
      "geometry": {
        "type": "Point",
        "coordinates": [
          -81.0281054,
          38.0415873
        ]
      },
      "id": "relation/12496241"
    },
    {
      "type": "Feature",
      "properties": {
        "@id": "relation/12496242",
        "name": "Bridge Buttress Trail",
        "route": "hiking",
        "type": "route",
        "@geometry": "center"
      },
      "geometry": {
        "type": "Point",
        "coordinates": [
          -81.0797929,
          38.0718849
        ]
      },
      "id": "relation/12496242"
    },
    {
      "type": "Feature",
      "properties": {
        "@id": "relation/12496243",
        "name": "Bridge Buttress Extension Trail",
        "route": "hiking",
        "type": "route",
        "@geometry": "center"
      },
      "geometry": {
        "type": "Point",
        "coordinates": [
          -81.0795321,
          38.0738387
        ]
      },
      "id": "relation/12496243"
    },
    {
      "type": "Feature",
      "properties": {
        "@id": "relation/12496244",
        "name": "Canyon Rim Boardwalk",
        "route": "hiking",
        "type": "route",
        "@geometry": "center"
      },
      "geometry": {
        "type": "Point",
        "coordinates": [
          -81.0771506,
          38.0707876
        ]
      },
      "id": "relation/12496244"
    },
    {
      "type": "Feature",
      "properties": {
        "@id": "relation/12496245",
        "name": "Lower Canyon Rim Boardwalk",
        "route": "hiking",
        "type": "route",
        "@geometry": "center"
      },
      "geometry": {
        "type": "Point",
        "coordinates": [
          -81.0775694,
          38.0703451
        ]
      },
      "id": "relation/12496245"
    },
    {
      "type": "Feature",
      "properties": {
        "@id": "relation/12496246",
        "name": "Hawks Nest Connector Trail",
        "route": "hiking",
        "type": "route",
        "@geometry": "center"
      },
      "geometry": {
        "type": "Point",
        "coordinates": [
          -81.0896744,
          38.0916487
        ]
      },
      "id": "relation/12496246"
    },
    {
      "type": "Feature",
      "properties": {
        "@id": "relation/12496372",
        "name": "Cliffside Trail",
        "route": "hiking",
        "type": "route",
        "@geometry": "center"
      },
      "geometry": {
        "type": "Point",
        "coordinates": [
          -81.1246783,
          38.122996
        ]
      },
      "id": "relation/12496372"
    },
    {
      "type": "Feature",
      "properties": {
        "@id": "relation/12496373",
        "name": "Fisherman Access Trail",
        "route": "hiking",
        "type": "route",
        "@geometry": "center"
      },
      "geometry": {
        "type": "Point",
        "coordinates": [
          -81.1254571,
          38.1201848
        ]
      },
      "id": "relation/12496373"
    },
    {
      "type": "Feature",
      "properties": {
        "@id": "relation/12496374",
        "name": "Lover's Leap Trail",
        "route": "hiking",
        "type": "route",
        "@geometry": "center"
      },
      "geometry": {
        "type": "Point",
        "coordinates": [
          -81.1187908,
          38.1200527
        ]
      },
      "id": "relation/12496374"
    },
    {
      "type": "Feature",
      "properties": {
        "@id": "relation/12496375",
        "name": "G.S.Y.P. Canyon Trail",
        "route": "hiking",
        "type": "route",
        "@geometry": "center"
      },
      "geometry": {
        "type": "Point",
        "coordinates": [
          -81.1172299,
          38.1203233
        ]
      },
      "id": "relation/12496375"
    },
    {
      "type": "Feature",
      "properties": {
        "@id": "relation/12496376",
        "name": "Overlook Trail",
        "route": "hiking",
        "type": "route",
        "@geometry": "center"
      },
      "geometry": {
        "type": "Point",
        "coordinates": [
          -81.1279769,
          38.1224339
        ]
      },
      "id": "relation/12496376"
    },
    {
      "type": "Feature",
      "properties": {
        "@id": "relation/12496377",
        "name": "Loop Trail",
        "route": "hiking",
        "type": "route",
        "@geometry": "center"
      },
      "geometry": {
        "type": "Point",
        "coordinates": [
          -81.1261198,
          38.1236363
        ]
      },
      "id": "relation/12496377"
    },
    {
      "type": "Feature",
      "properties": {
        "@id": "relation/12496378",
        "name": "Shelter Access Trail",
        "route": "hiking",
        "type": "route",
        "@geometry": "center"
      },
      "geometry": {
        "type": "Point",
        "coordinates": [
          -81.1271282,
          38.1233442
        ]
      },
      "id": "relation/12496378"
    },
    {
      "type": "Feature",
      "properties": {
        "@id": "relation/12496412",
        "name": "Hawk's Nest Rail Trail",
        "route": "hiking",
        "type": "route",
        "@geometry": "center"
      },
      "geometry": {
        "type": "Point",
        "coordinates": [
          -81.108917,
          38.1258135
        ]
      },
      "id": "relation/12496412"
    },
    {
      "type": "Feature",
      "properties": {
        "@id": "relation/12497049",
        "colour": "lime",
        "name": "Family Friendly Trail",
        "route": "hiking",
        "type": "route",
        "@geometry": "center"
      },
      "geometry": {
        "type": "Point",
        "coordinates": [
          -81.2529217,
          37.2465746
        ]
      },
      "id": "relation/12497049"
    },
    {
      "type": "Feature",
      "properties": {
        "@id": "relation/12497051",
        "colour": "yellow",
        "name": "Sleeping Wolf Trail",
        "route": "hiking",
        "type": "route",
        "@geometry": "center"
      },
      "geometry": {
        "type": "Point",
        "coordinates": [
          -81.2535286,
          37.2510658
        ]
      },
      "id": "relation/12497051"
    },
    {
      "type": "Feature",
      "properties": {
        "@id": "relation/12497052",
        "name": "Access - Rhododendron Trail - Sleeping Wolf Trail",
        "route": "hiking",
        "type": "route",
        "@geometry": "center"
      },
      "geometry": {
        "type": "Point",
        "coordinates": [
          -81.25595,
          37.2511031
        ]
      },
      "id": "relation/12497052"
    },
    {
      "type": "Feature",
      "properties": {
        "@id": "relation/12497053",
        "colour": "green",
        "name": "Rhododendron Trail",
        "route": "hiking",
        "type": "route",
        "@geometry": "center"
      },
      "geometry": {
        "type": "Point",
        "coordinates": [
          -81.2558432,
          37.2499909
        ]
      },
      "id": "relation/12497053"
    },
    {
      "type": "Feature",
      "properties": {
        "@id": "relation/12497054",
        "colour": "maroon",
        "name": "Cardinal Trail",
        "route": "hiking",
        "type": "route",
        "@geometry": "center"
      },
      "geometry": {
        "type": "Point",
        "coordinates": [
          -81.2560491,
          37.2507923
        ]
      },
      "id": "relation/12497054"
    },
    {
      "type": "Feature",
      "properties": {
        "@id": "relation/12497055",
        "colour": "pink",
        "name": "Indian Trail",
        "route": "hiking",
        "type": "route",
        "@geometry": "center"
      },
      "geometry": {
        "type": "Point",
        "coordinates": [
          -81.2566514,
          37.2530532
        ]
      },
      "id": "relation/12497055"
    },
    {
      "type": "Feature",
      "properties": {
        "@id": "relation/12497057",
        "colour": "orange",
        "name": "Creek Trail",
        "route": "hiking",
        "type": "route",
        "@geometry": "center"
      },
      "geometry": {
        "type": "Point",
        "coordinates": [
          -81.2529229,
          37.2516856
        ]
      },
      "id": "relation/12497057"
    },
    {
      "type": "Feature",
      "properties": {
        "@id": "relation/12497058",
        "colour": "purple",
        "name": "Scout Trail",
        "route": "hiking",
        "type": "route",
        "@geometry": "center"
      },
      "geometry": {
        "type": "Point",
        "coordinates": [
          -81.2518468,
          37.2534314
        ]
      },
      "id": "relation/12497058"
    },
    {
      "type": "Feature",
      "properties": {
        "@id": "relation/12497059",
        "colour": "blue",
        "name": "Bluebird Trail",
        "route": "hiking",
        "type": "route",
        "@geometry": "center"
      },
      "geometry": {
        "type": "Point",
        "coordinates": [
          -81.2505445,
          37.2518974
        ]
      },
      "id": "relation/12497059"
    },
    {
      "type": "Feature",
      "properties": {
        "@id": "relation/12497060",
        "colour": "aqua",
        "name": "Summit Trail",
        "route": "hiking",
        "type": "route",
        "@geometry": "center"
      },
      "geometry": {
        "type": "Point",
        "coordinates": [
          -81.2495975,
          37.2545011
        ]
      },
      "id": "relation/12497060"
    },
    {
      "type": "Feature",
      "properties": {
        "@id": "relation/12497062",
        "colour": "silver",
        "name": "Fox Trail",
        "route": "hiking",
        "type": "route",
        "@geometry": "center"
      },
      "geometry": {
        "type": "Point",
        "coordinates": [
          -81.2479215,
          37.2548439
        ]
      },
      "id": "relation/12497062"
    },
    {
      "type": "Feature",
      "properties": {
        "@id": "relation/12497063",
        "colour": "lime",
        "name": "Moss Loop Trail",
        "route": "hiking",
        "type": "route",
        "@geometry": "center"
      },
      "geometry": {
        "type": "Point",
        "coordinates": [
          -81.2452692,
          37.2566322
        ]
      },
      "id": "relation/12497063"
    },
    {
      "type": "Feature",
      "properties": {
        "@id": "relation/12507946",
        "name": "Patapsco Howard County Thru Trail",
        "network": "rwn",
        "note": "work in progress",
        "operator": "Friends of Patapsco Valley State Park",
        "operator:wikidata": "Q105416118",
        "ref": "PtapHCTT",
        "route": "hiking",
        "type": "route",
        "@geometry": "center"
      },
      "geometry": {
        "type": "Point",
        "coordinates": [
          -76.8417535,
          39.2918813
        ]
      },
      "id": "relation/12507946"
    },
    {
      "type": "Feature",
      "properties": {
        "@id": "relation/12537097",
        "name": "Elk River Trail",
        "network": "lwn",
        "route": "hiking",
        "type": "route",
        "@geometry": "center"
      },
      "geometry": {
        "type": "Point",
        "coordinates": [
          -81.5856774,
          38.3899935
        ]
      },
      "id": "relation/12537097"
    },
    {
      "type": "Feature",
      "properties": {
        "@id": "relation/12537108",
        "name": "Alice Knight Memorial Trail",
        "network": "lwn",
        "route": "hiking",
        "type": "route",
        "@geometry": "center"
      },
      "geometry": {
        "type": "Point",
        "coordinates": [
          -81.5767629,
          38.3846126
        ]
      },
      "id": "relation/12537108"
    },
    {
      "type": "Feature",
      "properties": {
        "@id": "relation/12537129",
        "name": "Nature Trail",
        "network": "lwn",
        "route": "hiking",
        "type": "route",
        "@geometry": "center"
      },
      "geometry": {
        "type": "Point",
        "coordinates": [
          -81.5763355,
          38.3843969
        ]
      },
      "id": "relation/12537129"
    },
    {
      "type": "Feature",
      "properties": {
        "@id": "relation/12537130",
        "name": "Henry Wise Trail",
        "network": "lwn",
        "route": "hiking",
        "type": "route",
        "@geometry": "center"
      },
      "geometry": {
        "type": "Point",
        "coordinates": [
          -81.5815863,
          38.3793655
        ]
      },
      "id": "relation/12537130"
    },
    {
      "type": "Feature",
      "properties": {
        "@id": "relation/12537132",
        "name": "Hemlock Trail",
        "network": "lwn",
        "route": "hiking",
        "type": "route",
        "@geometry": "center"
      },
      "geometry": {
        "type": "Point",
        "coordinates": [
          -81.5807195,
          38.3798555
        ]
      },
      "id": "relation/12537132"
    },
    {
      "type": "Feature",
      "properties": {
        "@id": "relation/12537140",
        "name": "Eagle Scout Trail",
        "network": "lwn",
        "route": "hiking",
        "type": "route",
        "@geometry": "center"
      },
      "geometry": {
        "type": "Point",
        "coordinates": [
          -81.5823486,
          38.3835684
        ]
      },
      "id": "relation/12537140"
    },
    {
      "type": "Feature",
      "properties": {
        "@id": "relation/12612628",
        "name": "Lake Sherwood Trail",
        "network": "lwn",
        "operator": "United States Forest Service",
        "route": "hiking",
        "type": "route",
        "@geometry": "center"
      },
      "geometry": {
        "type": "Point",
        "coordinates": [
          -80.0073853,
          38.006693
        ]
      },
      "id": "relation/12612628"
    },
    {
      "type": "Feature",
      "properties": {
        "@id": "relation/12627863",
        "colour": "purple",
        "name": "Old Trail",
        "network": "lwn",
        "osmc:symbol": "purple:white:purple_stripe",
        "route": "hiking",
        "type": "route",
        "@geometry": "center"
      },
      "geometry": {
        "type": "Point",
        "coordinates": [
          -77.9860731,
          39.003286
        ]
      },
      "id": "relation/12627863"
    },
    {
      "type": "Feature",
      "properties": {
        "@id": "relation/12628057",
        "name": "Trico Tower Trail",
        "network": "lwn",
        "osmc:symbol": "blue:white:blue_stripe",
        "route": "hiking",
        "type": "route",
        "@geometry": "center"
      },
      "geometry": {
        "type": "Point",
        "coordinates": [
          -78.0248705,
          38.9540013
        ]
      },
      "id": "relation/12628057"
    },
    {
      "type": "Feature",
      "properties": {
        "@id": "relation/12628058",
        "name": "Verlin Smith Trail",
        "route": "hiking",
        "type": "route",
        "@geometry": "center"
      },
      "geometry": {
        "type": "Point",
        "coordinates": [
          -78.0133982,
          38.9460978
        ]
      },
      "id": "relation/12628058"
    },
    {
      "type": "Feature",
      "properties": {
        "@id": "relation/12628059",
        "name": "Ted Lake Trail",
        "route": "hiking",
        "type": "route",
        "@geometry": "center"
      },
      "geometry": {
        "type": "Point",
        "coordinates": [
          -78.0209633,
          38.9313262
        ]
      },
      "id": "relation/12628059"
    },
    {
      "type": "Feature",
      "properties": {
        "@id": "relation/12628060",
        "name": "Trico Fire Road",
        "route": "hiking",
        "type": "route",
        "@geometry": "center"
      },
      "geometry": {
        "type": "Point",
        "coordinates": [
          -78.0194927,
          38.952607
        ]
      },
      "id": "relation/12628060"
    },
    {
      "type": "Feature",
      "properties": {
        "@id": "relation/12657530",
        "name": "Fire Road Trail",
        "network": "lwn",
        "operator": "Kanawha County Parks and Recreation",
        "route": "hiking",
        "type": "route",
        "@geometry": "center"
      },
      "geometry": {
        "type": "Point",
        "coordinates": [
          -81.5761157,
          38.3940241
        ]
      },
      "id": "relation/12657530"
    },
    {
      "type": "Feature",
      "properties": {
        "@id": "relation/12657532",
        "name": "Pine Trail",
        "network": "lwn",
        "operator": "Kanawha County Parks and Recreation",
        "route": "hiking",
        "type": "route",
        "@geometry": "center"
      },
      "geometry": {
        "type": "Point",
        "coordinates": [
          -81.5777005,
          38.3913057
        ]
      },
      "id": "relation/12657532"
    },
    {
      "type": "Feature",
      "properties": {
        "@id": "relation/12657543",
        "name": "Patriot Trail",
        "network": "lwn",
        "operator": "Kanawha County Parks and Recreation",
        "route": "hiking",
        "type": "route",
        "@geometry": "center"
      },
      "geometry": {
        "type": "Point",
        "coordinates": [
          -81.5760008,
          38.3945166
        ]
      },
      "id": "relation/12657543"
    },
    {
      "type": "Feature",
      "properties": {
        "@id": "relation/12657556",
        "name": "Turtle Trail",
        "network": "lwn",
        "note": "GPS doesn't match exactly to the parking lot entrance, but drew steps from photo taken at the parking lot when the trace was made.",
        "route": "hiking",
        "type": "route",
        "@geometry": "center"
      },
      "geometry": {
        "type": "Point",
        "coordinates": [
          -81.5779622,
          38.3901049
        ]
      },
      "id": "relation/12657556"
    },
    {
      "type": "Feature",
      "properties": {
        "@id": "relation/12720743",
        "from": "Coonskin Drive",
        "name": "Cougar Trail",
        "network": "lwn",
        "route": "hiking",
        "to": "Fern Trail",
        "type": "route",
        "@geometry": "center"
      },
      "geometry": {
        "type": "Point",
        "coordinates": [
          -81.5757689,
          38.3823135
        ]
      },
      "id": "relation/12720743"
    },
    {
      "type": "Feature",
      "properties": {
        "@id": "relation/12720747",
        "name": "Oak Trail",
        "network": "lwn",
        "route": "hiking",
        "type": "route",
        "@geometry": "center"
      },
      "geometry": {
        "type": "Point",
        "coordinates": [
          -81.5715431,
          38.3858899
        ]
      },
      "id": "relation/12720747"
    },
    {
      "type": "Feature",
      "properties": {
        "@id": "relation/12733547",
        "distance": "0.6",
        "name": "Riverbend Road Trail",
        "network": "lwn",
        "roundtrip": "no",
        "route": "hiking",
        "type": "route",
        "@geometry": "center"
      },
      "geometry": {
        "type": "Point",
        "coordinates": [
          -77.2613387,
          39.0054915
        ]
      },
      "id": "relation/12733547"
    },
    {
      "type": "Feature",
      "properties": {
        "@id": "relation/12733548",
        "distance": "0.8",
        "name": "Mine Run Trail",
        "network": "lwn",
        "roundtrip": "no",
        "route": "hiking",
        "type": "route",
        "@geometry": "center"
      },
      "geometry": {
        "type": "Point",
        "coordinates": [
          -77.2577177,
          39.0019817
        ]
      },
      "id": "relation/12733548"
    },
    {
      "type": "Feature",
      "properties": {
        "@id": "relation/12733551",
        "description": "Follow Old Carriage Road to marked junction for Swamp Trail. Mostly flat through lowland forest. Features birds and seasonal wildflowers.",
        "name": "Swamp Trail",
        "network": "lwn",
        "route": "hiking",
        "source": "NPS",
        "type": "route",
        "@geometry": "center"
      },
      "geometry": {
        "type": "Point",
        "coordinates": [
          -77.252618,
          38.9882538
        ]
      },
      "id": "relation/12733551"
    },
    {
      "type": "Feature",
      "properties": {
        "@id": "relation/12773865",
        "dog": "leashed",
        "lit": "no",
        "name": "Crabtree Falls Trail",
        "network": "lwn",
        "ref": "526",
        "roundtrip": "no",
        "route": "hiking",
        "type": "route",
        "website": "https://www.fs.usda.gov/recarea/gwj/recarea/?recid=73667",
        "wheelchair": "no",
        "@geometry": "center"
      },
      "geometry": {
        "type": "Point",
        "coordinates": [
          -79.0788282,
          37.8409153
        ]
      },
      "id": "relation/12773865"
    },
    {
      "type": "Feature",
      "properties": {
        "@id": "relation/12795525",
        "name": "Farmstead Loop Trail",
        "network": "lwn",
        "route": "hiking",
        "type": "route",
        "@geometry": "center"
      },
      "geometry": {
        "type": "Point",
        "coordinates": [
          -77.7309509,
          39.2903428
        ]
      },
      "id": "relation/12795525"
    },
    {
      "type": "Feature",
      "properties": {
        "@id": "relation/12795526",
        "name": "Derry Loop Trail",
        "network": "lwn",
        "route": "hiking",
        "type": "route",
        "@geometry": "center"
      },
      "geometry": {
        "type": "Point",
        "coordinates": [
          -77.7269265,
          39.28913
        ]
      },
      "id": "relation/12795526"
    },
    {
      "type": "Feature",
      "properties": {
        "@id": "relation/12795527",
        "name": "Piney Run Spur Trail",
        "network": "lwn",
        "route": "hiking",
        "type": "route",
        "@geometry": "center"
      },
      "geometry": {
        "type": "Point",
        "coordinates": [
          -77.7348789,
          39.2917675
        ]
      },
      "id": "relation/12795527"
    },
    {
      "type": "Feature",
      "properties": {
        "@id": "relation/12795528",
        "name": "Old Bridge Trail",
        "network": "lwn",
        "route": "hiking",
        "type": "route",
        "@geometry": "center"
      },
      "geometry": {
        "type": "Point",
        "coordinates": [
          -77.7315143,
          39.2873453
        ]
      },
      "id": "relation/12795528"
    },
    {
      "type": "Feature",
      "properties": {
        "@id": "relation/12795529",
        "name": "Arnold Trail",
        "network": "lwn",
        "route": "hiking",
        "type": "route",
        "@geometry": "center"
      },
      "geometry": {
        "type": "Point",
        "coordinates": [
          -77.737,
          39.286276
        ]
      },
      "id": "relation/12795529"
    },
    {
      "type": "Feature",
      "properties": {
        "@id": "relation/12795530",
        "name": "Little Turtle Trail",
        "network": "lwn",
        "route": "hiking",
        "type": "route",
        "@geometry": "center"
      },
      "geometry": {
        "type": "Point",
        "coordinates": [
          -77.7372391,
          39.2882011
        ]
      },
      "id": "relation/12795530"
    },
    {
      "type": "Feature",
      "properties": {
        "@id": "relation/12795531",
        "name": "Legacy Loop Trail",
        "route": "hiking",
        "type": "route",
        "@geometry": "center"
      },
      "geometry": {
        "type": "Point",
        "coordinates": [
          -77.7403526,
          39.2913611
        ]
      },
      "id": "relation/12795531"
    },
    {
      "type": "Feature",
      "properties": {
        "@id": "relation/12795532",
        "name": "Wood Thrush Trail",
        "network": "lwn",
        "route": "hiking",
        "type": "route",
        "@geometry": "center"
      },
      "geometry": {
        "type": "Point",
        "coordinates": [
          -77.7444749,
          39.2834898
        ]
      },
      "id": "relation/12795532"
    },
    {
      "type": "Feature",
      "properties": {
        "@id": "relation/12795533",
        "name": "Sweet Run Trail",
        "network": "lwn",
        "route": "hiking",
        "type": "route",
        "@geometry": "center"
      },
      "geometry": {
        "type": "Point",
        "coordinates": [
          -77.738749,
          39.2838007
        ]
      },
      "id": "relation/12795533"
    },
    {
      "type": "Feature",
      "properties": {
        "@id": "relation/12795534",
        "name": "Butterfly Alley Trail",
        "network": "lwn",
        "route": "hiking",
        "type": "route",
        "@geometry": "center"
      },
      "geometry": {
        "type": "Point",
        "coordinates": [
          -77.7473813,
          39.2809782
        ]
      },
      "id": "relation/12795534"
    },
    {
      "type": "Feature",
      "properties": {
        "@id": "relation/12795535",
        "name": "Mountain Vista Trail",
        "network": "lwn",
        "route": "hiking",
        "type": "route",
        "@geometry": "center"
      },
      "geometry": {
        "type": "Point",
        "coordinates": [
          -77.7293631,
          39.2933419
        ]
      },
      "id": "relation/12795535"
    },
    {
      "type": "Feature",
      "properties": {
        "@id": "relation/12795536",
        "name": "Sawmill Field Trail",
        "network": "lwn",
        "route": "hiking",
        "type": "route",
        "@geometry": "center"
      },
      "geometry": {
        "type": "Point",
        "coordinates": [
          -77.7373687,
          39.27912
        ]
      },
      "id": "relation/12795536"
    },
    {
      "type": "Feature",
      "properties": {
        "@id": "relation/12795537",
        "name": "Jonathans Rock Trail",
        "network": "lwn",
        "route": "hiking",
        "type": "route",
        "@geometry": "center"
      },
      "geometry": {
        "type": "Point",
        "coordinates": [
          -77.7311237,
          39.2921157
        ]
      },
      "id": "relation/12795537"
    },
    {
      "type": "Feature",
      "properties": {
        "@id": "relation/12842377",
        "name": "Windsor Hills Conservation Trail",
        "network": "lwn",
        "osmc:symbol": "blue::blue_stripe",
        "route": "hiking",
        "type": "route",
        "@geometry": "center"
      },
      "geometry": {
        "type": "Point",
        "coordinates": [
          -76.6920016,
          39.3151559
        ]
      },
      "id": "relation/12842377"
    },
    {
      "type": "Feature",
      "properties": {
        "@id": "relation/12876085",
        "name": "Zaleski Backpack Trail - Middle Loop",
        "network": "lwn",
        "roundtrip": "yes",
        "route": "hiking",
        "type": "route",
        "@geometry": "center"
      },
      "geometry": {
        "type": "Point",
        "coordinates": [
          -82.3197418,
          39.3510897
        ]
      },
      "id": "relation/12876085"
    },
    {
      "type": "Feature",
      "properties": {
        "@id": "relation/12876119",
        "name": "Zaleski Backpack Trail - South Loop",
        "network": "lwn",
        "roundtrip": "yes",
        "route": "hiking",
        "type": "route",
        "@geometry": "center"
      },
      "geometry": {
        "type": "Point",
        "coordinates": [
          -82.3190452,
          39.3233995
        ]
      },
      "id": "relation/12876119"
    },
    {
      "type": "Feature",
      "properties": {
        "@id": "relation/12876137",
        "name": "Zaleski Backpack Trail - North Loop",
        "network": "lwn",
        "roundtrip": "yes",
        "route": "hiking",
        "type": "route",
        "@geometry": "center"
      },
      "geometry": {
        "type": "Point",
        "coordinates": [
          -82.289033,
          39.3749415
        ]
      },
      "id": "relation/12876137"
    },
    {
      "type": "Feature",
      "properties": {
        "@id": "relation/12890124",
        "colour": "orange",
        "name": "Orange Trail",
        "network": "lwn",
        "route": "hiking",
        "type": "route",
        "@geometry": "center"
      },
      "geometry": {
        "type": "Point",
        "coordinates": [
          -77.1684924,
          38.6726793
        ]
      },
      "id": "relation/12890124"
    },
    {
      "type": "Feature",
      "properties": {
        "@id": "relation/12904930",
        "name": "Pond Loop",
        "network": "lwn",
        "operator": "Friends of Patapsco Valley State Park",
        "osmc:symbol": "orange:white:orange_stripe",
        "route": "hiking",
        "type": "route",
        "@geometry": "center"
      },
      "geometry": {
        "type": "Point",
        "coordinates": [
          -76.7930154,
          39.2947434
        ]
      },
      "id": "relation/12904930"
    },
    {
      "type": "Feature",
      "properties": {
        "@id": "relation/12904931",
        "name": "Peaceful Pond Trail",
        "network": "lwn",
        "operator": "Friends of Patapsco Valley State Park",
        "osmc:symbol": "orange:white:orange_stripe",
        "route": "hiking",
        "symbol": "orange",
        "type": "route",
        "@geometry": "center"
      },
      "geometry": {
        "type": "Point",
        "coordinates": [
          -76.7933351,
          39.2957798
        ]
      },
      "id": "relation/12904931"
    },
    {
      "type": "Feature",
      "properties": {
        "@id": "relation/12938936",
        "name": "Blue Trail",
        "network": "Henson Scout Reservation",
        "route": "hiking",
        "type": "route",
        "@geometry": "center"
      },
      "geometry": {
        "type": "Point",
        "coordinates": [
          -75.7492018,
          38.5498757
        ]
      },
      "id": "relation/12938936"
    },
    {
      "type": "Feature",
      "properties": {
        "@id": "relation/12938937",
        "name": "Orange Trail",
        "network": "Henson Scout Reservation",
        "route": "hiking",
        "type": "route",
        "@geometry": "center"
      },
      "geometry": {
        "type": "Point",
        "coordinates": [
          -75.7509756,
          38.5528916
        ]
      },
      "id": "relation/12938937"
    },
    {
      "type": "Feature",
      "properties": {
        "@id": "relation/12938938",
        "name": "Red Trail",
        "network": "Henson Scout Reservation",
        "route": "hiking",
        "type": "route",
        "@geometry": "center"
      },
      "geometry": {
        "type": "Point",
        "coordinates": [
          -75.7523717,
          38.5514205
        ]
      },
      "id": "relation/12938938"
    },
    {
      "type": "Feature",
      "properties": {
        "@id": "relation/12938939",
        "name": "Green Trail",
        "network": "Henson Scout Reservation",
        "route": "hiking",
        "type": "route",
        "@geometry": "center"
      },
      "geometry": {
        "type": "Point",
        "coordinates": [
          -75.7507906,
          38.5531385
        ]
      },
      "id": "relation/12938939"
    },
    {
      "type": "Feature",
      "properties": {
        "@id": "relation/12940532",
        "fixme": "Ground survey needed between trail post and aournd pool.",
        "name": "Black Trail",
        "network": "Henson Scout Reservation",
        "route": "hiking",
        "type": "route",
        "@geometry": "center"
      },
      "geometry": {
        "type": "Point",
        "coordinates": [
          -75.7482875,
          38.5423255
        ]
      },
      "id": "relation/12940532"
    },
    {
      "type": "Feature",
      "properties": {
        "@id": "relation/12994686",
        "description": "Outbound route of the GFT",
        "name": "Gwynns Falls Trail (Outbound)",
        "network": "lwn",
        "operator": "Baltimore City Department of Recreation & Parks",
        "osmc:symbol": "green:green_round:GFT:white",
        "ref": "GFT",
        "route": "hiking",
        "symbol": "Green oval with GFT inside",
        "type": "route",
        "@geometry": "center"
      },
      "geometry": {
        "type": "Point",
        "coordinates": [
          -76.6626031,
          39.2920588
        ]
      },
      "id": "relation/12994686"
    },
    {
      "type": "Feature",
      "properties": {
        "@id": "relation/12994687",
        "description": "Inbound route of the GFT",
        "name": "Gwynns Falls Trail (Inbound)",
        "network": "lwn",
        "operator": "Baltimore City Department of Recreation & Parks",
        "osmc:symbol": "green:green_round:GFT:white",
        "ref": "GFT",
        "route": "hiking",
        "symbol": "Green oval with GFT inside",
        "type": "route",
        "@geometry": "center"
      },
      "geometry": {
        "type": "Point",
        "coordinates": [
          -76.6618511,
          39.2920588
        ]
      },
      "id": "relation/12994687"
    },
    {
      "type": "Feature",
      "properties": {
        "@id": "relation/13108977",
        "name": "Muncaster Mill Trail",
        "network": "lwn",
        "route": "hiking",
        "type": "route",
        "@geometry": "center"
      },
      "geometry": {
        "type": "Point",
        "coordinates": [
          -77.1083503,
          39.1138049
        ]
      },
      "id": "relation/13108977"
    },
    {
      "type": "Feature",
      "properties": {
        "@id": "relation/13140614",
        "name": "RTF River North",
        "network": "lwn",
        "operator": "Rivanna Trails Foundation",
        "osmc:symbol": "green:green_round:green_round:RTF:white",
        "route": "hiking",
        "symbol": "white RTF in filled green circle",
        "type": "route",
        "@geometry": "center"
      },
      "geometry": {
        "type": "Point",
        "coordinates": [
          -78.4496157,
          38.0666213
        ]
      },
      "id": "relation/13140614"
    },
    {
      "type": "Feature",
      "properties": {
        "@id": "relation/13179960",
        "name": "Uplands Trail Outer Loop",
        "network": "lwn",
        "operator": "Ohio River Islands National Wildlife Refuge",
        "route": "hiking",
        "type": "route",
        "@geometry": "center"
      },
      "geometry": {
        "type": "Point",
        "coordinates": [
          -81.4226023,
          39.3886202
        ]
      },
      "id": "relation/13179960"
    },
    {
      "type": "Feature",
      "properties": {
        "@id": "relation/13240498",
        "name": "Ramseys Draft Trail",
        "network": "lwn",
        "operator": "United States Forest Service",
        "route": "hiking",
        "type": "route",
        "@geometry": "center"
      },
      "geometry": {
        "type": "Point",
        "coordinates": [
          -79.3335411,
          38.3446348
        ]
      },
      "id": "relation/13240498"
    },
    {
      "type": "Feature",
      "properties": {
        "@id": "relation/13240499",
        "name": "Hardscrabble Knob Trail",
        "network": "lwn",
        "operator": "United States Forest Service",
        "route": "hiking",
        "type": "route",
        "@geometry": "center"
      },
      "geometry": {
        "type": "Point",
        "coordinates": [
          -79.3205954,
          38.369934
        ]
      },
      "id": "relation/13240499"
    },
    {
      "type": "Feature",
      "properties": {
        "@id": "relation/13242678",
        "name": "Road Hollow Trail",
        "network": "lwn",
        "operator": "United States Forest Service",
        "osmc:symbol": "yellow:white:yellow_stripe",
        "route": "hiking",
        "type": "route",
        "@geometry": "center"
      },
      "geometry": {
        "type": "Point",
        "coordinates": [
          -79.3665399,
          38.3179499
        ]
      },
      "id": "relation/13242678"
    },
    {
      "type": "Feature",
      "properties": {
        "@id": "relation/13242679",
        "name": "Jerrys Run Trail",
        "network": "lwn",
        "operator": "United States Forest Service",
        "ref": "441",
        "route": "hiking",
        "type": "route",
        "@geometry": "center"
      },
      "geometry": {
        "type": "Point",
        "coordinates": [
          -79.3521674,
          38.3384228
        ]
      },
      "id": "relation/13242679"
    },
    {
      "type": "Feature",
      "properties": {
        "@id": "relation/13244094",
        "name": "Shenandoah Mountain Trail",
        "network": "lwn",
        "operator": "United States Forest Service",
        "ref": "447",
        "route": "hiking",
        "type": "route",
        "@geometry": "center"
      },
      "geometry": {
        "type": "Point",
        "coordinates": [
          -79.4567952,
          38.263306
        ]
      },
      "id": "relation/13244094"
    },
    {
      "type": "Feature",
      "properties": {
        "@id": "relation/13267343",
        "colour": "white",
        "name": "Wild Oak National Recreation Trail",
        "network": "lwn",
        "operator": "United States Forest Service",
        "osmc:symbol": "blue:brown:white_stripe",
        "ref": "716",
        "route": "hiking",
        "type": "route",
        "website": "https://www.fs.usda.gov/recarea/gwj/recreation/recarea/?recid=79253",
        "wikidata": "Q8000735",
        "wikipedia": "en:Wild Oak Trail",
        "@geometry": "center"
      },
      "geometry": {
        "type": "Point",
        "coordinates": [
          -79.2354623,
          38.3522677
        ]
      },
      "id": "relation/13267343"
    },
    {
      "type": "Feature",
      "properties": {
        "@id": "relation/13272733",
        "name": "Helveys Mill Shelter Side Trail",
        "route": "hiking",
        "type": "route",
        "@geometry": "center"
      },
      "geometry": {
        "type": "Point",
        "coordinates": [
          -81.1039307,
          37.1324085
        ]
      },
      "id": "relation/13272733"
    },
    {
      "type": "Feature",
      "properties": {
        "@id": "relation/13324195",
        "name": "White Rocks Falls Trail",
        "network": "lwn",
        "operator": "United States Forest Service",
        "osmc:symbol": "yellow:white:yellow_stripe",
        "ref": "482",
        "route": "hiking",
        "type": "route",
        "@geometry": "center"
      },
      "geometry": {
        "type": "Point",
        "coordinates": [
          -79.0519893,
          37.899906
        ]
      },
      "id": "relation/13324195"
    },
    {
      "type": "Feature",
      "properties": {
        "@id": "relation/13324196",
        "name": "Slacks Overlook Trail",
        "network": "lwn",
        "operator": "George Washington National Forest",
        "osmc:symbol": "blue:white:blue_stripe",
        "ref": "480A",
        "route": "hiking",
        "type": "route",
        "@geometry": "center"
      },
      "geometry": {
        "type": "Point",
        "coordinates": [
          -79.0451496,
          37.9065668
        ]
      },
      "id": "relation/13324196"
    },
    {
      "type": "Feature",
      "properties": {
        "@id": "relation/13324197",
        "name": "White Rock Gap Trail",
        "network": "lwn",
        "operator": "George Washington National Forest",
        "osmc:symbol": "blue:white:blue_stripe",
        "ref": "480",
        "route": "hiking",
        "type": "route",
        "@geometry": "center"
      },
      "geometry": {
        "type": "Point",
        "coordinates": [
          -79.0315971,
          37.9070852
        ]
      },
      "id": "relation/13324197"
    },
    {
      "type": "Feature",
      "properties": {
        "@id": "relation/13324198",
        "name": "Torry Ridge Trail",
        "network": "lwn",
        "operator": "George Washington National Forest",
        "osmc:symbol": "blue:white:blue_stripe",
        "ref": "507",
        "route": "hiking",
        "type": "route",
        "@geometry": "center"
      },
      "geometry": {
        "type": "Point",
        "coordinates": [
          -79.0127879,
          37.9315336
        ]
      },
      "id": "relation/13324198"
    },
    {
      "type": "Feature",
      "properties": {
        "@id": "relation/13399841",
        "colour": "blue",
        "name": "Blue Traiil",
        "network": "lwn",
        "osmc:symbol": "blue:white:blue_stripe",
        "roundtrip": "no",
        "route": "hiking",
        "type": "route",
        "@geometry": "center"
      },
      "geometry": {
        "type": "Point",
        "coordinates": [
          -76.8137339,
          38.6394853
        ]
      },
      "id": "relation/13399841"
    },
    {
      "type": "Feature",
      "properties": {
        "@id": "relation/13472909",
        "name": "Orange Trail",
        "network": "lwn",
        "osmc:symbol": "orange:white:orange_stripe",
        "route": "hiking",
        "type": "route",
        "@geometry": "center"
      },
      "geometry": {
        "type": "Point",
        "coordinates": [
          -76.8212343,
          38.6473771
        ]
      },
      "id": "relation/13472909"
    },
    {
      "type": "Feature",
      "properties": {
        "@id": "relation/13472910",
        "name": "White Trail",
        "network": "lwn",
        "osmc:symbol": "blue::white_stripe",
        "route": "hiking",
        "type": "route",
        "@geometry": "center"
      },
      "geometry": {
        "type": "Point",
        "coordinates": [
          -76.8239571,
          38.6366658
        ]
      },
      "id": "relation/13472910"
    },
    {
      "type": "Feature",
      "properties": {
        "@id": "relation/13497097",
        "name": "Windy Ridge Trail",
        "network": "lwn",
        "route": "hiking",
        "type": "route",
        "@geometry": "center"
      },
      "geometry": {
        "type": "Point",
        "coordinates": [
          -77.2852207,
          39.2700714
        ]
      },
      "id": "relation/13497097"
    },
    {
      "type": "Feature",
      "properties": {
        "@id": "relation/13497098",
        "name": "Browning Run Trail",
        "network": "lwn",
        "route": "hiking",
        "type": "route",
        "@geometry": "center"
      },
      "geometry": {
        "type": "Point",
        "coordinates": [
          -77.2779594,
          39.2730694
        ]
      },
      "id": "relation/13497098"
    },
    {
      "type": "Feature",
      "properties": {
        "@id": "relation/13497099",
        "name": "Western Piedmont Trail",
        "network": "lwn",
        "route": "hiking",
        "type": "route",
        "@geometry": "center"
      },
      "geometry": {
        "type": "Point",
        "coordinates": [
          -77.2914751,
          39.2710308
        ]
      },
      "id": "relation/13497099"
    },
    {
      "type": "Feature",
      "properties": {
        "@id": "relation/13497100",
        "name": "Pine Grove Trail",
        "network": "rwn",
        "route": "hiking",
        "type": "route",
        "@geometry": "center"
      },
      "geometry": {
        "type": "Point",
        "coordinates": [
          -77.2947574,
          39.2785604
        ]
      },
      "id": "relation/13497100"
    },
    {
      "type": "Feature",
      "properties": {
        "@id": "relation/13497101",
        "name": "Timber Ridge Trail",
        "network": "lwn",
        "route": "hiking",
        "type": "route",
        "@geometry": "center"
      },
      "geometry": {
        "type": "Point",
        "coordinates": [
          -77.2897388,
          39.2797168
        ]
      },
      "id": "relation/13497101"
    },
    {
      "type": "Feature",
      "properties": {
        "@id": "relation/13497102",
        "name": "Tobacco Barn Trail",
        "network": "lwn",
        "route": "hiking",
        "type": "route",
        "@geometry": "center"
      },
      "geometry": {
        "type": "Point",
        "coordinates": [
          -77.281517,
          39.2803481
        ]
      },
      "id": "relation/13497102"
    },
    {
      "type": "Feature",
      "properties": {
        "@id": "relation/13497103",
        "name": "Sidewinder Trail",
        "network": "lwn",
        "route": "hiking",
        "type": "route",
        "@geometry": "center"
      },
      "geometry": {
        "type": "Point",
        "coordinates": [
          -77.3035895,
          39.2812695
        ]
      },
      "id": "relation/13497103"
    },
    {
      "type": "Feature",
      "properties": {
        "@id": "relation/13497104",
        "name": "Dark Branch Trail",
        "route": "hiking",
        "type": "route",
        "@geometry": "center"
      },
      "geometry": {
        "type": "Point",
        "coordinates": [
          -77.2996341,
          39.2799967
        ]
      },
      "id": "relation/13497104"
    },
    {
      "type": "Feature",
      "properties": {
        "@id": "relation/13497105",
        "name": "Pardum Trail",
        "network": "lwn",
        "route": "hiking",
        "type": "route",
        "@geometry": "center"
      },
      "geometry": {
        "type": "Point",
        "coordinates": [
          -77.2604899,
          39.2676835
        ]
      },
      "id": "relation/13497105"
    },
    {
      "type": "Feature",
      "properties": {
        "@id": "relation/13497106",
        "name": "Kinglsey Trail",
        "network": "lwn",
        "route": "hiking",
        "type": "route",
        "@geometry": "center"
      },
      "geometry": {
        "type": "Point",
        "coordinates": [
          -77.2742469,
          39.2625174
        ]
      },
      "id": "relation/13497106"
    },
    {
      "type": "Feature",
      "properties": {
        "@id": "relation/13497107",
        "name": "Hard Cider Trail",
        "network": "lwn",
        "route": "hiking",
        "type": "route",
        "@geometry": "center"
      },
      "geometry": {
        "type": "Point",
        "coordinates": [
          -77.273973,
          39.2638271
        ]
      },
      "id": "relation/13497107"
    },
    {
      "type": "Feature",
      "properties": {
        "@id": "relation/13497108",
        "name": "Loggers Trail",
        "network": "lwn",
        "route": "hiking",
        "type": "route",
        "@geometry": "center"
      },
      "geometry": {
        "type": "Point",
        "coordinates": [
          -77.2732125,
          39.2677085
        ]
      },
      "id": "relation/13497108"
    },
    {
      "type": "Feature",
      "properties": {
        "@id": "relation/13497109",
        "name": "Pine Knob Trail",
        "network": "lwn",
        "route": "hiking",
        "type": "route",
        "@geometry": "center"
      },
      "geometry": {
        "type": "Point",
        "coordinates": [
          -77.2754293,
          39.2720626
        ]
      },
      "id": "relation/13497109"
    },
    {
      "type": "Feature",
      "properties": {
        "@id": "relation/13526489",
        "name": "Twomile Ridge Trail",
        "network": "lwn",
        "operator": "United States National Park Service",
        "osmc:symbol": "blue:white:blue_stripe",
        "route": "hiking",
        "type": "route",
        "@geometry": "center"
      },
      "geometry": {
        "type": "Point",
        "coordinates": [
          -78.6595229,
          38.3081677
        ]
      },
      "id": "relation/13526489"
    },
    {
      "type": "Feature",
      "properties": {
        "@id": "relation/13526490",
        "name": "Gap Run Trail",
        "network": "lwn",
        "operator": "United States National Park Service",
        "osmc:symbol": "blue:white:blue_stripe",
        "route": "hiking",
        "type": "route",
        "@geometry": "center"
      },
      "geometry": {
        "type": "Point",
        "coordinates": [
          -78.6382737,
          38.3382428
        ]
      },
      "id": "relation/13526490"
    },
    {
      "type": "Feature",
      "properties": {
        "@id": "relation/13526491",
        "name": "Rocky Mount Trail",
        "network": "lwn",
        "operator": "United States National Park Service",
        "osmc:symbol": "blue:white:blue_stripe",
        "route": "hiking",
        "type": "route",
        "@geometry": "center"
      },
      "geometry": {
        "type": "Point",
        "coordinates": [
          -78.6423726,
          38.3230629
        ]
      },
      "id": "relation/13526491"
    },
    {
      "type": "Feature",
      "properties": {
        "@id": "relation/13526492",
        "name": "Onemile Run Trail",
        "operator": "United States National Park Service",
        "osmc:symbol": "blue:white:blue_stripe",
        "route": "hiking",
        "type": "route",
        "@geometry": "center"
      },
      "geometry": {
        "type": "Point",
        "coordinates": [
          -78.6677822,
          38.3218248
        ]
      },
      "id": "relation/13526492"
    },
    {
      "type": "Feature",
      "properties": {
        "@id": "relation/13526493",
        "name": "Jones Run Trail",
        "network": "lwn",
        "operator": "United States National Park Service",
        "osmc:symbol": "blue:white:blue_stripe",
        "route": "hiking",
        "type": "route",
        "@geometry": "center"
      },
      "geometry": {
        "type": "Point",
        "coordinates": [
          -78.710197,
          38.2294846
        ]
      },
      "id": "relation/13526493"
    },
    {
      "type": "Feature",
      "properties": {
        "@id": "relation/13526494",
        "name": "Doyles River Trail",
        "network": "lwn",
        "operator": "United States National Park Service",
        "osmc:symbol": "blue:white:blue_stripe",
        "route": "hiking",
        "type": "route",
        "@geometry": "center"
      },
      "geometry": {
        "type": "Point",
        "coordinates": [
          -78.6884691,
          38.2424743
        ]
      },
      "id": "relation/13526494"
    },
    {
      "type": "Feature",
      "properties": {
        "@id": "relation/13526495",
        "name": "Browns Gap Fire Road",
        "network": "lwn",
        "operator": "United States National Park Service",
        "osmc:symbol": "yellow:white:yellow_stripe",
        "route": "hiking",
        "type": "route",
        "@geometry": "center"
      },
      "geometry": {
        "type": "Point",
        "coordinates": [
          -78.7229196,
          38.2335303
        ]
      },
      "id": "relation/13526495"
    },
    {
      "type": "Feature",
      "properties": {
        "@id": "relation/13599145",
        "atv": "no",
        "bicycle": "no",
        "colour": "green",
        "distance": "2.26 mi",
        "foot": "permissive",
        "motor_vehicle": "no",
        "name": "Holly Hill Trail",
        "network": "lwn",
        "operator": "American Chestnut Land Trust",
        "roundtrip": "no",
        "route": "hiking",
        "signed_direction": "no",
        "trailblazed": "symbols",
        "trailblazed:visibility": "intermediate",
        "type": "route",
        "@geometry": "center"
      },
      "geometry": {
        "type": "Point",
        "coordinates": [
          -76.5385224,
          38.5515147
        ]
      },
      "id": "relation/13599145"
    },
    {
      "type": "Feature",
      "properties": {
        "@id": "relation/13618210",
        "colour": "green",
        "name": "Green Trail",
        "network": "lhn",
        "operator": "Maryland Park Service",
        "route": "hiking",
        "type": "route",
        "@geometry": "center"
      },
      "geometry": {
        "type": "Point",
        "coordinates": [
          -79.4528876,
          39.4496236
        ]
      },
      "id": "relation/13618210"
    },
    {
      "type": "Feature",
      "properties": {
        "@id": "relation/13618212",
        "colour": "blue",
        "name": "Blue Trail",
        "network": "lhn",
        "operator": "Maryland Park Service",
        "route": "hiking",
        "type": "route",
        "@geometry": "center"
      },
      "geometry": {
        "type": "Point",
        "coordinates": [
          -79.4601296,
          39.448305
        ]
      },
      "id": "relation/13618212"
    },
    {
      "type": "Feature",
      "properties": {
        "@id": "relation/13618352",
        "colour": "yellow",
        "name": "Yellow Trail",
        "network": "lhn",
        "operator": "Maryland Park Service",
        "route": "hiking",
        "type": "route",
        "@geometry": "center"
      },
      "geometry": {
        "type": "Point",
        "coordinates": [
          -79.4505615,
          39.4545787
        ]
      },
      "id": "relation/13618352"
    },
    {
      "type": "Feature",
      "properties": {
        "@id": "relation/13800169",
        "name": "Harmony Hollow Trail",
        "network": "lwn",
        "operator": "Potomac Appalachian Trail Club",
        "osmc:symbol": "blue:white:blue_stripe",
        "route": "hiking",
        "type": "route",
        "@geometry": "center"
      },
      "geometry": {
        "type": "Point",
        "coordinates": [
          -78.16873,
          38.8534808
        ]
      },
      "id": "relation/13800169"
    },
    {
      "type": "Feature",
      "properties": {
        "@id": "relation/13800170",
        "name": "Tom Floyd Wayside Trail",
        "network": "lwn",
        "osmc:symbol": "blue:white:blue_stripe",
        "route": "hiking",
        "type": "route",
        "@geometry": "center"
      },
      "geometry": {
        "type": "Point",
        "coordinates": [
          -78.164395,
          38.8510885
        ]
      },
      "id": "relation/13800170"
    },
    {
      "type": "Feature",
      "properties": {
        "@id": "relation/13874851",
        "colour": "navy",
        "name": "Rolling Meadows Trail",
        "network": "lwn",
        "operator": "Virginia Department of Conservation and Recreation",
        "osmc:symbol": "blue:white:blue_stripe",
        "route": "hiking",
        "type": "route",
        "@geometry": "center"
      },
      "geometry": {
        "type": "Point",
        "coordinates": [
          -77.9395665,
          38.9906315
        ]
      },
      "id": "relation/13874851"
    },
    {
      "type": "Feature",
      "properties": {
        "@id": "relation/13874852",
        "colour": "orange",
        "name": "Hayfield Trail",
        "network": "lwn",
        "operator": "Virginia Department of Conservation and Recreation",
        "osmc:symbol": "orange:white:orange_stripe",
        "route": "hiking",
        "type": "route",
        "@geometry": "center"
      },
      "geometry": {
        "type": "Point",
        "coordinates": [
          -77.9391221,
          38.9903331
        ]
      },
      "id": "relation/13874852"
    },
    {
      "type": "Feature",
      "properties": {
        "@id": "relation/13874853",
        "colour": "#4f8fe6",
        "name": "Old Pasture Trail",
        "network": "lwn",
        "operator": "Virginia Department of Conservation and Recreation",
        "osmc:symbol": "blue:white:blue_stripe",
        "route": "hiking",
        "type": "route",
        "@geometry": "center"
      },
      "geometry": {
        "type": "Point",
        "coordinates": [
          -77.935711,
          38.9913443
        ]
      },
      "id": "relation/13874853"
    },
    {
      "type": "Feature",
      "properties": {
        "@id": "relation/13874854",
        "colour": "yellow",
        "name": "Lost Mountain Trail",
        "network": "lwn",
        "operator": "Virginia Department of Conservation and Recreation",
        "osmc:symbol": "yellow:white:yellow_stripe",
        "route": "hiking",
        "type": "route",
        "@geometry": "center"
      },
      "geometry": {
        "type": "Point",
        "coordinates": [
          -77.9305854,
          38.9912972
        ]
      },
      "id": "relation/13874854"
    },
    {
      "type": "Feature",
      "properties": {
        "@id": "relation/13874855",
        "colour": "white",
        "name": "Washington's Ridge Trail",
        "network": "lwn",
        "operator": "Virginia Department of Conservation and Recreation",
        "osmc:symbol": "blue::white_stripe",
        "route": "hiking",
        "type": "route",
        "@geometry": "center"
      },
      "geometry": {
        "type": "Point",
        "coordinates": [
          -77.9325022,
          38.9891236
        ]
      },
      "id": "relation/13874855"
    },
    {
      "type": "Feature",
      "properties": {
        "@id": "relation/13874856",
        "colour": "#9B111E",
        "name": "Shermans Mill Trail",
        "network": "lwn",
        "osmc:symbol": "red:white:red_stripe",
        "route": "hiking",
        "type": "route",
        "@geometry": "center"
      },
      "geometry": {
        "type": "Point",
        "coordinates": [
          -77.9436171,
          38.9877682
        ]
      },
      "id": "relation/13874856"
    },
    {
      "type": "Feature",
      "properties": {
        "@id": "relation/13902388",
        "name": "Oak Ridge Trail",
        "network": "lwn",
        "route": "hiking",
        "type": "route",
        "@geometry": "center"
      },
      "geometry": {
        "type": "Point",
        "coordinates": [
          -81.874168,
          39.2366983
        ]
      },
      "id": "relation/13902388"
    },
    {
      "type": "Feature",
      "properties": {
        "@id": "relation/13902389",
        "name": "High Meadow Spur Trail",
        "network": "lwn",
        "route": "hiking",
        "type": "route",
        "@geometry": "center"
      },
      "geometry": {
        "type": "Point",
        "coordinates": [
          -81.871722,
          39.23764
        ]
      },
      "id": "relation/13902389"
    },
    {
      "type": "Feature",
      "properties": {
        "@id": "relation/13908788",
        "name": "Blue Ridge Tunnel Trail",
        "network": "lwn",
        "route": "hiking",
        "type": "route",
        "@geometry": "center"
      },
      "geometry": {
        "type": "Point",
        "coordinates": [
          -78.8530204,
          38.0368805
        ]
      },
      "id": "relation/13908788"
    },
    {
      "type": "Feature",
      "properties": {
        "@id": "relation/13908789",
        "name": "South Fork Moormans Fire Road",
        "network": "lwn",
        "operator": "United States National Park Service",
        "osmc:symbol": "yellow:white:yellow_stripe",
        "route": "hiking",
        "type": "route",
        "@geometry": "center"
      },
      "geometry": {
        "type": "Point",
        "coordinates": [
          -78.7649162,
          38.1184475
        ]
      },
      "id": "relation/13908789"
    },
    {
      "type": "Feature",
      "properties": {
        "@id": "relation/13908790",
        "name": "Turk Mountain Trail",
        "network": "lwn",
        "operator": "United States National Park Service",
        "osmc:symbol": "blue:white:blue_stripe",
        "route": "hiking",
        "type": "route",
        "@geometry": "center"
      },
      "geometry": {
        "type": "Point",
        "coordinates": [
          -78.7947872,
          38.1258458
        ]
      },
      "id": "relation/13908790"
    },
    {
      "type": "Feature",
      "properties": {
        "@id": "relation/13909650",
        "name": "Turk Branch Trail",
        "network": "lwn",
        "operator": "United States National Park Service",
        "osmc:symbol": "yellow:white:yellow_stripe",
        "route": "hiking",
        "type": "route",
        "@geometry": "center"
      },
      "geometry": {
        "type": "Point",
        "coordinates": [
          -78.7769331,
          38.1228488
        ]
      },
      "id": "relation/13909650"
    },
    {
      "type": "Feature",
      "properties": {
        "@id": "relation/13909651",
        "name": "Riprap Trail",
        "network": "lwn",
        "operator": "United States National Park Service",
        "osmc:symbol": "blue:white:blue",
        "route": "hiking",
        "type": "route",
        "@geometry": "center"
      },
      "geometry": {
        "type": "Point",
        "coordinates": [
          -78.7865592,
          38.172631
        ]
      },
      "id": "relation/13909651"
    },
    {
      "type": "Feature",
      "properties": {
        "@id": "relation/13909652",
        "name": "Wildcat Ridge Trail",
        "network": "lwn",
        "operator": "United States National Park Service",
        "osmc:symbol": "blue:white:blue",
        "route": "hiking",
        "type": "route",
        "@geometry": "center"
      },
      "geometry": {
        "type": "Point",
        "coordinates": [
          -78.7857199,
          38.1580056
        ]
      },
      "id": "relation/13909652"
    },
    {
      "type": "Feature",
      "properties": {
        "@id": "relation/13912180",
        "name": "North Fork Moormans River Trail",
        "network": "lwn",
        "operator": "United States National Park Service",
        "osmc:symbol": "yellow:white:yellow_stripe",
        "route": "hiking",
        "type": "route",
        "@geometry": "center"
      },
      "geometry": {
        "type": "Point",
        "coordinates": [
          -78.741846,
          38.1732112
        ]
      },
      "id": "relation/13912180"
    },
    {
      "type": "Feature",
      "properties": {
        "@id": "relation/13915879",
        "colour": "yellow",
        "name": "Scenic River Trail",
        "network": "lwn",
        "operator": "Marietta Unit, Athens Ranger District, United States of America National Park Service",
        "osmc:symbol": ":yellow:white:yellow-rhomb",
        "route": "hiking",
        "type": "route",
        "@geometry": "center"
      },
      "geometry": {
        "type": "Point",
        "coordinates": [
          -81.1650037,
          39.4591741
        ]
      },
      "id": "relation/13915879"
    },
    {
      "type": "Feature",
      "properties": {
        "@id": "relation/13932016",
        "name": "Gasline Road",
        "network": "lwn",
        "operator": "United States National Park Service",
        "osmc:symbol": "yellow:white:yellow_stripe",
        "route": "hiking",
        "type": "route",
        "@geometry": "center"
      },
      "geometry": {
        "type": "Point",
        "coordinates": [
          -78.7874163,
          38.1023256
        ]
      },
      "id": "relation/13932016"
    },
    {
      "type": "Feature",
      "properties": {
        "@id": "relation/13932017",
        "name": "Turk Gap Trail",
        "network": "lwn",
        "operator": "United States National Park Service",
        "osmc:symbol": "yellow:white:yellow_stripe",
        "route": "hiking",
        "type": "route",
        "@geometry": "center"
      },
      "geometry": {
        "type": "Point",
        "coordinates": [
          -78.7952126,
          38.1355533
        ]
      },
      "id": "relation/13932017"
    },
    {
      "type": "Feature",
      "properties": {
        "@id": "relation/13932018",
        "name": "Paine Run Trail",
        "operator": "United States National Park Service",
        "osmc:symbol": "yellow:white:yellow_stripe",
        "route": "hiking",
        "type": "route",
        "@geometry": "center"
      },
      "geometry": {
        "type": "Point",
        "coordinates": [
          -78.7721159,
          38.2004301
        ]
      },
      "id": "relation/13932018"
    },
    {
      "type": "Feature",
      "properties": {
        "@id": "relation/13932019",
        "name": "Trayfoot Mountain Trail",
        "network": "lwn",
        "operator": "United States National Park Service",
        "osmc:symbol": "blue:white:blue_stripe",
        "route": "hiking",
        "type": "route",
        "@geometry": "center"
      },
      "geometry": {
        "type": "Point",
        "coordinates": [
          -78.7659191,
          38.2118655
        ]
      },
      "id": "relation/13932019"
    },
    {
      "type": "Feature",
      "properties": {
        "@id": "relation/13968933",
        "colour": "White",
        "distance": "~300 miles",
        "from": "Cumberland Gap",
        "name": "Cumberland Trail",
        "network": "rwn",
        "network:type": "rwn",
        "operator": "Tennessee State Parks",
        "ref": "CT",
        "route": "hiking",
        "to": "Signal Point",
        "type": "route",
        "website": "https://tnstateparks.com/parks/cumberland-trail",
        "wikidata": "Q5193972",
        "wikipedia": "en:Justin P. Wilson Cumberland Trail State Park",
        "@geometry": "center"
      },
      "geometry": {
        "type": "Point",
        "coordinates": [
          -84.5480707,
          35.8599887
        ]
      },
      "id": "relation/13968933"
    },
    {
      "type": "Feature",
      "properties": {
        "@id": "relation/14142326",
        "name": "Flowing  Free Trail",
        "network": "lwn",
        "osmc:symbol": "yellow:white:yellow_stripe",
        "route": "hiking",
        "type": "route",
        "@geometry": "center"
      },
      "geometry": {
        "type": "Point",
        "coordinates": [
          -77.0611492,
          39.2432022
        ]
      },
      "id": "relation/14142326"
    },
    {
      "type": "Feature",
      "properties": {
        "@id": "relation/14142327",
        "name": "Cemetery Trail",
        "network": "lwn",
        "osmc:symbol": "red:white:red_stripe",
        "route": "hiking",
        "type": "route",
        "@geometry": "center"
      },
      "geometry": {
        "type": "Point",
        "coordinates": [
          -77.0675462,
          39.2427915
        ]
      },
      "id": "relation/14142327"
    },
    {
      "type": "Feature",
      "properties": {
        "@id": "relation/14142328",
        "name": "Blue Trail",
        "network": "lwn",
        "osmc:symbol": "blue:white:blue_stripe",
        "route": "hiking",
        "type": "route",
        "@geometry": "center"
      },
      "geometry": {
        "type": "Point",
        "coordinates": [
          -77.0614655,
          39.2400291
        ]
      },
      "id": "relation/14142328"
    },
    {
      "type": "Feature",
      "properties": {
        "@id": "relation/14142329",
        "name": "White Trail",
        "network": "lwn",
        "osmc:symbol": "blue::white_stripe",
        "route": "hiking",
        "type": "route",
        "@geometry": "center"
      },
      "geometry": {
        "type": "Point",
        "coordinates": [
          -77.0600222,
          39.238721
        ]
      },
      "id": "relation/14142329"
    },
    {
      "type": "Feature",
      "properties": {
        "@id": "relation/14165087",
        "name": "Elkhorn Branch Trail",
        "route": "hiking",
        "type": "route",
        "@geometry": "center"
      },
      "geometry": {
        "type": "Point",
        "coordinates": [
          -76.8246452,
          39.2054866
        ]
      },
      "id": "relation/14165087"
    },
    {
      "type": "Feature",
      "properties": {
        "@id": "relation/14165227",
        "name": "Lake Elkhorn Loop",
        "network": "lwn",
        "route": "hiking",
        "type": "route",
        "@geometry": "center"
      },
      "geometry": {
        "type": "Point",
        "coordinates": [
          -76.8413769,
          39.18324
        ]
      },
      "id": "relation/14165227"
    },
    {
      "type": "Feature",
      "properties": {
        "@id": "relation/14205718",
        "name": "Sand Spring Trail",
        "network": "lwn",
        "operator": "United States Forest Service",
        "ref": "423",
        "route": "hiking",
        "type": "route",
        "@geometry": "center"
      },
      "geometry": {
        "type": "Point",
        "coordinates": [
          -79.165485,
          38.4272675
        ]
      },
      "id": "relation/14205718"
    },
    {
      "type": "Feature",
      "properties": {
        "@id": "relation/14208247",
        "name": "Byrd’s Loop Trail",
        "network": "lwn",
        "operator": "Virginia Department of Conservation and Recreation",
        "route": "hiking",
        "symbol": "yellow rectangle",
        "type": "route",
        "@geometry": "center"
      },
      "geometry": {
        "type": "Point",
        "coordinates": [
          -79.9890788,
          36.542045
        ]
      },
      "id": "relation/14208247"
    },
    {
      "type": "Feature",
      "properties": {
        "@id": "relation/14208248",
        "name": "Redbud Trail",
        "network": "lwn",
        "operator": "Virginia Department of Conservation and Recreation",
        "route": "hiking",
        "symbol": "red rectangle",
        "type": "route",
        "@geometry": "center"
      },
      "geometry": {
        "type": "Point",
        "coordinates": [
          -80.0049859,
          36.5562296
        ]
      },
      "id": "relation/14208248"
    },
    {
      "type": "Feature",
      "properties": {
        "@id": "relation/14216659",
        "name": "Mud Pond Gap Trail",
        "network": "lwn",
        "operator": "United States Forest Service",
        "ref": "544",
        "route": "hiking",
        "type": "route",
        "@geometry": "center"
      },
      "geometry": {
        "type": "Point",
        "coordinates": [
          -79.100491,
          38.4879685
        ]
      },
      "id": "relation/14216659"
    },
    {
      "type": "Feature",
      "properties": {
        "@id": "relation/14240383",
        "name": "Prince Georges County Connector Trail",
        "network": "lwn",
        "route": "hiking",
        "type": "route",
        "@geometry": "center"
      },
      "geometry": {
        "type": "Point",
        "coordinates": [
          -76.97909,
          38.9505791
        ]
      },
      "id": "relation/14240383"
    },
    {
      "type": "Feature",
      "properties": {
        "@id": "relation/14245182",
        "name": "Beaver Creek Trail",
        "route": "hiking",
        "type": "route",
        "@geometry": "center"
      },
      "geometry": {
        "type": "Point",
        "coordinates": [
          -81.0866238,
          37.7434013
        ]
      },
      "id": "relation/14245182"
    },
    {
      "type": "Feature",
      "properties": {
        "@id": "relation/14245183",
        "name": "Billy Goat's Gruff Trail",
        "route": "hiking",
        "type": "route",
        "@geometry": "center"
      },
      "geometry": {
        "type": "Point",
        "coordinates": [
          -81.083375,
          37.7514592
        ]
      },
      "id": "relation/14245183"
    },
    {
      "type": "Feature",
      "properties": {
        "@id": "relation/14245184",
        "name": "Topper's Ridge Trail",
        "route": "hiking",
        "type": "route",
        "@geometry": "center"
      },
      "geometry": {
        "type": "Point",
        "coordinates": [
          -81.0851018,
          37.7505431
        ]
      },
      "id": "relation/14245184"
    },
    {
      "type": "Feature",
      "properties": {
        "@id": "relation/14245185",
        "name": "Rhododendron Run Trail",
        "route": "hiking",
        "type": "route",
        "@geometry": "center"
      },
      "geometry": {
        "type": "Point",
        "coordinates": [
          -81.0827436,
          37.7442874
        ]
      },
      "id": "relation/14245185"
    },
    {
      "type": "Feature",
      "properties": {
        "@id": "relation/14245186",
        "name": "Drop Off Trail",
        "route": "hiking",
        "type": "route",
        "@geometry": "center"
      },
      "geometry": {
        "type": "Point",
        "coordinates": [
          -81.0863686,
          37.739024
        ]
      },
      "id": "relation/14245186"
    },
    {
      "type": "Feature",
      "properties": {
        "@id": "relation/14245187",
        "name": "Stone Trough Trail",
        "route": "hiking",
        "type": "route",
        "@geometry": "center"
      },
      "geometry": {
        "type": "Point",
        "coordinates": [
          -81.0851861,
          37.7421875
        ]
      },
      "id": "relation/14245187"
    },
    {
      "type": "Feature",
      "properties": {
        "@id": "relation/14245188",
        "name": "Turkey Spur Trail",
        "route": "hiking",
        "type": "route",
        "@geometry": "center"
      },
      "geometry": {
        "type": "Point",
        "coordinates": [
          -81.0820718,
          37.7437122
        ]
      },
      "id": "relation/14245188"
    },
    {
      "type": "Feature",
      "properties": {
        "@id": "relation/14245189",
        "name": "Crooked Rock Trail",
        "route": "hiking",
        "type": "route",
        "@geometry": "center"
      },
      "geometry": {
        "type": "Point",
        "coordinates": [
          -81.0816843,
          37.7443834
        ]
      },
      "id": "relation/14245189"
    },
    {
      "type": "Feature",
      "properties": {
        "@id": "relation/14245190",
        "name": "Creek Bed Trail",
        "route": "hiking",
        "type": "route",
        "@geometry": "center"
      },
      "geometry": {
        "type": "Point",
        "coordinates": [
          -81.0816916,
          37.7462801
        ]
      },
      "id": "relation/14245190"
    },
    {
      "type": "Feature",
      "properties": {
        "@id": "relation/14245191",
        "name": "Connector Trail",
        "route": "hiking",
        "type": "route",
        "@geometry": "center"
      },
      "geometry": {
        "type": "Point",
        "coordinates": [
          -81.0789238,
          37.7461569
        ]
      },
      "id": "relation/14245191"
    },
    {
      "type": "Feature",
      "properties": {
        "@id": "relation/14245192",
        "name": "Nature Ridge Trail",
        "route": "hiking",
        "type": "route",
        "@geometry": "center"
      },
      "geometry": {
        "type": "Point",
        "coordinates": [
          -81.0799901,
          37.7499399
        ]
      },
      "id": "relation/14245192"
    },
    {
      "type": "Feature",
      "properties": {
        "@id": "relation/14245193",
        "name": "Lake Front Trail Connector",
        "route": "hiking",
        "type": "route",
        "@geometry": "center"
      },
      "geometry": {
        "type": "Point",
        "coordinates": [
          -81.0812777,
          37.7517346
        ]
      },
      "id": "relation/14245193"
    },
    {
      "type": "Feature",
      "properties": {
        "@id": "relation/14245194",
        "name": "Lake Front Trail",
        "route": "hiking",
        "type": "route",
        "@geometry": "center"
      },
      "geometry": {
        "type": "Point",
        "coordinates": [
          -81.0809956,
          37.752405
        ]
      },
      "id": "relation/14245194"
    },
    {
      "type": "Feature",
      "properties": {
        "@id": "relation/14245195",
        "name": "Connector Trail",
        "route": "hiking",
        "type": "route",
        "@geometry": "center"
      },
      "geometry": {
        "type": "Point",
        "coordinates": [
          -81.0807556,
          37.746719
        ]
      },
      "id": "relation/14245195"
    },
    {
      "type": "Feature",
      "properties": {
        "@id": "relation/14245196",
        "name": "Easy Street Trail",
        "route": "hiking",
        "type": "route",
        "@geometry": "center"
      },
      "geometry": {
        "type": "Point",
        "coordinates": [
          -81.0810291,
          37.7474404
        ]
      },
      "id": "relation/14245196"
    },
    {
      "type": "Feature",
      "properties": {
        "@id": "relation/14245197",
        "name": "Hemlock Trail",
        "route": "hiking",
        "type": "route",
        "@geometry": "center"
      },
      "geometry": {
        "type": "Point",
        "coordinates": [
          -81.0839551,
          37.7482575
        ]
      },
      "id": "relation/14245197"
    },
    {
      "type": "Feature",
      "properties": {
        "@id": "relation/14245198",
        "name": "Deer Trail",
        "route": "hiking",
        "type": "route",
        "@geometry": "center"
      },
      "geometry": {
        "type": "Point",
        "coordinates": [
          -81.0753102,
          37.7508234
        ]
      },
      "id": "relation/14245198"
    },
    {
      "type": "Feature",
      "properties": {
        "@id": "relation/14245199",
        "name": "Laurel Creek Trail",
        "route": "hiking",
        "type": "route",
        "@geometry": "center"
      },
      "geometry": {
        "type": "Point",
        "coordinates": [
          -81.0723893,
          37.748086
        ]
      },
      "id": "relation/14245199"
    },
    {
      "type": "Feature",
      "properties": {
        "@id": "relation/14245200",
        "name": "Weaver Way Trail",
        "route": "hiking",
        "type": "route",
        "@geometry": "center"
      },
      "geometry": {
        "type": "Point",
        "coordinates": [
          -81.0714201,
          37.7481319
        ]
      },
      "id": "relation/14245200"
    },
    {
      "type": "Feature",
      "properties": {
        "@id": "relation/14245201",
        "name": "Railroad Grade Trail",
        "route": "hiking",
        "type": "route",
        "@geometry": "center"
      },
      "geometry": {
        "type": "Point",
        "coordinates": [
          -81.0729718,
          37.749299
        ]
      },
      "id": "relation/14245201"
    },
    {
      "type": "Feature",
      "properties": {
        "@id": "relation/14252350",
        "name": "Saunders-Monticello Trail",
        "network": "lwn",
        "route": "hiking",
        "type": "route",
        "@geometry": "center"
      },
      "geometry": {
        "type": "Point",
        "coordinates": [
          -78.4656788,
          38.0047304
        ]
      },
      "id": "relation/14252350"
    },
    {
      "type": "Feature",
      "properties": {
        "@id": "relation/14256995",
        "name": "Great Eastern Trail - TuNuGu",
        "network": "rwn",
        "ref": "TNG",
        "route": "hiking",
        "type": "route",
        "@geometry": "center"
      },
      "geometry": {
        "type": "Point",
        "coordinates": [
          -81.8011547,
          37.6069713
        ]
      },
      "id": "relation/14256995"
    },
    {
      "type": "Feature",
      "properties": {
        "@id": "relation/14256996",
        "name": "Great Eastern Trail - Energy Trail",
        "network": "lwn",
        "ref": "ET",
        "route": "hiking",
        "type": "route",
        "@geometry": "center"
      },
      "geometry": {
        "type": "Point",
        "coordinates": [
          -82.3016394,
          37.4598462
        ]
      },
      "id": "relation/14256996"
    },
    {
      "type": "Feature",
      "properties": {
        "@id": "relation/14256997",
        "name": "Pine Mountain Trail",
        "network": "rwn",
        "ref": "PMT",
        "route": "hiking",
        "type": "route",
        "@geometry": "center"
      },
      "geometry": {
        "type": "Point",
        "coordinates": [
          -82.812998,
          37.0982365
        ]
      },
      "id": "relation/14256997"
    },
    {
      "type": "Feature",
      "properties": {
        "@id": "relation/14256998",
        "name": "Great Eastern Trail - Pine Mountain Link",
        "network": "rwn",
        "ref": "PMT",
        "route": "hiking",
        "type": "route",
        "@geometry": "center"
      },
      "geometry": {
        "type": "Point",
        "coordinates": [
          -83.4541195,
          36.7497166
        ]
      },
      "id": "relation/14256998"
    },
    {
      "type": "Feature",
      "properties": {
        "@id": "relation/14260989",
        "name": "Stribling Springs Trail",
        "network": "lwn",
        "operator": "United States Forest Service",
        "ref": "535",
        "route": "hiking",
        "type": "route",
        "@geometry": "center"
      },
      "geometry": {
        "type": "Point",
        "coordinates": [
          -79.1689537,
          38.3322511
        ]
      },
      "id": "relation/14260989"
    },
    {
      "type": "Feature",
      "properties": {
        "@id": "relation/14260999",
        "name": "North River Gorge Trail",
        "network": "lwn",
        "operator": "United States Forest Service",
        "osmc:symbol": "purple:white:purple_bar",
        "ref": "538",
        "route": "hiking",
        "type": "route",
        "website": "https://www.fs.usda.gov/recarea/gwj/recreation/hiking/recarea/?recid=78601",
        "@geometry": "center"
      },
      "geometry": {
        "type": "Point",
        "coordinates": [
          -79.1895289,
          38.3477095
        ]
      },
      "id": "relation/14260999"
    },
    {
      "type": "Feature",
      "properties": {
        "@id": "relation/14265406",
        "name": "Buck Mountain Trail",
        "network": "lwn",
        "operator": "United States Forest Service",
        "ref": "434",
        "route": "hiking",
        "type": "route",
        "@geometry": "center"
      },
      "geometry": {
        "type": "Point",
        "coordinates": [
          -79.2073697,
          38.4088921
        ]
      },
      "id": "relation/14265406"
    },
    {
      "type": "Feature",
      "properties": {
        "@id": "relation/14265407",
        "name": "Timber Ridge Trail",
        "network": "lwn",
        "operator": "George Washington National Forest",
        "ref": "431",
        "route": "hiking",
        "type": "route",
        "@geometry": "center"
      },
      "geometry": {
        "type": "Point",
        "coordinates": [
          -79.1985365,
          38.4307458
        ]
      },
      "id": "relation/14265407"
    },
    {
      "type": "Feature",
      "properties": {
        "@id": "relation/14265408",
        "name": "Lynn Trail",
        "network": "lwn",
        "operator": "United States Forest Service",
        "ref": "436",
        "route": "hiking",
        "type": "route",
        "@geometry": "center"
      },
      "geometry": {
        "type": "Point",
        "coordinates": [
          -79.1868889,
          38.4528051
        ]
      },
      "id": "relation/14265408"
    },
    {
      "type": "Feature",
      "properties": {
        "@id": "relation/14265409",
        "name": "Wolf Ridge Trail",
        "network": "lwn",
        "operator": "United States Forest Service",
        "ref": "378",
        "route": "hiking",
        "type": "route",
        "@geometry": "center"
      },
      "geometry": {
        "type": "Point",
        "coordinates": [
          -79.1631881,
          38.4387219
        ]
      },
      "id": "relation/14265409"
    },
    {
      "type": "Feature",
      "properties": {
        "@id": "relation/14265453",
        "name": "Grooms Ridge Trail",
        "network": "lwn",
        "operator": "United States Forest Service",
        "ref": "424",
        "route": "hiking",
        "type": "route",
        "@geometry": "center"
      },
      "geometry": {
        "type": "Point",
        "coordinates": [
          -79.1897538,
          38.387128
        ]
      },
      "id": "relation/14265453"
    },
    {
      "type": "Feature",
      "properties": {
        "@id": "relation/14272214",
        "name": "Little Stoney Trail",
        "network": "lwn",
        "operator": "United States Forest Service",
        "ref": "1027",
        "route": "hiking",
        "type": "route",
        "@geometry": "center"
      },
      "geometry": {
        "type": "Point",
        "coordinates": [
          -79.2714396,
          38.45552
        ]
      },
      "id": "relation/14272214"
    },
    {
      "type": "Feature",
      "properties": {
        "@id": "relation/14272215",
        "name": "North River Trail Spur",
        "network": "lwn",
        "operator": "United States Forest Service",
        "ref": "545",
        "route": "hiking",
        "type": "route",
        "@geometry": "center"
      },
      "geometry": {
        "type": "Point",
        "coordinates": [
          -79.2541629,
          38.4468892
        ]
      },
      "id": "relation/14272215"
    },
    {
      "type": "Feature",
      "properties": {
        "@id": "relation/14272216",
        "name": "North River Trail",
        "network": "lwn",
        "operator": "United States Forest Service",
        "ref": "539",
        "route": "hiking",
        "type": "route",
        "@geometry": "center"
      },
      "geometry": {
        "type": "Point",
        "coordinates": [
          -79.2691535,
          38.4243921
        ]
      },
      "id": "relation/14272216"
    },
    {
      "type": "Feature",
      "properties": {
        "@id": "relation/14272493",
        "name": "Flat Run Trail",
        "network": "lwn",
        "operator": "United States Forest Service",
        "ref": "505",
        "route": "hiking",
        "type": "route",
        "@geometry": "center"
      },
      "geometry": {
        "type": "Point",
        "coordinates": [
          -79.242997,
          38.3505335
        ]
      },
      "id": "relation/14272493"
    },
    {
      "type": "Feature",
      "properties": {
        "@id": "relation/14272558",
        "name": "Narrowback Trail",
        "network": "lwn",
        "operator": "George Washington National Forest",
        "osmc:symbol": "yellow:white:yellow_bar",
        "ref": "432",
        "route": "hiking",
        "type": "route",
        "website": "https://www.fs.usda.gov/recarea/gwj/recreation/hiking/recarea/?recid=79279",
        "@geometry": "center"
      },
      "geometry": {
        "type": "Point",
        "coordinates": [
          -79.1359353,
          38.4138376
        ]
      },
      "id": "relation/14272558"
    },
    {
      "type": "Feature",
      "properties": {
        "@id": "relation/14272569",
        "name": "Tower Trail",
        "network": "lwn",
        "operator": "United States Forest Service",
        "ref": "432A",
        "route": "hiking",
        "type": "route",
        "@geometry": "center"
      },
      "geometry": {
        "type": "Point",
        "coordinates": [
          -79.1378601,
          38.404868
        ]
      },
      "id": "relation/14272569"
    },
    {
      "type": "Feature",
      "properties": {
        "@id": "relation/14272570",
        "name": "Festival Trail",
        "network": "lwn",
        "operator": "United States Forest Service",
        "ref": "432B",
        "route": "hiking",
        "type": "route",
        "@geometry": "center"
      },
      "geometry": {
        "type": "Point",
        "coordinates": [
          -79.1236993,
          38.4280022
        ]
      },
      "id": "relation/14272570"
    },
    {
      "type": "Feature",
      "properties": {
        "@id": "relation/14272769",
        "name": "Dog Graves Trail",
        "network": "lwn",
        "operator": "United States Forest Service",
        "ref": "101B",
        "route": "hiking",
        "type": "route",
        "@geometry": "center"
      },
      "geometry": {
        "type": "Point",
        "coordinates": [
          -79.1416877,
          38.4088548
        ]
      },
      "id": "relation/14272769"
    },
    {
      "type": "Feature",
      "properties": {
        "@id": "relation/14272786",
        "name": "Tillman Trail",
        "network": "lwn",
        "operator": "United States Forest Service",
        "ref": "439",
        "route": "hiking",
        "type": "route",
        "@geometry": "center"
      },
      "geometry": {
        "type": "Point",
        "coordinates": [
          -79.1424862,
          38.395331
        ]
      },
      "id": "relation/14272786"
    },
    {
      "type": "Feature",
      "properties": {
        "@id": "relation/14301142",
        "name": "Big Buck Trail",
        "route": "hiking",
        "type": "route",
        "@geometry": "center"
      },
      "geometry": {
        "type": "Point",
        "coordinates": [
          -81.0740164,
          37.8366173
        ]
      },
      "id": "relation/14301142"
    },
    {
      "type": "Feature",
      "properties": {
        "@id": "relation/14301143",
        "name": "Little Laurel Trail",
        "operator": "National Park Service",
        "route": "hiking",
        "type": "route",
        "@geometry": "center"
      },
      "geometry": {
        "type": "Point",
        "coordinates": [
          -81.0730305,
          37.845081
        ]
      },
      "id": "relation/14301143"
    },
    {
      "type": "Feature",
      "properties": {
        "@id": "relation/14301267",
        "name": "Woodland Loop Trail",
        "route": "hiking",
        "type": "route",
        "@geometry": "center"
      },
      "geometry": {
        "type": "Point",
        "coordinates": [
          -81.0709591,
          37.8346895
        ]
      },
      "id": "relation/14301267"
    },
    {
      "type": "Feature",
      "properties": {
        "@id": "relation/14314314",
        "from": "Dining Hall",
        "name": "Jeffress Lakeside Trail",
        "network": "lwn",
        "operator": "Heart of Virginia Council",
        "route": "hiking",
        "to": "Campfire Circle",
        "type": "route",
        "@geometry": "center"
      },
      "geometry": {
        "type": "Point",
        "coordinates": [
          -77.8616945,
          37.6790928
        ]
      },
      "id": "relation/14314314"
    },
    {
      "type": "Feature",
      "properties": {
        "@id": "relation/14344409",
        "from": "Admin Parking Lot",
        "name": "Chappelle Nature Trail",
        "operator": "Heart of Virginia Council",
        "route": "hiking",
        "to": "Retreat Field",
        "type": "route",
        "@geometry": "center"
      },
      "geometry": {
        "type": "Point",
        "coordinates": [
          -77.8615199,
          37.6740755
        ]
      },
      "id": "relation/14344409"
    },
    {
      "type": "Feature",
      "properties": {
        "@id": "relation/14348663",
        "colour": "orange",
        "name": "Bass Bright Trail",
        "network": "lwn",
        "operator": "Virginia Department of Conservation and Recreation",
        "osmc:symbol": "orange:white:orange_stripe",
        "route": "hiking",
        "type": "route",
        "@geometry": "center"
      },
      "geometry": {
        "type": "Point",
        "coordinates": [
          -78.48606,
          38.8561702
        ]
      },
      "id": "relation/14348663"
    },
    {
      "type": "Feature",
      "properties": {
        "@id": "relation/14348664",
        "colour": "purple",
        "name": "Pawpaw Hollow Trail",
        "network": "lwn",
        "operator": "Virginia Department of Conservation and Recreation",
        "osmc:symbol": "purple:white:purple_stripe",
        "route": "hiking",
        "type": "route",
        "@geometry": "center"
      },
      "geometry": {
        "type": "Point",
        "coordinates": [
          -78.4802079,
          38.8540793
        ]
      },
      "id": "relation/14348664"
    },
    {
      "type": "Feature",
      "properties": {
        "@id": "relation/14348665",
        "colour": "red",
        "name": "Riverbend Rise Trail",
        "network": "lwn",
        "operator": "Virginia Department of Conservation and Recreation",
        "osmc:symbol": "red:white:red_stripe",
        "route": "hiking",
        "type": "route",
        "@geometry": "center"
      },
      "geometry": {
        "type": "Point",
        "coordinates": [
          -78.4782252,
          38.8590142
        ]
      },
      "id": "relation/14348665"
    },
    {
      "type": "Feature",
      "properties": {
        "@id": "relation/14348666",
        "colour": "blue",
        "name": "Eagles Edge Trail",
        "network": "lwn",
        "operator": "Virginia Department of Conservation and Recreation",
        "osmc:symbol": "blue:white:blue_stripe",
        "route": "hiking",
        "type": "route",
        "@geometry": "center"
      },
      "geometry": {
        "type": "Point",
        "coordinates": [
          -78.4926291,
          38.8689688
        ]
      },
      "id": "relation/14348666"
    },
    {
      "type": "Feature",
      "properties": {
        "@id": "relation/14348667",
        "colour": "lime",
        "name": "Gokatta Trail",
        "network": "lwn",
        "operator": "Virginia Department of Conservation and Recreation",
        "osmc:symbol": "yellow:white:yellow_stripe",
        "route": "hiking",
        "type": "route",
        "@geometry": "center"
      },
      "geometry": {
        "type": "Point",
        "coordinates": [
          -78.4843984,
          38.8668721
        ]
      },
      "id": "relation/14348667"
    },
    {
      "type": "Feature",
      "properties": {
        "@id": "relation/14348668",
        "colour": "white",
        "name": "Reservoir Trail",
        "network": "lwn",
        "operator": "Virginia Department of Conservation and Recreation",
        "osmc:symbol": "blue::white_stripe",
        "route": "hiking",
        "type": "route",
        "@geometry": "center"
      },
      "geometry": {
        "type": "Point",
        "coordinates": [
          -78.486437,
          38.8436864
        ]
      },
      "id": "relation/14348668"
    },
    {
      "type": "Feature",
      "properties": {
        "@id": "relation/14348669",
        "colour": "yellow",
        "name": "Talus Trail",
        "network": "lwn",
        "operator": "Virginia Department of Conservation and Recreation",
        "osmc:symbol": "yellow:white:yellow_stripe",
        "route": "hiking",
        "type": "route",
        "@geometry": "center"
      },
      "geometry": {
        "type": "Point",
        "coordinates": [
          -78.4853772,
          38.8402939
        ]
      },
      "id": "relation/14348669"
    },
    {
      "type": "Feature",
      "properties": {
        "@id": "relation/14348670",
        "colour": "pink",
        "name": "Stonecrop Ridge Trail",
        "network": "lwn",
        "operator": "Virginia Department of Conservation and Recreation",
        "osmc:symbol": "pink:white:pink_stripe",
        "route": "hiking",
        "type": "route",
        "@geometry": "center"
      },
      "geometry": {
        "type": "Point",
        "coordinates": [
          -78.4880582,
          38.8464592
        ]
      },
      "id": "relation/14348670"
    },
    {
      "type": "Feature",
      "properties": {
        "@id": "relation/14348671",
        "name": "Lupton Road",
        "network": "lwn",
        "operator": "Virginia Department of Conservation and Recreation",
        "osmc:symbol": "black:white:hiker",
        "route": "hiking",
        "type": "route",
        "@geometry": "center"
      },
      "geometry": {
        "type": "Point",
        "coordinates": [
          -78.4826728,
          38.865808
        ]
      },
      "id": "relation/14348671"
    },
    {
      "type": "Feature",
      "properties": {
        "@id": "relation/14503175",
        "name": "Yellow Trail",
        "network": "lwn",
        "network:type": "lwn",
        "operator": "City of Princeton",
        "route": "hiking",
        "type": "route",
        "@geometry": "center"
      },
      "geometry": {
        "type": "Point",
        "coordinates": [
          -81.1144205,
          37.3593229
        ]
      },
      "id": "relation/14503175"
    },
    {
      "type": "Feature",
      "properties": {
        "@id": "relation/14503176",
        "name": "Green Trail",
        "network": "lwn",
        "network:type": "lwn",
        "operator": "City of Princeton",
        "route": "hiking",
        "type": "route",
        "@geometry": "center"
      },
      "geometry": {
        "type": "Point",
        "coordinates": [
          -81.1150935,
          37.3592958
        ]
      },
      "id": "relation/14503176"
    },
    {
      "type": "Feature",
      "properties": {
        "@id": "relation/14503177",
        "name": "Orange Trail",
        "network": "lwn",
        "network:type": "lwn",
        "operator": "City of Princeton",
        "route": "hiking",
        "type": "route",
        "@geometry": "center"
      },
      "geometry": {
        "type": "Point",
        "coordinates": [
          -81.1156688,
          37.3592512
        ]
      },
      "id": "relation/14503177"
    },
    {
      "type": "Feature",
      "properties": {
        "@id": "relation/14503178",
        "name": "Blue Trail",
        "network": "lwn",
        "network:type": "lwn",
        "operator": "City of Princeton",
        "route": "hiking",
        "type": "route",
        "@geometry": "center"
      },
      "geometry": {
        "type": "Point",
        "coordinates": [
          -81.1140786,
          37.360343
        ]
      },
      "id": "relation/14503178"
    },
    {
      "type": "Feature",
      "properties": {
        "@id": "relation/14503179",
        "name": "Purple Trail",
        "network": "lwn",
        "network:type": "lwn",
        "operator": "City of Princeton",
        "route": "hiking",
        "type": "route",
        "@geometry": "center"
      },
      "geometry": {
        "type": "Point",
        "coordinates": [
          -81.1163504,
          37.3603614
        ]
      },
      "id": "relation/14503179"
    },
    {
      "type": "Feature",
      "properties": {
        "@id": "relation/14503180",
        "name": "Red Trail",
        "network": "lwn",
        "network:type": "lwn",
        "operator": "City of Princeton",
        "route": "hiking",
        "type": "route",
        "@geometry": "center"
      },
      "geometry": {
        "type": "Point",
        "coordinates": [
          -81.1156022,
          37.3613652
        ]
      },
      "id": "relation/14503180"
    },
    {
      "type": "Feature",
      "properties": {
        "@id": "relation/14584827",
        "colour": "red",
        "name": "Chicory Ridge Trail",
        "route": "hiking",
        "type": "route",
        "@geometry": "center"
      },
      "geometry": {
        "type": "Point",
        "coordinates": [
          -81.2447995,
          37.2557927
        ]
      },
      "id": "relation/14584827"
    },
    {
      "type": "Feature",
      "properties": {
        "@id": "relation/14584828",
        "colour": "black",
        "name": "Backbone Trail",
        "route": "hiking",
        "type": "route",
        "@geometry": "center"
      },
      "geometry": {
        "type": "Point",
        "coordinates": [
          -81.2505723,
          37.2514743
        ]
      },
      "id": "relation/14584828"
    },
    {
      "type": "Feature",
      "properties": {
        "@id": "relation/14584829",
        "colour": "yellow",
        "name": "Ole Yeller Trail",
        "route": "hiking",
        "type": "route",
        "@geometry": "center"
      },
      "geometry": {
        "type": "Point",
        "coordinates": [
          -81.2517623,
          37.2556501
        ]
      },
      "id": "relation/14584829"
    },
    {
      "type": "Feature",
      "properties": {
        "@id": "relation/14584830",
        "name": "Access - Bluebird Trail - Scout Trail- Hoot Owl Trail",
        "route": "hiking",
        "type": "route",
        "@geometry": "center"
      },
      "geometry": {
        "type": "Point",
        "coordinates": [
          -81.2512422,
          37.2513751
        ]
      },
      "id": "relation/14584830"
    },
    {
      "type": "Feature",
      "properties": {
        "@id": "relation/14584831",
        "colour": "grey",
        "name": "Hoot-N-Holler'n Trail",
        "route": "hiking",
        "type": "route",
        "@geometry": "center"
      },
      "geometry": {
        "type": "Point",
        "coordinates": [
          -81.2422264,
          37.2572581
        ]
      },
      "id": "relation/14584831"
    },
    {
      "type": "Feature",
      "properties": {
        "@id": "relation/14584832",
        "colour": "lightgrey",
        "name": "Fox Tail Trail",
        "route": "hiking",
        "type": "route",
        "@geometry": "center"
      },
      "geometry": {
        "type": "Point",
        "coordinates": [
          -81.2484765,
          37.2553833
        ]
      },
      "id": "relation/14584832"
    },
    {
      "type": "Feature",
      "properties": {
        "@id": "relation/14584833",
        "colour": "beige",
        "name": "Hoot Owl Trail",
        "route": "hiking",
        "type": "route",
        "@geometry": "center"
      },
      "geometry": {
        "type": "Point",
        "coordinates": [
          -81.2500495,
          37.2521984
        ]
      },
      "id": "relation/14584833"
    },
    {
      "type": "Feature",
      "properties": {
        "@id": "relation/14615820",
        "name": "Gwinn Ridge Trail",
        "route": "hiking",
        "type": "route",
        "@geometry": "center"
      },
      "geometry": {
        "type": "Point",
        "coordinates": [
          -80.901578,
          37.7468416
        ]
      },
      "id": "relation/14615820"
    },
    {
      "type": "Feature",
      "properties": {
        "@id": "relation/14615821",
        "name": "Big Branch Trail",
        "route": "hiking",
        "type": "route",
        "@geometry": "center"
      },
      "geometry": {
        "type": "Point",
        "coordinates": [
          -80.898216,
          37.7168792
        ]
      },
      "id": "relation/14615821"
    },
    {
      "type": "Feature",
      "properties": {
        "@id": "relation/14615822",
        "name": "Island Loop Trail",
        "route": "hiking",
        "type": "route",
        "@geometry": "center"
      },
      "geometry": {
        "type": "Point",
        "coordinates": [
          -80.9027281,
          37.7594734
        ]
      },
      "id": "relation/14615822"
    },
    {
      "type": "Feature",
      "properties": {
        "@id": "relation/14615823",
        "name": "Sandstone Falls Boardwalk",
        "route": "hiking",
        "type": "route",
        "@geometry": "center"
      },
      "geometry": {
        "type": "Point",
        "coordinates": [
          -80.9044622,
          37.7580394
        ]
      },
      "id": "relation/14615823"
    },
    {
      "type": "Feature",
      "properties": {
        "@id": "relation/14615824",
        "name": "Sandstone Falls Overlook",
        "route": "hiking",
        "type": "route",
        "@geometry": "center"
      },
      "geometry": {
        "type": "Point",
        "coordinates": [
          -80.9035537,
          37.75314
        ]
      },
      "id": "relation/14615824"
    },
    {
      "type": "Feature",
      "properties": {
        "@id": "relation/14615864",
        "name": "Glade Creek Trail",
        "route": "hiking",
        "type": "route",
        "@geometry": "center"
      },
      "geometry": {
        "type": "Point",
        "coordinates": [
          -81.0250675,
          37.7957756
        ]
      },
      "id": "relation/14615864"
    },
    {
      "type": "Feature",
      "properties": {
        "@id": "relation/14615865",
        "name": "Kate's Plateau Trail",
        "route": "hiking",
        "type": "route",
        "@geometry": "center"
      },
      "geometry": {
        "type": "Point",
        "coordinates": [
          -81.0232831,
          37.7718129
        ]
      },
      "id": "relation/14615865"
    },
    {
      "type": "Feature",
      "properties": {
        "@id": "relation/14615866",
        "name": "Polls Plateau Trail",
        "route": "hiking",
        "type": "route",
        "@geometry": "center"
      },
      "geometry": {
        "type": "Point",
        "coordinates": [
          -81.0099742,
          37.7869936
        ]
      },
      "id": "relation/14615866"
    },
    {
      "type": "Feature",
      "properties": {
        "@id": "relation/14615868",
        "name": "Kates Falls Trail",
        "route": "hiking",
        "type": "route",
        "@geometry": "center"
      },
      "geometry": {
        "type": "Point",
        "coordinates": [
          -81.031625,
          37.7756092
        ]
      },
      "id": "relation/14615868"
    },
    {
      "type": "Feature",
      "properties": {
        "@id": "relation/14615877",
        "name": "Castle Rock Trail",
        "route": "hiking",
        "type": "route",
        "@geometry": "center"
      },
      "geometry": {
        "type": "Point",
        "coordinates": [
          -81.0639475,
          37.8331716
        ]
      },
      "id": "relation/14615877"
    },
    {
      "type": "Feature",
      "properties": {
        "@id": "relation/14615878",
        "name": "Grandview Rim Trail",
        "route": "hiking",
        "type": "route",
        "@geometry": "center"
      },
      "geometry": {
        "type": "Point",
        "coordinates": [
          -81.0642348,
          37.839575
        ]
      },
      "id": "relation/14615878"
    },
    {
      "type": "Feature",
      "properties": {
        "@id": "relation/14615879",
        "name": "Tunnel Trail",
        "route": "hiking",
        "type": "route",
        "@geometry": "center"
      },
      "geometry": {
        "type": "Point",
        "coordinates": [
          -81.061631,
          37.8296592
        ]
      },
      "id": "relation/14615879"
    },
    {
      "type": "Feature",
      "properties": {
        "@id": "relation/14615894",
        "name": "Headhouse Trail",
        "route": "hiking",
        "type": "route",
        "@geometry": "center"
      },
      "geometry": {
        "type": "Point",
        "coordinates": [
          -81.0381234,
          38.0552842
        ]
      },
      "id": "relation/14615894"
    },
    {
      "type": "Feature",
      "properties": {
        "@id": "relation/14615895",
        "name": "Dalton Trail",
        "route": "hiking",
        "type": "route",
        "@geometry": "center"
      },
      "geometry": {
        "type": "Point",
        "coordinates": [
          -81.0625369,
          38.0366528
        ]
      },
      "id": "relation/14615895"
    },
    {
      "type": "Feature",
      "properties": {
        "@id": "relation/14615896",
        "name": "Adena Trail",
        "route": "hiking",
        "type": "route",
        "@geometry": "center"
      },
      "geometry": {
        "type": "Point",
        "coordinates": [
          -81.0647784,
          38.0364584
        ]
      },
      "id": "relation/14615896"
    },
    {
      "type": "Feature",
      "properties": {
        "@id": "relation/14615897",
        "name": "Clovis Trail",
        "route": "hiking",
        "type": "route",
        "@geometry": "center"
      },
      "geometry": {
        "type": "Point",
        "coordinates": [
          -81.067267,
          38.0391887
        ]
      },
      "id": "relation/14615897"
    },
    {
      "type": "Feature",
      "properties": {
        "@id": "relation/14615898",
        "name": "Connector Trail",
        "route": "hiking",
        "type": "route",
        "@geometry": "center"
      },
      "geometry": {
        "type": "Point",
        "coordinates": [
          -81.0725015,
          38.0346069
        ]
      },
      "id": "relation/14615898"
    },
    {
      "type": "Feature",
      "properties": {
        "@id": "relation/14615899",
        "name": "Connector Trail",
        "route": "hiking",
        "type": "route",
        "@geometry": "center"
      },
      "geometry": {
        "type": "Point",
        "coordinates": [
          -81.059377,
          38.0351284
        ]
      },
      "id": "relation/14615899"
    },
    {
      "type": "Feature",
      "properties": {
        "@id": "relation/14615900",
        "name": "Connector Trail",
        "route": "hiking",
        "type": "route",
        "@geometry": "center"
      },
      "geometry": {
        "type": "Point",
        "coordinates": [
          -81.0652944,
          38.0410624
        ]
      },
      "id": "relation/14615900"
    },
    {
      "type": "Feature",
      "properties": {
        "@id": "relation/14615901",
        "name": "LeCroy Trail",
        "route": "hiking",
        "type": "route",
        "@geometry": "center"
      },
      "geometry": {
        "type": "Point",
        "coordinates": [
          -81.0719083,
          38.0355517
        ]
      },
      "id": "relation/14615901"
    },
    {
      "type": "Feature",
      "properties": {
        "@id": "relation/14615902",
        "name": "Workman's Hollow Trail",
        "route": "hiking",
        "type": "route",
        "@geometry": "center"
      },
      "geometry": {
        "type": "Point",
        "coordinates": [
          -81.0931006,
          38.053969
        ]
      },
      "id": "relation/14615902"
    },
    {
      "type": "Feature",
      "properties": {
        "@id": "relation/14615903",
        "name": "Arbuckle Connector Trail",
        "route": "hiking",
        "type": "route",
        "@geometry": "center"
      },
      "geometry": {
        "type": "Point",
        "coordinates": [
          -81.0863032,
          37.9615883
        ]
      },
      "id": "relation/14615903"
    },
    {
      "type": "Feature",
      "properties": {
        "@id": "relation/14615909",
        "name": "Terry Top Trail",
        "route": "hiking",
        "type": "route",
        "@geometry": "center"
      },
      "geometry": {
        "type": "Point",
        "coordinates": [
          -81.0913467,
          37.8703168
        ]
      },
      "id": "relation/14615909"
    },
    {
      "type": "Feature",
      "properties": {
        "@id": "relation/14618102",
        "name": "Piney Ridge Trail",
        "network": "lwn",
        "route": "hiking",
        "type": "route",
        "@geometry": "center"
      },
      "geometry": {
        "type": "Point",
        "coordinates": [
          -81.133488,
          37.4994126
        ]
      },
      "id": "relation/14618102"
    },
    {
      "type": "Feature",
      "properties": {
        "@id": "relation/14618181",
        "name": "Pipestem Knob Trail",
        "network": "lwn",
        "route": "hiking",
        "type": "route",
        "@geometry": "center"
      },
      "geometry": {
        "type": "Point",
        "coordinates": [
          -80.9740485,
          37.5151269
        ]
      },
      "id": "relation/14618181"
    },
    {
      "type": "Feature",
      "properties": {
        "@id": "relation/14618182",
        "name": "County Line Trail",
        "network": "lwn",
        "route": "hiking",
        "type": "route",
        "@geometry": "center"
      },
      "geometry": {
        "type": "Point",
        "coordinates": [
          -80.9988755,
          37.525492
        ]
      },
      "id": "relation/14618182"
    },
    {
      "type": "Feature",
      "properties": {
        "@id": "relation/14618183",
        "name": "Dogwood Trail",
        "network": "lwn",
        "route": "hiking",
        "type": "route",
        "@geometry": "center"
      },
      "geometry": {
        "type": "Point",
        "coordinates": [
          -80.9914131,
          37.5263815
        ]
      },
      "id": "relation/14618183"
    },
    {
      "type": "Feature",
      "properties": {
        "@id": "relation/14747431",
        "colour": "brown",
        "name": "Brown Loop",
        "network": "lhn",
        "osmc:symbol": "brown:brown_stripe",
        "route": "hiking",
        "type": "route",
        "@geometry": "center"
      },
      "geometry": {
        "type": "Point",
        "coordinates": [
          -76.7100191,
          38.7707512
        ]
      },
      "id": "relation/14747431"
    },
    {
      "type": "Feature",
      "properties": {
        "@id": "relation/14747432",
        "colour": "red",
        "name": "Red Loop",
        "network": "lhn",
        "osmc:symbol": "red:red_stripe",
        "route": "hiking",
        "type": "route",
        "@geometry": "center"
      },
      "geometry": {
        "type": "Point",
        "coordinates": [
          -76.7201048,
          38.7479355
        ]
      },
      "id": "relation/14747432"
    },
    {
      "type": "Feature",
      "properties": {
        "@id": "relation/14747433",
        "colour": "blue",
        "name": "Blue Loop",
        "network": "lhn",
        "osmc:symbol": "blue:blue_stripe",
        "route": "hiking",
        "type": "route",
        "@geometry": "center"
      },
      "geometry": {
        "type": "Point",
        "coordinates": [
          -76.7142113,
          38.7638424
        ]
      },
      "id": "relation/14747433"
    },
    {
      "type": "Feature",
      "properties": {
        "@id": "relation/14747526",
        "name": "Blue-Red Connector",
        "network": "lhn",
        "osmc:symbol": "red,blue:red_stripe:blue_stripe_top",
        "route": "hiking",
        "type": "route",
        "@geometry": "center"
      },
      "geometry": {
        "type": "Point",
        "coordinates": [
          -76.7184821,
          38.7561027
        ]
      },
      "id": "relation/14747526"
    },
    {
      "type": "Feature",
      "properties": {
        "@id": "relation/14747527",
        "colour": "blue",
        "name": "Blue Spur",
        "network": "lhn",
        "osmc:symbol": "blue:blue_stripe",
        "route": "hiking",
        "type": "route",
        "@geometry": "center"
      },
      "geometry": {
        "type": "Point",
        "coordinates": [
          -76.7046663,
          38.761964
        ]
      },
      "id": "relation/14747527"
    },
    {
      "type": "Feature",
      "properties": {
        "@id": "relation/14750869",
        "colour": "yellow",
        "name": "Nuthatch Trail",
        "network": "lhn",
        "osmc:symbol": "yellow",
        "route": "hiking",
        "type": "route",
        "@geometry": "center"
      },
      "geometry": {
        "type": "Point",
        "coordinates": [
          -76.6747168,
          38.6275993
        ]
      },
      "id": "relation/14750869"
    },
    {
      "type": "Feature",
      "properties": {
        "@id": "relation/14750870",
        "colour": "blue",
        "name": "Blue Heron Trail",
        "network": "lhn",
        "osmc:symbol": "blue",
        "route": "hiking",
        "type": "route",
        "@geometry": "center"
      },
      "geometry": {
        "type": "Point",
        "coordinates": [
          -76.6746557,
          38.6275993
        ]
      },
      "id": "relation/14750870"
    },
    {
      "type": "Feature",
      "properties": {
        "@id": "relation/14750871",
        "colour": "red",
        "name": "Red Tail Trail",
        "network": "lhn",
        "osmc:symbol": "red",
        "route": "hiking",
        "type": "route",
        "@geometry": "center"
      },
      "geometry": {
        "type": "Point",
        "coordinates": [
          -76.6728468,
          38.6266247
        ]
      },
      "id": "relation/14750871"
    },
    {
      "type": "Feature",
      "properties": {
        "@id": "relation/14750872",
        "colour": "green",
        "name": "Conservation Education Trail",
        "network": "lhn",
        "osmc:symbol": "green",
        "route": "hiking",
        "type": "route",
        "@geometry": "center"
      },
      "geometry": {
        "type": "Point",
        "coordinates": [
          -76.6737241,
          38.6256605
        ]
      },
      "id": "relation/14750872"
    },
    {
      "type": "Feature",
      "properties": {
        "@id": "relation/14750873",
        "colour": "purple",
        "name": "Osprey Trail",
        "network": "lhn",
        "osmc:symbol": "purple",
        "route": "hiking",
        "type": "route",
        "@geometry": "center"
      },
      "geometry": {
        "type": "Point",
        "coordinates": [
          -76.6730211,
          38.6251572
        ]
      },
      "id": "relation/14750873"
    },
    {
      "type": "Feature",
      "properties": {
        "@id": "relation/14750874",
        "colour": "orange",
        "name": "Tanager Trail",
        "network": "lhn",
        "osmc:symbol": "orange",
        "route": "hiking",
        "type": "route",
        "@geometry": "center"
      },
      "geometry": {
        "type": "Point",
        "coordinates": [
          -76.6731504,
          38.6234341
        ]
      },
      "id": "relation/14750874"
    },
    {
      "type": "Feature",
      "properties": {
        "@id": "relation/14750875",
        "name": "Eagle's Reach Trail",
        "network": "lhn",
        "osmc:symbol": "black",
        "route": "hiking",
        "type": "route",
        "@geometry": "center"
      },
      "geometry": {
        "type": "Point",
        "coordinates": [
          -76.6675661,
          38.6238429
        ]
      },
      "id": "relation/14750875"
    },
    {
      "type": "Feature",
      "properties": {
        "@id": "relation/14945999",
        "colour": "navy",
        "name": "Lake Trail Loop",
        "network": "lwn",
        "route": "hiking",
        "type": "route",
        "@geometry": "center"
      },
      "geometry": {
        "type": "Point",
        "coordinates": [
          -81.5181851,
          36.8793801
        ]
      },
      "id": "relation/14945999"
    },
    {
      "type": "Feature",
      "properties": {
        "@id": "relation/14983753",
        "name": "North Mountain Trail",
        "network": "lwn",
        "operator": "Virginia Department of Game and Inland Fisheries",
        "ref": "443",
        "route": "hiking",
        "type": "route",
        "@geometry": "center"
      },
      "geometry": {
        "type": "Point",
        "coordinates": [
          -79.3272751,
          38.173162
        ]
      },
      "id": "relation/14983753"
    },
    {
      "type": "Feature",
      "properties": {
        "@id": "relation/14984244",
        "name": "Crawford Mountain Trail",
        "network": "lwn",
        "ref": "485",
        "route": "hiking",
        "type": "route",
        "@geometry": "center"
      },
      "geometry": {
        "type": "Point",
        "coordinates": [
          -79.2491787,
          38.2426778
        ]
      },
      "id": "relation/14984244"
    },
    {
      "type": "Feature",
      "properties": {
        "@id": "relation/14984276",
        "name": "Crawford Knob Trail",
        "network": "lwn",
        "ref": "487",
        "route": "hiking",
        "type": "route",
        "@geometry": "center"
      },
      "geometry": {
        "type": "Point",
        "coordinates": [
          -79.2534916,
          38.2377593
        ]
      },
      "id": "relation/14984276"
    },
    {
      "type": "Feature",
      "properties": {
        "@id": "relation/14984604",
        "name": "Chimney Hollow Trail",
        "network": "lwn",
        "ref": "489",
        "route": "hiking",
        "type": "route",
        "@geometry": "center"
      },
      "geometry": {
        "type": "Point",
        "coordinates": [
          -79.2872671,
          38.2570018
        ]
      },
      "id": "relation/14984604"
    },
    {
      "type": "Feature",
      "properties": {
        "@id": "relation/14985461",
        "name": "Falls Hollow Trail",
        "network": "lwn",
        "operator": "USFS",
        "ref": "657",
        "route": "hiking",
        "type": "route",
        "@geometry": "center"
      },
      "geometry": {
        "type": "Point",
        "coordinates": [
          -79.2834319,
          38.1674484
        ]
      },
      "id": "relation/14985461"
    },
    {
      "type": "Feature",
      "properties": {
        "@id": "relation/14985618",
        "name": "Augusta Springs Upland Trail",
        "network": "lwn",
        "operator": "USFS",
        "ref": "109",
        "route": "hiking",
        "type": "route",
        "@geometry": "center"
      },
      "geometry": {
        "type": "Point",
        "coordinates": [
          -79.3150569,
          38.111688
        ]
      },
      "id": "relation/14985618"
    },
    {
      "type": "Feature",
      "properties": {
        "@id": "relation/14985619",
        "name": "Augusta Springs Wetland Trail",
        "network": "lwn",
        "operator": "USFS",
        "route": "hiking",
        "type": "route",
        "@geometry": "center"
      },
      "geometry": {
        "type": "Point",
        "coordinates": [
          -79.3122985,
          38.107711
        ]
      },
      "id": "relation/14985619"
    },
    {
      "type": "Feature",
      "properties": {
        "@id": "relation/15001244",
        "name": "Little North Mountain Trail",
        "network": "lwn",
        "route": "hiking",
        "type": "route",
        "@geometry": "center"
      },
      "geometry": {
        "type": "Point",
        "coordinates": [
          -79.249105,
          38.1680557
        ]
      },
      "id": "relation/15001244"
    },
    {
      "type": "Feature",
      "properties": {
        "@id": "relation/15058419",
        "name": "Cold Springs Trail",
        "network": "lwn",
        "operator": "United States Forest Service",
        "ref": "445",
        "route": "hiking",
        "type": "route",
        "@geometry": "center"
      },
      "geometry": {
        "type": "Point",
        "coordinates": [
          -79.3288674,
          38.1706671
        ]
      },
      "id": "relation/15058419"
    },
    {
      "type": "Feature",
      "properties": {
        "@id": "relation/15175446",
        "name": "Trimble Mountain Trail",
        "network": "lwn",
        "operator": "George Washington National Forest",
        "ref": "375",
        "route": "hiking",
        "type": "route",
        "@geometry": "center"
      },
      "geometry": {
        "type": "Point",
        "coordinates": [
          -79.2040754,
          38.3561534
        ]
      },
      "id": "relation/15175446"
    },
    {
      "type": "Feature",
      "properties": {
        "@id": "relation/15177713",
        "name": "Shaffer Hollow Trail",
        "network": "lwn",
        "ref": "513",
        "route": "hiking",
        "type": "route",
        "@geometry": "center"
      },
      "geometry": {
        "type": "Point",
        "coordinates": [
          -79.1738644,
          38.336028
        ]
      },
      "id": "relation/15177713"
    },
    {
      "type": "Feature",
      "properties": {
        "@id": "relation/15191496",
        "name": "White Oak Draft Trail",
        "network": "lwn",
        "operator": "United States Forest Service",
        "ref": "486",
        "route": "hiking",
        "type": "route",
        "@geometry": "center"
      },
      "geometry": {
        "type": "Point",
        "coordinates": [
          -79.2404358,
          38.306567
        ]
      },
      "id": "relation/15191496"
    },
    {
      "type": "Feature",
      "properties": {
        "@id": "relation/15198096",
        "name": "Dowells Draft Trail",
        "network": "lwn",
        "operator": "United States Forest Service",
        "ref": "650",
        "route": "hiking",
        "type": "route",
        "@geometry": "center"
      },
      "geometry": {
        "type": "Point",
        "coordinates": [
          -79.2829416,
          38.2918851
        ]
      },
      "id": "relation/15198096"
    },
    {
      "type": "Feature",
      "properties": {
        "@id": "relation/15198097",
        "name": "FR 449A",
        "network": "lwn",
        "operator": "United States Forest Service",
        "ref": "449A",
        "route": "hiking",
        "type": "route",
        "@geometry": "center"
      },
      "geometry": {
        "type": "Point",
        "coordinates": [
          -79.2742267,
          38.2900375
        ]
      },
      "id": "relation/15198097"
    },
    {
      "type": "Feature",
      "properties": {
        "@id": "relation/15198098",
        "name": "Dowells Draft Forest Road",
        "network": "lwn",
        "operator": "United States Forest Service",
        "ref": "449",
        "route": "hiking",
        "type": "route",
        "@geometry": "center"
      },
      "geometry": {
        "type": "Point",
        "coordinates": [
          -79.2866491,
          38.2824835
        ]
      },
      "id": "relation/15198098"
    },
    {
      "type": "Feature",
      "properties": {
        "@id": "relation/15297362",
        "name": "Maple Springs Trail",
        "network": "lwn",
        "operator": "United States Forest Service",
        "ref": "490",
        "route": "hiking",
        "type": "route",
        "@geometry": "center"
      },
      "geometry": {
        "type": "Point",
        "coordinates": [
          -79.0974985,
          38.5187291
        ]
      },
      "id": "relation/15297362"
    },
    {
      "type": "Feature",
      "properties": {
        "@id": "relation/15307646",
        "name": "Blueberry Trail",
        "network": "lwn",
        "operator": "United States Forest Service",
        "osmc:symbol": "yellow::yellow_stripe",
        "ref": "544A",
        "route": "hiking",
        "type": "route",
        "@geometry": "center"
      },
      "geometry": {
        "type": "Point",
        "coordinates": [
          -79.0977795,
          38.4938768
        ]
      },
      "id": "relation/15307646"
    },
    {
      "type": "Feature",
      "properties": {
        "@id": "relation/15307647",
        "name": "Meadow Knob Trail",
        "network": "lwn",
        "operator": "United States Forest Service",
        "ref": "428",
        "route": "hiking",
        "type": "route",
        "@geometry": "center"
      },
      "geometry": {
        "type": "Point",
        "coordinates": [
          -79.1332444,
          38.4963738
        ]
      },
      "id": "relation/15307647"
    },
    {
      "type": "Feature",
      "properties": {
        "@id": "relation/15307766",
        "name": "Pond Knob Trail",
        "network": "lwn",
        "operator": "United States Forest Service",
        "ref": "428B",
        "route": "hiking",
        "type": "route",
        "@geometry": "center"
      },
      "geometry": {
        "type": "Point",
        "coordinates": [
          -79.1540208,
          38.489976
        ]
      },
      "id": "relation/15307766"
    },
    {
      "type": "Feature",
      "properties": {
        "@id": "relation/15307767",
        "name": "Slate Springs Trail",
        "network": "lwn",
        "operator": "United States Forest Service",
        "ref": "428A",
        "route": "hiking",
        "type": "route",
        "@geometry": "center"
      },
      "geometry": {
        "type": "Point",
        "coordinates": [
          -79.1714645,
          38.4986164
        ]
      },
      "id": "relation/15307767"
    },
    {
      "type": "Feature",
      "properties": {
        "@id": "relation/15309780",
        "name": "Hidden Rocks Trail",
        "network": "lwn",
        "operator": "George Washington National Forest",
        "osmc:symbol": "yellow:yellow:white_bar",
        "ref": "511",
        "route": "hiking",
        "type": "route",
        "website": "https://www.fs.usda.gov/recarea/gwj/recarea/?recid=78600",
        "@geometry": "center"
      },
      "geometry": {
        "type": "Point",
        "coordinates": [
          -79.1161135,
          38.4555473
        ]
      },
      "id": "relation/15309780"
    },
    {
      "type": "Feature",
      "properties": {
        "@id": "relation/15309781",
        "name": "Cliff Trail",
        "network": "lwn",
        "operator": "George Washington National Forest",
        "ref": "429",
        "route": "hiking",
        "type": "route",
        "@geometry": "center"
      },
      "geometry": {
        "type": "Point",
        "coordinates": [
          -79.1311823,
          38.47206
        ]
      },
      "id": "relation/15309781"
    },
    {
      "type": "Feature",
      "properties": {
        "@id": "relation/15309783",
        "name": "Heart Break Trail",
        "network": "lwn",
        "operator": "United States Forest Service",
        "ref": "435A",
        "route": "hiking",
        "type": "route",
        "@geometry": "center"
      },
      "geometry": {
        "type": "Point",
        "coordinates": [
          -79.1361686,
          38.457188
        ]
      },
      "id": "relation/15309783"
    },
    {
      "type": "Feature",
      "properties": {
        "@id": "relation/15309784",
        "name": "Big Hollow Trail",
        "network": "lwn",
        "operator": "United States Forest Service",
        "ref": "430",
        "route": "hiking",
        "type": "route",
        "@geometry": "center"
      },
      "geometry": {
        "type": "Point",
        "coordinates": [
          -79.146999,
          38.4654101
        ]
      },
      "id": "relation/15309784"
    },
    {
      "type": "Feature",
      "properties": {
        "@id": "relation/15309800",
        "name": "Mines Run Trail",
        "network": "lwn",
        "operator": "United States Forest Service",
        "ref": "435B",
        "route": "hiking",
        "type": "route",
        "@geometry": "center"
      },
      "geometry": {
        "type": "Point",
        "coordinates": [
          -79.1745292,
          38.4633705
        ]
      },
      "id": "relation/15309800"
    },
    {
      "type": "Feature",
      "properties": {
        "@id": "relation/15309801",
        "name": "Hone Quarry Mountain Trail",
        "network": "lwn",
        "operator": "United States Forest Service",
        "ref": "435",
        "route": "hiking",
        "type": "route",
        "@geometry": "center"
      },
      "geometry": {
        "type": "Point",
        "coordinates": [
          -79.1747584,
          38.4710878
        ]
      },
      "id": "relation/15309801"
    },
    {
      "type": "Feature",
      "properties": {
        "@id": "relation/15392653",
        "name": "Miller Run Trail",
        "network": "lwn",
        "ref": "1022",
        "route": "hiking",
        "type": "route",
        "@geometry": "center"
      },
      "geometry": {
        "type": "Point",
        "coordinates": [
          -79.2151418,
          38.5316301
        ]
      },
      "id": "relation/15392653"
    },
    {
      "type": "Feature",
      "properties": {
        "@id": "relation/15414975",
        "name": "Gardner Center Trail",
        "route": "hiking",
        "type": "route",
        "@geometry": "center"
      },
      "geometry": {
        "type": "Point",
        "coordinates": [
          -81.0720839,
          37.423935
        ]
      },
      "id": "relation/15414975"
    },
    {
      "type": "Feature",
      "properties": {
        "@id": "relation/15414976",
        "name": "Poor Farm Cemetery Trail",
        "route": "hiking",
        "type": "route",
        "@geometry": "center"
      },
      "geometry": {
        "type": "Point",
        "coordinates": [
          -81.0716889,
          37.4225439
        ]
      },
      "id": "relation/15414976"
    },
    {
      "type": "Feature",
      "properties": {
        "@id": "relation/15414977",
        "name": "Fallen Timber Trail",
        "route": "hiking",
        "type": "route",
        "@geometry": "center"
      },
      "geometry": {
        "type": "Point",
        "coordinates": [
          -81.0712322,
          37.423184
        ]
      },
      "id": "relation/15414977"
    },
    {
      "type": "Feature",
      "properties": {
        "@id": "relation/15414978",
        "name": "Picnic Fire Pit Trail",
        "route": "hiking",
        "type": "route",
        "@geometry": "center"
      },
      "geometry": {
        "type": "Point",
        "coordinates": [
          -81.0718318,
          37.4225152
        ]
      },
      "id": "relation/15414978"
    },
    {
      "type": "Feature",
      "properties": {
        "@id": "relation/15414979",
        "name": "Mountain Laurel Trail",
        "route": "hiking",
        "type": "route",
        "@geometry": "center"
      },
      "geometry": {
        "type": "Point",
        "coordinates": [
          -81.0716594,
          37.420951
        ]
      },
      "id": "relation/15414979"
    },
    {
      "type": "Feature",
      "properties": {
        "@id": "relation/15414980",
        "name": "Longwood Trail",
        "route": "hiking",
        "type": "route",
        "@geometry": "center"
      },
      "geometry": {
        "type": "Point",
        "coordinates": [
          -81.0711654,
          37.4216717
        ]
      },
      "id": "relation/15414980"
    },
    {
      "type": "Feature",
      "properties": {
        "@id": "relation/15537700",
        "name": "Green Loop",
        "network": "lhn",
        "route": "hiking",
        "type": "route",
        "@geometry": "center"
      },
      "geometry": {
        "type": "Point",
        "coordinates": [
          -76.6988868,
          38.784074
        ]
      },
      "id": "relation/15537700"
    },
    {
      "type": "Feature",
      "properties": {
        "@id": "relation/15537701",
        "name": "White Loop",
        "network": "lhn",
        "route": "hiking",
        "type": "route",
        "@geometry": "center"
      },
      "geometry": {
        "type": "Point",
        "coordinates": [
          -76.6935262,
          38.7787059
        ]
      },
      "id": "relation/15537701"
    },
    {
      "type": "Feature",
      "properties": {
        "@id": "relation/15537702",
        "name": "Yellow Loop",
        "network": "lwn",
        "osmc:symbol": "yellow:white:yellow_stripe",
        "route": "hiking",
        "type": "route",
        "@geometry": "center"
      },
      "geometry": {
        "type": "Point",
        "coordinates": [
          -76.7067836,
          38.7815074
        ]
      },
      "id": "relation/15537702"
    },
    {
      "type": "Feature",
      "properties": {
        "@id": "relation/15540630",
        "distance": "1 mile",
        "name": "River Trail",
        "route": "hiking",
        "type": "route",
        "@geometry": "center"
      },
      "geometry": {
        "type": "Point",
        "coordinates": [
          -77.2448044,
          39.0071278
        ]
      },
      "id": "relation/15540630"
    },
    {
      "type": "Feature",
      "properties": {
        "@id": "relation/15619956",
        "colour": "#c881f7",
        "name": "Purple Blaze",
        "network": "lwn",
        "osmc:symbol": "purple::purple_stripe",
        "route": "hiking",
        "type": "route",
        "@geometry": "center"
      },
      "geometry": {
        "type": "Point",
        "coordinates": [
          -77.0608367,
          39.0048503
        ]
      },
      "id": "relation/15619956"
    },
    {
      "type": "Feature",
      "properties": {
        "@id": "relation/15649226",
        "name": "Karen's Trail",
        "network": "lhn",
        "route": "hiking",
        "type": "route",
        "website": "https://www.acltweb.org/",
        "@geometry": "center"
      },
      "geometry": {
        "type": "Point",
        "coordinates": [
          -76.5268794,
          38.5079778
        ]
      },
      "id": "relation/15649226"
    },
    {
      "type": "Feature",
      "properties": {
        "@id": "relation/15728842",
        "name": "Mills Creek Trail",
        "network": "lwn",
        "operator": "George Washington National Forest",
        "ref": "518",
        "route": "hiking",
        "type": "route",
        "@geometry": "center"
      },
      "geometry": {
        "type": "Point",
        "coordinates": [
          -79.0137902,
          37.9365617
        ]
      },
      "id": "relation/15728842"
    },
    {
      "type": "Feature",
      "properties": {
        "@id": "relation/15728859",
        "name": "Cliff Trail",
        "network": "lwn",
        "operator": "George Washington National Forest",
        "ref": "299",
        "route": "hiking",
        "type": "route",
        "@geometry": "center"
      },
      "geometry": {
        "type": "Point",
        "coordinates": [
          -79.0021901,
          37.923626
        ]
      },
      "id": "relation/15728859"
    },
    {
      "type": "Feature",
      "properties": {
        "@id": "relation/15728860",
        "name": "Lakeside Trail",
        "network": "lwn",
        "operator": "George Washington National Forest",
        "ref": "300",
        "route": "hiking",
        "type": "route",
        "@geometry": "center"
      },
      "geometry": {
        "type": "Point",
        "coordinates": [
          -79.0041521,
          37.923773
        ]
      },
      "id": "relation/15728860"
    },
    {
      "type": "Feature",
      "properties": {
        "@id": "relation/15728861",
        "name": "Dam Trail",
        "network": "lwn",
        "operator": "George Washington National Forest",
        "ref": "506",
        "route": "hiking",
        "type": "route",
        "@geometry": "center"
      },
      "geometry": {
        "type": "Point",
        "coordinates": [
          -79.0064859,
          37.9251211
        ]
      },
      "id": "relation/15728861"
    },
    {
      "type": "Feature",
      "properties": {
        "@id": "relation/15728862",
        "name": "Blue Loop Water Tank Trail",
        "network": "lwn",
        "operator": "George Washington National Forest",
        "ref": "507A",
        "route": "hiking",
        "type": "route",
        "@geometry": "center"
      },
      "geometry": {
        "type": "Point",
        "coordinates": [
          -79.010275,
          37.9236512
        ]
      },
      "id": "relation/15728862"
    },
    {
      "type": "Feature",
      "properties": {
        "@id": "relation/15728863",
        "name": "Blue Loop Parking Trail",
        "network": "lwn",
        "operator": "George Washington National Forest",
        "ref": "507B",
        "route": "hiking",
        "type": "route",
        "@geometry": "center"
      },
      "geometry": {
        "type": "Point",
        "coordinates": [
          -78.9965891,
          37.9311778
        ]
      },
      "id": "relation/15728863"
    },
    {
      "type": "Feature",
      "properties": {
        "@id": "relation/15728864",
        "name": "Mills Creek Dam Trail",
        "network": "lwn",
        "operator": "George Washington National Forest",
        "ref": "518A",
        "route": "hiking",
        "type": "route",
        "@geometry": "center"
      },
      "geometry": {
        "type": "Point",
        "coordinates": [
          -79.0048014,
          37.9474132
        ]
      },
      "id": "relation/15728864"
    },
    {
      "type": "Feature",
      "properties": {
        "@id": "relation/15745172",
        "name": "Mine Bank Mountain Trail",
        "network": "lwn",
        "operator": "George Washington National Forest",
        "ref": "503",
        "route": "hiking",
        "type": "route",
        "@geometry": "center"
      },
      "geometry": {
        "type": "Point",
        "coordinates": [
          -79.0963269,
          37.9132076
        ]
      },
      "id": "relation/15745172"
    },
    {
      "type": "Feature",
      "properties": {
        "@id": "relation/15745173",
        "name": "Mine Bank Creek Trail",
        "network": "lwn",
        "operator": "George Washington National Forest",
        "ref": "500C",
        "route": "hiking",
        "type": "route",
        "@geometry": "center"
      },
      "geometry": {
        "type": "Point",
        "coordinates": [
          -79.089994,
          37.921645
        ]
      },
      "id": "relation/15745173"
    },
    {
      "type": "Feature",
      "properties": {
        "@id": "relation/15745174",
        "name": "Saint Mary's Gorge Trail",
        "network": "lwn",
        "operator": "George Washington National Forest",
        "ref": "500B",
        "route": "hiking",
        "type": "route",
        "@geometry": "center"
      },
      "geometry": {
        "type": "Point",
        "coordinates": [
          -79.1116176,
          37.9280217
        ]
      },
      "id": "relation/15745174"
    },
    {
      "type": "Feature",
      "properties": {
        "@id": "relation/15745175",
        "name": "Saint Mary's Trail",
        "network": "lwn",
        "operator": "George Washington National Forest",
        "ref": "500",
        "route": "hiking",
        "type": "route",
        "@geometry": "center"
      },
      "geometry": {
        "type": "Point",
        "coordinates": [
          -79.0933265,
          37.9325632
        ]
      },
      "id": "relation/15745175"
    },
    {
      "type": "Feature",
      "properties": {
        "@id": "relation/15745239",
        "name": "Kennedy Ridge Trail",
        "network": "lwn",
        "operator": "George Washington National Forest",
        "ref": "479",
        "route": "hiking",
        "type": "route",
        "@geometry": "center"
      },
      "geometry": {
        "type": "Point",
        "coordinates": [
          -79.0372028,
          37.9609093
        ]
      },
      "id": "relation/15745239"
    },
    {
      "type": "Feature",
      "properties": {
        "@id": "relation/15745240",
        "name": "Bald Mountain Overlook Trail",
        "network": "lwn",
        "operator": "George Washington National Forest",
        "ref": "504",
        "route": "hiking",
        "type": "route",
        "@geometry": "center"
      },
      "geometry": {
        "type": "Point",
        "coordinates": [
          -79.0767022,
          37.9166361
        ]
      },
      "id": "relation/15745240"
    },
    {
      "type": "Feature",
      "properties": {
        "@id": "relation/15745477",
        "name": "Cellar Mountain Trail",
        "network": "lwn",
        "operator": "George Washington National Forest",
        "ref": "587",
        "route": "hiking",
        "type": "route",
        "@geometry": "center"
      },
      "geometry": {
        "type": "Point",
        "coordinates": [
          -79.1178568,
          37.946459
        ]
      },
      "id": "relation/15745477"
    },
    {
      "type": "Feature",
      "properties": {
        "@id": "relation/15745478",
        "name": "Cold Springs Trail",
        "network": "lwn",
        "operator": "George Washington National Forest",
        "ref": "524",
        "route": "hiking",
        "type": "route",
        "@geometry": "center"
      },
      "geometry": {
        "type": "Point",
        "coordinates": [
          -79.1092062,
          37.9539141
        ]
      },
      "id": "relation/15745478"
    },
    {
      "type": "Feature",
      "properties": {
        "@id": "relation/15788074",
        "colour": "red",
        "name": "Forest Trail",
        "network": "lhn",
        "route": "hiking",
        "type": "route",
        "@geometry": "center"
      },
      "geometry": {
        "type": "Point",
        "coordinates": [
          -76.6474957,
          38.7167546
        ]
      },
      "id": "relation/15788074"
    },
    {
      "type": "Feature",
      "properties": {
        "@id": "relation/15789939",
        "distance": "0.5 mi",
        "name": "Parkers Creek Spur Trail",
        "network": "lwn",
        "osmc:symbol": "white::white_stripe",
        "roundtrip": "no",
        "route": "hiking",
        "symbol": "White Blaze",
        "type": "route",
        "@geometry": "center"
      },
      "geometry": {
        "type": "Point",
        "coordinates": [
          -76.5360968,
          38.5268892
        ]
      },
      "id": "relation/15789939"
    },
    {
      "type": "Feature",
      "properties": {
        "@id": "relation/15809181",
        "name": "Holloway Draft Trail",
        "network": "lwn",
        "ref": "110",
        "route": "hiking",
        "type": "route",
        "@geometry": "center"
      },
      "geometry": {
        "type": "Point",
        "coordinates": [
          -79.40893,
          38.2276004
        ]
      },
      "id": "relation/15809181"
    },
    {
      "type": "Feature",
      "properties": {
        "@id": "relation/15809259",
        "name": "Benson Run Trail",
        "network": "lwn",
        "ref": "111",
        "route": "hiking",
        "type": "route",
        "@geometry": "center"
      },
      "geometry": {
        "type": "Point",
        "coordinates": [
          -79.4177277,
          38.2607153
        ]
      },
      "id": "relation/15809259"
    },
    {
      "type": "Feature",
      "properties": {
        "@id": "relation/15809260",
        "name": "Holloway Pond Trail",
        "network": "lwn",
        "ref": "110",
        "route": "hiking",
        "type": "route",
        "@geometry": "center"
      },
      "geometry": {
        "type": "Point",
        "coordinates": [
          -79.3920404,
          38.2207417
        ]
      },
      "id": "relation/15809260"
    },
    {
      "type": "Feature",
      "properties": {
        "@id": "relation/15809384",
        "name": "Short Ridge Trail",
        "network": "lwn",
        "operator": "George Washing National Forest",
        "ref": "717",
        "route": "hiking",
        "type": "route",
        "@geometry": "center"
      },
      "geometry": {
        "type": "Point",
        "coordinates": [
          -79.4741465,
          38.1637083
        ]
      },
      "id": "relation/15809384"
    },
    {
      "type": "Feature",
      "properties": {
        "@id": "relation/15809385",
        "name": "Brushy Ridge Trail",
        "network": "lwn",
        "operator": "George Washing National Forest",
        "ref": "718",
        "route": "hiking",
        "type": "route",
        "@geometry": "center"
      },
      "geometry": {
        "type": "Point",
        "coordinates": [
          -79.4704964,
          38.1546446
        ]
      },
      "id": "relation/15809385"
    },
    {
      "type": "Feature",
      "properties": {
        "@id": "relation/15809386",
        "name": "Back Draft Trail",
        "network": "lwn",
        "operator": "George Washing National Forest",
        "ref": "546",
        "route": "hiking",
        "type": "route",
        "@geometry": "center"
      },
      "geometry": {
        "type": "Point",
        "coordinates": [
          -79.462317,
          38.1358072
        ]
      },
      "id": "relation/15809386"
    },
    {
      "type": "Feature",
      "properties": {
        "@id": "relation/15819663",
        "name": "Steve Easter Trail",
        "network": "lhn",
        "osmc:symbol": "green::green_stripe",
        "route": "hiking",
        "trailblazed": "symbols",
        "type": "route",
        "@geometry": "center"
      },
      "geometry": {
        "type": "Point",
        "coordinates": [
          -76.5120167,
          38.5032291
        ]
      },
      "id": "relation/15819663"
    },
    {
      "type": "Feature",
      "properties": {
        "@id": "relation/15867551",
        "name": "Confederate Breastworks Trail",
        "network": "lwn",
        "operator": "George Washington National Forest",
        "ref": "472",
        "route": "hiking",
        "type": "route",
        "website": "https://www.fs.usda.gov/recarea/gwj/recreation/hiking/recarea/?recid=79354",
        "@geometry": "center"
      },
      "geometry": {
        "type": "Point",
        "coordinates": [
          -79.3830965,
          38.312536
        ]
      },
      "id": "relation/15867551"
    },
    {
      "type": "Feature",
      "properties": {
        "@id": "relation/15867949",
        "name": "Pioneer Trail",
        "network": "lwn",
        "operator": "George Washington National Forest",
        "ref": "548",
        "route": "hiking",
        "type": "route",
        "@geometry": "center"
      },
      "geometry": {
        "type": "Point",
        "coordinates": [
          -79.1728002,
          38.3607058
        ]
      },
      "id": "relation/15867949"
    },
    {
      "type": "Feature",
      "properties": {
        "@id": "relation/15877253",
        "colour": "green",
        "name": "Green Loop",
        "network": "lwn",
        "osmc:symbol": "green:green_stripe",
        "route": "hiking",
        "type": "route",
        "@geometry": "center"
      },
      "geometry": {
        "type": "Point",
        "coordinates": [
          -76.7059964,
          38.7530271
        ]
      },
      "id": "relation/15877253"
    },
    {
      "type": "Feature",
      "properties": {
        "@id": "relation/16136265",
        "name": "Sulphur Spring Trail",
        "network": "lwn",
        "ref": "414",
        "route": "hiking",
        "type": "route",
        "@geometry": "center"
      },
      "geometry": {
        "type": "Point",
        "coordinates": [
          -78.5646157,
          38.981266
        ]
      },
      "id": "relation/16136265"
    },
    {
      "type": "Feature",
      "properties": {
        "@id": "relation/16136266",
        "colour": "purple",
        "name": "Sulphur Spring Gap Trail",
        "network": "lwn",
        "ref": "414",
        "route": "hiking",
        "type": "route",
        "@geometry": "center"
      },
      "geometry": {
        "type": "Point",
        "coordinates": [
          -78.5719305,
          38.9896555
        ]
      },
      "id": "relation/16136266"
    },
    {
      "type": "Feature",
      "properties": {
        "@id": "relation/16136267",
        "colour": "orange",
        "name": "Racer Camp Hollow Trail",
        "network": "lwn",
        "ref": "1036",
        "route": "hiking",
        "type": "route",
        "@geometry": "center"
      },
      "geometry": {
        "type": "Point",
        "coordinates": [
          -78.5847595,
          38.9970955
        ]
      },
      "id": "relation/16136267"
    },
    {
      "type": "Feature",
      "properties": {
        "@id": "relation/16136268",
        "colour": "pink",
        "name": "Old Mail Path",
        "network": "lwn",
        "ref": "1037",
        "route": "hiking",
        "type": "route",
        "@geometry": "center"
      },
      "geometry": {
        "type": "Point",
        "coordinates": [
          -78.5851608,
          38.996532
        ]
      },
      "id": "relation/16136268"
    },
    {
      "type": "Feature",
      "properties": {
        "@id": "relation/16136269",
        "colour": "purple",
        "name": "German Wilson Trail",
        "network": "lwn",
        "ref": "1038",
        "route": "hiking",
        "type": "route",
        "@geometry": "center"
      },
      "geometry": {
        "type": "Point",
        "coordinates": [
          -78.6232811,
          39.0082317
        ]
      },
      "id": "relation/16136269"
    },
    {
      "type": "Feature",
      "properties": {
        "@id": "relation/16136270",
        "colour": "white",
        "name": "Halfmoon Lookout Trail",
        "network": "lwn",
        "ref": "1003A",
        "route": "hiking",
        "type": "route",
        "@geometry": "center"
      },
      "geometry": {
        "type": "Point",
        "coordinates": [
          -78.6277202,
          38.9997293
        ]
      },
      "id": "relation/16136270"
    },
    {
      "type": "Feature",
      "properties": {
        "@id": "relation/16136271",
        "name": "Bread Road Trail",
        "network": "lwn",
        "ref": "441",
        "route": "hiking",
        "type": "route",
        "@geometry": "center"
      },
      "geometry": {
        "type": "Point",
        "coordinates": [
          -78.6194184,
          38.938703
        ]
      },
      "id": "relation/16136271"
    },
    {
      "type": "Feature",
      "properties": {
        "@id": "relation/16136272",
        "colour": "purple",
        "name": "Little Sluice Trail",
        "network": "lwn",
        "ref": "398",
        "route": "hiking",
        "type": "route",
        "@geometry": "center"
      },
      "geometry": {
        "type": "Point",
        "coordinates": [
          -78.6245403,
          38.9388436
        ]
      },
      "id": "relation/16136272"
    },
    {
      "type": "Feature",
      "properties": {
        "@id": "relation/16136273",
        "name": "Little Stony Creek Trail",
        "network": "lwn",
        "ref": "571",
        "route": "hiking",
        "type": "route",
        "@geometry": "center"
      },
      "geometry": {
        "type": "Point",
        "coordinates": [
          -78.6329379,
          38.9572383
        ]
      },
      "id": "relation/16136273"
    },
    {
      "type": "Feature",
      "properties": {
        "@id": "relation/16136274",
        "colour": "orange",
        "name": "Bucktail Trail",
        "network": "lwn",
        "ref": "1030",
        "route": "hiking",
        "type": "route",
        "@geometry": "center"
      },
      "geometry": {
        "type": "Point",
        "coordinates": [
          -78.6357863,
          39.0203108
        ]
      },
      "id": "relation/16136274"
    },
    {
      "type": "Feature",
      "properties": {
        "@id": "relation/16136275",
        "colour": "yellow",
        "name": "Halfmoon Trail",
        "network": "lwn",
        "ref": "1003",
        "route": "hiking",
        "type": "route",
        "@geometry": "center"
      },
      "geometry": {
        "type": "Point",
        "coordinates": [
          -78.6399963,
          38.9939574
        ]
      },
      "id": "relation/16136275"
    },
    {
      "type": "Feature",
      "properties": {
        "@id": "relation/16136277",
        "colour": "magenta",
        "name": "Capon Trail",
        "network": "lwn",
        "ref": "1029",
        "route": "hiking",
        "type": "route",
        "@geometry": "center"
      },
      "geometry": {
        "type": "Point",
        "coordinates": [
          -78.6185846,
          39.0328224
        ]
      },
      "id": "relation/16136277"
    },
    {
      "type": "Feature",
      "properties": {
        "@id": "relation/16148445",
        "name": "Shenandoah Mountain Trail",
        "network": "lwn",
        "operator": "George Washington National Forest",
        "operator:wikidata": "Q49329889",
        "ref": "1024",
        "route": "hiking",
        "type": "route",
        "@geometry": "center"
      },
      "geometry": {
        "type": "Point",
        "coordinates": [
          -79.190072,
          38.5415064
        ]
      },
      "id": "relation/16148445"
    },
    {
      "type": "Feature",
      "properties": {
        "@id": "relation/16148446",
        "name": "Sugar Run Trail",
        "network": "lwn",
        "operator": "George Washington National Forest",
        "operator:wikidata": "Q49329889",
        "ref": "31",
        "route": "hiking",
        "type": "route",
        "@geometry": "center"
      },
      "geometry": {
        "type": "Point",
        "coordinates": [
          -79.2410752,
          38.5240813
        ]
      },
      "id": "relation/16148446"
    },
    {
      "type": "Feature",
      "properties": {
        "@id": "relation/16148447",
        "name": "Mines Run Trail",
        "network": "lwn",
        "operator": "George Washington National Forest",
        "operator:wikidata": "Q49329889",
        "ref": "435B",
        "route": "hiking",
        "type": "route",
        "@geometry": "center"
      },
      "geometry": {
        "type": "Point",
        "coordinates": [
          -79.1745292,
          38.4633705
        ]
      },
      "id": "relation/16148447"
    },
    {
      "type": "Feature",
      "properties": {
        "@id": "relation/16148449",
        "name": "Big Hollow Trail",
        "network": "lwn",
        "operator": "George Washington National Forest",
        "operator:wikidata": "Q49329889",
        "ref": "430",
        "route": "hiking",
        "type": "route",
        "@geometry": "center"
      },
      "geometry": {
        "type": "Point",
        "coordinates": [
          -79.146999,
          38.4654101
        ]
      },
      "id": "relation/16148449"
    },
    {
      "type": "Feature",
      "properties": {
        "@id": "relation/16148450",
        "name": "Saw Mill Trail",
        "network": "lwn",
        "operator": "George Washington National Forest",
        "operator:wikidata": "Q49329889",
        "ref": "1035",
        "route": "hiking",
        "type": "route",
        "@geometry": "center"
      },
      "geometry": {
        "type": "Point",
        "coordinates": [
          -79.195773,
          38.5830574
        ]
      },
      "id": "relation/16148450"
    },
    {
      "type": "Feature",
      "properties": {
        "@id": "relation/16151202",
        "name": "Mine Gap Trail",
        "network": "lwn",
        "operator": "United States National Park Service",
        "operator:wikidata": "Q3079313",
        "ref": "550",
        "route": "hiking",
        "type": "route",
        "@geometry": "center"
      },
      "geometry": {
        "type": "Point",
        "coordinates": [
          -78.4059551,
          38.901998
        ]
      },
      "id": "relation/16151202"
    },
    {
      "type": "Feature",
      "properties": {
        "@id": "relation/16151203",
        "name": "Storybook Trail",
        "network": "lwn",
        "operator": "United States National Park Service",
        "operator:wikidata": "Q3079313",
        "ref": "642",
        "route": "hiking",
        "type": "route",
        "@geometry": "center"
      },
      "geometry": {
        "type": "Point",
        "coordinates": [
          -78.6035872,
          38.6510366
        ]
      },
      "id": "relation/16151203"
    },
    {
      "type": "Feature",
      "properties": {
        "@id": "relation/16151204",
        "colour": "white",
        "name": "Massanutten Connector Trail",
        "network": "lwn",
        "operator": "United States National Park Service",
        "operator:wikidata": "Q3079313",
        "osmc:symbol": "white::white_stripe",
        "ref": "410",
        "route": "hiking",
        "type": "route",
        "@geometry": "center"
      },
      "geometry": {
        "type": "Point",
        "coordinates": [
          -78.5874889,
          38.651471
        ]
      },
      "id": "relation/16151204"
    },
    {
      "type": "Feature",
      "properties": {
        "@id": "relation/16151205",
        "colour": "yellow",
        "name": "Scothorn Gap Trail",
        "network": "lwn",
        "operator": "United States National Park Service",
        "operator:wikidata": "Q3079313",
        "osmc:symbol": "yellow::yellow_stripe",
        "ref": "555",
        "route": "hiking",
        "type": "route",
        "@geometry": "center"
      },
      "geometry": {
        "type": "Point",
        "coordinates": [
          -78.5679135,
          38.6927546
        ]
      },
      "id": "relation/16151205"
    },
    {
      "type": "Feature",
      "properties": {
        "@id": "relation/16151206",
        "colour": "blue",
        "name": "Gap Creek Trail",
        "network": "lwn",
        "operator": "United States National Park Service",
        "operator:wikidata": "Q3079313",
        "osmc:symbol": "blue::blue_stripe",
        "ref": "409",
        "route": "hiking",
        "type": "route",
        "@geometry": "center"
      },
      "geometry": {
        "type": "Point",
        "coordinates": [
          -78.5547011,
          38.7003633
        ]
      },
      "id": "relation/16151206"
    },
    {
      "type": "Feature",
      "properties": {
        "@id": "relation/16151207",
        "colour": "yellow",
        "name": "Stephens Trail",
        "network": "lwn",
        "operator": "United States National Park Service",
        "operator:wikidata": "Q3079313",
        "osmc:symbol": "yellow::yellow_stripe",
        "ref": "458",
        "route": "hiking",
        "type": "route",
        "@geometry": "center"
      },
      "geometry": {
        "type": "Point",
        "coordinates": [
          -78.493653,
          38.7415001
        ]
      },
      "id": "relation/16151207"
    },
    {
      "type": "Feature",
      "properties": {
        "@id": "relation/16151208",
        "colour": "blue",
        "name": "Habron Gap Trail",
        "network": "lwn",
        "operator": "United States National Park Service",
        "operator:wikidata": "Q3079313",
        "ref": "559",
        "route": "hiking",
        "type": "route",
        "@geometry": "center"
      },
      "geometry": {
        "type": "Point",
        "coordinates": [
          -78.4330403,
          38.7748944
        ]
      },
      "id": "relation/16151208"
    },
    {
      "type": "Feature",
      "properties": {
        "@id": "relation/16151209",
        "colour": "purple",
        "name": "Indian Grave Ridge Trail",
        "network": "lwn",
        "operator": "United States National Park Service",
        "operator:wikidata": "Q3079313",
        "ref": "567",
        "route": "hiking",
        "type": "route",
        "@geometry": "center"
      },
      "geometry": {
        "type": "Point",
        "coordinates": [
          -78.3957631,
          38.8041417
        ]
      },
      "id": "relation/16151209"
    },
    {
      "type": "Feature",
      "properties": {
        "@id": "relation/16151210",
        "colour": "yellow",
        "name": "Tolliver Trail",
        "network": "lwn",
        "operator": "United States Forest Service",
        "operator:wikidata": "Q3079313",
        "ref": "560A",
        "route": "hiking",
        "type": "route",
        "@geometry": "center"
      },
      "geometry": {
        "type": "Point",
        "coordinates": [
          -78.3789199,
          38.8210321
        ]
      },
      "id": "relation/16151210"
    },
    {
      "type": "Feature",
      "properties": {
        "@id": "relation/16151211",
        "colour": "white",
        "name": "Milford Gap Trail",
        "network": "lwn",
        "operator": "United States National Park Service",
        "operator:wikidata": "Q3079313",
        "ref": "560",
        "route": "hiking",
        "type": "route",
        "@geometry": "center"
      },
      "geometry": {
        "type": "Point",
        "coordinates": [
          -78.3742358,
          38.8314105
        ]
      },
      "id": "relation/16151211"
    },
    {
      "type": "Feature",
      "properties": {
        "@id": "relation/16151214",
        "colour": "pink",
        "name": "Sidewinder Trail",
        "network": "lwn",
        "operator": "United States National Park Service",
        "operator:wikidata": "Q3079313",
        "ref": "558",
        "route": "hiking",
        "type": "route",
        "@geometry": "center"
      },
      "geometry": {
        "type": "Point",
        "coordinates": [
          -78.3435924,
          38.9302251
        ]
      },
      "id": "relation/16151214"
    },
    {
      "type": "Feature",
      "properties": {
        "@id": "relation/16151215",
        "colour": "white",
        "name": "Meneka Peak Trail",
        "network": "lwn",
        "operator": "United States National Park Service",
        "operator:wikidata": "Q3079313",
        "ref": "427",
        "route": "hiking",
        "type": "route",
        "@geometry": "center"
      },
      "geometry": {
        "type": "Point",
        "coordinates": [
          -78.3374399,
          38.9472966
        ]
      },
      "id": "relation/16151215"
    },
    {
      "type": "Feature",
      "properties": {
        "@id": "relation/16151216",
        "colour": "pink",
        "name": "Sherman Gap Trail",
        "network": "lwn",
        "operator": "United States National Park Service",
        "operator:wikidata": "Q3079313",
        "ref": "403",
        "route": "hiking",
        "type": "route",
        "@geometry": "center"
      },
      "geometry": {
        "type": "Point",
        "coordinates": [
          -78.3275737,
          38.9030068
        ]
      },
      "id": "relation/16151216"
    },
    {
      "type": "Feature",
      "properties": {
        "@id": "relation/16151217",
        "colour": "yellow",
        "name": "Shawl Gap",
        "network": "lwn",
        "operator": "United States National Park Service",
        "operator:wikidata": "Q3079313",
        "ref": "406",
        "route": "hiking",
        "type": "route",
        "@geometry": "center"
      },
      "geometry": {
        "type": "Point",
        "coordinates": [
          -78.3118032,
          38.907759
        ]
      },
      "id": "relation/16151217"
    },
    {
      "type": "Feature",
      "properties": {
        "@id": "relation/16151218",
        "colour": "white",
        "name": "Buzzard Rock Trail",
        "network": "lwn",
        "operator": "United States National Park Service",
        "operator:wikidata": "Q3079313",
        "osmc:symbol": "white::white_stripe",
        "ref": "404",
        "route": "hiking",
        "type": "route",
        "@geometry": "center"
      },
      "geometry": {
        "type": "Point",
        "coordinates": [
          -78.3032464,
          38.9325914
        ]
      },
      "id": "relation/16151218"
    },
    {
      "type": "Feature",
      "properties": {
        "@id": "relation/16154433",
        "name": "Parking Lot Connector Trail",
        "network": "lwn",
        "osmc:symbol": "purple::purple_stripe",
        "route": "hiking",
        "type": "route",
        "@geometry": "center"
      },
      "geometry": {
        "type": "Point",
        "coordinates": [
          -77.2015571,
          38.9581711
        ]
      },
      "id": "relation/16154433"
    },
    {
      "type": "Feature",
      "properties": {
        "@id": "relation/16154434",
        "name": "Burling Cabin Trail",
        "network": "lwn",
        "osmc:symbol": "green::green_stripe",
        "route": "hiking",
        "type": "route",
        "@geometry": "center"
      },
      "geometry": {
        "type": "Point",
        "coordinates": [
          -77.1991491,
          38.9638164
        ]
      },
      "id": "relation/16154434"
    },
    {
      "type": "Feature",
      "properties": {
        "@id": "relation/16154435",
        "name": "Oak Trail",
        "network": "lwn",
        "osmc:symbol": "blue::blue_stripe",
        "route": "hiking",
        "type": "route",
        "@geometry": "center"
      },
      "geometry": {
        "type": "Point",
        "coordinates": [
          -77.1981855,
          38.9608565
        ]
      },
      "id": "relation/16154435"
    },
    {
      "type": "Feature",
      "properties": {
        "@id": "relation/16154436",
        "name": "Stubblefield Falls Overlook",
        "network": "lwn",
        "osmc:symbol": "yellow::yellow_stripe",
        "route": "hiking",
        "type": "route",
        "@geometry": "center"
      },
      "geometry": {
        "type": "Point",
        "coordinates": [
          -77.1967619,
          38.9617082
        ]
      },
      "id": "relation/16154436"
    },
    {
      "type": "Feature",
      "properties": {
        "@id": "relation/16154437",
        "name": "Laurel Ridge Trail",
        "network": "lwn",
        "osmc:symbol": "red::red_stripe",
        "route": "hiking",
        "type": "route",
        "@geometry": "center"
      },
      "geometry": {
        "type": "Point",
        "coordinates": [
          -77.1930043,
          38.963795
        ]
      },
      "id": "relation/16154437"
    },
    {
      "type": "Feature",
      "properties": {
        "@id": "relation/16175078",
        "name": "Johnson Draft Trail",
        "network": "lwn",
        "ref": "491",
        "route": "hiking",
        "type": "route",
        "@geometry": "center"
      },
      "geometry": {
        "type": "Point",
        "coordinates": [
          -79.3051345,
          38.295517
        ]
      },
      "id": "relation/16175078"
    },
    {
      "type": "Feature",
      "properties": {
        "@id": "relation/16175079",
        "name": "Bald Ridge Trail",
        "network": "lwn",
        "ref": "496",
        "route": "hiking",
        "type": "route",
        "@geometry": "center"
      },
      "geometry": {
        "type": "Point",
        "coordinates": [
          -79.3231494,
          38.3190687
        ]
      },
      "id": "relation/16175079"
    },
    {
      "type": "Feature",
      "properties": {
        "@id": "relation/16175080",
        "name": "Miller Run Trail",
        "network": "lwn",
        "ref": "1022",
        "route": "hiking",
        "type": "route",
        "@geometry": "center"
      },
      "geometry": {
        "type": "Point",
        "coordinates": [
          -79.2151418,
          38.5316301
        ]
      },
      "id": "relation/16175080"
    },
    {
      "type": "Feature",
      "properties": {
        "@id": "relation/16175081",
        "name": "Slate Lick Trail",
        "network": "lwn",
        "ref": "593",
        "route": "hiking",
        "type": "route",
        "@geometry": "center"
      },
      "geometry": {
        "type": "Point",
        "coordinates": [
          -78.9895648,
          38.6034871
        ]
      },
      "id": "relation/16175081"
    },
    {
      "type": "Feature",
      "properties": {
        "@id": "relation/16175082",
        "name": "Ant Hill Trail",
        "network": "lwn",
        "ref": "422",
        "route": "hiking",
        "type": "route",
        "@geometry": "center"
      },
      "geometry": {
        "type": "Point",
        "coordinates": [
          -78.9980882,
          38.5889993
        ]
      },
      "id": "relation/16175082"
    },
    {
      "type": "Feature",
      "properties": {
        "@id": "relation/16215794",
        "ascent": "8",
        "descent": "539",
        "distance": "1.5 mi",
        "name": "6000 Steps Trail",
        "network": "lhn",
        "operator": "Snowshoe Resort",
        "route": "hiking",
        "type": "route",
        "@geometry": "center"
      },
      "geometry": {
        "type": "Point",
        "coordinates": [
          -79.9770011,
          38.4068233
        ]
      },
      "id": "relation/16215794"
    },
    {
      "type": "Feature",
      "properties": {
        "@id": "relation/16215795",
        "name": "Shavers Lake Trail",
        "network": "lhn",
        "route": "hiking",
        "type": "route",
        "@geometry": "center"
      },
      "geometry": {
        "type": "Point",
        "coordinates": [
          -79.9816604,
          38.4158288
        ]
      },
      "id": "relation/16215795"
    },
    {
      "type": "Feature",
      "properties": {
        "@id": "relation/16221753",
        "name": "Second Mountain Trail",
        "network": "lwn",
        "operator": "United States National Park Service",
        "ref": "580",
        "route": "hiking",
        "type": "route",
        "@geometry": "center"
      },
      "geometry": {
        "type": "Point",
        "coordinates": [
          -78.7149501,
          38.4516224
        ]
      },
      "id": "relation/16221753"
    },
    {
      "type": "Feature",
      "properties": {
        "@id": "relation/16221754",
        "colour": "purple",
        "name": "Fridley's Gap Trail",
        "network": "lwn",
        "operator": "United States National Park Service",
        "ref": "419",
        "route": "hiking",
        "type": "route",
        "@geometry": "center"
      },
      "geometry": {
        "type": "Point",
        "coordinates": [
          -78.6977425,
          38.484779
        ]
      },
      "id": "relation/16221754"
    },
    {
      "type": "Feature",
      "properties": {
        "@id": "relation/16221755",
        "name": "Pitt Springs Lookout Trail",
        "network": "lwn",
        "operator": "United States National Park Service",
        "ref": "584",
        "route": "hiking",
        "type": "route",
        "@geometry": "center"
      },
      "geometry": {
        "type": "Point",
        "coordinates": [
          -78.6608921,
          38.5539359
        ]
      },
      "id": "relation/16221755"
    },
    {
      "type": "Feature",
      "properties": {
        "@id": "relation/16221756",
        "colour": "purple",
        "name": "Roaring Run Trail",
        "network": "lwn",
        "operator": "United States National Park Service",
        "ref": "582",
        "route": "hiking",
        "type": "route",
        "@geometry": "center"
      },
      "geometry": {
        "type": "Point",
        "coordinates": [
          -78.6360581,
          38.5778296
        ]
      },
      "id": "relation/16221756"
    },
    {
      "type": "Feature",
      "properties": {
        "@id": "relation/16221757",
        "colour": "white",
        "name": "Bird Knob Trail",
        "network": "lwn",
        "operator": "United States National Park Service",
        "ref": "416B",
        "route": "hiking",
        "type": "route",
        "@geometry": "center"
      },
      "geometry": {
        "type": "Point",
        "coordinates": [
          -78.6327807,
          38.6134502
        ]
      },
      "id": "relation/16221757"
    },
    {
      "type": "Feature",
      "properties": {
        "@id": "relation/16221758",
        "colour": "orange",
        "name": "Massanutten South Trail",
        "network": "rwn",
        "operator": "United States National Park Service",
        "ref": "416",
        "route": "hiking",
        "type": "route",
        "@geometry": "center"
      },
      "geometry": {
        "type": "Point",
        "coordinates": [
          -78.652576,
          38.547624
        ]
      },
      "id": "relation/16221758"
    },
    {
      "type": "Feature",
      "properties": {
        "@id": "relation/16226766",
        "name": "Rohrbaugh Trail",
        "network": "lwn",
        "ref": "508",
        "route": "hiking",
        "type": "route",
        "@geometry": "center"
      },
      "geometry": {
        "type": "Point",
        "coordinates": [
          -79.3514798,
          38.9817085
        ]
      },
      "id": "relation/16226766"
    },
    {
      "type": "Feature",
      "properties": {
        "@id": "relation/16226767",
        "name": "Fisher Spring Run Trail",
        "network": "lwn",
        "ref": "510",
        "route": "hiking",
        "type": "route",
        "@geometry": "center"
      },
      "geometry": {
        "type": "Point",
        "coordinates": [
          -79.3422101,
          38.9998829
        ]
      },
      "id": "relation/16226767"
    },
    {
      "type": "Feature",
      "properties": {
        "@id": "relation/16226768",
        "name": "Wildlife Trail",
        "network": "lwn",
        "ref": "560",
        "route": "hiking",
        "type": "route",
        "@geometry": "center"
      },
      "geometry": {
        "type": "Point",
        "coordinates": [
          -79.3388142,
          38.9917475
        ]
      },
      "id": "relation/16226768"
    },
    {
      "type": "Feature",
      "properties": {
        "@id": "relation/16226769",
        "name": "Dunkenbarger Trail",
        "network": "lhn",
        "ref": "TR 552",
        "route": "hiking",
        "type": "route",
        "@geometry": "center"
      },
      "geometry": {
        "type": "Point",
        "coordinates": [
          -79.3920113,
          38.9854911
        ]
      },
      "id": "relation/16226769"
    },
    {
      "type": "Feature",
      "properties": {
        "@id": "relation/16226770",
        "name": "Dunkenbarger Trail",
        "network": "lhn",
        "ref": "TR 558",
        "route": "hiking",
        "type": "route",
        "@geometry": "center"
      },
      "geometry": {
        "type": "Point",
        "coordinates": [
          -79.3862289,
          38.9993554
        ]
      },
      "id": "relation/16226770"
    },
    {
      "type": "Feature",
      "properties": {
        "@id": "relation/16226771",
        "name": "Rocky Point Trail",
        "network": "lwn",
        "ref": "554",
        "route": "hiking",
        "type": "route",
        "@geometry": "center"
      },
      "geometry": {
        "type": "Point",
        "coordinates": [
          -79.3649786,
          38.9936966
        ]
      },
      "id": "relation/16226771"
    },
    {
      "type": "Feature",
      "properties": {
        "@id": "relation/16226772",
        "name": "Big Stonecoal Trail",
        "network": "lwn",
        "ref": "513",
        "route": "hiking",
        "type": "route",
        "@geometry": "center"
      },
      "geometry": {
        "type": "Point",
        "coordinates": [
          -79.3776317,
          39.0071088
        ]
      },
      "id": "relation/16226772"
    },
    {
      "type": "Feature",
      "properties": {
        "@id": "relation/16226773",
        "name": "Breathed Mountain Trail",
        "network": "lwn",
        "ref": "553",
        "route": "hiking",
        "type": "route",
        "@geometry": "center"
      },
      "geometry": {
        "type": "Point",
        "coordinates": [
          -79.3692093,
          39.0249199
        ]
      },
      "id": "relation/16226773"
    },
    {
      "type": "Feature",
      "properties": {
        "@id": "relation/16226774",
        "name": "Bear Rocks Trail",
        "network": "lwn",
        "ref": "522",
        "route": "hiking",
        "type": "route",
        "@geometry": "center"
      },
      "geometry": {
        "type": "Point",
        "coordinates": [
          -79.3230301,
          39.0642221
        ]
      },
      "id": "relation/16226774"
    },
    {
      "type": "Feature",
      "properties": {
        "@id": "relation/16226775",
        "name": "Red Creek Trail",
        "network": "lwn",
        "ref": "514",
        "route": "hiking",
        "type": "route",
        "@geometry": "center"
      },
      "geometry": {
        "type": "Point",
        "coordinates": [
          -79.3730474,
          39.0020593
        ]
      },
      "id": "relation/16226775"
    },
    {
      "type": "Feature",
      "properties": {
        "@id": "relation/16226776",
        "name": "Upper Red Creek Trail",
        "network": "lwn",
        "ref": "509",
        "route": "hiking",
        "type": "route",
        "@geometry": "center"
      },
      "geometry": {
        "type": "Point",
        "coordinates": [
          -79.3421099,
          39.0400838
        ]
      },
      "id": "relation/16226776"
    },
    {
      "type": "Feature",
      "properties": {
        "@id": "relation/16226777",
        "name": "Blackbird Knob Trail",
        "network": "lwn",
        "ref": "511",
        "route": "hiking",
        "type": "route",
        "@geometry": "center"
      },
      "geometry": {
        "type": "Point",
        "coordinates": [
          -79.3494121,
          39.034521
        ]
      },
      "id": "relation/16226777"
    },
    {
      "type": "Feature",
      "properties": {
        "@id": "relation/16226778",
        "name": "Harman Trail",
        "network": "lwn",
        "ref": "525",
        "route": "hiking",
        "type": "route",
        "@geometry": "center"
      },
      "geometry": {
        "type": "Point",
        "coordinates": [
          -79.3721891,
          39.0400652
        ]
      },
      "id": "relation/16226778"
    },
    {
      "type": "Feature",
      "properties": {
        "@id": "relation/16226779",
        "name": "Rocky Ridge Trail",
        "network": "lwn",
        "ref": "524",
        "route": "hiking",
        "type": "route",
        "@geometry": "center"
      },
      "geometry": {
        "type": "Point",
        "coordinates": [
          -79.3739415,
          39.0545704
        ]
      },
      "id": "relation/16226779"
    },
    {
      "type": "Feature",
      "properties": {
        "@id": "relation/16226780",
        "name": "Beaver View Trail",
        "network": "lwn",
        "ref": "523",
        "route": "hiking",
        "type": "route",
        "@geometry": "center"
      },
      "geometry": {
        "type": "Point",
        "coordinates": [
          -79.3501316,
          39.0601201
        ]
      },
      "id": "relation/16226780"
    },
    {
      "type": "Feature",
      "properties": {
        "@id": "relation/16226781",
        "name": "Dobbin Grade Trail",
        "network": "lwn",
        "ref": "526",
        "route": "hiking",
        "type": "route",
        "@geometry": "center"
      },
      "geometry": {
        "type": "Point",
        "coordinates": [
          -79.3468625,
          39.0556401
        ]
      },
      "id": "relation/16226781"
    },
    {
      "type": "Feature",
      "properties": {
        "@id": "relation/16226782",
        "name": "Raven Ridge Trail",
        "network": "lwn",
        "ref": "521",
        "route": "hiking",
        "type": "route",
        "@geometry": "center"
      },
      "geometry": {
        "type": "Point",
        "coordinates": [
          -79.3496823,
          39.0594562
        ]
      },
      "id": "relation/16226782"
    },
    {
      "type": "Feature",
      "properties": {
        "@id": "relation/16234564",
        "name": "Fire Trail #6",
        "network": "lwn",
        "ref": "108",
        "route": "hiking",
        "type": "route",
        "@geometry": "center"
      },
      "geometry": {
        "type": "Point",
        "coordinates": [
          -79.4951045,
          39.074988
        ]
      },
      "id": "relation/16234564"
    },
    {
      "type": "Feature",
      "properties": {
        "@id": "relation/16234565",
        "name": "Pointy Knob Trail",
        "network": "lwn",
        "ref": "139",
        "route": "hiking",
        "type": "route",
        "@geometry": "center"
      },
      "geometry": {
        "type": "Point",
        "coordinates": [
          -79.503346,
          39.0505347
        ]
      },
      "id": "relation/16234565"
    },
    {
      "type": "Feature",
      "properties": {
        "@id": "relation/16234566",
        "name": "Mountainside Trail",
        "network": "lwn",
        "ref": "114",
        "route": "hiking",
        "type": "route",
        "@geometry": "center"
      },
      "geometry": {
        "type": "Point",
        "coordinates": [
          -79.584261,
          39.0618874
        ]
      },
      "id": "relation/16234566"
    },
    {
      "type": "Feature",
      "properties": {
        "@id": "relation/16234567",
        "name": "Table Rock Trail",
        "network": "lwn",
        "ref": "113",
        "route": "hiking",
        "type": "route",
        "@geometry": "center"
      },
      "geometry": {
        "type": "Point",
        "coordinates": [
          -79.5787825,
          39.0600515
        ]
      },
      "id": "relation/16234567"
    },
    {
      "type": "Feature",
      "properties": {
        "@id": "relation/16234568",
        "name": "Lindy Run Trail",
        "network": "lwn",
        "ref": "109",
        "route": "hiking",
        "type": "route",
        "@geometry": "center"
      },
      "geometry": {
        "type": "Point",
        "coordinates": [
          -79.5105015,
          39.0833475
        ]
      },
      "id": "relation/16234568"
    },
    {
      "type": "Feature",
      "properties": {
        "@id": "relation/16234569",
        "name": "Plantation Trail",
        "network": "lwn",
        "ref": "101",
        "route": "hiking",
        "type": "route",
        "@geometry": "center"
      },
      "geometry": {
        "type": "Point",
        "coordinates": [
          -79.5093365,
          39.085172
        ]
      },
      "id": "relation/16234569"
    },
    {
      "type": "Feature",
      "properties": {
        "@id": "relation/16234570",
        "name": "Lumberjack Trail",
        "network": "lwn",
        "ref": "534",
        "route": "hiking",
        "type": "route",
        "@geometry": "center"
      },
      "geometry": {
        "type": "Point",
        "coordinates": [
          -79.5165597,
          38.7430811
        ]
      },
      "id": "relation/16234570"
    },
    {
      "type": "Feature",
      "properties": {
        "@id": "relation/16234571",
        "name": "Spring Ridge Trail",
        "network": "lwn",
        "ref": "561",
        "route": "hiking",
        "type": "route",
        "@geometry": "center"
      },
      "geometry": {
        "type": "Point",
        "coordinates": [
          -79.5342675,
          38.7856273
        ]
      },
      "id": "relation/16234571"
    },
    {
      "type": "Feature",
      "properties": {
        "@id": "relation/16234572",
        "name": "Judy Springs Trail",
        "network": "lwn",
        "ref": "512",
        "route": "hiking",
        "type": "route",
        "@geometry": "center"
      },
      "geometry": {
        "type": "Point",
        "coordinates": [
          -79.5127838,
          38.7524759
        ]
      },
      "id": "relation/16234572"
    },
    {
      "type": "Feature",
      "properties": {
        "@id": "relation/16234573",
        "name": "High Meadows Trail",
        "network": "lwn",
        "ref": "564",
        "route": "hiking",
        "type": "route",
        "@geometry": "center"
      },
      "geometry": {
        "type": "Point",
        "coordinates": [
          -79.4991462,
          38.7705865
        ]
      },
      "id": "relation/16234573"
    },
    {
      "type": "Feature",
      "properties": {
        "@id": "relation/16234574",
        "name": "Bear Hunter Trail",
        "network": "lwn",
        "ref": "531",
        "route": "hiking",
        "type": "route",
        "@geometry": "center"
      },
      "geometry": {
        "type": "Point",
        "coordinates": [
          -79.5224766,
          38.7566982
        ]
      },
      "id": "relation/16234574"
    },
    {
      "type": "Feature",
      "properties": {
        "@id": "relation/16234575",
        "name": "Horton Trail",
        "network": "lwn",
        "ref": "530",
        "route": "hiking",
        "type": "route",
        "@geometry": "center"
      },
      "geometry": {
        "type": "Point",
        "coordinates": [
          -79.525881,
          38.7747268
        ]
      },
      "id": "relation/16234575"
    },
    {
      "type": "Feature",
      "properties": {
        "@id": "relation/16234576",
        "name": "Tom Lick Run Trail",
        "network": "lwn",
        "ref": "559",
        "route": "hiking",
        "type": "route",
        "@geometry": "center"
      },
      "geometry": {
        "type": "Point",
        "coordinates": [
          -79.545383,
          38.7290057
        ]
      },
      "id": "relation/16234576"
    },
    {
      "type": "Feature",
      "properties": {
        "@id": "relation/16234577",
        "name": "Bee Run Trail",
        "network": "lwn",
        "ref": "555",
        "route": "hiking",
        "type": "route",
        "@geometry": "center"
      },
      "geometry": {
        "type": "Point",
        "coordinates": [
          -79.5680478,
          38.7604545
        ]
      },
      "id": "relation/16234577"
    },
    {
      "type": "Feature",
      "properties": {
        "@id": "relation/16234578",
        "name": "Big Run Trail",
        "network": "lwn",
        "ref": "527",
        "route": "hiking",
        "type": "route",
        "@geometry": "center"
      },
      "geometry": {
        "type": "Point",
        "coordinates": [
          -79.5847132,
          38.728481
        ]
      },
      "id": "relation/16234578"
    },
    {
      "type": "Feature",
      "properties": {
        "@id": "relation/16234579",
        "name": "Swallow Rock Trail",
        "network": "lwn",
        "ref": "529",
        "route": "hiking",
        "type": "route",
        "@geometry": "center"
      },
      "geometry": {
        "type": "Point",
        "coordinates": [
          -79.5430468,
          38.7547673
        ]
      },
      "id": "relation/16234579"
    },
    {
      "type": "Feature",
      "properties": {
        "@id": "relation/16234580",
        "name": "North Prong Trail",
        "network": "lwn",
        "ref": "528",
        "route": "hiking",
        "type": "route",
        "@geometry": "center"
      },
      "geometry": {
        "type": "Point",
        "coordinates": [
          -79.5627605,
          38.7391687
        ]
      },
      "id": "relation/16234580"
    },
    {
      "type": "Feature",
      "properties": {
        "@id": "relation/16234581",
        "name": "Elza Trail",
        "network": "lwn",
        "ref": "556",
        "route": "hiking",
        "type": "route",
        "@geometry": "center"
      },
      "geometry": {
        "type": "Point",
        "coordinates": [
          -79.575907,
          38.749886
        ]
      },
      "id": "relation/16234581"
    },
    {
      "type": "Feature",
      "properties": {
        "@id": "relation/16234582",
        "name": "Leading Ridge Trail",
        "network": "lwn",
        "ref": "557",
        "route": "hiking",
        "type": "route",
        "@geometry": "center"
      },
      "geometry": {
        "type": "Point",
        "coordinates": [
          -79.5697104,
          38.7465136
        ]
      },
      "id": "relation/16234582"
    },
    {
      "type": "Feature",
      "properties": {
        "@id": "relation/16250963",
        "colour": "white",
        "description": "Patapsco Full Traverse",
        "name": "Patapsco Traverse (south hiking)",
        "network": "rwn",
        "operator": "Friends of Patapsco Valley State Park",
        "operator:wikidata": "Q105416118",
        "ref": "PtapT",
        "route": "hiking",
        "type": "route",
        "@geometry": "center"
      },
      "geometry": {
        "type": "Point",
        "coordinates": [
          -76.8352409,
          39.2905916
        ]
      },
      "id": "relation/16250963"
    },
    {
      "type": "Feature",
      "properties": {
        "@id": "relation/16250964",
        "colour": "white",
        "description": "Patapsco Full Traverse",
        "name": "Patapsco Traverse (north hiking)",
        "network": "rwn",
        "operator": "Friends of Patapsco Valley State Park",
        "operator:wikidata": "Q105416118",
        "ref": "PtapT",
        "route": "hiking",
        "type": "route",
        "@geometry": "center"
      },
      "geometry": {
        "type": "Point",
        "coordinates": [
          -76.8352409,
          39.2905916
        ]
      },
      "id": "relation/16250964"
    },
    {
      "type": "Feature",
      "properties": {
        "@id": "relation/16316583",
        "name": "Pirates Cove Trail",
        "route": "hiking",
        "type": "route",
        "@geometry": "center"
      },
      "geometry": {
        "type": "Point",
        "coordinates": [
          -80.8500584,
          38.2440981
        ]
      },
      "id": "relation/16316583"
    },
    {
      "type": "Feature",
      "properties": {
        "@id": "relation/16316584",
        "name": "Summersville Lake Climbers' Trail",
        "route": "hiking",
        "type": "route",
        "@geometry": "center"
      },
      "geometry": {
        "type": "Point",
        "coordinates": [
          -80.8452699,
          38.2416671
        ]
      },
      "id": "relation/16316584"
    },
    {
      "type": "Feature",
      "properties": {
        "@id": "relation/16410624",
        "ascent": "654 ft",
        "descent": "0 ft",
        "distance": "1.1 mi",
        "name": "Bail Out Trail",
        "network": "lhn",
        "operator": "Snowshoe Resort",
        "route": "hiking",
        "type": "route",
        "@geometry": "center"
      },
      "geometry": {
        "type": "Point",
        "coordinates": [
          -79.9714257,
          38.4167489
        ]
      },
      "id": "relation/16410624"
    },
    {
      "type": "Feature",
      "properties": {
        "@id": "relation/16410717",
        "ascent": "25 ft",
        "descent": "180 ft",
        "distance": "0.7 mi",
        "name": "Airport Ridge",
        "network": "lhn",
        "operator": "Snowshoe Resort",
        "route": "hiking",
        "type": "route",
        "@geometry": "center"
      },
      "geometry": {
        "type": "Point",
        "coordinates": [
          -80.0069793,
          38.4411081
        ]
      },
      "id": "relation/16410717"
    },
    {
      "type": "Feature",
      "properties": {
        "@id": "relation/16410718",
        "ascent": "213 ft",
        "descent": "397 ft",
        "distance": "1.7 mi",
        "name": "Airport Runway",
        "network": "lhn",
        "operator": "Snowshoe Resort",
        "route": "hiking",
        "type": "route",
        "@geometry": "center"
      },
      "geometry": {
        "type": "Point",
        "coordinates": [
          -79.998324,
          38.4406594
        ]
      },
      "id": "relation/16410718"
    },
    {
      "type": "Feature",
      "properties": {
        "@id": "relation/16410719",
        "ascent": "275 ft",
        "descent": "2 ft",
        "distance": "0.9 mi",
        "name": "Airport Road",
        "network": "lhn",
        "operator": "Snowshoe Resort",
        "route": "hiking",
        "type": "route",
        "@geometry": "center"
      },
      "geometry": {
        "type": "Point",
        "coordinates": [
          -80.0085971,
          38.4393356
        ]
      },
      "id": "relation/16410719"
    },
    {
      "type": "Feature",
      "properties": {
        "@id": "relation/16410720",
        "distance": "2.1 mi",
        "name": "Lower Spruce Trail",
        "network": "lhn",
        "operator": "Snowshoe Resort",
        "route": "hiking",
        "type": "route",
        "@geometry": "center"
      },
      "geometry": {
        "type": "Point",
        "coordinates": [
          -79.9772923,
          38.4433378
        ]
      },
      "id": "relation/16410720"
    },
    {
      "type": "Feature",
      "properties": {
        "@id": "relation/16410721",
        "ascent": "3 ft",
        "descent": "816 ft",
        "distance": "2 mi",
        "name": "Fire Tower Trail",
        "network": "lhn",
        "route": "hiking",
        "type": "route",
        "@geometry": "center"
      },
      "geometry": {
        "type": "Point",
        "coordinates": [
          -79.9646851,
          38.429143
        ]
      },
      "id": "relation/16410721"
    },
    {
      "type": "Feature",
      "properties": {
        "@id": "relation/16410722",
        "ascent": "308 ft",
        "descent": "387 ft",
        "distance": "3.8 mi",
        "name": "Cheat Mountain Ridge Trail",
        "network": "lhn",
        "operator": "Snowshoe Resort",
        "route": "hiking",
        "type": "route",
        "@geometry": "center"
      },
      "geometry": {
        "type": "Point",
        "coordinates": [
          -79.978663,
          38.4055932
        ]
      },
      "id": "relation/16410722"
    },
    {
      "type": "Feature",
      "properties": {
        "@id": "relation/16454632",
        "fixme": "incomplete, entire trail not yet mapped as of 7 Oct 2023",
        "name": "Cisler Trail",
        "network": "lwn",
        "route": "hiking",
        "type": "route",
        "@geometry": "center"
      },
      "geometry": {
        "type": "Point",
        "coordinates": [
          -81.4534782,
          39.435711
        ]
      },
      "id": "relation/16454632"
    },
    {
      "type": "Feature",
      "properties": {
        "@id": "relation/16667394",
        "colour": "white",
        "name": "Willis River Trail",
        "network": "lwn",
        "route": "hiking",
        "type": "route",
        "@geometry": "center"
      },
      "geometry": {
        "type": "Point",
        "coordinates": [
          -78.289196,
          37.5104341
        ]
      },
      "id": "relation/16667394"
    },
    {
      "type": "Feature",
      "properties": {
        "@id": "relation/16859032",
        "colour": "purple",
        "name": "Mudhole Gap Trail",
        "network": "lwn",
        "operator": "United States National Park Service",
        "osmc:symbol": "purple::purple_stripe",
        "ref": "564",
        "route": "hiking",
        "type": "route",
        "@geometry": "center"
      },
      "geometry": {
        "type": "Point",
        "coordinates": [
          -78.3563031,
          38.9196532
        ]
      },
      "id": "relation/16859032"
    },
    {
      "type": "Feature",
      "properties": {
        "@id": "relation/16906760",
        "colour": "white",
        "name": "Rhododendron Trail",
        "network": "lhn",
        "osmc:symbol": "white:white_rectangle",
        "route": "hiking",
        "trailblazed": "symbols",
        "trailblazed:visibility": "good",
        "type": "route",
        "@geometry": "center"
      },
      "geometry": {
        "type": "Point",
        "coordinates": [
          -79.5028795,
          39.1013831
        ]
      },
      "id": "relation/16906760"
    },
    {
      "type": "Feature",
      "properties": {
        "@id": "relation/16906761",
        "colour": "red",
        "name": "Red Spruce Trail",
        "network": "lhn",
        "osmc:symbol": "red:red_rectangle",
        "route": "hiking",
        "trailblazed": "symbols",
        "trailblazed:visibility": "good",
        "type": "route",
        "@geometry": "center"
      },
      "geometry": {
        "type": "Point",
        "coordinates": [
          -79.4970588,
          39.1045081
        ]
      },
      "id": "relation/16906761"
    },
    {
      "type": "Feature",
      "properties": {
        "@id": "relation/16906762",
        "colour": "blue",
        "name": "Shay Trace Trail",
        "network": "lhn",
        "osmc:symbol": "blue:blue_rectangle",
        "route": "hiking",
        "trailblazed": "symbols",
        "trailblazed:visibility": "good",
        "type": "route",
        "@geometry": "center"
      },
      "geometry": {
        "type": "Point",
        "coordinates": [
          -79.5057059,
          39.1048162
        ]
      },
      "id": "relation/16906762"
    },
    {
      "type": "Feature",
      "properties": {
        "@id": "relation/16911748",
        "name": "Water Tank Trail",
        "network": "lhn",
        "osmc:symbol": "green:green_rectangle",
        "route": "hiking",
        "trailblazed": "symbols",
        "type": "route",
        "@geometry": "center"
      },
      "geometry": {
        "type": "Point",
        "coordinates": [
          -79.4952664,
          39.1056393
        ]
      },
      "id": "relation/16911748"
    },
    {
      "type": "Feature",
      "properties": {
        "@id": "relation/16911749",
        "colour": "yellow",
        "name": "Yellow Birch Trail",
        "network": "lhn",
        "osmc:symbol": "yellow:yellow_rectangle",
        "route": "hiking",
        "trailblazed": "symbols",
        "type": "route",
        "@geometry": "center"
      },
      "geometry": {
        "type": "Point",
        "coordinates": [
          -79.4901598,
          39.1066626
        ]
      },
      "id": "relation/16911749"
    },
    {
      "type": "Feature",
      "properties": {
        "@id": "relation/16911750",
        "colour": "blue",
        "name": "Stemwinder Trail",
        "network": "lhn",
        "osmc:symbol": "blue:blue_rectangle",
        "route": "hiking",
        "trailblazed": "symbols",
        "type": "route",
        "@geometry": "center"
      },
      "geometry": {
        "type": "Point",
        "coordinates": [
          -79.4912779,
          39.1022166
        ]
      },
      "id": "relation/16911750"
    },
    {
      "type": "Feature",
      "properties": {
        "@id": "relation/16911751",
        "name": "Balanced Rock Trail",
        "network": "lhn",
        "osmc:symbol": "orange:orange_rectangle",
        "route": "hiking",
        "trailblazed": "symbols",
        "type": "route",
        "@geometry": "center"
      },
      "geometry": {
        "type": "Point",
        "coordinates": [
          -79.5019268,
          39.103196
        ]
      },
      "id": "relation/16911751"
    },
    {
      "type": "Feature",
      "properties": {
        "@id": "relation/16911752",
        "colour": "yellow",
        "name": "Cherry Lane Trail",
        "network": "lhn",
        "osmc:symbol": "yellow:yellow_rectangle",
        "route": "hiking",
        "trailblazed": "symbols",
        "type": "route",
        "@geometry": "center"
      },
      "geometry": {
        "type": "Point",
        "coordinates": [
          -79.5124669,
          39.1028247
        ]
      },
      "id": "relation/16911752"
    },
    {
      "type": "Feature",
      "properties": {
        "@id": "relation/16911764",
        "name": "Blackwater Canyon Trail",
        "network": "lhn",
        "ref": "BCT",
        "route": "hiking",
        "type": "route",
        "@geometry": "center"
      },
      "geometry": {
        "type": "Point",
        "coordinates": [
          -79.5664224,
          39.1096771
        ]
      },
      "id": "relation/16911764"
    },
    {
      "type": "Feature",
      "properties": {
        "@id": "relation/16925001",
        "colour": "red",
        "name": "Lindy Point Trail",
        "network": "lhn",
        "osmc:symbol": "red:red_rectangle",
        "route": "hiking",
        "trailblazed": "symbols",
        "type": "route",
        "@geometry": "center"
      },
      "geometry": {
        "type": "Point",
        "coordinates": [
          -79.5283024,
          39.1004202
        ]
      },
      "id": "relation/16925001"
    },
    {
      "type": "Feature",
      "properties": {
        "@id": "relation/16925484",
        "colour": "white",
        "name": "Davis Trail",
        "network": "lhn",
        "osmc:symbol": "white:white_rectangle",
        "route": "hiking",
        "trailblazed": "symbols",
        "type": "route",
        "@geometry": "center"
      },
      "geometry": {
        "type": "Point",
        "coordinates": [
          -79.4853165,
          39.1043078
        ]
      },
      "id": "relation/16925484"
    },
    {
      "type": "Feature",
      "properties": {
        "@id": "relation/16947939",
        "alt_name": "Monongahela National Forest Trail 518",
        "name": "Boar's Nest Trail",
        "network": "US:NFSR:Monogahela:TR",
        "ref": "TR 518",
        "route": "hiking",
        "type": "route",
        "@geometry": "center"
      },
      "geometry": {
        "type": "Point",
        "coordinates": [
          -79.3935862,
          38.9429607
        ]
      },
      "id": "relation/16947939"
    },
    {
      "type": "Feature",
      "properties": {
        "@id": "relation/17090361",
        "colour": "#ffa500",
        "name": "Oriole Trail",
        "network": "lwn",
        "operator": "American Chestnut Land Trust",
        "osmc:symbol": "orange::orange_stripe",
        "route": "hiking",
        "signed_direction": "no",
        "surface": "ground",
        "survey:date": "2024-01-27",
        "type": "route",
        "@geometry": "center"
      },
      "geometry": {
        "type": "Point",
        "coordinates": [
          -76.5118382,
          38.4991612
        ]
      },
      "id": "relation/17090361"
    },
    {
      "type": "Feature",
      "properties": {
        "@id": "relation/17293625",
        "name": "Pike Lake State Park Hiking Trails",
        "operator": "Ohio Department of Natural Resources",
        "route": "hiking",
        "type": "route",
        "@geometry": "center"
      },
      "geometry": {
        "type": "Point",
        "coordinates": [
          -83.2131335,
          39.171073
        ]
      },
      "id": "relation/17293625"
    },
    {
      "type": "Feature",
      "properties": {
        "@id": "relation/17387600",
        "colour": "orange",
        "name": "Culler's Trail",
        "network": "lwn",
        "route": "hiking",
        "type": "route",
        "@geometry": "center"
      },
      "geometry": {
        "type": "Point",
        "coordinates": [
          -78.3175543,
          38.8457954
        ]
      },
      "id": "relation/17387600"
    },
    {
      "type": "Feature",
      "properties": {
        "@id": "relation/17387601",
        "colour": "#036d23",
        "name": "River Trail",
        "network": "lwn",
        "route": "hiking",
        "type": "route",
        "@geometry": "center"
      },
      "geometry": {
        "type": "Point",
        "coordinates": [
          -78.3200495,
          38.8462548
        ]
      },
      "id": "relation/17387601"
    },
    {
      "type": "Feature",
      "properties": {
        "@id": "relation/17387602",
        "colour": "white",
        "name": "Big Oak Trail",
        "network": "lwn",
        "route": "hiking",
        "type": "route",
        "@geometry": "center"
      },
      "geometry": {
        "type": "Point",
        "coordinates": [
          -78.3230957,
          38.8462713
        ]
      },
      "id": "relation/17387602"
    },
    {
      "type": "Feature",
      "properties": {
        "@id": "relation/17387603",
        "colour": "red",
        "name": "Redtail Ridge Trail",
        "network": "lwn",
        "route": "hiking",
        "type": "route",
        "@geometry": "center"
      },
      "geometry": {
        "type": "Point",
        "coordinates": [
          -78.323881,
          38.845068
        ]
      },
      "id": "relation/17387603"
    },
    {
      "type": "Feature",
      "properties": {
        "@id": "relation/17387604",
        "colour": "gray",
        "name": "Shale Barrens Trail",
        "network": "lwn",
        "route": "hiking",
        "type": "route",
        "@geometry": "center"
      },
      "geometry": {
        "type": "Point",
        "coordinates": [
          -78.3240661,
          38.8410109
        ]
      },
      "id": "relation/17387604"
    },
    {
      "type": "Feature",
      "properties": {
        "@id": "relation/17387605",
        "colour": "#684545",
        "name": "Cabin Connector Trail",
        "network": "lwn",
        "route": "hiking",
        "type": "route",
        "@geometry": "center"
      },
      "geometry": {
        "type": "Point",
        "coordinates": [
          -78.3195939,
          38.8445556
        ]
      },
      "id": "relation/17387605"
    },
    {
      "type": "Feature",
      "properties": {
        "@id": "relation/17387606",
        "colour": "pink",
        "name": "Tulip Poplar Trail",
        "network": "lwn",
        "route": "hiking",
        "type": "route",
        "@geometry": "center"
      },
      "geometry": {
        "type": "Point",
        "coordinates": [
          -78.3237794,
          38.8491552
        ]
      },
      "id": "relation/17387606"
    },
    {
      "type": "Feature",
      "properties": {
        "@id": "relation/17387607",
        "colour": "teal",
        "name": "Bear Bottom Loop Trail",
        "network": "lwn",
        "route": "hiking",
        "type": "route",
        "@geometry": "center"
      },
      "geometry": {
        "type": "Point",
        "coordinates": [
          -78.3103867,
          38.843567
        ]
      },
      "id": "relation/17387607"
    },
    {
      "type": "Feature",
      "properties": {
        "@id": "relation/17387608",
        "colour": "purple",
        "name": "Campground Trail",
        "network": "lwn",
        "route": "hiking",
        "type": "route",
        "@geometry": "center"
      },
      "geometry": {
        "type": "Point",
        "coordinates": [
          -78.3087087,
          38.8500945
        ]
      },
      "id": "relation/17387608"
    },
    {
      "type": "Feature",
      "properties": {
        "@id": "relation/17387609",
        "colour": "blue",
        "name": "Bluebell Trail",
        "network": "lwn",
        "route": "hiking",
        "type": "route",
        "@geometry": "center"
      },
      "geometry": {
        "type": "Point",
        "coordinates": [
          -78.3097673,
          38.8573828
        ]
      },
      "id": "relation/17387609"
    },
    {
      "type": "Feature",
      "properties": {
        "@id": "relation/17387610",
        "colour": "maroon",
        "name": "Overlook Trail",
        "network": "lwn",
        "route": "hiking",
        "type": "route",
        "@geometry": "center"
      },
      "geometry": {
        "type": "Point",
        "coordinates": [
          -78.3072168,
          38.8548529
        ]
      },
      "id": "relation/17387610"
    },
    {
      "type": "Feature",
      "properties": {
        "@id": "relation/17387611",
        "colour": "lime",
        "name": "Hemlock Hollow Trail",
        "network": "lwn",
        "route": "hiking",
        "type": "route",
        "@geometry": "center"
      },
      "geometry": {
        "type": "Point",
        "coordinates": [
          -78.3094493,
          38.8604292
        ]
      },
      "id": "relation/17387611"
    },
    {
      "type": "Feature",
      "properties": {
        "@id": "relation/17387678",
        "colour": "yellow",
        "name": "Veach Gap Trail",
        "network": "lwn",
        "route": "hiking",
        "type": "route",
        "@geometry": "center"
      },
      "geometry": {
        "type": "Point",
        "coordinates": [
          -78.3690042,
          38.87392
        ]
      },
      "id": "relation/17387678"
    },
    {
      "type": "Feature",
      "properties": {
        "@id": "relation/17388651",
        "colour": "gold",
        "name": "Pollinator Path",
        "network": "lwn",
        "route": "hiking",
        "type": "route",
        "@geometry": "center"
      },
      "geometry": {
        "type": "Point",
        "coordinates": [
          -78.3168281,
          38.8489631
        ]
      },
      "id": "relation/17388651"
    },
    {
      "type": "Feature",
      "properties": {
        "@id": "relation/17388652",
        "colour": "navy",
        "name": "Cottonwood Trail",
        "network": "lwn",
        "route": "hiking",
        "type": "route",
        "@geometry": "center"
      },
      "geometry": {
        "type": "Point",
        "coordinates": [
          -78.3015554,
          38.8655119
        ]
      },
      "id": "relation/17388652"
    },
    {
      "type": "Feature",
      "properties": {
        "@id": "relation/17392529",
        "colour": "gold",
        "name": "Point Trail",
        "network": "lwn",
        "route": "hiking",
        "type": "route",
        "@geometry": "center"
      },
      "geometry": {
        "type": "Point",
        "coordinates": [
          -78.2979447,
          38.8622724
        ]
      },
      "id": "relation/17392529"
    },
    {
      "type": "Feature",
      "properties": {
        "@id": "relation/17392530",
        "colour": "beige",
        "name": "Wildcat Ledge Trail",
        "network": "lwn",
        "route": "hiking",
        "type": "route",
        "@geometry": "center"
      },
      "geometry": {
        "type": "Point",
        "coordinates": [
          -78.2973434,
          38.8675628
        ]
      },
      "id": "relation/17392530"
    },
    {
      "type": "Feature",
      "properties": {
        "@id": "relation/17392531",
        "colour": "silver",
        "name": "Allen's Mountain Trail",
        "network": "lwn",
        "route": "hiking",
        "type": "route",
        "@geometry": "center"
      },
      "geometry": {
        "type": "Point",
        "coordinates": [
          -78.3004408,
          38.8563408
        ]
      },
      "id": "relation/17392531"
    },
    {
      "type": "Feature",
      "properties": {
        "@id": "relation/17392532",
        "colour": "#FF00FF",
        "name": "Campbell's Jump Trail",
        "network": "lwn",
        "route": "hiking",
        "type": "route",
        "@geometry": "center"
      },
      "geometry": {
        "type": "Point",
        "coordinates": [
          -78.2987637,
          38.8542054
        ]
      },
      "id": "relation/17392532"
    },
    {
      "type": "Feature",
      "properties": {
        "@id": "relation/17392533",
        "colour": "yellow",
        "name": "Turkey Roost Trail",
        "network": "lwn",
        "route": "hiking",
        "type": "route",
        "@geometry": "center"
      },
      "geometry": {
        "type": "Point",
        "coordinates": [
          -78.3059222,
          38.8601912
        ]
      },
      "id": "relation/17392533"
    },
    {
      "type": "Feature",
      "properties": {
        "@id": "relation/17414633",
        "colour": "white",
        "name": "Bear Wallow Spur Trail",
        "network": "lwn",
        "ref": "562",
        "route": "hiking",
        "type": "route",
        "@geometry": "center"
      },
      "geometry": {
        "type": "Point",
        "coordinates": [
          -78.336207,
          38.927483
        ]
      },
      "id": "relation/17414633"
    },
    {
      "type": "Feature",
      "properties": {
        "@id": "relation/17414634",
        "colour": "white",
        "name": "Botts Trail",
        "ref": "463",
        "route": "hiking",
        "type": "route",
        "@geometry": "center"
      },
      "geometry": {
        "type": "Point",
        "coordinates": [
          -78.3312989,
          38.9238066
        ]
      },
      "id": "relation/17414634"
    },
    {
      "type": "Feature",
      "properties": {
        "@id": "relation/17475360",
        "name": "Otter Creek Trail",
        "network": "lwn",
        "route": "hiking",
        "type": "route",
        "@geometry": "center"
      },
      "geometry": {
        "type": "Point",
        "coordinates": [
          -79.3528876,
          37.565102
        ]
      },
      "id": "relation/17475360"
    },
    {
      "type": "Feature",
      "properties": {
        "@id": "relation/17502744",
        "colour": "navy",
        "name": "Squirrel Gap Trail",
        "network": "lwn",
        "ref": "1006",
        "route": "hiking",
        "type": "route",
        "@geometry": "center"
      },
      "geometry": {
        "type": "Point",
        "coordinates": [
          -78.6852422,
          39.0435906
        ]
      },
      "id": "relation/17502744"
    },
    {
      "type": "Feature",
      "properties": {
        "@id": "relation/17502814",
        "colour": "pink",
        "name": "Bucktail Cutoff Trail",
        "network": "lwn",
        "ref": "1030A",
        "route": "hiking",
        "type": "route",
        "@geometry": "center"
      },
      "geometry": {
        "type": "Point",
        "coordinates": [
          -78.6496799,
          39.0033319
        ]
      },
      "id": "relation/17502814"
    },
    {
      "type": "Feature",
      "properties": {
        "@id": "relation/17503457",
        "colour": "blue",
        "name": "Sandy Ridge Trail",
        "ref": "1005",
        "route": "hiking",
        "type": "route",
        "@geometry": "center"
      },
      "geometry": {
        "type": "Point",
        "coordinates": [
          -78.6610239,
          39.0508454
        ]
      },
      "id": "relation/17503457"
    },
    {
      "type": "Feature",
      "properties": {
        "@id": "relation/17566451",
        "colour": "yellow",
        "name": "Dickey Ridge Horse Trail",
        "network": "lwn",
        "route": "hiking",
        "type": "route",
        "@geometry": "center"
      },
      "geometry": {
        "type": "Point",
        "coordinates": [
          -78.1814722,
          38.8332734
        ]
      },
      "id": "relation/17566451"
    },
    {
      "type": "Feature",
      "properties": {
        "@id": "relation/17670135",
        "description": "The Helen C. Black Trail, opened in 2020, is located in the John and Marion Becker Cedar Falls Preserve. Part of the Edge of Appalachia Preserve System, it features a 15-foot limestone cascade best viewed in spring or after heavy rain.",
        "name": "Helen C. Black Trail",
        "route": "hiking",
        "start_date": "2020",
        "type": "route",
        "website": "https://www.nature.org/en-us/get-involved/how-to-help/places-we-protect/edge-of-appalachia-cedar-falls-trail/",
        "@geometry": "center"
      },
      "geometry": {
        "type": "Point",
        "coordinates": [
          -83.3877839,
          38.8289035
        ]
      },
      "id": "relation/17670135"
    },
    {
      "type": "Feature",
      "properties": {
        "@id": "relation/17670362",
        "description": "Buzzardroost Rock Trail in Ohio's Edge of Appalachia Preserve leads to a limestone monument 300 feet above Brush Creek valley, offering spectacular views. The trail features rare prairie plants, while turkey and black vultures are often seen at the rock.",
        "name": "Buzzardroost Rock Trail",
        "route": "hiking",
        "type": "route",
        "website": "https://www.nature.org/en-us/get-involved/how-to-help/places-we-protect/edge-of-appalachia-buzzardroost-rock-trail/",
        "@geometry": "center"
      },
      "geometry": {
        "type": "Point",
        "coordinates": [
          -83.4394579,
          38.7686939
        ]
      },
      "id": "relation/17670362"
    },
    {
      "type": "Feature",
      "properties": {
        "@id": "relation/17672403",
        "description": "Lynx Prairie Trail offers a peaceful hike through woods and prairie, featuring blue-stem and rare three-awn grasses. Home to fritillaries and swallowtails, it includes cedar barrens and grassland spots. Named a National Natural Landmark in 1967.",
        "name": "Lynx Prairie Trail",
        "route": "hiking",
        "type": "route",
        "website": "https://www.nature.org/en-us/get-involved/how-to-help/places-we-protect/edge-of-appalachia-lynx-prairie-trail/",
        "@geometry": "center"
      },
      "geometry": {
        "type": "Point",
        "coordinates": [
          -83.4088749,
          38.7623352
        ]
      },
      "id": "relation/17672403"
    },
    {
      "type": "Feature",
      "properties": {
        "@id": "relation/17687962",
        "colour": "pink",
        "name": "Browns Hollow Trail",
        "network": "lwn",
        "route": "hiking",
        "type": "route",
        "@geometry": "center"
      },
      "geometry": {
        "type": "Point",
        "coordinates": [
          -78.6186563,
          38.6127302
        ]
      },
      "id": "relation/17687962"
    },
    {
      "type": "Feature",
      "properties": {
        "@id": "relation/17736199",
        "colour": "yellow",
        "name": "Morgan Run Trail",
        "network": "lwn",
        "route": "hiking",
        "type": "route",
        "@geometry": "center"
      },
      "geometry": {
        "type": "Point",
        "coordinates": [
          -78.6706999,
          38.5240916
        ]
      },
      "id": "relation/17736199"
    },
    {
      "type": "Feature",
      "properties": {
        "@id": "relation/17745589",
        "colour": "purple",
        "name": "Powell's Creek Trail",
        "network": "lwn",
        "route": "hiking",
        "type": "route",
        "@geometry": "center"
      },
      "geometry": {
        "type": "Point",
        "coordinates": [
          -77.2647099,
          38.5897048
        ]
      },
      "id": "relation/17745589"
    },
    {
      "type": "Feature",
      "properties": {
        "@id": "relation/17745590",
        "colour": "green",
        "name": "Bushey Point Trail",
        "network": "lwn",
        "route": "hiking",
        "type": "route",
        "@geometry": "center"
      },
      "geometry": {
        "type": "Point",
        "coordinates": [
          -77.2617113,
          38.5861285
        ]
      },
      "id": "relation/17745590"
    },
    {
      "type": "Feature",
      "properties": {
        "@id": "relation/17745591",
        "colour": "red",
        "name": "Lee's Wood Trail",
        "network": "lwn",
        "route": "hiking",
        "type": "route",
        "@geometry": "center"
      },
      "geometry": {
        "type": "Point",
        "coordinates": [
          -77.252065,
          38.5925117
        ]
      },
      "id": "relation/17745591"
    },
    {
      "type": "Feature",
      "properties": {
        "@id": "relation/17911033",
        "colour": "brown",
        "name": "Connector Trail",
        "network": "lwn",
        "route": "hiking",
        "type": "route",
        "@geometry": "center"
      },
      "geometry": {
        "type": "Point",
        "coordinates": [
          -76.9110366,
          38.7409938
        ]
      },
      "id": "relation/17911033"
    },
    {
      "type": "Feature",
      "properties": {
        "@id": "relation/17911097",
        "colour": "yellow",
        "name": "Yellow Loop",
        "network": "lwn",
        "operator": "Maryland-National Capital Park And Planning Commission",
        "route": "hiking",
        "type": "route",
        "@geometry": "center"
      },
      "geometry": {
        "type": "Point",
        "coordinates": [
          -76.7234965,
          38.7693701
        ]
      },
      "id": "relation/17911097"
    },
    {
      "type": "Feature",
      "properties": {
        "@id": "relation/17922980",
        "colour": "white",
        "name": "Kennedy Peak Trail",
        "network": "lwn",
        "route": "hiking",
        "type": "route",
        "@geometry": "center"
      },
      "geometry": {
        "type": "Point",
        "coordinates": [
          -78.486059,
          38.7429806
        ]
      },
      "id": "relation/17922980"
    },
    {
      "type": "Feature",
      "properties": {
        "@id": "relation/17998811",
        "name": "Slate Mills Spur Trail",
        "network": "lwn",
        "route": "hiking",
        "type": "route",
        "@geometry": "center"
      },
      "geometry": {
        "type": "Point",
        "coordinates": [
          -83.0612092,
          39.3408813
        ]
      },
      "id": "relation/17998811"
    },
    {
      "type": "Feature",
      "properties": {
        "@id": "relation/17998812",
        "colour": "yellow",
        "distance": "3.6",
        "name": "Hoggard Trail",
        "network": "lwn",
        "osmc:symbol": "yellow::yellow_rectangle",
        "roundtrip": "yes",
        "route": "hiking",
        "type": "route",
        "@geometry": "center"
      },
      "geometry": {
        "type": "Point",
        "coordinates": [
          -83.0632228,
          39.3323704
        ]
      },
      "id": "relation/17998812"
    },
    {
      "type": "Feature",
      "properties": {
        "@id": "relation/17998813",
        "colour": "red",
        "distance": "3.2",
        "name": "Southpoint Lookout Trail",
        "network": "lwn",
        "osmc:symbol": "red::red_rectangle",
        "roundtrip": "yes",
        "route": "hiking",
        "type": "route",
        "@geometry": "center"
      },
      "geometry": {
        "type": "Point",
        "coordinates": [
          -83.0703849,
          39.3235204
        ]
      },
      "id": "relation/17998813"
    },
    {
      "type": "Feature",
      "properties": {
        "@id": "relation/17998814",
        "colour": "orange",
        "distance": "0.7",
        "name": "Chilo Trail",
        "network": "lwn",
        "osmc:symbol": "orange::orange_rectangle",
        "roundtrip": "no",
        "route": "hiking",
        "type": "route",
        "@geometry": "center"
      },
      "geometry": {
        "type": "Point",
        "coordinates": [
          -83.0700259,
          39.3228989
        ]
      },
      "id": "relation/17998814"
    },
    {
      "type": "Feature",
      "properties": {
        "@id": "relation/17998815",
        "colour": "blue",
        "distance": "0.3",
        "name": "Blueberry Trail",
        "network": "lwn",
        "osmc:symbol": "blue::blue_rectangle",
        "roundtrip": "no",
        "route": "hiking",
        "type": "route",
        "@geometry": "center"
      },
      "geometry": {
        "type": "Point",
        "coordinates": [
          -83.0716844,
          39.3239246
        ]
      },
      "id": "relation/17998815"
    },
    {
      "type": "Feature",
      "properties": {
        "@id": "relation/18008871",
        "colour": "green",
        "distance": "0.6",
        "name": "Kid's Nature Zone Trail",
        "osmc:symbol": "green::green_rectangle",
        "roundtrip": "no",
        "route": "hiking",
        "type": "route",
        "@geometry": "center"
      },
      "geometry": {
        "type": "Point",
        "coordinates": [
          -83.0682259,
          39.3270245
        ]
      },
      "id": "relation/18008871"
    },
    {
      "type": "Feature",
      "properties": {
        "@id": "relation/18041981",
        "name": "Eagle Point Trail",
        "network": "lwn",
        "route": "hiking",
        "type": "route",
        "@geometry": "center"
      },
      "geometry": {
        "type": "Point",
        "coordinates": [
          -80.9242224,
          37.6186225
        ]
      },
      "id": "relation/18041981"
    },
    {
      "type": "Feature",
      "properties": {
        "@id": "relation/18042092",
        "name": "Rhododendron Trail",
        "network": "lwn",
        "route": "hiking",
        "type": "route",
        "@geometry": "center"
      },
      "geometry": {
        "type": "Point",
        "coordinates": [
          -80.9358747,
          37.6192273
        ]
      },
      "id": "relation/18042092"
    },
    {
      "type": "Feature",
      "properties": {
        "@id": "relation/18042093",
        "name": "Cabin Trail",
        "network": "lwn",
        "route": "hiking",
        "type": "route",
        "@geometry": "center"
      },
      "geometry": {
        "type": "Point",
        "coordinates": [
          -80.9386119,
          37.6170454
        ]
      },
      "id": "relation/18042093"
    },
    {
      "type": "Feature",
      "properties": {
        "@id": "relation/18042094",
        "name": "River View Trail",
        "network": "lwn",
        "route": "hiking",
        "type": "route",
        "@geometry": "center"
      },
      "geometry": {
        "type": "Point",
        "coordinates": [
          -80.9363341,
          37.6122541
        ]
      },
      "id": "relation/18042094"
    },
    {
      "type": "Feature",
      "properties": {
        "@id": "relation/18042095",
        "name": "Pawpaw Trail",
        "network": "lwn",
        "route": "hiking",
        "type": "route",
        "@geometry": "center"
      },
      "geometry": {
        "type": "Point",
        "coordinates": [
          -80.9418285,
          37.6115171
        ]
      },
      "id": "relation/18042095"
    },
    {
      "type": "Feature",
      "properties": {
        "@id": "relation/18042096",
        "name": "Big Pine Trail",
        "network": "lwn",
        "route": "hiking",
        "type": "route",
        "@geometry": "center"
      },
      "geometry": {
        "type": "Point",
        "coordinates": [
          -80.94275,
          37.6101892
        ]
      },
      "id": "relation/18042096"
    },
    {
      "type": "Feature",
      "properties": {
        "@id": "relation/18042097",
        "name": "Boundary Trail",
        "network": "lwn",
        "route": "hiking",
        "type": "route",
        "@geometry": "center"
      },
      "geometry": {
        "type": "Point",
        "coordinates": [
          -80.9474525,
          37.616646
        ]
      },
      "id": "relation/18042097"
    },
    {
      "type": "Feature",
      "properties": {
        "@id": "relation/18042098",
        "name": "Giles, Fayette, Kanawha Turnpike Trail",
        "network": "lwn",
        "route": "hiking",
        "type": "route",
        "@geometry": "center"
      },
      "geometry": {
        "type": "Point",
        "coordinates": [
          -80.9454788,
          37.6211144
        ]
      },
      "id": "relation/18042098"
    },
    {
      "type": "Feature",
      "properties": {
        "@id": "relation/18042099",
        "name": "Overlook Trail",
        "network": "lwn",
        "route": "hiking",
        "type": "route",
        "@geometry": "center"
      },
      "geometry": {
        "type": "Point",
        "coordinates": [
          -80.936821,
          37.6133039
        ]
      },
      "id": "relation/18042099"
    },
    {
      "type": "Feature",
      "properties": {
        "@id": "relation/18042100",
        "name": "Mary Ingles Trail",
        "route": "hiking",
        "type": "route",
        "@geometry": "center"
      },
      "geometry": {
        "type": "Point",
        "coordinates": [
          -80.9042369,
          37.6257957
        ]
      },
      "id": "relation/18042100"
    },
    {
      "type": "Feature",
      "properties": {
        "@id": "relation/18042101",
        "name": "Bluestone Turnpike Trail",
        "network": "lwn",
        "route": "hiking",
        "type": "route",
        "@geometry": "center"
      },
      "geometry": {
        "type": "Point",
        "coordinates": [
          -80.9751771,
          37.5722897
        ]
      },
      "id": "relation/18042101"
    },
    {
      "type": "Feature",
      "properties": {
        "@id": "relation/18042102",
        "name": "Coopers Mill Trail",
        "network": "lwn",
        "route": "hiking",
        "type": "route",
        "@geometry": "center"
      },
      "geometry": {
        "type": "Point",
        "coordinates": [
          -80.9624211,
          37.5947519
        ]
      },
      "id": "relation/18042102"
    },
    {
      "type": "Feature",
      "properties": {
        "@id": "relation/18042339",
        "name": "Old Sewell Trail",
        "route": "hiking",
        "type": "route",
        "@geometry": "center"
      },
      "geometry": {
        "type": "Point",
        "coordinates": [
          -80.9849388,
          37.9925494
        ]
      },
      "id": "relation/18042339"
    },
    {
      "type": "Feature",
      "properties": {
        "@id": "relation/18042340",
        "name": "Lake View Trail",
        "route": "hiking",
        "type": "route",
        "@geometry": "center"
      },
      "geometry": {
        "type": "Point",
        "coordinates": [
          -80.9525707,
          37.9763809
        ]
      },
      "id": "relation/18042340"
    },
    {
      "type": "Feature",
      "properties": {
        "@id": "relation/18042341",
        "name": "Triple Creek Trail",
        "route": "hiking",
        "type": "route",
        "@geometry": "center"
      },
      "geometry": {
        "type": "Point",
        "coordinates": [
          -80.9562318,
          37.9816492
        ]
      },
      "id": "relation/18042341"
    },
    {
      "type": "Feature",
      "properties": {
        "@id": "relation/18042342",
        "name": "Wilderness Trail",
        "route": "hiking",
        "type": "route",
        "@geometry": "center"
      },
      "geometry": {
        "type": "Point",
        "coordinates": [
          -80.9559053,
          37.9834149
        ]
      },
      "id": "relation/18042342"
    },
    {
      "type": "Feature",
      "properties": {
        "@id": "relation/18042343",
        "name": "Island in the Sky Trail",
        "route": "hiking",
        "type": "route",
        "@geometry": "center"
      },
      "geometry": {
        "type": "Point",
        "coordinates": [
          -80.9460893,
          37.9806145
        ]
      },
      "id": "relation/18042343"
    },
    {
      "type": "Feature",
      "properties": {
        "@id": "relation/18042344",
        "name": "Natural Arch",
        "route": "hiking",
        "type": "route",
        "@geometry": "center"
      },
      "geometry": {
        "type": "Point",
        "coordinates": [
          -80.9405966,
          37.9837757
        ]
      },
      "id": "relation/18042344"
    },
    {
      "type": "Feature",
      "properties": {
        "@id": "relation/18042345",
        "name": "Mountain Heath Trail",
        "route": "hiking",
        "type": "route",
        "@geometry": "center"
      },
      "geometry": {
        "type": "Point",
        "coordinates": [
          -80.9410827,
          37.9843572
        ]
      },
      "id": "relation/18042345"
    },
    {
      "type": "Feature",
      "properties": {
        "@id": "relation/18042346",
        "name": "Skyline Trail",
        "route": "hiking",
        "type": "route",
        "@geometry": "center"
      },
      "geometry": {
        "type": "Point",
        "coordinates": [
          -80.9507507,
          37.98896
        ]
      },
      "id": "relation/18042346"
    },
    {
      "type": "Feature",
      "properties": {
        "@id": "relation/18042347",
        "name": "Rocky Trail",
        "route": "hiking",
        "type": "route",
        "@geometry": "center"
      },
      "geometry": {
        "type": "Point",
        "coordinates": [
          -80.9540236,
          37.9906375
        ]
      },
      "id": "relation/18042347"
    },
    {
      "type": "Feature",
      "properties": {
        "@id": "relation/18042348",
        "name": "Narrow Gauge Trail",
        "route": "hiking",
        "type": "route",
        "@geometry": "center"
      },
      "geometry": {
        "type": "Point",
        "coordinates": [
          -80.9565976,
          37.9958865
        ]
      },
      "id": "relation/18042348"
    },
    {
      "type": "Feature",
      "properties": {
        "@id": "relation/18042349",
        "name": "Manns Creek Gorge Trail",
        "route": "hiking",
        "type": "route",
        "@geometry": "center"
      },
      "geometry": {
        "type": "Point",
        "coordinates": [
          -80.9612709,
          38.0016863
        ]
      },
      "id": "relation/18042349"
    },
    {
      "type": "Feature",
      "properties": {
        "@id": "relation/18042350",
        "name": "Twin Hollow Trail",
        "route": "hiking",
        "type": "route",
        "@geometry": "center"
      },
      "geometry": {
        "type": "Point",
        "coordinates": [
          -80.9526326,
          37.9987797
        ]
      },
      "id": "relation/18042350"
    },
    {
      "type": "Feature",
      "properties": {
        "@id": "relation/18042351",
        "name": "North Slope Trail",
        "route": "hiking",
        "type": "route",
        "@geometry": "center"
      },
      "geometry": {
        "type": "Point",
        "coordinates": [
          -80.9494304,
          38.0019759
        ]
      },
      "id": "relation/18042351"
    },
    {
      "type": "Feature",
      "properties": {
        "@id": "relation/18042352",
        "name": "Ridge Top Trail",
        "route": "hiking",
        "type": "route",
        "@geometry": "center"
      },
      "geometry": {
        "type": "Point",
        "coordinates": [
          -80.9464612,
          37.9941391
        ]
      },
      "id": "relation/18042352"
    },
    {
      "type": "Feature",
      "properties": {
        "@id": "relation/18042353",
        "name": "Old Pond Trail",
        "route": "hiking",
        "type": "route",
        "@geometry": "center"
      },
      "geometry": {
        "type": "Point",
        "coordinates": [
          -80.9469633,
          37.9901806
        ]
      },
      "id": "relation/18042353"
    },
    {
      "type": "Feature",
      "properties": {
        "@id": "relation/18042354",
        "name": "Short Cut Trail",
        "route": "hiking",
        "type": "route",
        "@geometry": "center"
      },
      "geometry": {
        "type": "Point",
        "coordinates": [
          -80.9494481,
          37.9939405
        ]
      },
      "id": "relation/18042354"
    },
    {
      "type": "Feature",
      "properties": {
        "@id": "relation/18042355",
        "name": "Connector Trail",
        "route": "hiking",
        "type": "route",
        "@geometry": "center"
      },
      "geometry": {
        "type": "Point",
        "coordinates": [
          -80.9520542,
          37.9975689
        ]
      },
      "id": "relation/18042355"
    },
    {
      "type": "Feature",
      "properties": {
        "@id": "relation/18071274",
        "name": "Mill Mountain Trail",
        "network": "lwn",
        "operator": "George Washing National Forest",
        "ref": "492",
        "route": "hiking",
        "type": "route",
        "@geometry": "center"
      },
      "geometry": {
        "type": "Point",
        "coordinates": [
          -79.5028759,
          38.051877
        ]
      },
      "id": "relation/18071274"
    },
    {
      "type": "Feature",
      "properties": {
        "@id": "relation/18108148",
        "name": "Bull Run Occoquan Trail",
        "network": "lwn",
        "operator": "NVRPA",
        "roundtrip": "no",
        "route": "hiking",
        "short_name": "BROT",
        "type": "route",
        "wikidata": "Q4996609",
        "wikipedia": "en:Bull Run-Occoquan Trail",
        "@geometry": "center"
      },
      "geometry": {
        "type": "Point",
        "coordinates": [
          -77.4030933,
          38.7646486
        ]
      },
      "id": "relation/18108148"
    },
    {
      "type": "Feature",
      "properties": {
        "@id": "relation/18117885",
        "colour": "green",
        "name": "Overlook Trail",
        "network": "lhn",
        "route": "hiking",
        "type": "route",
        "@geometry": "center"
      },
      "geometry": {
        "type": "Point",
        "coordinates": [
          -76.6396123,
          38.7173498
        ]
      },
      "id": "relation/18117885"
    },
    {
      "type": "Feature",
      "properties": {
        "@id": "relation/18117886",
        "colour": "red",
        "name": "Fox Den Trail",
        "network": "lhn",
        "route": "hiking",
        "type": "route",
        "@geometry": "center"
      },
      "geometry": {
        "type": "Point",
        "coordinates": [
          -76.6389118,
          38.7177031
        ]
      },
      "id": "relation/18117886"
    },
    {
      "type": "Feature",
      "properties": {
        "@id": "relation/18117887",
        "colour": "black",
        "name": "East Ridge Trail",
        "network": "lhn",
        "route": "hiking",
        "type": "route",
        "@geometry": "center"
      },
      "geometry": {
        "type": "Point",
        "coordinates": [
          -76.642533,
          38.7195897
        ]
      },
      "id": "relation/18117887"
    },
    {
      "type": "Feature",
      "properties": {
        "@id": "relation/18117888",
        "colour": "blue",
        "name": "Forest Trail",
        "network": "lhn",
        "route": "hiking",
        "type": "route",
        "@geometry": "center"
      },
      "geometry": {
        "type": "Point",
        "coordinates": [
          -76.6470465,
          38.7166069
        ]
      },
      "id": "relation/18117888"
    },
    {
      "type": "Feature",
      "properties": {
        "@id": "relation/18117889",
        "colour": "yellow",
        "name": "Hall Creek Trail",
        "network": "lhn",
        "route": "hiking",
        "type": "route",
        "@geometry": "center"
      },
      "geometry": {
        "type": "Point",
        "coordinates": [
          -76.6455095,
          38.7186534
        ]
      },
      "id": "relation/18117889"
    },
    {
      "type": "Feature",
      "properties": {
        "@id": "relation/18117917",
        "colour": "blue",
        "name": "Bluebird Trail",
        "network": "lhn",
        "route": "hiking",
        "type": "route",
        "@geometry": "center"
      },
      "geometry": {
        "type": "Point",
        "coordinates": [
          -76.6700895,
          38.6240771
        ]
      },
      "id": "relation/18117917"
    },
    {
      "type": "Feature",
      "properties": {
        "@id": "relation/18117918",
        "colour": "blue",
        "name": "Blue Heron Trail",
        "network": "lhn",
        "route": "hiking",
        "type": "route",
        "@geometry": "center"
      },
      "geometry": {
        "type": "Point",
        "coordinates": [
          -76.6721027,
          38.6278201
        ]
      },
      "id": "relation/18117918"
    },
    {
      "type": "Feature",
      "properties": {
        "@id": "relation/18156707",
        "name": "RTF River North spur",
        "network": "lwn",
        "operator": "Rivanna Trails Foundation",
        "route": "hiking",
        "type": "route",
        "@geometry": "center"
      },
      "geometry": {
        "type": "Point",
        "coordinates": [
          -78.4543155,
          38.0532399
        ]
      },
      "id": "relation/18156707"
    },
    {
      "type": "Feature",
      "properties": {
        "@id": "relation/18257497",
        "name": "Sharp Top Trail",
        "network": "lwn",
        "route": "hiking",
        "type": "route",
        "@geometry": "center"
      },
      "geometry": {
        "type": "Point",
        "coordinates": [
          -79.6076193,
          37.4367769
        ]
      },
      "id": "relation/18257497"
    },
    {
      "type": "Feature",
      "properties": {
        "@id": "relation/18258000",
        "name": "Flat Top Trail",
        "network": "lwn",
        "route": "hiking",
        "type": "route",
        "@geometry": "center"
      },
      "geometry": {
        "type": "Point",
        "coordinates": [
          -79.587568,
          37.4552798
        ]
      },
      "id": "relation/18258000"
    },
    {
      "type": "Feature",
      "properties": {
        "@id": "relation/18265785",
        "name": "Harkening Hill Loop",
        "network": "lwn",
        "roundtrip": "yes",
        "route": "hiking",
        "type": "route",
        "@geometry": "center"
      },
      "geometry": {
        "type": "Point",
        "coordinates": [
          -79.6120948,
          37.4521209
        ]
      },
      "id": "relation/18265785"
    },
    {
      "type": "Feature",
      "properties": {
        "@id": "relation/18273329",
        "name": "Apple Orchard Spur",
        "network": "lwn",
        "ref": "17A",
        "route": "hiking",
        "type": "route",
        "@geometry": "center"
      },
      "geometry": {
        "type": "Point",
        "coordinates": [
          -79.527618,
          37.516863
        ]
      },
      "id": "relation/18273329"
    },
    {
      "type": "Feature",
      "properties": {
        "@id": "relation/18273330",
        "name": "Cornelius Creek Spur",
        "network": "lwn",
        "ref": "18A",
        "route": "hiking",
        "type": "route",
        "@geometry": "center"
      },
      "geometry": {
        "type": "Point",
        "coordinates": [
          -79.5358236,
          37.5121324
        ]
      },
      "id": "relation/18273330"
    },
    {
      "type": "Feature",
      "properties": {
        "@id": "relation/18283549",
        "colour": "none",
        "name": "Balcony Falls Trail",
        "network": "lwn",
        "ref": "7",
        "route": "hiking",
        "type": "route",
        "website": "https://www.fs.usda.gov/recarea/gwj/recarea/?recid=78539",
        "@geometry": "center"
      },
      "geometry": {
        "type": "Point",
        "coordinates": [
          -79.4592402,
          37.6062117
        ]
      },
      "id": "relation/18283549"
    },
    {
      "type": "Feature",
      "properties": {
        "@id": "relation/18310199",
        "name": "Old AT - High Water Trail",
        "network": "lwn",
        "ref": "4",
        "route": "hiking",
        "type": "route",
        "@geometry": "center"
      },
      "geometry": {
        "type": "Point",
        "coordinates": [
          -79.3968628,
          37.5948931
        ]
      },
      "id": "relation/18310199"
    },
    {
      "type": "Feature",
      "properties": {
        "@id": "relation/18313687",
        "name": "Sulphur Spring Trail",
        "network": "lwn",
        "ref": "3001",
        "route": "hiking",
        "type": "route",
        "@geometry": "center"
      },
      "geometry": {
        "type": "Point",
        "coordinates": [
          -79.4498244,
          37.5803409
        ]
      },
      "id": "relation/18313687"
    },
    {
      "type": "Feature",
      "properties": {
        "@id": "relation/18319351",
        "blaze": "white",
        "description": "Appalachian Trail - North Carolina & Tennessee",
        "direction": "both",
        "name": "Appalachian Trail",
        "network": "nwn",
        "network:type": "US:NST",
        "osmc:symbol": "white::white_stripe",
        "ref": "AT",
        "route": "hiking",
        "type": "route",
        "wikidata": "Q134446292",
        "wikipedia": "en:Appalachian Trail",
        "@geometry": "center"
      },
      "geometry": {
        "type": "Point",
        "coordinates": [
          -82.8232273,
          35.803407
        ]
      },
      "id": "relation/18319351"
    },
    {
      "type": "Feature",
      "properties": {
        "@id": "relation/18321044",
        "blaze": "white",
        "description": "Appalachian Trail - Virginia",
        "direction": "both",
        "name": "Appalachian Trail",
        "network": "nwn",
        "network:type": "US:NST",
        "osmc:symbol": "white::white_stripe",
        "ref": "AT",
        "route": "hiking",
        "type": "route",
        "wikidata": "Q134446294",
        "wikipedia": "en:Appalachian Trail",
        "@geometry": "center"
      },
      "geometry": {
        "type": "Point",
        "coordinates": [
          -79.8326471,
          37.8773749
        ]
      },
      "id": "relation/18321044"
    },
    {
      "type": "Feature",
      "properties": {
        "@id": "relation/18330829",
        "blaze": "white",
        "description": "Appalachian Trail - Maryland",
        "direction": "both",
        "name": "Appalachian Trail",
        "network": "nwn",
        "network:type": "US:NST",
        "osmc:symbol": "white::white_stripe",
        "ref": "AT",
        "route": "hiking",
        "type": "route",
        "wikidata": "Q134446321",
        "wikipedia": "en:Appalachian Trail",
        "@geometry": "center"
      },
      "geometry": {
        "type": "Point",
        "coordinates": [
          -77.6179234,
          39.5214558
        ]
      },
      "id": "relation/18330829"
    },
    {
      "type": "Feature",
      "properties": {
        "@id": "relation/18331800",
        "name": "Glenwood Horse Trail",
        "network": "rwn",
        "ref": "3004",
        "route": "hiking",
        "type": "route",
        "@geometry": "center"
      },
      "geometry": {
        "type": "Point",
        "coordinates": [
          -79.635727,
          37.5007656
        ]
      },
      "id": "relation/18331800"
    },
    {
      "type": "Feature",
      "properties": {
        "@id": "relation/18343170",
        "name": "Potomac Heritage National Scenic Trail (left bank)",
        "network": "US:NST",
        "network:type": "nwn",
        "note": "This section of the trail follows roughly the left bank of the Potomac south of Cumberland",
        "ref": "PHT",
        "roundtrip": "no",
        "route": "hiking",
        "type": "route",
        "wikidata": "Q7235063",
        "wikipedia": "en:Potomac Heritage Trail",
        "@geometry": "center"
      },
      "geometry": {
        "type": "Point",
        "coordinates": [
          -78.240169,
          39.6341691
        ]
      },
      "id": "relation/18343170"
    },
    {
      "type": "Feature",
      "properties": {
        "@id": "relation/18367974",
        "name": "Grunter Ridge Trail",
        "network": "lwn",
        "ref": "8",
        "route": "hiking",
        "type": "route",
        "@geometry": "center"
      },
      "geometry": {
        "type": "Point",
        "coordinates": [
          -79.4766111,
          37.5918154
        ]
      },
      "id": "relation/18367974"
    },
    {
      "type": "Feature",
      "properties": {
        "@id": "relation/18384408",
        "name": "Valley Trail",
        "network": "lwn",
        "operator": "National Park Service",
        "route": "hiking",
        "type": "route",
        "@geometry": "center"
      },
      "geometry": {
        "type": "Point",
        "coordinates": [
          -77.0459612,
          38.962726
        ]
      },
      "id": "relation/18384408"
    },
    {
      "type": "Feature",
      "properties": {
        "@id": "relation/18384409",
        "name": "Western Ridge Trail",
        "network": "lwn",
        "operator": "National Park Service",
        "route": "hiking",
        "type": "route",
        "@geometry": "center"
      },
      "geometry": {
        "type": "Point",
        "coordinates": [
          -77.049979,
          38.9614931
        ]
      },
      "id": "relation/18384409"
    },
    {
      "type": "Feature",
      "properties": {
        "@id": "relation/18397668",
        "colour": "green",
        "name": "Fern Hollow Loop",
        "network": "lwn",
        "route": "hiking",
        "type": "route",
        "@geometry": "center"
      },
      "geometry": {
        "type": "Point",
        "coordinates": [
          -77.7048951,
          38.8307376
        ]
      },
      "id": "relation/18397668"
    },
    {
      "type": "Feature",
      "properties": {
        "@id": "relation/18397669",
        "colour": "red",
        "name": "Dawson's Trail",
        "network": "lwn",
        "route": "hiking",
        "type": "route",
        "@geometry": "center"
      },
      "geometry": {
        "type": "Point",
        "coordinates": [
          -77.7085853,
          38.8298011
        ]
      },
      "id": "relation/18397669"
    },
    {
      "type": "Feature",
      "properties": {
        "@id": "relation/18397670",
        "colour": "yellow",
        "name": "Beech Ridge Loop",
        "network": "lwn",
        "route": "hiking",
        "type": "route",
        "@geometry": "center"
      },
      "geometry": {
        "type": "Point",
        "coordinates": [
          -77.70524,
          38.8290357
        ]
      },
      "id": "relation/18397670"
    },
    {
      "type": "Feature",
      "properties": {
        "@id": "relation/18404745",
        "colour": "yellow",
        "name": "Terrapin Mountain Trail",
        "network": "lwn",
        "ref": "5",
        "route": "hiking",
        "type": "route",
        "@geometry": "center"
      },
      "geometry": {
        "type": "Point",
        "coordinates": [
          -79.4497115,
          37.5265141
        ]
      },
      "id": "relation/18404745"
    },
    {
      "type": "Feature",
      "properties": {
        "@id": "relation/18412476",
        "name": "Hunting Creek Trail",
        "network": "lwn",
        "ref": "3",
        "route": "hiking",
        "type": "route",
        "@geometry": "center"
      },
      "geometry": {
        "type": "Point",
        "coordinates": [
          -79.4870698,
          37.5360773
        ]
      },
      "id": "relation/18412476"
    },
    {
      "type": "Feature",
      "properties": {
        "@id": "relation/18430910",
        "alt_name": "Billy Goat A",
        "colour": "#99c1f1",
        "distance": "1.75 mi",
        "name": "Billy Goat Trail Section A",
        "network": "lwn",
        "osmc:symbol": "blue::blue_stripe",
        "roundtrip": "no",
        "route": "hiking",
        "signed_direction": "yes",
        "type": "route",
        "website": "https://www.nps.gov/choh/planyourvisit/billy-goat-trail.htm",
        "@geometry": "center"
      },
      "geometry": {
        "type": "Point",
        "coordinates": [
          -77.2406685,
          38.9865172
        ]
      },
      "id": "relation/18430910"
    },
    {
      "type": "Feature",
      "properties": {
        "@id": "relation/18432955",
        "colour": "blue",
        "name": "Lakeshore Trail",
        "network": "lwn",
        "roundtrip": "yes",
        "route": "hiking",
        "type": "route",
        "@geometry": "center"
      },
      "geometry": {
        "type": "Point",
        "coordinates": [
          -78.6407682,
          37.3980275
        ]
      },
      "id": "relation/18432955"
    },
    {
      "type": "Feature",
      "properties": {
        "@id": "relation/18437820",
        "name": "Carter Taylor Trail",
        "roundtrip": "yes",
        "route": "hiking",
        "type": "route",
        "@geometry": "center"
      },
      "geometry": {
        "type": "Point",
        "coordinates": [
          -78.65364,
          37.4218865
        ]
      },
      "id": "relation/18437820"
    },
    {
      "type": "Feature",
      "properties": {
        "@id": "relation/18437860",
        "alt_name": "Billy Goat C",
        "colour": "#99c1f1",
        "distance": "1.6 mi",
        "name": "Billy Goat Trail Section C",
        "network": "lwn",
        "osmc:symbol": "blue::blue_bar",
        "roundtrip": "no",
        "route": "hiking",
        "signed_direction": "no",
        "type": "route",
        "@geometry": "center"
      },
      "geometry": {
        "type": "Point",
        "coordinates": [
          -77.1978002,
          38.9734926
        ]
      },
      "id": "relation/18437860"
    },
    {
      "type": "Feature",
      "properties": {
        "@id": "relation/18437861",
        "alt_name": "Billy Goat B",
        "colour": "#99c1f1",
        "distance": "1.4 mi",
        "name": "Billy Goat Trail Section B",
        "network": "lwn",
        "operator": "National Parks Service",
        "osmc:symbol": "blue::blue_bar",
        "roundtrip": "no",
        "route": "hiking",
        "signed_direction": "no",
        "type": "route",
        "@geometry": "center"
      },
      "geometry": {
        "type": "Point",
        "coordinates": [
          -77.2197508,
          38.9791726
        ]
      },
      "id": "relation/18437861"
    },
    {
      "type": "Feature",
      "properties": {
        "@id": "relation/18438761",
        "colour": "white",
        "name": "Northridge Trail",
        "network": "lwn",
        "route": "hiking",
        "type": "route",
        "@geometry": "center"
      },
      "geometry": {
        "type": "Point",
        "coordinates": [
          -78.6378718,
          37.3974994
        ]
      },
      "id": "relation/18438761"
    },
    {
      "type": "Feature",
      "properties": {
        "@id": "relation/18438762",
        "colour": "yellow",
        "name": "Dogwood Loop Trail",
        "network": "lwn",
        "route": "hiking",
        "type": "route",
        "@geometry": "center"
      },
      "geometry": {
        "type": "Point",
        "coordinates": [
          -78.6399782,
          37.3972129
        ]
      },
      "id": "relation/18438762"
    },
    {
      "type": "Feature",
      "properties": {
        "@id": "relation/18438763",
        "colour": "aqua",
        "name": "S-Curve Trail",
        "network": "lwn",
        "route": "hiking",
        "type": "route",
        "@geometry": "center"
      },
      "geometry": {
        "type": "Point",
        "coordinates": [
          -78.6414457,
          37.3969763
        ]
      },
      "id": "relation/18438763"
    },
    {
      "type": "Feature",
      "properties": {
        "@id": "relation/18438764",
        "colour": "orange",
        "name": "Sanders Creek Trail",
        "network": "lwn",
        "route": "hiking",
        "type": "route",
        "@geometry": "center"
      },
      "geometry": {
        "type": "Point",
        "coordinates": [
          -78.6428026,
          37.397427
        ]
      },
      "id": "relation/18438764"
    },
    {
      "type": "Feature",
      "properties": {
        "@id": "relation/18438765",
        "colour": "green",
        "name": "Laurel Ridge Trail",
        "network": "lwn",
        "route": "hiking",
        "type": "route",
        "@geometry": "center"
      },
      "geometry": {
        "type": "Point",
        "coordinates": [
          -78.6441335,
          37.3990332
        ]
      },
      "id": "relation/18438765"
    },
    {
      "type": "Feature",
      "properties": {
        "@id": "relation/18466510",
        "name": "Brush Creek Falls Trail",
        "network": "lwn",
        "route": "hiking",
        "type": "route",
        "@geometry": "center"
      },
      "geometry": {
        "type": "Point",
        "coordinates": [
          -81.0569536,
          37.4723597
        ]
      },
      "id": "relation/18466510"
    },
    {
      "type": "Feature",
      "properties": {
        "@id": "relation/18466962",
        "name": "Lake View Trail",
        "network": "lwn",
        "route": "hiking",
        "type": "route",
        "@geometry": "center"
      },
      "geometry": {
        "type": "Point",
        "coordinates": [
          -80.9864343,
          37.5292903
        ]
      },
      "id": "relation/18466962"
    },
    {
      "type": "Feature",
      "properties": {
        "@id": "relation/18466963",
        "name": "Lake Shore Trail",
        "network": "lwn",
        "route": "hiking",
        "type": "route",
        "@geometry": "center"
      },
      "geometry": {
        "type": "Point",
        "coordinates": [
          -80.9830848,
          37.5343977
        ]
      },
      "id": "relation/18466963"
    },
    {
      "type": "Feature",
      "properties": {
        "@id": "relation/18466964",
        "name": "South Side Trail",
        "network": "lwn",
        "route": "hiking",
        "type": "route",
        "@geometry": "center"
      },
      "geometry": {
        "type": "Point",
        "coordinates": [
          -80.990529,
          37.5304925
        ]
      },
      "id": "relation/18466964"
    },
    {
      "type": "Feature",
      "properties": {
        "@id": "relation/18466965",
        "name": "Turkey Spur Trail",
        "network": "lwn",
        "route": "hiking",
        "type": "route",
        "@geometry": "center"
      },
      "geometry": {
        "type": "Point",
        "coordinates": [
          -80.9887251,
          37.5327062
        ]
      },
      "id": "relation/18466965"
    },
    {
      "type": "Feature",
      "properties": {
        "@id": "relation/18466966",
        "name": "Turkey Spur Connector Trail",
        "network": "lwn",
        "route": "hiking",
        "type": "route",
        "@geometry": "center"
      },
      "geometry": {
        "type": "Point",
        "coordinates": [
          -80.9874649,
          37.5340746
        ]
      },
      "id": "relation/18466966"
    },
    {
      "type": "Feature",
      "properties": {
        "@id": "relation/18466967",
        "name": "Cottage Trail",
        "network": "lwn",
        "route": "hiking",
        "type": "route",
        "@geometry": "center"
      },
      "geometry": {
        "type": "Point",
        "coordinates": [
          -80.9870121,
          37.5357408
        ]
      },
      "id": "relation/18466967"
    },
    {
      "type": "Feature",
      "properties": {
        "@id": "relation/18466968",
        "name": "Den Tree Trail",
        "network": "lwn",
        "route": "hiking",
        "type": "route",
        "@geometry": "center"
      },
      "geometry": {
        "type": "Point",
        "coordinates": [
          -80.9805487,
          37.5388267
        ]
      },
      "id": "relation/18466968"
    },
    {
      "type": "Feature",
      "properties": {
        "@id": "relation/18466969",
        "name": "Law Hollow Trail",
        "network": "lwn",
        "route": "hiking",
        "type": "route",
        "@geometry": "center"
      },
      "geometry": {
        "type": "Point",
        "coordinates": [
          -80.9763028,
          37.5408635
        ]
      },
      "id": "relation/18466969"
    },
    {
      "type": "Feature",
      "properties": {
        "@id": "relation/18466970",
        "name": "River Trail",
        "network": "lwn",
        "route": "hiking",
        "type": "route",
        "@geometry": "center"
      },
      "geometry": {
        "type": "Point",
        "coordinates": [
          -81.0023217,
          37.5382553
        ]
      },
      "id": "relation/18466970"
    },
    {
      "type": "Feature",
      "properties": {
        "@id": "relation/18466971",
        "name": "Farley Loop Trail",
        "network": "lwn",
        "route": "hiking",
        "type": "route",
        "@geometry": "center"
      },
      "geometry": {
        "type": "Point",
        "coordinates": [
          -81.0078198,
          37.5445536
        ]
      },
      "id": "relation/18466971"
    },
    {
      "type": "Feature",
      "properties": {
        "@id": "relation/18466972",
        "name": "Canyon Rim Trail",
        "network": "lwn",
        "route": "hiking",
        "type": "route",
        "@geometry": "center"
      },
      "geometry": {
        "type": "Point",
        "coordinates": [
          -81.0020868,
          37.5375752
        ]
      },
      "id": "relation/18466972"
    },
    {
      "type": "Feature",
      "properties": {
        "@id": "relation/18466973",
        "name": "Lick Hollow Trail",
        "network": "lwn",
        "route": "hiking",
        "type": "route",
        "@geometry": "center"
      },
      "geometry": {
        "type": "Point",
        "coordinates": [
          -81.0011427,
          37.5319603
        ]
      },
      "id": "relation/18466973"
    },
    {
      "type": "Feature",
      "properties": {
        "@id": "relation/18466974",
        "name": "North Side Trail",
        "network": "lwn",
        "route": "hiking",
        "type": "route",
        "@geometry": "center"
      },
      "geometry": {
        "type": "Point",
        "coordinates": [
          -80.9939045,
          37.5334862
        ]
      },
      "id": "relation/18466974"
    },
    {
      "type": "Feature",
      "properties": {
        "@id": "relation/18476103",
        "name": "Guided Horseback Trail",
        "network": "lwn",
        "route": "hiking",
        "type": "route",
        "@geometry": "center"
      },
      "geometry": {
        "type": "Point",
        "coordinates": [
          -80.9803895,
          37.5230696
        ]
      },
      "id": "relation/18476103"
    },
    {
      "type": "Feature",
      "properties": {
        "@id": "relation/18483681",
        "name": "Piney Ridge Trail",
        "network": "lwn",
        "ref": "2",
        "route": "hiking",
        "type": "route",
        "@geometry": "center"
      },
      "geometry": {
        "type": "Point",
        "coordinates": [
          -79.4155165,
          37.5780147
        ]
      },
      "id": "relation/18483681"
    },
    {
      "type": "Feature",
      "properties": {
        "@id": "relation/18488243",
        "foot": "designated",
        "name": "Elakala Trail",
        "network": "lhn",
        "route": "hiking",
        "type": "route",
        "@geometry": "center"
      },
      "geometry": {
        "type": "Point",
        "coordinates": [
          -79.5004699,
          39.1077611
        ]
      },
      "id": "relation/18488243"
    },
    {
      "type": "Feature",
      "properties": {
        "@id": "relation/18505557",
        "colour": "blue",
        "name": "Mount Pleasant Trail",
        "network": "lwn",
        "ref": "704",
        "route": "hiking",
        "type": "route",
        "@geometry": "center"
      },
      "geometry": {
        "type": "Point",
        "coordinates": [
          -79.1696092,
          37.7422043
        ]
      },
      "id": "relation/18505557"
    },
    {
      "type": "Feature",
      "properties": {
        "@id": "relation/18505558",
        "colour": "blue",
        "name": "Henry Lanum Memorial Trail",
        "network": "lwn",
        "ref": "702",
        "roundtrip": "yes",
        "route": "hiking",
        "type": "route",
        "@geometry": "center"
      },
      "geometry": {
        "type": "Point",
        "coordinates": [
          -79.1773414,
          37.751789
        ]
      },
      "id": "relation/18505558"
    },
    {
      "type": "Feature",
      "properties": {
        "@id": "relation/18508057",
        "colour": "blue",
        "name": "Old Hotel Trail",
        "network": "lwn",
        "ref": "515",
        "route": "hiking",
        "type": "route",
        "@geometry": "center"
      },
      "geometry": {
        "type": "Point",
        "coordinates": [
          -79.2017521,
          37.7498605
        ]
      },
      "id": "relation/18508057"
    },
    {
      "type": "Feature",
      "properties": {
        "@id": "relation/18514595",
        "colour": "blue",
        "name": "Mau-Har Trail",
        "network": "lwn",
        "route": "hiking",
        "type": "route",
        "@geometry": "center"
      },
      "geometry": {
        "type": "Point",
        "coordinates": [
          -79.0012957,
          37.8703229
        ]
      },
      "id": "relation/18514595"
    },
    {
      "type": "Feature",
      "properties": {
        "@id": "relation/18529183",
        "colour": "blue",
        "name": "Spy Rock Trail",
        "network": "lwn",
        "ref": "732",
        "roundtrip": "no",
        "route": "hiking",
        "type": "route",
        "@geometry": "center"
      },
      "geometry": {
        "type": "Point",
        "coordinates": [
          -79.1206772,
          37.8270363
        ]
      },
      "id": "relation/18529183"
    },
    {
      "type": "Feature",
      "properties": {
        "@id": "relation/18579276",
        "name": "Sprouts Run Trail",
        "network": "lwn",
        "ref": "3003",
        "route": "hiking",
        "type": "route",
        "@geometry": "center"
      },
      "geometry": {
        "type": "Point",
        "coordinates": [
          -79.5802948,
          37.5659695
        ]
      },
      "id": "relation/18579276"
    },
    {
      "type": "Feature",
      "properties": {
        "@id": "relation/18579277",
        "name": "Wilson Mountain Trail",
        "network": "lwn",
        "ref": "12",
        "route": "hiking",
        "type": "route",
        "@geometry": "center"
      },
      "geometry": {
        "type": "Point",
        "coordinates": [
          -79.5786904,
          37.5727518
        ]
      },
      "id": "relation/18579277"
    },
    {
      "type": "Feature",
      "properties": {
        "@id": "relation/18582578",
        "name": "Wildcat Mountain Trail",
        "network": "lwn",
        "ref": "326",
        "roundtrip": "yes",
        "route": "hiking",
        "type": "route",
        "@geometry": "center"
      },
      "geometry": {
        "type": "Point",
        "coordinates": [
          -79.5385467,
          37.5538197
        ]
      },
      "id": "relation/18582578"
    },
    {
      "type": "Feature",
      "properties": {
        "@id": "relation/18582648",
        "colour": "blue",
        "name": "Little Cove Mountain Trail",
        "network": "lwn",
        "ref": "25",
        "route": "hiking",
        "type": "route",
        "@geometry": "center"
      },
      "geometry": {
        "type": "Point",
        "coordinates": [
          -79.6368905,
          37.5094504
        ]
      },
      "id": "relation/18582648"
    },
    {
      "type": "Feature",
      "properties": {
        "@id": "relation/18589871",
        "name": "Cove Mountain Trail",
        "network": "lwn",
        "ref": "23",
        "route": "hiking",
        "type": "route",
        "@geometry": "center"
      },
      "geometry": {
        "type": "Point",
        "coordinates": [
          -79.6245425,
          37.538763
        ]
      },
      "id": "relation/18589871"
    },
    {
      "type": "Feature",
      "properties": {
        "@id": "relation/18591254",
        "name": "Buchanan Trail",
        "network": "lwn",
        "ref": "24",
        "route": "hiking",
        "type": "route",
        "@geometry": "center"
      },
      "geometry": {
        "type": "Point",
        "coordinates": [
          -79.6539377,
          37.5247523
        ]
      },
      "id": "relation/18591254"
    },
    {
      "type": "Feature",
      "properties": {
        "@id": "relation/18622561",
        "name": "Hammond Hollow Trail",
        "ref": "27",
        "roundtrip": "no",
        "route": "hiking",
        "type": "route",
        "@geometry": "center"
      },
      "geometry": {
        "type": "Point",
        "coordinates": [
          -79.7153361,
          37.4613217
        ]
      },
      "id": "relation/18622561"
    },
    {
      "type": "Feature",
      "properties": {
        "@id": "relation/18728360",
        "name": "Muddy Branch Greenway Trail",
        "network": "lwn",
        "operator": "Muddy Branch Alliance",
        "route": "hiking",
        "type": "route",
        "website": "https://muddybranch.org/maps/",
        "wikidata": "Q104862644",
        "wikipedia": "en:Muddy Branch Greenway Trail",
        "@geometry": "center"
      },
      "geometry": {
        "type": "Point",
        "coordinates": [
          -77.254129,
          39.08892
        ]
      },
      "id": "relation/18728360"
    },
    {
      "type": "Feature",
      "properties": {
        "@id": "relation/18748980",
        "colour": "purple",
        "name": "Meadow View Trail",
        "network": "lwn",
        "route": "hiking",
        "type": "route",
        "@geometry": "center"
      },
      "geometry": {
        "type": "Point",
        "coordinates": [
          -77.2018004,
          38.6348497
        ]
      },
      "id": "relation/18748980"
    },
    {
      "type": "Feature",
      "properties": {
        "@id": "relation/18748981",
        "colour": "orange",
        "name": "Dogue Trail",
        "network": "lwn",
        "route": "hiking",
        "type": "route",
        "@geometry": "center"
      },
      "geometry": {
        "type": "Point",
        "coordinates": [
          -77.1963555,
          38.6387682
        ]
      },
      "id": "relation/18748981"
    },
    {
      "type": "Feature",
      "properties": {
        "@id": "relation/18748982",
        "colour": "maroon",
        "name": "Marsh View Trail",
        "network": "lwn",
        "route": "hiking",
        "type": "route",
        "@geometry": "center"
      },
      "geometry": {
        "type": "Point",
        "coordinates": [
          -77.1744913,
          38.6477245
        ]
      },
      "id": "relation/18748982"
    },
    {
      "type": "Feature",
      "properties": {
        "@id": "relation/18749279",
        "colour": "yellow",
        "name": "Wilson Spring Trail",
        "network": "lwn",
        "route": "hiking",
        "type": "route",
        "@geometry": "center"
      },
      "geometry": {
        "type": "Point",
        "coordinates": [
          -77.1979053,
          38.6407964
        ]
      },
      "id": "relation/18749279"
    },
    {
      "type": "Feature",
      "properties": {
        "@id": "relation/18749280",
        "colour": "white",
        "name": "Eagle Spur Trail",
        "network": "lwn",
        "route": "hiking",
        "type": "route",
        "@geometry": "center"
      },
      "geometry": {
        "type": "Point",
        "coordinates": [
          -77.1896261,
          38.6454473
        ]
      },
      "id": "relation/18749280"
    },
    {
      "type": "Feature",
      "properties": {
        "@id": "relation/18749281",
        "colour": "blue",
        "name": "Kane's Creek Trail",
        "network": "lwn",
        "route": "hiking",
        "type": "route",
        "@geometry": "center"
      },
      "geometry": {
        "type": "Point",
        "coordinates": [
          -77.1953301,
          38.6438215
        ]
      },
      "id": "relation/18749281"
    },
    {
      "type": "Feature",
      "properties": {
        "@id": "relation/18749282",
        "colour": "green",
        "name": "Beach Trail",
        "network": "lwn",
        "route": "hiking",
        "type": "route",
        "@geometry": "center"
      },
      "geometry": {
        "type": "Point",
        "coordinates": [
          -77.1983534,
          38.6451036
        ]
      },
      "id": "relation/18749282"
    },
    {
      "type": "Feature",
      "properties": {
        "@id": "relation/18753279",
        "colour": "red",
        "name": "Bay View Trail",
        "network": "lwn",
        "roundtrip": "yes",
        "route": "hiking",
        "type": "route",
        "@geometry": "center"
      },
      "geometry": {
        "type": "Point",
        "coordinates": [
          -77.2017489,
          38.640187
        ]
      },
      "id": "relation/18753279"
    },
    {
      "type": "Feature",
      "properties": {
        "@id": "relation/18818655",
        "colour": "orange",
        "name": "Holly Marsh Trail",
        "network": "lwn",
        "route": "hiking",
        "type": "route",
        "@geometry": "center"
      },
      "geometry": {
        "type": "Point",
        "coordinates": [
          -77.319998,
          38.4080857
        ]
      },
      "id": "relation/18818655"
    },
    {
      "type": "Feature",
      "properties": {
        "@id": "relation/19123292",
        "blaze": "white",
        "description": "Appalachian Trail - West Virginia",
        "direction": "both",
        "name": "Appalachian Trail",
        "network": "nwn",
        "network:type": "US:NST",
        "osmc:symbol": "white::white_stripe",
        "ref": "AT",
        "route": "hiking",
        "type": "route",
        "wikidata": "Q134446308",
        "wikipedia": "en:Appalachian Trail",
        "@geometry": "center"
      },
      "geometry": {
        "type": "Point",
        "coordinates": [
          -77.7845499,
          39.2310849
        ]
      },
      "id": "relation/19123292"
    },
    {
      "type": "Feature",
      "properties": {
        "@id": "relation/19139036",
        "name": "Camp Five Trail",
        "network": "lwn",
        "ref": "315",
        "roundtrip": "no",
        "route": "hiking",
        "type": "route",
        "@geometry": "center"
      },
      "geometry": {
        "type": "Point",
        "coordinates": [
          -79.7253283,
          38.69528
        ]
      },
      "id": "relation/19139036"
    },
    {
      "type": "Feature",
      "properties": {
        "@id": "relation/19139037",
        "name": "Laurel Run Trail",
        "network": "lwn",
        "ref": "306",
        "roundtrip": "no",
        "route": "hiking",
        "type": "route",
        "@geometry": "center"
      },
      "geometry": {
        "type": "Point",
        "coordinates": [
          -79.6763587,
          38.758452
        ]
      },
      "id": "relation/19139037"
    },
    {
      "type": "Feature",
      "properties": {
        "@id": "relation/19270121",
        "name": "Sundown Trail",
        "network": "lwn",
        "network:type": "lwn",
        "operator": "Ohio Department of Natural Resources",
        "roundtrip": "no",
        "route": "hiking",
        "type": "route",
        "@geometry": "center"
      },
      "geometry": {
        "type": "Point",
        "coordinates": [
          -82.0241108,
          39.3445833
        ]
      },
      "id": "relation/19270121"
    },
    {
      "type": "Feature",
      "properties": {
        "@id": "relation/19270123",
        "name": "Broken Rock Trail",
        "network": "lwn",
        "network:type": "lwn",
        "operator": "Ohio Department of Natural Resources",
        "operator:type": "government",
        "roundtrip": "no",
        "route": "hiking",
        "type": "route",
        "@geometry": "center"
      },
      "geometry": {
        "type": "Point",
        "coordinates": [
          -82.0327315,
          39.3491313
        ]
      },
      "id": "relation/19270123"
    },
    {
      "type": "Feature",
      "properties": {
        "@id": "relation/19270124",
        "name": "Lakeview Trail",
        "network": "lwn",
        "network:type": "lwn",
        "operator": "Ohio Department of Natural Resources",
        "roundtrip": "no",
        "route": "hiking",
        "type": "route",
        "@geometry": "center"
      },
      "geometry": {
        "type": "Point",
        "coordinates": [
          -82.0268029,
          39.3443116
        ]
      },
      "id": "relation/19270124"
    },
    {
      "type": "Feature",
      "properties": {
        "@id": "relation/19270125",
        "name": "Hickory Trail",
        "network": "lwn",
        "network:type": "lwn",
        "operator": "Ohio Department of Natural Resources",
        "roundtrip": "no",
        "route": "hiking",
        "type": "route",
        "@geometry": "center"
      },
      "geometry": {
        "type": "Point",
        "coordinates": [
          -82.0320922,
          39.3433677
        ]
      },
      "id": "relation/19270125"
    },
    {
      "type": "Feature",
      "properties": {
        "@id": "relation/19347458",
        "from": "Big Limestone",
        "name": "Sheltowee Trace NRT Section 8",
        "network": "rwn",
        "operator": "USFS",
        "ref": "100",
        "route": "hiking",
        "to": "KY 801",
        "type": "route",
        "@geometry": "center"
      },
      "geometry": {
        "type": "Point",
        "coordinates": [
          -83.4829932,
          38.1294069
        ]
      },
      "id": "relation/19347458"
    },
    {
      "type": "Feature",
      "properties": {
        "@id": "relation/19347459",
        "from": "Morehead",
        "name": "Sheltowee Trace NRT Section 7",
        "network": "rwn",
        "operator": "USFS",
        "ref": "100",
        "route": "hiking",
        "to": "Big Limestone",
        "type": "route",
        "@geometry": "center"
      },
      "geometry": {
        "type": "Point",
        "coordinates": [
          -83.4373318,
          38.1497077
        ]
      },
      "id": "relation/19347459"
    },
    {
      "type": "Feature",
      "properties": {
        "@id": "relation/19347851",
        "from": "Morehead",
        "name": "Sheltowee Trace NRT Section 6",
        "network": "rwn",
        "operator": "USFS",
        "ref": "100",
        "route": "hiking",
        "to": "Morehead US-60",
        "type": "route",
        "@geometry": "center"
      },
      "geometry": {
        "type": "Point",
        "coordinates": [
          -83.439319,
          38.1738295
        ]
      },
      "id": "relation/19347851"
    },
    {
      "type": "Feature",
      "properties": {
        "@id": "relation/19347852",
        "from": "Martin Branch Trail",
        "name": "Sheltowee Trace NRT Section 5",
        "network": "rwn",
        "operator": "USFS",
        "ref": "100",
        "route": "hiking",
        "to": "Morehead KY-32",
        "type": "route",
        "@geometry": "center"
      },
      "geometry": {
        "type": "Point",
        "coordinates": [
          -83.434482,
          38.2003344
        ]
      },
      "id": "relation/19347852"
    },
    {
      "type": "Feature",
      "properties": {
        "@id": "relation/19347853",
        "from": "KY-799",
        "name": "Sheltowee Trace NRT Section 4",
        "network": "rwn",
        "operator": "USFS",
        "ref": "100",
        "route": "hiking",
        "to": "Martins Branch Trail",
        "type": "route",
        "@geometry": "center"
      },
      "geometry": {
        "type": "Point",
        "coordinates": [
          -83.397728,
          38.2472023
        ]
      },
      "id": "relation/19347853"
    },
    {
      "type": "Feature",
      "properties": {
        "@id": "relation/19347854",
        "from": "Holly Fork Road",
        "name": "Sheltowee Trace NRT Section 3",
        "network": "rwn",
        "operator": "USFS",
        "ref": "100",
        "route": "hiking",
        "to": "KY-799",
        "type": "route",
        "@geometry": "center"
      },
      "geometry": {
        "type": "Point",
        "coordinates": [
          -83.3760842,
          38.28402
        ]
      },
      "id": "relation/19347854"
    },
    {
      "type": "Feature",
      "properties": {
        "@id": "relation/19347855",
        "from": "Dry Branch Road",
        "name": "Sheltowee Trace NRT Section 2",
        "network": "rwn",
        "operator": "USFS",
        "ref": "100",
        "route": "hiking",
        "to": "KY-799",
        "type": "route",
        "@geometry": "center"
      },
      "geometry": {
        "type": "Point",
        "coordinates": [
          -83.3693698,
          38.3045248
        ]
      },
      "id": "relation/19347855"
    },
    {
      "type": "Feature",
      "properties": {
        "@id": "relation/19347856",
        "from": "North Terminus Trailhead",
        "name": "Sheltowee Trace NRT Section 1",
        "network": "rwn",
        "operator": "USFS",
        "ref": "100",
        "route": "hiking",
        "to": "Dry Branch Road",
        "type": "route",
        "@geometry": "center"
      },
      "geometry": {
        "type": "Point",
        "coordinates": [
          -83.3889777,
          38.3539356
        ]
      },
      "id": "relation/19347856"
    },
    {
      "type": "Feature",
      "properties": {
        "@id": "relation/19361538",
        "backpacking": "yes",
        "informal": "yes",
        "name": "Tuscalachian Loop",
        "network": "lhn",
        "roundtrip": "yes",
        "route": "hiking",
        "type": "route",
        "wikidata": "Q135402421",
        "@geometry": "center"
      },
      "geometry": {
        "type": "Point",
        "coordinates": [
          -77.8566886,
          39.5291051
        ]
      },
      "id": "relation/19361538"
    },
    {
      "type": "Feature",
      "properties": {
        "@id": "relation/19423233",
        "from": "Ragged Mountain Natural Area Upper Parking",
        "name": "Ragged Mountain Lake Front Loop",
        "network": "lwn",
        "roundtrip": "yes",
        "route": "hiking",
        "to": "Ragged Mountain Natural Area Upper Parking",
        "type": "route",
        "@geometry": "center"
      },
      "geometry": {
        "type": "Point",
        "coordinates": [
          -78.5650386,
          38.0313874
        ]
      },
      "id": "relation/19423233"
    },
    {
      "type": "Feature",
      "properties": {
        "@id": "relation/19425516",
        "name": "Ragged Mountain Upper Loop",
        "network": "lwn",
        "roundtrip": "no",
        "roundtrip:note": "Despite its name, not a loop by itself",
        "route": "hiking",
        "type": "route",
        "@geometry": "center"
      },
      "geometry": {
        "type": "Point",
        "coordinates": [
          -78.5606749,
          38.0360467
        ]
      },
      "id": "relation/19425516"
    },
    {
      "type": "Feature",
      "properties": {
        "@id": "relation/19431875",
        "colour": "green",
        "name": "Fort Hill Preserve - Fort Trail",
        "network": "lwn",
        "operator": "Arc of Appalachia",
        "route": "hiking",
        "type": "route",
        "@geometry": "center"
      },
      "geometry": {
        "type": "Point",
        "coordinates": [
          -83.4024399,
          39.1167304
        ]
      },
      "id": "relation/19431875"
    },
    {
      "type": "Feature",
      "properties": {
        "@id": "relation/19431877",
        "colour": "brown",
        "name": "Fort Hill Preserve - Gorge Trail",
        "network": "lwn",
        "operator": "Arc of Appalachia",
        "route": "hiking",
        "type": "route",
        "@geometry": "center"
      },
      "geometry": {
        "type": "Point",
        "coordinates": [
          -83.4051348,
          39.1143573
        ]
      },
      "id": "relation/19431877"
    },
    {
      "type": "Feature",
      "properties": {
        "@id": "relation/19431878",
        "colour": "purple",
        "name": "Fort Hill Preserve - Deer Trail",
        "network": "lwn",
        "operator": "Arc of Appalachia",
        "route": "hiking",
        "type": "route",
        "@geometry": "center"
      },
      "geometry": {
        "type": "Point",
        "coordinates": [
          -83.4008607,
          39.1153403
        ]
      },
      "id": "relation/19431878"
    },
    {
      "type": "Feature",
      "properties": {
        "@id": "relation/19440733",
        "colour": "red",
        "name": "Mitchell Ridge Trail",
        "network": "lwn",
        "operator": "Pike Lake State Park",
        "ref": "B",
        "route": "hiking",
        "type": "route",
        "@geometry": "center"
      },
      "geometry": {
        "type": "Point",
        "coordinates": [
          -83.21672,
          39.1602256
        ]
      },
      "id": "relation/19440733"
    },
    {
      "type": "Feature",
      "properties": {
        "@id": "relation/19442214",
        "colour": "red",
        "name": "Logan Backpack Trail - North Loop",
        "network": "lwn",
        "operator": "Tar Hollow State Park",
        "route": "hiking",
        "type": "route",
        "@geometry": "center"
      },
      "geometry": {
        "type": "Point",
        "coordinates": [
          -82.76251,
          39.3931185
        ]
      },
      "id": "relation/19442214"
    },
    {
      "type": "Feature",
      "properties": {
        "@id": "relation/19442276",
        "colour": "red",
        "name": "Logan Backpack Trail - South Loop",
        "network": "lwn",
        "operator": "Tar Hollow State Park",
        "route": "hiking",
        "type": "route",
        "@geometry": "center"
      },
      "geometry": {
        "type": "Point",
        "coordinates": [
          -82.7624048,
          39.3656591
        ]
      },
      "id": "relation/19442276"
    },
    {
      "type": "Feature",
      "properties": {
        "@id": "relation/19442277",
        "colour": "red",
        "name": "Logan Backpack Trail - Dullen Loop",
        "network": "lwn",
        "operator": "Tar Hollow State Park",
        "route": "hiking",
        "type": "route",
        "@geometry": "center"
      },
      "geometry": {
        "type": "Point",
        "coordinates": [
          -82.7523274,
          39.3446168
        ]
      },
      "id": "relation/19442277"
    },
    {
      "type": "Feature",
      "properties": {
        "@id": "relation/19454703",
        "colour": "green",
        "name": "Green Wood Trail",
        "network": "lwn",
        "osmc:symbol": ":green:yellow:yellow-rhomb",
        "route": "hiking",
        "type": "route",
        "@geometry": "center"
      },
      "geometry": {
        "type": "Point",
        "coordinates": [
          -81.1697127,
          39.4554385
        ]
      },
      "id": "relation/19454703"
    },
    {
      "type": "Feature",
      "properties": {
        "@id": "relation/19562220",
        "colour": "orange",
        "name": "Channels Trail",
        "osmc:symbol": "orange",
        "route": "hiking",
        "type": "route",
        "@geometry": "center"
      },
      "geometry": {
        "type": "Point",
        "coordinates": [
          -81.9764422,
          36.8526633
        ]
      },
      "id": "relation/19562220"
    },
    {
      "type": "Feature",
      "properties": {
        "@id": "relation/19562221",
        "colour": "purple",
        "name": "Brumley Mountain Trail",
        "osmc:symbol": "purple",
        "route": "hiking",
        "type": "route",
        "@geometry": "center"
      },
      "geometry": {
        "type": "Point",
        "coordinates": [
          -82.0238158,
          36.8557407
        ]
      },
      "id": "relation/19562221"
    },
    {
      "type": "Feature",
      "properties": {
        "@id": "relation/19613837",
        "name": "Shawnee Bike Trail",
        "network": "lwn",
        "network:type": "local",
        "route": "hiking",
        "type": "route",
        "@geometry": "center"
      },
      "geometry": {
        "type": "Point",
        "coordinates": [
          -83.1041229,
          38.6824701
        ]
      },
      "id": "relation/19613837"
    },
    {
      "type": "Feature",
      "properties": {
        "@id": "relation/19614134",
        "colour": "lime",
        "name": "Sensory Explorer's Trail",
        "network": "lwn",
        "route": "hiking",
        "type": "route",
        "@geometry": "center"
      },
      "geometry": {
        "type": "Point",
        "coordinates": [
          -77.9590156,
          38.9904614
        ]
      },
      "id": "relation/19614134"
    },
    {
      "type": "Feature",
      "properties": {
        "@id": "relation/19614135",
        "colour": "lime",
        "name": "TRACK Trail",
        "route": "hiking",
        "type": "route",
        "@geometry": "center"
      },
      "geometry": {
        "type": "Point",
        "coordinates": [
          -77.9583313,
          38.9879141
        ]
      },
      "id": "relation/19614135"
    },
    {
      "type": "Feature",
      "properties": {
        "@id": "relation/19624667",
        "colour": "brown",
        "name": "Corporal Morgan Trail",
        "network": "lwn",
        "route": "hiking",
        "type": "route",
        "@geometry": "center"
      },
      "geometry": {
        "type": "Point",
        "coordinates": [
          -77.9536,
          38.9905469
        ]
      },
      "id": "relation/19624667"
    },
    {
      "type": "Feature",
      "properties": {
        "@id": "relation/19624757",
        "colour": "pink",
        "name": "James Ball Trail",
        "network": "lwn",
        "route": "hiking",
        "type": "route",
        "@geometry": "center"
      },
      "geometry": {
        "type": "Point",
        "coordinates": [
          -77.9601313,
          38.9924302
        ]
      },
      "id": "relation/19624757"
    },
    {
      "type": "Feature",
      "properties": {
        "@id": "relation/19624763",
        "colour": "gray",
        "name": "Snowden Trail",
        "network": "lwn",
        "route": "hiking",
        "type": "route",
        "@geometry": "center"
      },
      "geometry": {
        "type": "Point",
        "coordinates": [
          -77.9695885,
          38.9854849
        ]
      },
      "id": "relation/19624763"
    },
    {
      "type": "Feature",
      "properties": {
        "@id": "relation/19633008",
        "colour": "navy",
        "name": "North Ridge Trail",
        "network": "lwn",
        "route": "hiking",
        "type": "route",
        "@geometry": "center"
      },
      "geometry": {
        "type": "Point",
        "coordinates": [
          -77.979445,
          38.9940325
        ]
      },
      "id": "relation/19633008"
    },
    {
      "type": "Feature",
      "properties": {
        "@id": "relation/19633009",
        "colour": "yellow",
        "name": "South Ridge Trail",
        "network": "lwn",
        "route": "hiking",
        "type": "route",
        "@geometry": "center"
      },
      "geometry": {
        "type": "Point",
        "coordinates": [
          -77.9775994,
          38.9899862
        ]
      },
      "id": "relation/19633009"
    },
    {
      "type": "Feature",
      "properties": {
        "@id": "relation/19633010",
        "colour": "orange",
        "name": "Gap Run Trail",
        "network": "lwn",
        "route": "hiking",
        "type": "route",
        "@geometry": "center"
      },
      "geometry": {
        "type": "Point",
        "coordinates": [
          -77.9736898,
          38.9924112
        ]
      },
      "id": "relation/19633010"
    },
    {
      "type": "Feature",
      "properties": {
        "@id": "relation/19633011",
        "colour": "green",
        "name": "Boston Mill Road Trail",
        "network": "lwn",
        "route": "hiking",
        "type": "route",
        "@geometry": "center"
      },
      "geometry": {
        "type": "Point",
        "coordinates": [
          -77.9678198,
          38.9912903
        ]
      },
      "id": "relation/19633011"
    },
    {
      "type": "Feature",
      "properties": {
        "@id": "relation/19633012",
        "colour": "red",
        "name": "Piedmont Overlook Trail",
        "network": "lwn",
        "route": "hiking",
        "type": "route",
        "@geometry": "center"
      },
      "geometry": {
        "type": "Point",
        "coordinates": [
          -77.9714191,
          38.9944646
        ]
      },
      "id": "relation/19633012"
    },
    {
      "type": "Feature",
      "properties": {
        "@id": "relation/19633013",
        "colour": "blue",
        "name": "Ambassador Whitehouse Trail",
        "network": "lwn",
        "route": "hiking",
        "type": "route",
        "@geometry": "center"
      },
      "geometry": {
        "type": "Point",
        "coordinates": [
          -77.9770853,
          38.9996866
        ]
      },
      "id": "relation/19633013"
    },
    {
      "type": "Feature",
      "properties": {
        "@id": "relation/19633014",
        "colour": "teal",
        "name": "Hadow Trail",
        "network": "lwn",
        "route": "hiking",
        "type": "route",
        "@geometry": "center"
      },
      "geometry": {
        "type": "Point",
        "coordinates": [
          -77.9644724,
          38.9873411
        ]
      },
      "id": "relation/19633014"
    },
    {
      "type": "Feature",
      "properties": {
        "@id": "relation/19648950",
        "colour": "red",
        "name": "Bootlegger Trail",
        "network": "lwn",
        "route": "hiking",
        "type": "route",
        "@geometry": "center"
      },
      "geometry": {
        "type": "Point",
        "coordinates": [
          -77.2544588,
          39.0165516
        ]
      },
      "id": "relation/19648950"
    },
    {
      "type": "Feature",
      "properties": {
        "@id": "relation/19648951",
        "colour": "orange",
        "name": "Follow the Hollows Trail",
        "network": "lwn",
        "route": "hiking",
        "type": "route",
        "@geometry": "center"
      },
      "geometry": {
        "type": "Point",
        "coordinates": [
          -77.2496934,
          39.0179376
        ]
      },
      "id": "relation/19648951"
    },
    {
      "type": "Feature",
      "properties": {
        "@id": "relation/19648952",
        "colour": "yellow",
        "name": "Madison's Escape Trail",
        "network": "lwn",
        "route": "hiking",
        "type": "route",
        "@geometry": "center"
      },
      "geometry": {
        "type": "Point",
        "coordinates": [
          -77.2510188,
          39.0169673
        ]
      },
      "id": "relation/19648952"
    },
    {
      "type": "Feature",
      "properties": {
        "@id": "relation/19684784",
        "distance": "2 mi",
        "educational": "yes",
        "from": "Woodlawn Manor",
        "name": "Underground Railroad Experience Trail",
        "network": "lwn",
        "roundtrip": "no",
        "route": "hiking",
        "to": "Sandy Spring",
        "type": "route",
        "website": "https://montgomeryparks.org/parks-and-trails/woodlawn-manor-cultural-park/underground-railroad-experience-trail/",
        "@geometry": "center"
      },
      "geometry": {
        "type": "Point",
        "coordinates": [
          -77.0227544,
          39.1357877
        ]
      },
      "id": "relation/19684784"
    },
    {
      "type": "Feature",
      "properties": {
        "@id": "relation/19709212",
        "colour": "#96CFE1",
        "distance": "1.1 mi",
        "name": "Pine Tree Trail",
        "network": "lwn",
        "osmc:symbol": "blue:blue_stripe",
        "route": "hiking",
        "symbol": "vertical light blue bar",
        "trailblazed": "symbols",
        "type": "route",
        "@geometry": "center"
      },
      "geometry": {
        "type": "Point",
        "coordinates": [
          -79.8150739,
          37.9108657
        ]
      },
      "id": "relation/19709212"
    },
    {
      "type": "Feature",
      "properties": {
        "@id": "relation/19709213",
        "colour": "#1D386D",
        "distance": "3.2 mi",
        "name": "Blue Suck Falls Trail",
        "network": "lwn",
        "osmc:symbol": "blue:blue_stripe",
        "route": "hiking",
        "symbol": "vertical dark blue bar",
        "trailblazed": "symbols",
        "type": "route",
        "@geometry": "center"
      },
      "geometry": {
        "type": "Point",
        "coordinates": [
          -79.8190877,
          37.9062159
        ]
      },
      "id": "relation/19709213"
    },
    {
      "type": "Feature",
      "properties": {
        "@id": "relation/19709214",
        "colour": "#BA9765",
        "distance": "1.1 mi",
        "name": "Huff's Trail",
        "network": "lwn",
        "osmc:symbol": "brown:brown_stripe",
        "route": "hiking",
        "symbol": "vertical brown bar",
        "trailblazed": "symbols",
        "type": "route",
        "@geometry": "center"
      },
      "geometry": {
        "type": "Point",
        "coordinates": [
          -79.8042224,
          37.9079512
        ]
      },
      "id": "relation/19709214"
    },
    {
      "type": "Feature",
      "properties": {
        "@id": "relation/19709215",
        "colour": "red",
        "distance": "0.8 mi",
        "name": "Heron Run Trail",
        "network": "lwn",
        "osmc:symbol": "red:red_stripe",
        "route": "hiking",
        "symbol": "vertical red bar",
        "trailblazed": "symbols",
        "type": "route",
        "@geometry": "center"
      },
      "geometry": {
        "type": "Point",
        "coordinates": [
          -79.8026751,
          37.9059826
        ]
      },
      "id": "relation/19709215"
    },
    {
      "type": "Feature",
      "properties": {
        "@id": "relation/19709216",
        "colour": "#ED6EA7",
        "distance": "1.6 mi",
        "name": "Laurel View Trail",
        "network": "lwn",
        "osmc:symbol": "red:red_stripe",
        "route": "hiking",
        "symbol": "vertical pink bar",
        "trailblazed": "symbols",
        "type": "route",
        "@geometry": "center"
      },
      "geometry": {
        "type": "Point",
        "coordinates": [
          -79.8067333,
          37.9103628
        ]
      },
      "id": "relation/19709216"
    },
    {
      "type": "Feature",
      "properties": {
        "@id": "relation/19709217",
        "colour": "#1B493F",
        "distance": "0.8 mi",
        "name": "Middle Hollow Trail",
        "network": "lwn",
        "osmc:symbol": "green:green_stripe",
        "route": "hiking",
        "symbol": "vertical dark green bar",
        "trailblazed": "symbols",
        "type": "route",
        "@geometry": "center"
      },
      "geometry": {
        "type": "Point",
        "coordinates": [
          -79.8074926,
          37.9090712
        ]
      },
      "id": "relation/19709217"
    },
    {
      "type": "Feature",
      "properties": {
        "@id": "relation/19709218",
        "colour": "#FAAA65",
        "distance": "0.9 mi",
        "name": "Backway Hollow Trail",
        "network": "lwn",
        "osmc:symbol": "orange:orange_stripe",
        "route": "hiking",
        "symbol": "vertical orange bar",
        "trailblazed": "symbols",
        "type": "route",
        "@geometry": "center"
      },
      "geometry": {
        "type": "Point",
        "coordinates": [
          -79.7991112,
          37.9137318
        ]
      },
      "id": "relation/19709218"
    },
    {
      "type": "Feature",
      "properties": {
        "@id": "relation/19709219",
        "colour": "#8F1838",
        "distance": "2.5 mi",
        "name": "Salt Stump Trail",
        "network": "lwn",
        "osmc:symbol": "red:red_stripe",
        "route": "hiking",
        "symbol": "vertical dark red bar",
        "trailblazed": "symbols",
        "type": "route",
        "@geometry": "center"
      },
      "geometry": {
        "type": "Point",
        "coordinates": [
          -79.8089295,
          37.9153992
        ]
      },
      "id": "relation/19709219"
    },
    {
      "type": "Feature",
      "properties": {
        "@id": "relation/19709992",
        "colour": "#0F4B8F",
        "distance": "0.7 mi",
        "name": "Guest Lodge Trail",
        "network": "lwn",
        "osmc:symbol": "blue:blue_stripe",
        "route": "hiking",
        "symbol": "vertical blue bar",
        "trailblazed": "symbols",
        "type": "route",
        "@geometry": "center"
      },
      "geometry": {
        "type": "Point",
        "coordinates": [
          -79.7869372,
          37.9120652
        ]
      },
      "id": "relation/19709992"
    },
    {
      "type": "Feature",
      "properties": {
        "@id": "relation/19709993",
        "colour": "#FFE600",
        "distance": "2.4 mi",
        "name": "Mountain Top Trail",
        "network": "lwn",
        "osmc:symbol": "yellow:yellow_stripe",
        "route": "hiking",
        "symbol": "vertical yellow bar",
        "trailblazed": "symbols",
        "type": "route",
        "@geometry": "center"
      },
      "geometry": {
        "type": "Point",
        "coordinates": [
          -79.7841008,
          37.9053002
        ]
      },
      "id": "relation/19709993"
    },
    {
      "type": "Feature",
      "properties": {
        "@id": "relation/19709994",
        "colour": "white",
        "distance": "1.2 mi",
        "name": "Mountain Side Trail",
        "network": "lwn",
        "osmc:symbol": "black:white_stripe",
        "route": "hiking",
        "symbol": "vertical white bar",
        "trailblazed": "symbols",
        "type": "route",
        "@geometry": "center"
      },
      "geometry": {
        "type": "Point",
        "coordinates": [
          -79.7869443,
          37.9047735
        ]
      },
      "id": "relation/19709994"
    },
    {
      "type": "Feature",
      "properties": {
        "@id": "relation/19709995",
        "colour": "#7F3D97",
        "distance": "1.2 mi",
        "name": "Buck Hollow Trail",
        "network": "lwn",
        "osmc:symbol": "purple:purple_stripe",
        "route": "hiking",
        "symbol": "vertical purple bar",
        "trailblazed": "symbols",
        "type": "route",
        "@geometry": "center"
      },
      "geometry": {
        "type": "Point",
        "coordinates": [
          -79.7920403,
          37.9012198
        ]
      },
      "id": "relation/19709995"
    },
    {
      "type": "Feature",
      "properties": {
        "@id": "relation/19709996",
        "colour": "#E87D1E",
        "distance": "0.8 mi",
        "name": "Ross Camp Trail",
        "network": "lwn",
        "osmc:symbol": "orange:orange_stripe",
        "route": "hiking",
        "symbol": "vertical orange bar",
        "trailblazed": "symbols",
        "type": "route",
        "@geometry": "center"
      },
      "geometry": {
        "type": "Point",
        "coordinates": [
          -79.7896963,
          37.911684
        ]
      },
      "id": "relation/19709996"
    },
    {
      "type": "Feature",
      "properties": {
        "@id": "relation/19709997",
        "colour": "#EC008C",
        "distance": "1.5 mi",
        "name": "Wilson Creek Trail",
        "network": "lwn",
        "osmc:symbol": "red:red_stripe",
        "route": "hiking",
        "symbol": "vertical magenta bar",
        "trailblazed": "symbols",
        "type": "route",
        "@geometry": "center"
      },
      "geometry": {
        "type": "Point",
        "coordinates": [
          -79.7980415,
          37.9045948
        ]
      },
      "id": "relation/19709997"
    },
    {
      "type": "Feature",
      "properties": {
        "@id": "relation/19709998",
        "colour": "#00A39A",
        "distance": "1.4 mi",
        "name": "Beard's Gap Trail",
        "network": "lwn",
        "osmc:symbol": "green:green_stripe",
        "route": "hiking",
        "symbol": "vertical teal bar",
        "trailblazed": "symbols",
        "type": "route",
        "@geometry": "center"
      },
      "geometry": {
        "type": "Point",
        "coordinates": [
          -79.7940478,
          37.8966229
        ]
      },
      "id": "relation/19709998"
    },
    {
      "type": "Feature",
      "properties": {
        "@id": "relation/19709999",
        "colour": "#006937",
        "distance": "3.8 mi",
        "name": "Brushy Hollow Trail",
        "network": "lwn",
        "osmc:symbol": "green:green_stripe",
        "route": "hiking",
        "symbol": "vertical dark green bar",
        "trailblazed": "symbols",
        "type": "route",
        "@geometry": "center"
      },
      "geometry": {
        "type": "Point",
        "coordinates": [
          -79.7964327,
          37.8891265
        ]
      },
      "id": "relation/19709999"
    },
    {
      "type": "Feature",
      "properties": {
        "@id": "relation/19710000",
        "colour": "#AA1F2E",
        "distance": "2.7 mi",
        "name": "Flat Run Trail",
        "network": "lwn",
        "osmc:symbol": "red:red_stripe",
        "route": "hiking",
        "symbol": "vertical dark red bar",
        "trailblazed": "symbols",
        "type": "route",
        "@geometry": "center"
      },
      "geometry": {
        "type": "Point",
        "coordinates": [
          -79.8086192,
          37.874324
        ]
      },
      "id": "relation/19710000"
    },
    {
      "type": "Feature",
      "properties": {
        "@id": "relation/19710001",
        "colour": "#BCD631",
        "distance": "1.8 mi",
        "name": "Middle Mountain Trail",
        "network": "lwn",
        "osmc:symbol": "green:green_stripe",
        "route": "hiking",
        "symbol": "vertical lime green bar",
        "trailblazed": "symbols",
        "type": "route",
        "@geometry": "center"
      },
      "geometry": {
        "type": "Point",
        "coordinates": [
          -79.828135,
          37.9085796
        ]
      },
      "id": "relation/19710001"
    },
    {
      "type": "Feature",
      "properties": {
        "@id": "relation/19710002",
        "colour": "#FEBE10",
        "distance": "1.0 mi",
        "name": "Tuscarora Overlook Trail",
        "network": "lwn",
        "osmc:symbol": "yellow:yellow_stripe",
        "route": "hiking",
        "symbol": "vertical yellow bar",
        "trailblazed": "symbols",
        "type": "route",
        "@geometry": "center"
      },
      "geometry": {
        "type": "Point",
        "coordinates": [
          -79.8318129,
          37.9022534
        ]
      },
      "id": "relation/19710002"
    },
    {
      "type": "Feature",
      "properties": {
        "@id": "relation/19710003",
        "colour": "#F05323",
        "distance": "4.4 mi",
        "name": "Stony Run Trail",
        "network": "lwn",
        "osmc:symbol": "orange:orange_stripe",
        "route": "hiking",
        "symbol": "vertical orange bar",
        "trailblazed": "symbols",
        "type": "route",
        "@geometry": "center"
      },
      "geometry": {
        "type": "Point",
        "coordinates": [
          -79.8199293,
          37.8926666
        ]
      },
      "id": "relation/19710003"
    },
    {
      "type": "Feature",
      "properties": {
        "@id": "relation/19710004",
        "colour": "#C7B6D9",
        "distance": "1.4 mi",
        "name": "Locust Gap Trail",
        "network": "lwn",
        "osmc:symbol": "purple:purple_stripe",
        "route": "hiking",
        "symbol": "vertical light purple bar",
        "trailblazed": "symbols",
        "type": "route",
        "@geometry": "center"
      },
      "geometry": {
        "type": "Point",
        "coordinates": [
          -79.8178588,
          37.8961631
        ]
      },
      "id": "relation/19710004"
    },
    {
      "type": "Feature",
      "properties": {
        "@id": "relation/19710005",
        "colour": "#EF3A4C",
        "distance": "1.3 mi",
        "name": "Beard's Gap Hollow Trail",
        "network": "lwn",
        "osmc:symbol": "red:red_stripe",
        "route": "hiking",
        "symbol": "vertical red bar",
        "trailblazed": "symbols",
        "type": "route",
        "@geometry": "center"
      },
      "geometry": {
        "type": "Point",
        "coordinates": [
          -79.8094024,
          37.896821
        ]
      },
      "id": "relation/19710005"
    },
    {
      "type": "Feature",
      "properties": {
        "@id": "relation/19710006",
        "colour": "#BADCA1",
        "distance": "0.9 mi",
        "name": "Tobacco House Ridge Trail",
        "network": "lwn",
        "osmc:symbol": "green:green_stripe",
        "route": "hiking",
        "symbol": "vertical light green bar",
        "trailblazed": "symbols",
        "type": "route",
        "@geometry": "center"
      },
      "geometry": {
        "type": "Point",
        "coordinates": [
          -79.8068623,
          37.8997474
        ]
      },
      "id": "relation/19710006"
    },
    {
      "type": "Feature",
      "properties": {
        "@id": "relation/19794065",
        "colour": "blue",
        "name": "ATC Connector",
        "network": "lwn",
        "osmc:symbol": "blue::blue_stripe",
        "route": "hiking",
        "type": "route",
        "@geometry": "center"
      },
      "geometry": {
        "type": "Point",
        "coordinates": [
          -77.7406646,
          39.3242769
        ]
      },
      "id": "relation/19794065"
    },
    {
      "type": "Feature",
      "properties": {
        "@id": "relation/19818746",
        "colour": "purple",
        "name": "Vista Trail",
        "network": "lwn",
        "route": "hiking",
        "type": "route",
        "@geometry": "center"
      },
      "geometry": {
        "type": "Point",
        "coordinates": [
          -81.5090034,
          36.8833305
        ]
      },
      "id": "relation/19818746"
    },
    {
      "type": "Feature",
      "properties": {
        "@id": "relation/19818747",
        "colour": "orange",
        "name": "CCC Trail",
        "network": "lwn",
        "route": "hiking",
        "type": "route",
        "@geometry": "center"
      },
      "geometry": {
        "type": "Point",
        "coordinates": [
          -81.5146601,
          36.8770222
        ]
      },
      "id": "relation/19818747"
    },
    {
      "type": "Feature",
      "properties": {
        "@id": "relation/19818748",
        "colour": "white",
        "name": "Molly's Knob Trail",
        "network": "lwn",
        "route": "hiking",
        "type": "route",
        "@geometry": "center"
      },
      "geometry": {
        "type": "Point",
        "coordinates": [
          -81.5152902,
          36.8828808
        ]
      },
      "id": "relation/19818748"
    },
    {
      "type": "Feature",
      "properties": {
        "@id": "relation/19818749",
        "colour": "green",
        "name": "Ridge Trail",
        "network": "lwn",
        "route": "hiking",
        "type": "route",
        "@geometry": "center"
      },
      "geometry": {
        "type": "Point",
        "coordinates": [
          -81.5219341,
          36.8803122
        ]
      },
      "id": "relation/19818749"
    },
    {
      "type": "Feature",
      "properties": {
        "@id": "relation/19818750",
        "colour": "yellow",
        "name": "Old Shawnee Trail",
        "network": "lwn",
        "route": "hiking",
        "type": "route",
        "@geometry": "center"
      },
      "geometry": {
        "type": "Point",
        "coordinates": [
          -81.5275149,
          36.8907177
        ]
      },
      "id": "relation/19818750"
    },
    {
      "type": "Feature",
      "properties": {
        "@id": "relation/19818751",
        "colour": "blue",
        "name": "Raider's Run Trail",
        "network": "lwn",
        "route": "hiking",
        "type": "route",
        "@geometry": "center"
      },
      "geometry": {
        "type": "Point",
        "coordinates": [
          -81.5261323,
          36.887981
        ]
      },
      "id": "relation/19818751"
    },
    {
      "type": "Feature",
      "properties": {
        "@id": "relation/19818752",
        "colour": "red",
        "name": "Stone Lick Trail",
        "network": "lwn",
        "route": "hiking",
        "type": "route",
        "@geometry": "center"
      },
      "geometry": {
        "type": "Point",
        "coordinates": [
          -81.533835,
          36.8827371
        ]
      },
      "id": "relation/19818752"
    },
    {
      "type": "Feature",
      "properties": {
        "@id": "relation/19818753",
        "colour": "lime",
        "name": "Clyburn Ridge Loop Trail",
        "network": "lwn",
        "route": "hiking",
        "type": "route",
        "@geometry": "center"
      },
      "geometry": {
        "type": "Point",
        "coordinates": [
          -81.5288709,
          36.876472
        ]
      },
      "id": "relation/19818753"
    },
    {
      "type": "Feature",
      "properties": {
        "@id": "relation/19818754",
        "colour": "gold",
        "name": "Clyburn Hollow Trail",
        "network": "lwn",
        "route": "hiking",
        "type": "route",
        "@geometry": "center"
      },
      "geometry": {
        "type": "Point",
        "coordinates": [
          -81.5295723,
          36.877118
        ]
      },
      "id": "relation/19818754"
    },
    {
      "type": "Feature",
      "properties": {
        "@id": "relation/19843432",
        "name": "Whites Creek Loop",
        "route": "hiking",
        "type": "route",
        "@geometry": "center"
      },
      "geometry": {
        "type": "Point",
        "coordinates": [
          -75.571162,
          37.7702791
        ]
      },
      "id": "relation/19843432"
    },
    {
      "type": "Feature",
      "properties": {
        "@id": "relation/19843433",
        "name": "Gargathy Bay Trail",
        "route": "hiking",
        "type": "route",
        "@geometry": "center"
      },
      "geometry": {
        "type": "Point",
        "coordinates": [
          -75.5699068,
          37.7686126
        ]
      },
      "id": "relation/19843433"
    },
    {
      "type": "Feature",
      "properties": {
        "@id": "relation/19905903",
        "colour": "orange",
        "name": "Laurel Loop Trail",
        "network": "lwn",
        "operator": "Virginia Department of Conservation",
        "route": "hiking",
        "type": "route",
        "@geometry": "center"
      },
      "geometry": {
        "type": "Point",
        "coordinates": [
          -79.5517156,
          38.2572703
        ]
      },
      "id": "relation/19905903"
    },
    {
      "type": "Feature",
      "properties": {
        "@id": "relation/19905904",
        "colour": "green",
        "name": "Bear Pond Trail",
        "network": "lwn",
        "operator": "Virginia Department of Conservation",
        "route": "hiking",
        "type": "route",
        "@geometry": "center"
      },
      "geometry": {
        "type": "Point",
        "coordinates": [
          -79.5494614,
          38.261565
        ]
      },
      "id": "relation/19905904"
    },
    {
      "type": "Feature",
      "properties": {
        "@id": "relation/19905905",
        "colour": "red",
        "name": "Eagle's Rest Trail",
        "network": "lwn",
        "operator": "Virginia Department of Conservation",
        "route": "hiking",
        "type": "route",
        "@geometry": "center"
      },
      "geometry": {
        "type": "Point",
        "coordinates": [
          -79.5568802,
          38.2591774
        ]
      },
      "id": "relation/19905905"
    },
    {
      "type": "Feature",
      "properties": {
        "@id": "relation/19905906",
        "colour": "blue",
        "name": "River Loop Trail",
        "network": "lwn",
        "operator": "Virginia Department of Conservation",
        "route": "hiking",
        "type": "route",
        "@geometry": "center"
      },
      "geometry": {
        "type": "Point",
        "coordinates": [
          -79.5577718,
          38.2633179
        ]
      },
      "id": "relation/19905906"
    },
    {
      "type": "Feature",
      "properties": {
        "@id": "relation/19915269",
        "colour": "blue",
        "name": "Battlefield Trail",
        "network": "lwn",
        "route": "hiking",
        "type": "route",
        "@geometry": "center"
      },
      "geometry": {
        "type": "Point",
        "coordinates": [
          -78.7016842,
          36.8872077
        ]
      },
      "id": "relation/19915269"
    },
    {
      "type": "Feature",
      "properties": {
        "@id": "relation/19915270",
        "colour": "yellow",
        "name": "Archery Loop Trail",
        "network": "lwn",
        "route": "hiking",
        "type": "route",
        "@geometry": "center"
      },
      "geometry": {
        "type": "Point",
        "coordinates": [
          -78.7089215,
          36.8847628
        ]
      },
      "id": "relation/19915270"
    },
    {
      "type": "Feature",
      "properties": {
        "@id": "relation/19915271",
        "colour": "red",
        "name": "Edgewood Nature Trail",
        "network": "lwn",
        "route": "hiking",
        "type": "route",
        "@geometry": "center"
      },
      "geometry": {
        "type": "Point",
        "coordinates": [
          -78.7051337,
          36.8834916
        ]
      },
      "id": "relation/19915271"
    },
    {
      "type": "Feature",
      "properties": {
        "@id": "relation/19915678",
        "colour": "purple",
        "name": "Roanoke Creek Trail",
        "network": "lwn",
        "route": "hiking",
        "type": "route",
        "@geometry": "center"
      },
      "geometry": {
        "type": "Point",
        "coordinates": [
          -78.6987014,
          36.8866761
        ]
      },
      "id": "relation/19915678"
    },
    {
      "type": "Feature",
      "properties": {
        "@id": "relation/19915821",
        "colour": "orange",
        "name": "Mulberry Hill Trail",
        "network": "lwn",
        "route": "hiking",
        "type": "route",
        "@geometry": "center"
      },
      "geometry": {
        "type": "Point",
        "coordinates": [
          -78.6967657,
          36.908678
        ]
      },
      "id": "relation/19915821"
    },
    {
      "type": "Feature",
      "properties": {
        "@id": "relation/19925996",
        "description": "18-mile trail runs parallel to RR track along Buffalo Creek. Novel \"rail-bike\" rides opened in 2024 (fee). Trail alongside (or on) tracks most suitable for hikers, popular destination for trout fishermen.",
        "from": "Clay WV",
        "name": "Buffalo Creek Trail",
        "network": "lwn",
        "operator": "WV State Parks",
        "route": "hiking",
        "to": "Widen",
        "type": "route",
        "website": "https://wvrailtrails.org/rail_trail/buffalo-creek-trail/",
        "@geometry": "center"
      },
      "geometry": {
        "type": "Point",
        "coordinates": [
          -80.9620351,
          38.4601696
        ]
      },
      "id": "relation/19925996"
    },
    {
      "type": "Feature",
      "properties": {
        "@id": "relation/19980429",
        "colour": "green",
        "name": "Buck Lick Trail",
        "network": "lwn",
        "route": "hiking",
        "type": "route",
        "@geometry": "center"
      },
      "geometry": {
        "type": "Point",
        "coordinates": [
          -79.7982213,
          37.9033285
        ]
      },
      "id": "relation/19980429"
    },
    {
      "type": "Feature",
      "properties": {
        "@id": "relation/19980799",
        "colour": "#fffdbd",
        "name": "YCC Trail",
        "network": "lwn",
        "route": "hiking",
        "type": "route",
        "@geometry": "center"
      },
      "geometry": {
        "type": "Point",
        "coordinates": [
          -79.7999718,
          37.9043822
        ]
      },
      "id": "relation/19980799"
    },
    {
      "type": "Feature",
      "properties": {
        "@id": "relation/20029494",
        "name": "High Bridge Trail",
        "network": "rwn",
        "route": "hiking",
        "type": "route",
        "@geometry": "center"
      },
      "geometry": {
        "type": "Point",
        "coordinates": [
          -78.4535451,
          37.2621678
        ]
      },
      "id": "relation/20029494"
    },
    {
      "type": "Feature",
      "properties": {
        "@id": "relation/20029677",
        "colour": "purple",
        "name": "Camp Paradise Trail",
        "network": "lwn",
        "route": "hiking",
        "type": "route",
        "@geometry": "center"
      },
      "geometry": {
        "type": "Point",
        "coordinates": [
          -78.3169188,
          37.3093403
        ]
      },
      "id": "relation/20029677"
    },
    {
      "type": "Feature",
      "properties": {
        "@id": "relation/20029678",
        "colour": "orange",
        "name": "Spur Line Connector Trail",
        "network": "lwn",
        "route": "hiking",
        "type": "route",
        "@geometry": "center"
      },
      "geometry": {
        "type": "Point",
        "coordinates": [
          -78.3132537,
          37.3077746
        ]
      },
      "id": "relation/20029678"
    },
    {
      "type": "Feature",
      "properties": {
        "@id": "relation/20029679",
        "colour": "orange",
        "name": "Spur Line Trail",
        "network": "lwn",
        "route": "hiking",
        "type": "route",
        "@geometry": "center"
      },
      "geometry": {
        "type": "Point",
        "coordinates": [
          -78.3109151,
          37.306854
        ]
      },
      "id": "relation/20029679"
    },
    {
      "type": "Feature",
      "properties": {
        "@id": "relation/20054310",
        "colour": "maroon",
        "name": "Poplar Pass Trail",
        "network": "lwn",
        "route": "hiking",
        "type": "route",
        "@geometry": "center"
      },
      "geometry": {
        "type": "Point",
        "coordinates": [
          -78.2755748,
          37.1762254
        ]
      },
      "id": "relation/20054310"
    },
    {
      "type": "Feature",
      "properties": {
        "@id": "relation/20054311",
        "colour": "orange",
        "name": "Otter's Path Trail",
        "network": "lwn",
        "route": "hiking",
        "type": "route",
        "@geometry": "center"
      },
      "geometry": {
        "type": "Point",
        "coordinates": [
          -78.2729199,
          37.171105
        ]
      },
      "id": "relation/20054311"
    },
    {
      "type": "Feature",
      "properties": {
        "@id": "relation/20054312",
        "colour": "yellow",
        "name": "Between the Lakes Trail",
        "network": "lwn",
        "route": "hiking",
        "type": "route",
        "@geometry": "center"
      },
      "geometry": {
        "type": "Point",
        "coordinates": [
          -78.2768315,
          37.1734429
        ]
      },
      "id": "relation/20054312"
    },
    {
      "type": "Feature",
      "properties": {
        "@id": "relation/20054313",
        "colour": "navy",
        "name": "Goodwin Lake Trail",
        "network": "lwn",
        "route": "hiking",
        "type": "route",
        "@geometry": "center"
      },
      "geometry": {
        "type": "Point",
        "coordinates": [
          -78.2814231,
          37.1730534
        ]
      },
      "id": "relation/20054313"
    },
    {
      "type": "Feature",
      "properties": {
        "@id": "relation/20057082",
        "colour": "green",
        "name": "Beaver Point Trail",
        "network": "lwn",
        "route": "hiking",
        "type": "route",
        "@geometry": "center"
      },
      "geometry": {
        "type": "Point",
        "coordinates": [
          -78.2725156,
          37.1694589
        ]
      },
      "id": "relation/20057082"
    },
    {
      "type": "Feature",
      "properties": {
        "@id": "relation/20057787",
        "colour": "blue",
        "name": "Dogwood Hollow Trail",
        "network": "lwn",
        "route": "hiking",
        "type": "route",
        "@geometry": "center"
      },
      "geometry": {
        "type": "Point",
        "coordinates": [
          -78.2778042,
          37.1775073
        ]
      },
      "id": "relation/20057787"
    },
    {
      "type": "Feature",
      "properties": {
        "@id": "relation/20057968",
        "colour": "orange",
        "name": "Otter's Pup Trail",
        "network": "lwn",
        "route": "hiking",
        "type": "route",
        "@geometry": "center"
      },
      "geometry": {
        "type": "Point",
        "coordinates": [
          -78.2700436,
          37.1706678
        ]
      },
      "id": "relation/20057968"
    },
    {
      "type": "Feature",
      "properties": {
        "@id": "relation/20079224",
        "colour": "tan",
        "name": "Pickett Trail",
        "network": "lwn",
        "route": "hiking",
        "type": "route",
        "@geometry": "center"
      },
      "geometry": {
        "type": "Point",
        "coordinates": [
          -78.2323102,
          37.2958865
        ]
      },
      "id": "relation/20079224"
    },
    {
      "type": "Feature",
      "properties": {
        "@id": "relation/20079225",
        "colour": "yellow",
        "name": "Stagg Trail",
        "network": "lwn",
        "route": "hiking",
        "type": "route",
        "@geometry": "center"
      },
      "geometry": {
        "type": "Point",
        "coordinates": [
          -78.2274135,
          37.3006228
        ]
      },
      "id": "relation/20079225"
    },
    {
      "type": "Feature",
      "properties": {
        "@id": "relation/20079226",
        "colour": "red",
        "name": "Kershaw Trail",
        "network": "lwn",
        "route": "hiking",
        "type": "route",
        "@geometry": "center"
      },
      "geometry": {
        "type": "Point",
        "coordinates": [
          -78.2263561,
          37.3051971
        ]
      },
      "id": "relation/20079226"
    },
    {
      "type": "Feature",
      "properties": {
        "@id": "relation/20079621",
        "colour": "navy",
        "name": "Wheaton Trail",
        "network": "lwn",
        "route": "hiking",
        "type": "route",
        "@geometry": "center"
      },
      "geometry": {
        "type": "Point",
        "coordinates": [
          -78.2239779,
          37.3089854
        ]
      },
      "id": "relation/20079621"
    },
    {
      "type": "Feature",
      "properties": {
        "@id": "relation/20079622",
        "colour": "green",
        "name": "Nature Spur Trail",
        "network": "lwn",
        "route": "hiking",
        "type": "route",
        "@geometry": "center"
      },
      "geometry": {
        "type": "Point",
        "coordinates": [
          -78.2218189,
          37.3094373
        ]
      },
      "id": "relation/20079622"
    },
    {
      "type": "Feature",
      "properties": {
        "@id": "relation/20082338",
        "colour": "gray",
        "name": "Custis Lee Trail",
        "network": "lwn",
        "route": "hiking",
        "type": "route",
        "@geometry": "center"
      },
      "geometry": {
        "type": "Point",
        "coordinates": [
          -78.2288345,
          37.3038513
        ]
      },
      "id": "relation/20082338"
    },
    {
      "type": "Feature",
      "properties": {
        "@id": "relation/20082339",
        "colour": "aqua",
        "name": "Seymour Trail",
        "network": "lwn",
        "route": "hiking",
        "type": "route",
        "@geometry": "center"
      },
      "geometry": {
        "type": "Point",
        "coordinates": [
          -78.2289997,
          37.3061782
        ]
      },
      "id": "relation/20082339"
    },
    {
      "type": "Feature",
      "properties": {
        "@id": "relation/20391601",
        "colour": "lavender",
        "name": "Tribute Trail",
        "network": "lwn",
        "route": "hiking",
        "type": "route",
        "@geometry": "center"
      },
      "geometry": {
        "type": "Point",
        "coordinates": [
          -77.9615848,
          38.9882974
        ]
      },
      "id": "relation/20391601"
    },
    {
      "type": "Feature",
      "properties": {
        "@id": "relation/20617470",
        "colour": "purple",
        "name": "Whispering Cave Trail",
        "route": "hiking",
        "type": "route",
        "@geometry": "center"
      },
      "geometry": {
        "type": "Point",
        "coordinates": [
          -82.5474705,
          39.4283511
        ]
      },
      "id": "relation/20617470"
    },
    {
      "type": "Feature",
      "properties": {
        "@id": "relation/20617471",
        "colour": "green",
        "name": "Rose Lake Trail",
        "route": "hiking",
        "type": "route",
        "@geometry": "center"
      },
      "geometry": {
        "type": "Point",
        "coordinates": [
          -82.5354945,
          39.4302767
        ]
      },
      "id": "relation/20617471"
    },
    {
      "type": "Feature",
      "properties": {
        "@id": "relation/20617472",
        "colour": "brown",
        "name": "Rose Lake Access Trail",
        "route": "hiking",
        "type": "route",
        "@geometry": "center"
      },
      "geometry": {
        "type": "Point",
        "coordinates": [
          -82.5317285,
          39.4306845
        ]
      },
      "id": "relation/20617472"
    },
    {
      "type": "Feature",
      "properties": {
        "@id": "relation/20617473",
        "colour": "yellow",
        "name": "Broken Rock Trail",
        "route": "hiking",
        "type": "route",
        "@geometry": "center"
      },
      "geometry": {
        "type": "Point",
        "coordinates": [
          -82.5456293,
          39.4323981
        ]
      },
      "id": "relation/20617473"
    },
    {
      "type": "Feature",
      "properties": {
        "@id": "relation/20617474",
        "colour": "brown",
        "name": "Gorge Exit Trail",
        "route": "hiking",
        "type": "route",
        "@geometry": "center"
      },
      "geometry": {
        "type": "Point",
        "coordinates": [
          -82.5439394,
          39.4330126
        ]
      },
      "id": "relation/20617474"
    },
    {
      "type": "Feature",
      "properties": {
        "@id": "relation/20617585",
        "colour": "yellow",
        "name": "Cedar Falls Trail",
        "route": "hiking",
        "type": "route",
        "@geometry": "center"
      },
      "geometry": {
        "type": "Point",
        "coordinates": [
          -82.526352,
          39.4184953
        ]
      },
      "id": "relation/20617585"
    },
    {
      "type": "Feature",
      "properties": {
        "@id": "relation/20617593",
        "colour": "red",
        "name": "Gorge Overlook Trail",
        "route": "hiking",
        "type": "route",
        "@geometry": "center"
      },
      "geometry": {
        "type": "Point",
        "coordinates": [
          -82.5344544,
          39.4276405
        ]
      },
      "id": "relation/20617593"
    },
    {
      "type": "Feature",
      "properties": {
        "@id": "relation/20617611",
        "colour": "red",
        "name": "Ash Cave Rim Trail",
        "route": "hiking",
        "type": "route",
        "@geometry": "center"
      },
      "geometry": {
        "type": "Point",
        "coordinates": [
          -82.5448697,
          39.3976547
        ]
      },
      "id": "relation/20617611"
    },
    {
      "type": "Feature",
      "properties": {
        "@id": "relation/20617625",
        "colour": "maroon",
        "name": "Lodge Connector Trail",
        "route": "hiking",
        "type": "route",
        "@geometry": "center"
      },
      "geometry": {
        "type": "Point",
        "coordinates": [
          -82.5482985,
          39.4242114
        ]
      },
      "id": "relation/20617625"
    },
    {
      "type": "Feature",
      "properties": {
        "@id": "relation/20617867",
        "colour": "blue",
        "name": "Grandma Gatewood Trail",
        "route": "hiking",
        "type": "route",
        "@geometry": "center"
      },
      "geometry": {
        "type": "Point",
        "coordinates": [
          -82.5360686,
          39.4163024
        ]
      },
      "id": "relation/20617867"
    },
    {
      "type": "Feature",
      "properties": {
        "@id": "relation/20731840",
        "colour": "yellow",
        "name": "Long Mountain Trail",
        "network": "lwn",
        "ref": "TR 1007",
        "route": "hiking",
        "type": "route",
        "@geometry": "center"
      },
      "geometry": {
        "type": "Point",
        "coordinates": [
          -78.6957326,
          38.9732096
        ]
      },
      "id": "relation/20731840"
    },
    {
      "type": "Feature",
      "properties": {
        "@id": "relation/20784519",
        "colour": "yellow",
        "name": "Ross Hollow",
        "osmc:symbol": "yellow:yellow::R:white",
        "route": "hiking",
        "type": "route",
        "@geometry": "center"
      },
      "geometry": {
        "type": "Point",
        "coordinates": [
          -82.7593774,
          39.3938948
        ]
      },
      "id": "relation/20784519"
    },
    {
      "type": "Feature",
      "properties": {
        "@id": "relation/20784520",
        "colour": "blue",
        "name": "Homestead Trail",
        "osmc:symbol": "blue:blue::H:white",
        "roundtrip": "yes",
        "route": "hiking",
        "type": "route",
        "@geometry": "center"
      },
      "geometry": {
        "type": "Point",
        "coordinates": [
          -82.7406574,
          39.3787578
        ]
      },
      "id": "relation/20784520"
    },
    {
      "type": "Feature",
      "properties": {
        "@id": "relation/20981084",
        "name": "Tiger Trail",
        "network": "lwn",
        "route": "hiking",
        "type": "route",
        "@geometry": "center"
      },
      "geometry": {
        "type": "Point",
        "coordinates": [
          -81.4501154,
          39.4382538
        ]
      },
      "id": "relation/20981084"
    }
  ]
}