{
  "type": "FeatureCollection",
  "generator": "overpass-turbo",
  "copyright": "The data included in this document is from www.openstreetmap.org. The data is made available under ODbL.",
  "timestamp": "2026-06-27T23:55:59Z",
  "features": [
    {
      "type": "Feature",
      "properties": {
        "@id": "relation/227543",
        "boundary": "protected_area",
        "leisure": "nature_reserve",
        "name": "Goshen-Little North Mountain Wildlife Management Area",
        "operator": "Virginia Department of Game and Inland Fisheries",
        "protected_area": "game_land",
        "protection_title": "Wildlife Management Area",
        "type": "multipolygon",
        "@geometry": "center"
      },
      "geometry": {
        "type": "Point",
        "coordinates": [
          -79.3479665,
          38.0539537
        ]
      },
      "id": "relation/227543"
    },
    {
      "type": "Feature",
      "properties": {
        "@id": "relation/227544",
        "boundary": "protected_area",
        "ele": "150",
        "gnis:feature_id": "1501545",
        "leisure": "nature_reserve",
        "name": "Horsepen State Wildlife Management Area",
        "operator": "Virginia Department of Game and Inland Fisheries",
        "operator:type": "government",
        "operator:wikidata": "Q7934240",
        "protected_area": "game_land",
        "protection_title": "Wildlife Management Area",
        "type": "multipolygon",
        "@geometry": "center"
      },
      "geometry": {
        "type": "Point",
        "coordinates": [
          -78.5561434,
          37.5086026
        ]
      },
      "id": "relation/227544"
    },
    {
      "type": "Feature",
      "properties": {
        "@id": "relation/227545",
        "boundary": "protected_area",
        "leisure": "nature_reserve",
        "name": "Featherfin Wildlife Management Area",
        "operator": "Virginia Department of Game and Inland Fisheries",
        "operator:type": "government",
        "operator:wikidata": "Q7934240",
        "protect_class": "4",
        "protected_area": "game_land",
        "protection_title": "Wildlife Management Area",
        "type": "multipolygon",
        "wikidata": "Q5439618",
        "@geometry": "center"
      },
      "geometry": {
        "type": "Point",
        "coordinates": [
          -78.5838757,
          37.3757416
        ]
      },
      "id": "relation/227545"
    },
    {
      "type": "Feature",
      "properties": {
        "@id": "relation/227547",
        "leisure": "nature_reserve",
        "name": "Briery Creek",
        "operator": "Virginia Department of Game and Inland Fisheries",
        "type": "multipolygon",
        "@geometry": "center"
      },
      "geometry": {
        "type": "Point",
        "coordinates": [
          -78.4612092,
          37.1783463
        ]
      },
      "id": "relation/227547"
    },
    {
      "type": "Feature",
      "properties": {
        "@id": "relation/227548",
        "boundary": "protected_area",
        "ele": "86",
        "gnis:feature_id": "1472757",
        "leisure": "nature_reserve",
        "name": "Powhatan Wildlife Management Area",
        "natural": "wood",
        "operator": "Virginia Department of Game and Inland Fisheries",
        "protected_area": "game_land",
        "protection_title": "Wildlife Management Area",
        "type": "multipolygon",
        "@geometry": "center"
      },
      "geometry": {
        "type": "Point",
        "coordinates": [
          -77.9864405,
          37.5521216
        ]
      },
      "id": "relation/227548"
    },
    {
      "type": "Feature",
      "properties": {
        "@id": "relation/227550",
        "boundary": "protected_area",
        "ele": "954",
        "gnis:feature_id": "1484099",
        "leisure": "nature_reserve",
        "name": "Highland State Wildlife Management Area",
        "operator": "Virginia Department of Game and Inland Fisheries",
        "operator:type": "government",
        "operator:wikidata": "Q7934240",
        "protected_area": "game_land",
        "protection_title": "Wildlife Management Area",
        "type": "multipolygon",
        "wikidata": "Q16963816",
        "@geometry": "center"
      },
      "geometry": {
        "type": "Point",
        "coordinates": [
          -79.5626992,
          38.2863701
        ]
      },
      "id": "relation/227550"
    },
    {
      "type": "Feature",
      "properties": {
        "@id": "relation/227552",
        "boundary": "protected_area",
        "leisure": "nature_reserve",
        "name": "Red Bud Run",
        "operator": "Virginia Department of Game and Inland Fisheries",
        "operator:type": "government",
        "operator:wikidata": "Q7934240",
        "type": "multipolygon",
        "@geometry": "center"
      },
      "geometry": {
        "type": "Point",
        "coordinates": [
          -78.1023231,
          39.1906898
        ]
      },
      "id": "relation/227552"
    },
    {
      "type": "Feature",
      "properties": {
        "@id": "relation/401109",
        "boundary": "protected_area",
        "gnis:feature_id": "1193221",
        "leisure": "nature_reserve",
        "name": "Rothrock State Forest",
        "note": "Some boundaries may be innacurate due to shifts in projection",
        "operator": "Pennsylvania Bureau of Forestry",
        "operator:type": "government",
        "ownership": "state",
        "protected": "perpetuity",
        "protected_area": "forest_reserve",
        "protection_title": "State Forest",
        "type": "multipolygon",
        "website": "https://www.pa.gov/agencies/dcnr/recreation/where-to-go/state-forests/find-a-forest/rothrock",
        "wikidata": "Q7370500",
        "wikipedia": "en:Rothrock State Forest",
        "@geometry": "center"
      },
      "geometry": {
        "type": "Point",
        "coordinates": [
          -77.9123599,
          40.4642599
        ]
      },
      "id": "relation/401109"
    },
    {
      "type": "Feature",
      "properties": {
        "@id": "relation/534594",
        "boundary": "protected_area",
        "leisure": "nature_reserve",
        "name": "Little Juniata Natural Area",
        "operator": "Pennsylvania Bureau of Forestry",
        "ownership": "state",
        "protect_class": "6",
        "protected": "perpetuity",
        "protection_title": "Natural Area",
        "type": "multipolygon",
        "@geometry": "center"
      },
      "geometry": {
        "type": "Point",
        "coordinates": [
          -78.1167806,
          40.5993631
        ]
      },
      "id": "relation/534594"
    },
    {
      "type": "Feature",
      "properties": {
        "@id": "relation/534595",
        "boundary": "protected_area",
        "gnis:feature_id": "1188431",
        "hunting": "yes",
        "leisure": "nature_reserve",
        "name": "State Game Lands Number 108",
        "operator": "Pennsylvania Game Commission",
        "operator:short": "PGC",
        "operator:wikidata": "Q7163731",
        "ownership": "state",
        "protected": "perpetuity",
        "protected_area": "game_land",
        "protection_title": "State Game Land",
        "ref": "108",
        "source": "http://pgcmaps.pa.gov",
        "type": "multipolygon",
        "wikidata": "Q49565431",
        "wikipedia": "en:Pennsylvania State Game Lands Number 108",
        "@geometry": "center"
      },
      "geometry": {
        "type": "Point",
        "coordinates": [
          -78.5146211,
          40.6530287
        ]
      },
      "id": "relation/534595"
    },
    {
      "type": "Feature",
      "properties": {
        "@id": "relation/812817",
        "boundary": "protected_area",
        "gnis:feature_id": "1193433",
        "hunting": "yes",
        "leisure": "nature_reserve",
        "name": "State Game Lands Number 121",
        "operator": "Pennsylvania Game Commission",
        "operator:short": "PGC",
        "operator:wikidata": "Q7163731",
        "ownership": "state",
        "protected": "perpetuity",
        "protected_area": "game_land",
        "protection_title": "State Game Land",
        "ref": "121",
        "source": "http://pgcmaps.pa.gov",
        "type": "multipolygon",
        "@geometry": "center"
      },
      "geometry": {
        "type": "Point",
        "coordinates": [
          -78.0680508,
          40.1774654
        ]
      },
      "id": "relation/812817"
    },
    {
      "type": "Feature",
      "properties": {
        "@id": "relation/944257",
        "boundary": "protected_area",
        "gnis:feature_id": "1188459",
        "hunting": "yes",
        "leisure": "nature_reserve",
        "name": "State Game Lands Number 158",
        "operator": "Pennsylvania Game Commission",
        "operator:short": "PGC",
        "operator:wikidata": "Q7163731",
        "ownership": "state",
        "protected": "perpetuity",
        "protected_area": "game_land",
        "protection_title": "State Game Land",
        "ref": "158",
        "source": "http://pgcmaps.pa.gov",
        "type": "multipolygon",
        "wikidata": "Q49565533",
        "wikipedia": "en:Pennsylvania State Game Lands Number 158",
        "@geometry": "center"
      },
      "geometry": {
        "type": "Point",
        "coordinates": [
          -78.3417206,
          40.680813
        ]
      },
      "id": "relation/944257"
    },
    {
      "type": "Feature",
      "properties": {
        "@id": "relation/944258",
        "boundary": "protected_area",
        "gnis:feature_id": "1188473",
        "hunting": "yes",
        "leisure": "nature_reserve",
        "name": "State Game Lands Number 184",
        "operator": "Pennsylvania Game Commission",
        "operator:short": "PGC",
        "operator:wikidata": "Q7163731",
        "ownership": "state",
        "protected": "perpetuity",
        "protected_area": "game_land",
        "protection_title": "State Game Land",
        "ref": "184",
        "source": "http://pgcmaps.pa.gov",
        "type": "multipolygon",
        "wikidata": "Q49565580",
        "@geometry": "center"
      },
      "geometry": {
        "type": "Point",
        "coordinates": [
          -78.4981018,
          40.5769646
        ]
      },
      "id": "relation/944258"
    },
    {
      "type": "Feature",
      "properties": {
        "@id": "relation/944259",
        "boundary": "protected_area",
        "gnis:feature_id": "1208352",
        "hunting": "yes",
        "leisure": "nature_reserve",
        "name": "State Game Lands Number 267",
        "operator": "Pennsylvania Game Commission",
        "operator:short": "PGC",
        "operator:wikidata": "Q7163731",
        "ownership": "state",
        "protected": "perpetuity",
        "protected_area": "game_land",
        "protection_title": "State Game Land",
        "ref": "267",
        "source": "http://pgcmaps.pa.gov",
        "type": "multipolygon",
        "wikidata": "Q49565754",
        "@geometry": "center"
      },
      "geometry": {
        "type": "Point",
        "coordinates": [
          -78.4605423,
          40.5610698
        ]
      },
      "id": "relation/944259"
    },
    {
      "type": "Feature",
      "properties": {
        "@id": "relation/1201492",
        "boundary": "protected_area",
        "gnis:feature_id": "1193566",
        "leisure": "nature_reserve",
        "name": "Tuscarora State Forest",
        "operator": "Pennsylvania Bureau of Forestry",
        "operator:type": "government",
        "ownership": "state",
        "protected": "perpetuity",
        "protected_area": "forest_reserve",
        "protection_title": "State Forest",
        "type": "multipolygon",
        "website": "https://www.pa.gov/agencies/dcnr/recreation/where-to-go/state-forests/find-a-forest/tuscarora",
        "wikidata": "Q7856709",
        "wikipedia": "en:Tuscarora State Forest",
        "@geometry": "center"
      },
      "geometry": {
        "type": "Point",
        "coordinates": [
          -77.5045866,
          40.3619803
        ]
      },
      "id": "relation/1201492"
    },
    {
      "type": "Feature",
      "properties": {
        "@id": "relation/1201644",
        "boundary": "protected_area",
        "hunting": "yes",
        "leisure": "nature_reserve",
        "name": "State Game Lands Number 322",
        "operator": "Pennsylvania Game Commission",
        "operator:short": "PGC",
        "operator:wikidata": "Q7163731",
        "ownership": "state",
        "protected": "perpetuity",
        "protected_area": "game_land",
        "protection_title": "State Game Land",
        "ref": "322",
        "source": "http://pgcmaps.pa.gov",
        "type": "multipolygon",
        "@geometry": "center"
      },
      "geometry": {
        "type": "Point",
        "coordinates": [
          -78.0070854,
          40.5417397
        ]
      },
      "id": "relation/1201644"
    },
    {
      "type": "Feature",
      "properties": {
        "@id": "relation/1201645",
        "boundary": "protected_area",
        "gnis:feature_id": "1193448",
        "hunting": "yes",
        "leisure": "nature_reserve",
        "name": "State Game Lands Number 251",
        "operator": "Pennsylvania Game Commission",
        "operator:short": "PGC",
        "operator:wikidata": "Q7163731",
        "ownership": "state",
        "protected": "perpetuity",
        "protected_area": "game_land",
        "protection_title": "State Game Land",
        "ref": "251",
        "source": "http://pgcmaps.pa.gov",
        "type": "multipolygon",
        "@geometry": "center"
      },
      "geometry": {
        "type": "Point",
        "coordinates": [
          -77.7885204,
          40.251999
        ]
      },
      "id": "relation/1201645"
    },
    {
      "type": "Feature",
      "properties": {
        "@id": "relation/1476794",
        "boundary": "protected_area",
        "gnis:feature_id": "1851858",
        "leisure": "nature_reserve",
        "name": "Monongahela National Forest - Canaan Mountain",
        "operator": "United States Forest Service",
        "operator:short": "USFS",
        "operator:type": "public",
        "operator:wikidata": "Q1891156",
        "operator:wikipedia": "en:United States Forest Service",
        "ownership": "national",
        "protect_class": "6",
        "protected": "perpetuity",
        "protected_area": "forest_reserve",
        "protection_title": "National Forest",
        "source": "USDA-FS",
        "type": "boundary",
        "website": "https://www.fs.usda.gov/mnf/",
        "wikidata": "Q513450",
        "wikipedia": "en:Monongahela National Forest",
        "@geometry": "center"
      },
      "geometry": {
        "type": "Point",
        "coordinates": [
          -79.9004209,
          38.529414
        ]
      },
      "id": "relation/1476794"
    },
    {
      "type": "Feature",
      "properties": {
        "@id": "relation/2142400",
        "boundary": "protected_area",
        "gnis:feature_id": "1188483",
        "hunting": "yes",
        "leisure": "nature_reserve",
        "name": "State Game Lands Number 198",
        "operator": "Pennsylvania Game Commission",
        "operator:short": "PGC",
        "operator:type": "public",
        "operator:wikidata": "Q7163731",
        "ownership": "state",
        "protected": "perpetuity",
        "protected_area": "game_land",
        "protection_title": "State Game Land",
        "ref": "198",
        "source": "http://pgcmaps.pa.gov",
        "type": "multipolygon",
        "wikidata": "Q49565602",
        "@geometry": "center"
      },
      "geometry": {
        "type": "Point",
        "coordinates": [
          -78.5349257,
          40.4401138
        ]
      },
      "id": "relation/2142400"
    },
    {
      "type": "Feature",
      "properties": {
        "@id": "relation/2142422",
        "boundary": "protected_area",
        "gnis:feature_id": "1188508",
        "hunting": "yes",
        "leisure": "nature_reserve",
        "name": "State Game Lands Number 26",
        "operator": "Pennsylvania Game Commission",
        "operator:short": "PGC",
        "operator:wikidata": "Q7163731",
        "ownership": "state",
        "protected": "perpetuity",
        "protected_area": "game_land",
        "protection_title": "State Game Land",
        "ref": "26",
        "source": "http://pgcmaps.pa.gov",
        "type": "multipolygon",
        "wikidata": "Q49565741",
        "@geometry": "center"
      },
      "geometry": {
        "type": "Point",
        "coordinates": [
          -78.6231695,
          40.2887513
        ]
      },
      "id": "relation/2142422"
    },
    {
      "type": "Feature",
      "properties": {
        "@id": "relation/2142476",
        "boundary": "protected_area",
        "leisure": "nature_reserve",
        "name": "Clear Shade Wild Area",
        "operator": "Pennsylvania Bureau of Forestry",
        "ownership": "state",
        "protect_class": "6",
        "protected": "perpetuity",
        "protected_area": "wilderness_preserve",
        "protection_title": "Wild Area",
        "type": "multipolygon",
        "@geometry": "center"
      },
      "geometry": {
        "type": "Point",
        "coordinates": [
          -78.7379052,
          40.196568
        ]
      },
      "id": "relation/2142476"
    },
    {
      "type": "Feature",
      "properties": {
        "@id": "relation/2142477",
        "boundary": "protected_area",
        "description": "Gallitzin State Forest was named in honor of Prince-Priest Dimetrius of the Alleghenies, Augustine Gallitzin, who established a mission at Loretto in Cambria Country in 1795. The forest covers 24,370 acres in: - Somerset County - Bedford County - Cambria",
        "gnis:feature_id": "1209219",
        "leisure": "nature_reserve",
        "name": "Gallitzin State Forest",
        "operator": "Pennsylvania Bureau of Forestry",
        "ownership": "state",
        "protected": "perpetuity",
        "protected_area": "forest_reserve",
        "protection_title": "State Forest",
        "type": "multipolygon",
        "website": "https://www.dcnr.pa.gov/StateForests/FindAForest/Gallitzin",
        "wikidata": "Q5519099",
        "wikipedia": "en:Gallitzin State Forest",
        "@geometry": "center"
      },
      "geometry": {
        "type": "Point",
        "coordinates": [
          -78.673855,
          40.4472243
        ]
      },
      "id": "relation/2142477"
    },
    {
      "type": "Feature",
      "properties": {
        "@id": "relation/2209344",
        "boundary": "protected_area",
        "gnis:feature_id": "1188525",
        "hunting": "yes",
        "leisure": "nature_reserve",
        "name": "State Game Lands Number 67",
        "operator": "Pennsylvania Game Commission",
        "operator:short": "PGC",
        "operator:wikidata": "Q7163731",
        "ownership": "state",
        "protected": "perpetuity",
        "protected_area": "game_land",
        "protection_title": "State Game Land",
        "ref": "67",
        "source": "http://pgcmaps.pa.gov",
        "type": "multipolygon",
        "@geometry": "center"
      },
      "geometry": {
        "type": "Point",
        "coordinates": [
          -78.1627347,
          40.2422399
        ]
      },
      "id": "relation/2209344"
    },
    {
      "type": "Feature",
      "properties": {
        "@id": "relation/2209366",
        "boundary": "protected_area",
        "gnis:feature_id": "1188514",
        "hunting": "yes",
        "leisure": "nature_reserve",
        "name": "State Game Lands Number 41",
        "operator": "Pennsylvania Game Commission",
        "operator:short": "PGC",
        "operator:wikidata": "Q7163731",
        "ownership": "state",
        "protected": "perpetuity",
        "protected_area": "game_land",
        "protection_title": "State Game Land",
        "ref": "41",
        "source": "http://pgcmaps.pa.gov",
        "type": "multipolygon",
        "wikidata": "Q49565838",
        "wikipedia": "en:Pennsylvania State Game Lands Number 41",
        "@geometry": "center"
      },
      "geometry": {
        "type": "Point",
        "coordinates": [
          -78.4165757,
          40.2538081
        ]
      },
      "id": "relation/2209366"
    },
    {
      "type": "Feature",
      "properties": {
        "@id": "relation/2637758",
        "boundary": "protected_area",
        "ele": "131",
        "gnis:feature_id": "1466964",
        "leisure": "nature_reserve",
        "name": "Prince Edward-Gallion State Forest",
        "protected_area": "forest_reserve",
        "type": "multipolygon",
        "wikidata": "Q7243888",
        "@geometry": "center"
      },
      "geometry": {
        "type": "Point",
        "coordinates": [
          -78.3049514,
          37.1695787
        ]
      },
      "id": "relation/2637758"
    },
    {
      "type": "Feature",
      "properties": {
        "@id": "relation/2918399",
        "ele": "313",
        "gnis:feature_id": "1082370",
        "leisure": "nature_reserve",
        "name": "Hocking Hills State Park",
        "ownership": "state",
        "source": "shapefile - http://www.athensconservancy.org/gis/shapefiles.shtml",
        "type": "multipolygon",
        "wikidata": "Q5875771",
        "wikipedia": "en:Hocking Hills State Park",
        "@geometry": "center"
      },
      "geometry": {
        "type": "Point",
        "coordinates": [
          -82.5720659,
          39.4674703
        ]
      },
      "id": "relation/2918399"
    },
    {
      "type": "Feature",
      "properties": {
        "@id": "relation/2918407",
        "boundary": "protected_area",
        "gnis:feature_id": "1076056",
        "leisure": "nature_reserve",
        "name": "Hocking State Forest",
        "operator": "Ohio Department of Natural Resources",
        "operator:short": "ODNR",
        "operator:type": "government",
        "operator:wikidata": "Q7080799",
        "ownership": "state",
        "protected_area": "forest_reserve",
        "source": "shapefile - http://www.athensconservancy.org/gis/shapefiles.shtml",
        "type": "multipolygon",
        "website": "https://ohiodnr.gov/wps/portal/gov/odnr/go-and-do/plan-a-visit/find-a-property/hocking-state-forest",
        "@geometry": "center"
      },
      "geometry": {
        "type": "Point",
        "coordinates": [
          -82.5815651,
          39.4788449
        ]
      },
      "id": "relation/2918407"
    },
    {
      "type": "Feature",
      "properties": {
        "@id": "relation/3178915",
        "boundary": "protected_area",
        "leisure": "nature_reserve",
        "name": "New River Gorge National Park and Preserve",
        "note": "This is the combined bounds of the National Park and National Preserve. The two areas, while legally distinct, are managed as a single unit.",
        "operator": "National Park Service",
        "operator:short": "NPS",
        "operator:type": "public",
        "operator:wikidata": "Q308439",
        "ownership": "national",
        "protect_class": "2",
        "protected": "perpetuity",
        "protection_title": "National Park and Preserve",
        "source": "http://www1.usgs.gov/vip/neri/neribdy.zip",
        "type": "boundary",
        "website": "https://www.nps.gov/neri/",
        "wikidata": "Q7011245",
        "wikipedia": "en:New River Gorge National Park and Preserve",
        "@geometry": "center"
      },
      "geometry": {
        "type": "Point",
        "coordinates": [
          -81.0063433,
          37.8966302
        ]
      },
      "id": "relation/3178915"
    },
    {
      "type": "Feature",
      "properties": {
        "@id": "relation/3560724",
        "boundary": "protected_area",
        "leisure": "nature_reserve",
        "name": "George Washington National Forest",
        "name:etymology:wikidata": "Q23",
        "operator": "United States Forest Service",
        "operator:short": "USFS",
        "operator:type": "public",
        "operator:wikidata": "Q1891156",
        "operator:wikipedia": "en:United States Forest Service",
        "ownership": "national",
        "protect_class": "6",
        "protected": "perpetuity",
        "protected_area": "forest_reserve",
        "protection_title": "National Forest",
        "type": "boundary",
        "wikidata": "Q49329889",
        "@geometry": "center"
      },
      "geometry": {
        "type": "Point",
        "coordinates": [
          -79.2974362,
          38.3390977
        ]
      },
      "id": "relation/3560724"
    },
    {
      "type": "Feature",
      "properties": {
        "@id": "relation/3681577",
        "boundary": "protected_area",
        "leisure": "nature_reserve",
        "name": "Bear Pen Headwaters Heritage Conservation Fund Site",
        "operator": "Maryland Park Service",
        "operator:wikidata": "Q6781308",
        "owner": "Maryland Department of Natural Resources Maryland Park Service",
        "ownership": "state",
        "protect_class": "4",
        "protected": "perpetuity",
        "protection_title": "Heritage Conservation Fund Site",
        "type": "multipolygon",
        "website": "https://dnr.maryland.gov/wildlife/",
        "@geometry": "center"
      },
      "geometry": {
        "type": "Point",
        "coordinates": [
          -79.1289802,
          39.5915882
        ]
      },
      "id": "relation/3681577"
    },
    {
      "type": "Feature",
      "properties": {
        "@id": "relation/3681578",
        "boundary": "protected_area",
        "gnis:feature_id": "1713722",
        "leisure": "nature_reserve",
        "name": "Dans Mountain Wildlife Management Area",
        "operator": "Maryland Park Service",
        "operator:type": "public",
        "operator:wikidata": "Q110072482",
        "owner": "Maryland Department of Natural Resources",
        "ownership": "state",
        "protect_class": "6",
        "protected_area": "game_land",
        "protection_title": "Wildlife Management Area",
        "type": "multipolygon",
        "website": "https://dnr.maryland.gov/wildlife/Pages/publiclands/western/danswma.aspx",
        "wikidata": "Q5213017",
        "wikipedia": "en:Dan's Mountain Wildlife Management Area",
        "@geometry": "center"
      },
      "geometry": {
        "type": "Point",
        "coordinates": [
          -78.9487718,
          39.5330274
        ]
      },
      "id": "relation/3681578"
    },
    {
      "type": "Feature",
      "properties": {
        "@id": "relation/3681579",
        "boundary": "protected_area",
        "leisure": "nature_reserve",
        "name": "Deep Creek Lake Natural Resource Management Area",
        "operator": "Maryland Park Service",
        "operator:type": "public",
        "operator:wikidata": "Q110072482",
        "owner": "Maryland Department of Natural Resources Maryland Park Service",
        "ownership": "state",
        "protect_class": "5",
        "protected": "perpetuity",
        "protection_title": "Natural Resource Management Area",
        "type": "multipolygon",
        "website": "https://dnr.maryland.gov/publiclands/pages/western/deepcreeknrma.aspx",
        "@geometry": "center"
      },
      "geometry": {
        "type": "Point",
        "coordinates": [
          -79.3188973,
          39.50372
        ]
      },
      "id": "relation/3681579"
    },
    {
      "type": "Feature",
      "properties": {
        "@id": "relation/3681580",
        "boundary": "protected_area",
        "leisure": "nature_reserve",
        "name": "Deep Creek Lake State Park",
        "operator": "Maryland Park Service",
        "operator:type": "public",
        "operator:wikidata": "Q110072482",
        "owner": "Maryland Department of Natural Resources Maryland Park Service",
        "ownership": "state",
        "protect_class": "5",
        "protected": "perpetuity",
        "protection_title": "State Park",
        "type": "multipolygon",
        "website": "https://dnr.maryland.gov/publiclands/western/deepcreek.asp",
        "wikidata": "Q5250133",
        "wikipedia": "en:Deep Creek Lake State Park",
        "@geometry": "center"
      },
      "geometry": {
        "type": "Point",
        "coordinates": [
          -79.2970223,
          39.5261022
        ]
      },
      "id": "relation/3681580"
    },
    {
      "type": "Feature",
      "properties": {
        "@id": "relation/3681581",
        "boundary": "protected_area",
        "leisure": "nature_reserve",
        "name": "Potomac/Garrett State Forest",
        "note": "Potomac and Garrett State Forests have been merged by DNR. This latest edit reflects this. leisure tags on on the sub-areas.",
        "operator": "Maryland Forest Service",
        "operator:type": "public",
        "operator:wikidata": "Q6781326",
        "owner": "Maryland Department of Natural Resources",
        "ownership": "state",
        "protected_area": "forest_reserve",
        "protection_title": "State Forest",
        "type": "boundary",
        "website": "https://dnr.maryland.gov/forests/Pages/publiclands/western_potomacgarrettforest.aspx",
        "wikidata": "Q5523944",
        "wikipedia": "en:Garrett State Forest",
        "@geometry": "center"
      },
      "geometry": {
        "type": "Point",
        "coordinates": [
          -79.3018697,
          39.4470585
        ]
      },
      "id": "relation/3681581"
    },
    {
      "type": "Feature",
      "properties": {
        "@id": "relation/3681582",
        "boundary": "protected_area",
        "leisure": "nature_reserve",
        "name": "Jennings Randolph Lake Boat Ramp",
        "operator": "Natural Resources Police",
        "protect_class": "21",
        "protection_title": "Marine / Communications Facility",
        "type": "multipolygon",
        "website": "https://dnr.maryland.gov/",
        "@geometry": "center"
      },
      "geometry": {
        "type": "Point",
        "coordinates": [
          -79.1303959,
          39.4212614
        ]
      },
      "id": "relation/3681582"
    },
    {
      "type": "Feature",
      "properties": {
        "@id": "relation/3681583",
        "boundary": "protected_area",
        "leisure": "nature_reserve",
        "name": "Lower Deep Creek Heritage Conservation Fund Site",
        "operator": "Maryland Park Service",
        "operator:wikidata": "Q6781308",
        "owner": "Maryland Department of Natural Resources Maryland Park Service",
        "ownership": "state",
        "protect_class": "4",
        "protected": "perpetuity",
        "protection_title": "Heritage Conservation Fund Site",
        "type": "multipolygon",
        "website": "https://dnr.maryland.gov/wildlife/",
        "@geometry": "center"
      },
      "geometry": {
        "type": "Point",
        "coordinates": [
          -79.4020406,
          39.5110686
        ]
      },
      "id": "relation/3681583"
    },
    {
      "type": "Feature",
      "properties": {
        "@id": "relation/3681584",
        "boundary": "protected_area",
        "leisure": "nature_reserve",
        "name": "Mount Nebo Wildlife Management Area",
        "operator": "Wildlife and Heritage Service",
        "protect_class": "1b",
        "protected_area": "game_land",
        "protection_title": "Wildlife Management Area",
        "type": "multipolygon",
        "website": "https://dnr.maryland.gov/wildlife/Pages/publiclands/western/mtnebo.aspx",
        "wikidata": "Q6922375",
        "@geometry": "center"
      },
      "geometry": {
        "type": "Point",
        "coordinates": [
          -79.3867585,
          39.450079
        ]
      },
      "id": "relation/3681584"
    },
    {
      "type": "Feature",
      "properties": {
        "@id": "relation/3681585",
        "boundary": "protected_area",
        "leisure": "nature_reserve",
        "name": "North Branch Potomac Fish Management Area",
        "operator": "Fisheries Service",
        "protect_class": "4",
        "protection_title": "Fish Management Area",
        "type": "multipolygon",
        "website": "https://dnr.maryland.gov/fisheries/recreational/fwhotnbrpotomac.html",
        "@geometry": "center"
      },
      "geometry": {
        "type": "Point",
        "coordinates": [
          -79.1061968,
          39.4614064
        ]
      },
      "id": "relation/3681585"
    },
    {
      "type": "Feature",
      "properties": {
        "@id": "relation/3681586",
        "boundary": "protected_area",
        "gnis:feature_id": "586689",
        "leisure": "nature_reserve",
        "name": "Potomac State Forest Lostland/Wallman/Laurel Areas",
        "protected_area": "forest_reserve",
        "type": "multipolygon",
        "@geometry": "center"
      },
      "geometry": {
        "type": "Point",
        "coordinates": [
          -79.2302031,
          39.3662711
        ]
      },
      "id": "relation/3681586"
    },
    {
      "type": "Feature",
      "properties": {
        "@id": "relation/3681587",
        "addr:city": "Grantsville",
        "addr:housenumber": "127",
        "addr:postcode": "21536",
        "addr:state": "MD",
        "addr:street": "Headquarters Lane",
        "boundary": "protected_area",
        "leisure": "nature_reserve",
        "name": "Savage River State Forest",
        "operator": "Maryland Department of Natural Resources, Maryland Forest Service",
        "operator:type": "public",
        "operator:wikidata": "Q6781326",
        "owner": "Maryland Department of Natural Resources",
        "ownership": "state",
        "protect_class": "5",
        "protected": "perpetuity",
        "protected_area": "forest_reserve",
        "protection_title": "State Forest",
        "type": "multipolygon",
        "website": "https://dnr.maryland.gov/forests/pages/publiclands/western_savageriverforest.aspx",
        "wikidata": "Q7427768",
        "wikipedia": "en:Savage River State Forest",
        "@geometry": "center"
      },
      "geometry": {
        "type": "Point",
        "coordinates": [
          -79.1265982,
          39.5839684
        ]
      },
      "id": "relation/3681587"
    },
    {
      "type": "Feature",
      "properties": {
        "@id": "relation/3681588",
        "boundary": "protected_area",
        "leisure": "nature_reserve",
        "name": "Youghiogheny Wild River Natural Environmental Area",
        "operator": "Maryland Park Service",
        "operator:type": "public",
        "operator:wikidata": "Q110072482",
        "owner": "Maryland Department of Natural Resources Maryland Park Service",
        "ownership": "state",
        "protect_class": "5",
        "protected": "perpetuity",
        "protection_title": "Natural Environment Area",
        "type": "multipolygon",
        "website": "https://dnr.maryland.gov/publiclands/pages/western/youghiogheny.aspx",
        "wikidata": "Q8057751",
        "wikipedia": "en:Youghiogheny Scenic & Wild River",
        "@geometry": "center"
      },
      "geometry": {
        "type": "Point",
        "coordinates": [
          -79.4234994,
          39.5433303
        ]
      },
      "id": "relation/3681588"
    },
    {
      "type": "Feature",
      "properties": {
        "@id": "relation/3693730",
        "backcountry": "yes",
        "boundary": "protected_area",
        "caravans": "yes",
        "fee": "yes",
        "internet_access": "no",
        "leisure": "nature_reserve",
        "name": "Green Ridge State Forest",
        "operator": "Maryland Forest Service",
        "operator:wikidata": "Q6781326",
        "protect_class": "5",
        "protected_area": "forest_reserve",
        "protection_title": "State Forest",
        "reservation": "no",
        "sanitary_dump_station": "no",
        "shower": "no",
        "static_caravans": "no",
        "tents": "yes",
        "tourism": "camp_site",
        "type": "multipolygon",
        "website": "https://dnr.maryland.gov/forests/Pages/publiclands/western_greenridgeforest.aspx",
        "wikidata": "Q14217008",
        "@geometry": "center"
      },
      "geometry": {
        "type": "Point",
        "coordinates": [
          -78.4546124,
          39.6242256
        ]
      },
      "id": "relation/3693730"
    },
    {
      "type": "Feature",
      "properties": {
        "@id": "relation/3693732",
        "alt_name": "ROCKY GAP SP",
        "boundary": "protected_area",
        "leisure": "nature_reserve",
        "name": "Rocky Gap State Park",
        "operator": "Maryland Park Service",
        "operator:wikidata": "Q6781308",
        "owner": "Maryland Department of Natural Resources Maryland Park Service",
        "ownership": "state",
        "protect_class": "5",
        "protected": "perpetuity",
        "protection_title": "State Park",
        "type": "multipolygon",
        "website": "https://dnr.maryland.gov/publiclands/pages/western/rockygap.aspx",
        "wikidata": "Q7355786",
        "wikipedia": "en:Rocky Gap State Park",
        "@geometry": "center"
      },
      "geometry": {
        "type": "Point",
        "coordinates": [
          -78.6545751,
          39.701576
        ]
      },
      "id": "relation/3693732"
    },
    {
      "type": "Feature",
      "properties": {
        "@id": "relation/3693733",
        "alt_name": "WARRIOR MOUNTAIN WMA",
        "boundary": "protected_area",
        "ele": "478",
        "gnis:feature_id": "1951523",
        "leisure": "nature_reserve",
        "name": "Warrior Mountain Wildlife Management Area",
        "operator": "Wildlife and Heritage Service",
        "protect_class": "6",
        "protected_area": "game_land",
        "protection_title": "Wildlife Management Area",
        "type": "multipolygon",
        "website": "https://dnr.maryland.gov/wildlife/publiclands/western/warriormountain.asp",
        "@geometry": "center"
      },
      "geometry": {
        "type": "Point",
        "coordinates": [
          -78.6297197,
          39.607759
        ]
      },
      "id": "relation/3693733"
    },
    {
      "type": "Feature",
      "properties": {
        "@id": "relation/3695005",
        "alt_name": "SIDELING HILL WMA",
        "boundary": "protected_area",
        "gnis:feature_id": "1713700",
        "leisure": "nature_reserve",
        "name": "Sideling Hill Wildlife Management Area",
        "operator": "Wildlife and Heritage Service",
        "protect_class": "6",
        "protected_area": "game_land",
        "protection_title": "Wildlife Management Area",
        "type": "multipolygon",
        "website": "https://dnr.maryland.gov/wildlife/publiclands/western/sidelinghill.asp",
        "wikidata": "Q7508394",
        "@geometry": "center"
      },
      "geometry": {
        "type": "Point",
        "coordinates": [
          -78.3168783,
          39.6774078
        ]
      },
      "id": "relation/3695005"
    },
    {
      "type": "Feature",
      "properties": {
        "@id": "relation/3697465",
        "boundary": "protected_area",
        "gnis:feature_id": "584458",
        "leisure": "nature_reserve",
        "name": "Fort Frederick State Park",
        "operator": "Maryland Park Service",
        "operator:wikidata": "Q6781308",
        "owner": "Maryland Department of Natural Resources Maryland Park Service",
        "ownership": "state",
        "protect_class": "5",
        "protected": "perpetuity",
        "protection_title": "State Park",
        "type": "multipolygon",
        "website": "https://dnr.maryland.gov/publiclands/pages/western/fortfrederick.aspx",
        "wikidata": "Q5471180",
        "wikipedia": "en:Fort Frederick State Park",
        "@geometry": "center"
      },
      "geometry": {
        "type": "Point",
        "coordinates": [
          -78.0030942,
          39.6107201
        ]
      },
      "id": "relation/3697465"
    },
    {
      "type": "Feature",
      "properties": {
        "@id": "relation/3697466",
        "alt_name": "INDIAN SPRINGS WMA",
        "boundary": "protected_area",
        "gnis:feature_id": "1713629",
        "leisure": "nature_reserve",
        "name": "Indian Springs Wildlife Management Area",
        "operator": "Wildlife and Heritage Service",
        "protect_class": "6",
        "protected_area": "game_land",
        "protection_title": "Wildlife Management Area",
        "type": "multipolygon",
        "website": "https://dnr.maryland.gov/wildlife/publiclands/western/indiansprings.asp",
        "wikidata": "Q6021658",
        "@geometry": "center"
      },
      "geometry": {
        "type": "Point",
        "coordinates": [
          -77.9906797,
          39.684001
        ]
      },
      "id": "relation/3697466"
    },
    {
      "type": "Feature",
      "properties": {
        "@id": "relation/3697467",
        "boundary": "protected_area",
        "leisure": "nature_reserve",
        "name": "Islands of the Potomac Wildlife Management Area",
        "official_name": "ISLANDS OF THE POTOMAC WMA",
        "operator": "Wildlife and Heritage Service",
        "protect_class": "6",
        "protected_area": "game_land",
        "protection_title": "Wildlife Management Area",
        "type": "multipolygon",
        "website": "https://dnr.maryland.gov/wildlife/Pages/publiclands/central/islandsofthepotomac.aspx",
        "wikidata": "Q6083769",
        "@geometry": "center"
      },
      "geometry": {
        "type": "Point",
        "coordinates": [
          -77.930119,
          39.3097549
        ]
      },
      "id": "relation/3697467"
    },
    {
      "type": "Feature",
      "properties": {
        "@id": "relation/3697468",
        "boundary": "protected_area",
        "leisure": "nature_reserve",
        "name": "Prather’s Neck Wildlife Management Area",
        "operator": "Maryland Park Service",
        "operator:type": "public",
        "operator:wikidata": "Q110072482",
        "owner": "Maryland Department of Natural Resources Maryland Park Service",
        "ownership": "state",
        "protect_class": "4",
        "protected": "perpetuity",
        "protected_area": "game_land",
        "protection_title": "Heritage Conservation Fund Site",
        "type": "multipolygon",
        "website": "https://dnr.maryland.gov/wildlife/Pages/publiclands/western/prathersneck.aspx",
        "@geometry": "center"
      },
      "geometry": {
        "type": "Point",
        "coordinates": [
          -77.9445275,
          39.5991174
        ]
      },
      "id": "relation/3697468"
    },
    {
      "type": "Feature",
      "properties": {
        "@id": "relation/3698815",
        "alt_name": "Weverton Roxbury Corridor Rail Trail",
        "boundary": "protected_area",
        "description": "Property owned by the state of Maryland, features an abandoned railway. The proposed trail over the railway would be known as the Civil War Rail Trail or the Weverton Roxbury Corridor Rail Trail.",
        "fixme": "This is considered low quality at the moment (04/2025)\nShould this area be named or not? It is not the trail itself, really just the site of a proposed future trail (12/2025)",
        "leisure": "nature_reserve",
        "name": "Civil War Rail Trail",
        "operator": "Maryland Park Service",
        "operator:type": "public",
        "operator:wikidata": "Q110072482",
        "owner": "Maryland Department of Natural Resources Maryland Park Service",
        "ownership": "state",
        "protected": "perpetuity",
        "protection_title": "RT",
        "type": "multipolygon",
        "@geometry": "center"
      },
      "geometry": {
        "type": "Point",
        "coordinates": [
          -77.6940987,
          39.4740358
        ]
      },
      "id": "relation/3698815"
    },
    {
      "type": "Feature",
      "properties": {
        "@id": "relation/3836166",
        "boundary": "protected_area",
        "gnis:feature_id": "1188535",
        "hunting": "yes",
        "leisure": "nature_reserve",
        "name": "State Game Lands Number 79",
        "operator": "Pennsylvania Game Commission",
        "operator:short": "PGC",
        "operator:wikidata": "Q7163731",
        "ownership": "state",
        "protected": "perpetuity",
        "protected_area": "game_land",
        "protection_title": "State Game Land",
        "ref": "79",
        "source": "http://pgcmaps.pa.gov",
        "type": "multipolygon",
        "wikidata": "Q49565899",
        "@geometry": "center"
      },
      "geometry": {
        "type": "Point",
        "coordinates": [
          -78.8910651,
          40.516873
        ]
      },
      "id": "relation/3836166"
    },
    {
      "type": "Feature",
      "properties": {
        "@id": "relation/4051783",
        "boundary": "protected_area",
        "gnis:feature_id": "1188455",
        "hunting": "yes",
        "leisure": "nature_reserve",
        "name": "State Game Lands Number 153",
        "operator": "Pennsylvania Game Commission",
        "operator:short": "PGC",
        "operator:wikidata": "Q7163731",
        "ownership": "state",
        "protected": "perpetuity",
        "protected_area": "game_land",
        "protection_title": "State Game Land",
        "ref": "153",
        "source": "http://pgcmaps.pa.gov",
        "type": "multipolygon",
        "wikidata": "Q49565523",
        "@geometry": "center"
      },
      "geometry": {
        "type": "Point",
        "coordinates": [
          -79.1755363,
          40.414491
        ]
      },
      "id": "relation/4051783"
    },
    {
      "type": "Feature",
      "properties": {
        "@id": "relation/4200009",
        "boundary": "protected_area",
        "gnis:feature_id": "2351323",
        "leisure": "nature_reserve",
        "name": "Allegheny Islands State Park",
        "operator": "Pennsylvania Bureau of State Parks",
        "ownership": "state",
        "protect_class": "3",
        "protected": "perpetuity",
        "protection_title": "State Park",
        "type": "multipolygon",
        "wikidata": "Q4731312",
        "wikipedia": "en:Allegheny Islands State Park",
        "@geometry": "center"
      },
      "geometry": {
        "type": "Point",
        "coordinates": [
          -79.8199896,
          40.5371954
        ]
      },
      "id": "relation/4200009"
    },
    {
      "type": "Feature",
      "properties": {
        "@id": "relation/4764404",
        "boundary": "protected_area",
        "ele": "152",
        "fixme": "The boundary of the Wildlife refuge is more than the visible part of the island above the water, the boundary should be separate from the island in most cases as the refuge owns to the historic high water lines for most islands., thus the boundary mostly",
        "gnis:feature_id": "2025248",
        "leisure": "nature_reserve",
        "name": "Ohio River Islands National Wildlife Refuge",
        "protected_area": "wildlife_refuge",
        "protection_title": "National Wildlife Refuge",
        "short_name": "ORINWR",
        "type": "boundary",
        "website": "https://www.fws.gov/refuge/ohio_river_islands/",
        "wikidata": "Q14714291",
        "wikimedia_commons": "Category:Ohio River Islands National Wildlife Refuge",
        "wikipedia": "en:Ohio River Islands National Wildlife Refuge",
        "@geometry": "center"
      },
      "geometry": {
        "type": "Point",
        "coordinates": [
          -82.0184307,
          39.665069
        ]
      },
      "id": "relation/4764404"
    },
    {
      "type": "Feature",
      "properties": {
        "@id": "relation/5460177",
        "boundary": "protected_area",
        "gnis:feature_id": "1185670",
        "leisure": "nature_reserve",
        "name": "Ryerson Station State Park",
        "operator": "Pennsylvania Bureau of State Parks",
        "operator:type": "government",
        "operator:wikidata": "Q130236073",
        "ownership": "state",
        "protect_class": "3",
        "protected": "perpetuity",
        "protection_title": "State Park",
        "type": "multipolygon",
        "website": "https://www.dcnr.pa.gov/StateParks/FindAPark/RyersonStationStatePark/",
        "wikidata": "Q7385040",
        "wikipedia": "en:Ryerson Station State Park",
        "@geometry": "center"
      },
      "geometry": {
        "type": "Point",
        "coordinates": [
          -80.442124,
          39.8850004
        ]
      },
      "id": "relation/5460177"
    },
    {
      "type": "Feature",
      "properties": {
        "@id": "relation/5548542",
        "boundary": "protected_area",
        "gnis:feature_id": "1488805",
        "leisure": "nature_reserve",
        "name": "Shenandoah National Park",
        "network": "National Parks of the United States",
        "network:wikidata": "Q34918903",
        "operator": "National Park Service",
        "operator:short": "NPS",
        "operator:type": "public",
        "operator:wikidata": "Q308439",
        "operator:wikipedia": "en:National Park Service",
        "ownership": "national",
        "protect_id": "2",
        "protected": "perpetuity",
        "protected_area": "national_park",
        "protection_title": "National Park",
        "source": "USGS topographic maps",
        "type": "boundary",
        "website": "https://www.nps.gov/shen/",
        "wikidata": "Q1137401",
        "wikipedia": "en:Shenandoah National Park",
        "@geometry": "center"
      },
      "geometry": {
        "type": "Point",
        "coordinates": [
          -78.5047926,
          38.4719231
        ]
      },
      "id": "relation/5548542"
    },
    {
      "type": "Feature",
      "properties": {
        "@id": "relation/5670542",
        "boundary": "protected_area",
        "gnis:feature_id": "1196448",
        "leisure": "nature_reserve",
        "name": "Hillman State Park",
        "operator": "Pennsylvania Bureau of State Parks",
        "operator:type": "government",
        "operator:wikidata": "Q130236073",
        "ownership": "state",
        "protect_class": "3",
        "protected": "perpetuity",
        "protection_title": "State Park",
        "type": "multipolygon",
        "website": "https://www.dcnr.pa.gov/StateParks/FindAPark/HillmanStatePark/",
        "wikidata": "Q12060124",
        "wikipedia": "en:Hillman State Park",
        "@geometry": "center"
      },
      "geometry": {
        "type": "Point",
        "coordinates": [
          -80.3963927,
          40.4520725
        ]
      },
      "id": "relation/5670542"
    },
    {
      "type": "Feature",
      "properties": {
        "@id": "relation/5828404",
        "boundary": "protected_area",
        "gnis:feature_id": "1209272",
        "leisure": "nature_reserve",
        "name": "Laurel Ridge State Park",
        "operator": "Pennsylvania Bureau of State Parks",
        "ownership": "state",
        "protect_class": "5",
        "protected": "perpetuity",
        "protection_title": "State Park",
        "type": "multipolygon",
        "website": "https://www.dcnr.pa.gov/StateParks/FindAPark/LaurelRidgeStatePark/",
        "wikidata": "Q6499959",
        "wikipedia": "en:Laurel Ridge State Park",
        "@geometry": "center"
      },
      "geometry": {
        "type": "Point",
        "coordinates": [
          -79.1648774,
          40.1685841
        ]
      },
      "id": "relation/5828404"
    },
    {
      "type": "Feature",
      "properties": {
        "@id": "relation/5833984",
        "boundary": "protected_area",
        "gnis:feature_id": "1174947;1174948;1174949",
        "leisure": "nature_reserve",
        "name": "Forbes State Forest",
        "operator": "Pennsylvania Bureau of Forestry",
        "ownership": "state",
        "protected": "perpetuity",
        "protected_area": "forest_reserve",
        "protection_title": "State Forest",
        "type": "multipolygon",
        "website": "http://www.dcnr.state.pa.us/forestry/stateforests/forbes/index.htm",
        "wikidata": "Q5467275",
        "wikipedia": "en:Forbes State Forest",
        "@geometry": "center"
      },
      "geometry": {
        "type": "Point",
        "coordinates": [
          -79.432002,
          40.0544139
        ]
      },
      "id": "relation/5833984"
    },
    {
      "type": "Feature",
      "properties": {
        "@id": "relation/5833985",
        "boundary": "protected_area",
        "leisure": "nature_reserve",
        "name": "Roaring Run Natural Area",
        "operator": "Pennsylvania Bureau of Forestry",
        "ownership": "state",
        "protect_class": "6",
        "protected": "perpetuity",
        "protection_title": "Natural Area",
        "type": "multipolygon",
        "@geometry": "center"
      },
      "geometry": {
        "type": "Point",
        "coordinates": [
          -79.3146077,
          40.0610938
        ]
      },
      "id": "relation/5833985"
    },
    {
      "type": "Feature",
      "properties": {
        "@id": "relation/5967463",
        "boundary": "protected_area",
        "ele": "1001",
        "gnis:feature_id": "2043595",
        "leisure": "nature_reserve",
        "name": "Canaan Valley National Wildlife Refuge",
        "operator": "United States Fish and Wildlife Service",
        "operator:short": "USFWS",
        "operator:type": "public",
        "operator:wikidata": "Q674113",
        "operator:wikipedia": "en:United States Fish and Wildlife Service",
        "ownership": "national",
        "protect_class": "4",
        "protected": "perpetuity",
        "protected_area": "wildlife_refuge",
        "protection_object": "habitat",
        "protection_title": "National Wildlife Refuge",
        "type": "multipolygon",
        "wikidata": "Q5029194",
        "@geometry": "center"
      },
      "geometry": {
        "type": "Point",
        "coordinates": [
          -79.3906124,
          39.0891584
        ]
      },
      "id": "relation/5967463"
    },
    {
      "type": "Feature",
      "properties": {
        "@id": "relation/6077602",
        "alt_name": "Chesapeake & Ohio Canal National Historical Park",
        "boundary": "protected_area",
        "contact:facebook": "https://www.facebook.com/chesapeakeandohiocanal",
        "contact:flickr": "https://www.flickr.com/people/67406919%40N08?rb=1",
        "contact:instagram": "https://www.instagram.com/chesapeakeandohiocanal/",
        "contact:twitter": "https://twitter.com/COcanalNPS",
        "contact:youtube": "https://www.youtube.com/channel/UC6l_ywkXKu2_cwpbw55jEBA",
        "dcgis:alpha_code": "CHOH",
        "dcgis:park_code": "412",
        "dcgis:reserve": "404",
        "ele": "60",
        "fax": "+1-301-739-5275",
        "fee": "no",
        "gnis:feature_id": "583731",
        "heritage": "2",
        "heritage:operator": "nrhp",
        "heritage:ref": "66000036",
        "heritage:website": "https://www.nps.gov/subjects/nationalregister/index.htm",
        "historic": "heritage",
        "leisure": "nature_reserve",
        "length": "296.9",
        "linear": "yes",
        "name": "Chesapeake and Ohio Canal National Historical Park",
        "name:de": "Nationaler Historischer Park Chesapeake-und-Ohio Kanal",
        "name:en": "Chesapeake and Ohio Canal National Historical Park",
        "name:fr": "Parc historique national du canal Chesapeake-Ohio",
        "opening_hours": "sunrise-sunset open",
        "owner": "United States Department of Interior, National Park Service",
        "owner:wikidata": "Q308439",
        "ownership": "national",
        "phone": "+1 301-739-4200",
        "protect_class": "2",
        "protect_title": "National Park",
        "protected": "perpetuity",
        "protected_area": "historic_site",
        "protection_title": "National Historical Park",
        "ref:nrhp": "66000036",
        "start_date": "1938-09-23",
        "type": "multipolygon",
        "website": "https://www.nps.gov/choh/index.htm",
        "wikidata": "Q5092894",
        "@geometry": "center"
      },
      "geometry": {
        "type": "Point",
        "coordinates": [
          -77.9158987,
          39.3011178
        ]
      },
      "id": "relation/6077602"
    },
    {
      "type": "Feature",
      "properties": {
        "@id": "relation/6133015",
        "boundary": "protected_area",
        "hunting": "yes",
        "leisure": "nature_reserve",
        "name": "State Game Lands Number 179",
        "operator": "Pennsylvania Game Commission",
        "operator:short": "PGC",
        "operator:wikidata": "Q7163731",
        "ownership": "state",
        "protected": "perpetuity",
        "protected_area": "game_land",
        "protection_title": "State Game Land",
        "ref": "179",
        "source": "http://pgcmaps.pa.gov",
        "type": "multipolygon",
        "wikidata": "Q49565569",
        "@geometry": "center"
      },
      "geometry": {
        "type": "Point",
        "coordinates": [
          -80.3844262,
          39.7923208
        ]
      },
      "id": "relation/6133015"
    },
    {
      "type": "Feature",
      "properties": {
        "@id": "relation/6133016",
        "boundary": "protected_area",
        "gnis:feature_id": "1190993",
        "hunting": "yes",
        "leisure": "nature_reserve",
        "name": "State Game Lands Number 245",
        "operator": "Pennsylvania Game Commission",
        "operator:short": "PGC",
        "operator:wikidata": "Q7163731",
        "ownership": "state",
        "protected": "perpetuity",
        "protected_area": "game_land",
        "protection_title": "State Game Land",
        "ref": "245",
        "source": "http://pgcmaps.pa.gov",
        "type": "multipolygon",
        "wikidata": "Q49565699",
        "@geometry": "center"
      },
      "geometry": {
        "type": "Point",
        "coordinates": [
          -80.3922007,
          40.0595487
        ]
      },
      "id": "relation/6133016"
    },
    {
      "type": "Feature",
      "properties": {
        "@id": "relation/6133017",
        "boundary": "protected_area",
        "hunting": "yes",
        "leisure": "nature_reserve",
        "name": "State Game Lands Number 302",
        "operator": "Pennsylvania Game Commission",
        "operator:short": "PGC",
        "operator:wikidata": "Q7163731",
        "ownership": "state",
        "protected": "perpetuity",
        "protected_area": "game_land",
        "protection_title": "State Game Land",
        "ref": "302",
        "source": "http://pgcmaps.pa.gov",
        "type": "multipolygon",
        "wikidata": "Q49565813",
        "@geometry": "center"
      },
      "geometry": {
        "type": "Point",
        "coordinates": [
          -80.4589597,
          39.9528076
        ]
      },
      "id": "relation/6133017"
    },
    {
      "type": "Feature",
      "properties": {
        "@id": "relation/6133833",
        "boundary": "protected_area",
        "hunting": "yes",
        "leisure": "nature_reserve",
        "name": "State Game Lands Number 223",
        "operator": "Pennsylvania Game Commission",
        "operator:short": "PGC",
        "operator:wikidata": "Q7163731",
        "ownership": "state",
        "protected": "perpetuity",
        "protected_area": "game_land",
        "protection_title": "State Game Land",
        "ref": "223",
        "source": "http://pgcmaps.pa.gov",
        "type": "multipolygon",
        "wikidata": "Q49565649",
        "@geometry": "center"
      },
      "geometry": {
        "type": "Point",
        "coordinates": [
          -80.0574595,
          39.814347
        ]
      },
      "id": "relation/6133833"
    },
    {
      "type": "Feature",
      "properties": {
        "@id": "relation/6133852",
        "boundary": "protected_area",
        "gnis:feature_id": "1208078",
        "hunting": "yes",
        "leisure": "nature_reserve",
        "name": "State Game Lands Number 203",
        "operator": "Pennsylvania Game Commission",
        "operator:short": "PGC",
        "operator:wikidata": "Q7163731",
        "ownership": "state",
        "protected": "perpetuity",
        "protected_area": "game_land",
        "protection_title": "State Game Land",
        "ref": "203",
        "source": "http://pgcmaps.pa.gov",
        "type": "multipolygon",
        "wikidata": "Q49565612",
        "wikipedia": "en:Pennsylvania State Game Lands Number 203",
        "@geometry": "center"
      },
      "geometry": {
        "type": "Point",
        "coordinates": [
          -79.9668904,
          40.5985209
        ]
      },
      "id": "relation/6133852"
    },
    {
      "type": "Feature",
      "properties": {
        "@id": "relation/6220414",
        "boundary": "protected_area",
        "gnis:feature_id": "1544952",
        "leisure": "nature_reserve",
        "name": "Pipestem Resort State Park",
        "operator": "WV Division of Natural Resources",
        "ownership": "state",
        "protected": "perpetuity",
        "protection_title": "State Park",
        "type": "multipolygon",
        "wikidata": "Q7197385",
        "wikipedia": "en:Pipestem Resort State Park",
        "@geometry": "center"
      },
      "geometry": {
        "type": "Point",
        "coordinates": [
          -81.0007671,
          37.5333167
        ]
      },
      "id": "relation/6220414"
    },
    {
      "type": "Feature",
      "properties": {
        "@id": "relation/6227590",
        "boundary": "protected_area",
        "ele": "384",
        "gnis:feature_id": "1548443",
        "leisure": "nature_reserve",
        "name": "Tygart Lake State Park",
        "operator": "West Virginia Division of Natural Resources",
        "operator:short": "West Virginia DNR",
        "operator:type": "government",
        "operator:wikidata": "Q7986847",
        "protect_class": "5",
        "protection_title": "State Park",
        "type": "multipolygon",
        "website": "https://wvstateparks.com/park/tygart-lake-state-park/",
        "wikidata": "Q7859830",
        "wikipedia": "en:Tygart Lake State Park",
        "@geometry": "center"
      },
      "geometry": {
        "type": "Point",
        "coordinates": [
          -80.015404,
          39.29338
        ]
      },
      "id": "relation/6227590"
    },
    {
      "type": "Feature",
      "properties": {
        "@id": "relation/6281537",
        "boundary": "protected_area",
        "gnis:feature_id": "1192204",
        "leisure": "nature_reserve",
        "name": "Buchanan State Forest",
        "operator": "Pennsylvania Bureau of Forestry",
        "ownership": "state",
        "protected": "perpetuity",
        "protected_area": "forest_reserve",
        "protection_title": "State Forest",
        "type": "multipolygon",
        "website": "http://www.dcnr.state.pa.us/forestry/stateforests/buchanan/index.htm",
        "wikidata": "Q4982588",
        "wikipedia": "en:Buchanan State Forest",
        "@geometry": "center"
      },
      "geometry": {
        "type": "Point",
        "coordinates": [
          -78.2051252,
          39.9280578
        ]
      },
      "id": "relation/6281537"
    },
    {
      "type": "Feature",
      "properties": {
        "@id": "relation/6366934",
        "boundary": "protected_area",
        "leisure": "nature_reserve",
        "name": "Quebec Run Wild Area",
        "operator": "Pennsylvania Bureau of Forestry",
        "ownership": "state",
        "protect_class": "6",
        "protected": "perpetuity",
        "protected_area": "wilderness_preserve",
        "protection_title": "Wild Area",
        "type": "multipolygon",
        "@geometry": "center"
      },
      "geometry": {
        "type": "Point",
        "coordinates": [
          -79.6945989,
          39.7467235
        ]
      },
      "id": "relation/6366934"
    },
    {
      "type": "Feature",
      "properties": {
        "@id": "relation/6366963",
        "boundary": "protected_area",
        "leisure": "nature_reserve",
        "name": "Trough Creek Wild Area",
        "operator": "Pennsylvania Bureau of Forestry",
        "ownership": "state",
        "protect_class": "6",
        "protected": "perpetuity",
        "protected_area": "wilderness_preserve",
        "protection_title": "Wild Area",
        "type": "multipolygon",
        "@geometry": "center"
      },
      "geometry": {
        "type": "Point",
        "coordinates": [
          -78.138831,
          40.3043655
        ]
      },
      "id": "relation/6366963"
    },
    {
      "type": "Feature",
      "properties": {
        "@id": "relation/7155946",
        "alt_name": "Black Hand State Nature Preserve",
        "ele": "313",
        "gnis:feature_id": "1052315",
        "leisure": "nature_reserve",
        "name": "Black Hand Gorge State Nature Preserve",
        "type": "multipolygon",
        "wikidata": "Q4922940",
        "wikipedia": "en:Blackhand Gorge State Nature Preserve",
        "@geometry": "center"
      },
      "geometry": {
        "type": "Point",
        "coordinates": [
          -82.252481,
          40.0513774
        ]
      },
      "id": "relation/7155946"
    },
    {
      "type": "Feature",
      "properties": {
        "@id": "relation/7323273",
        "boundary": "protected_area",
        "gnis:feature_id": "1184577",
        "leisure": "nature_reserve",
        "name": "Raccoon Creek State Park",
        "operator": "Pennsylvania Bureau of State Parks",
        "operator:type": "government",
        "operator:wikidata": "Q130236073",
        "ownership": "state",
        "protect_class": "5",
        "protected": "perpetuity",
        "protection_title": "State Park",
        "type": "multipolygon",
        "website": "http://www.dcnr.state.pa.us/stateparks/findapark/raccooncreek/index.htm",
        "wikidata": "Q7278857",
        "wikipedia": "en:Raccoon Creek State Park",
        "@geometry": "center"
      },
      "geometry": {
        "type": "Point",
        "coordinates": [
          -80.4227737,
          40.5170375
        ]
      },
      "id": "relation/7323273"
    },
    {
      "type": "Feature",
      "properties": {
        "@id": "relation/7399489",
        "boundary": "protected_area",
        "hunting": "yes",
        "leisure": "nature_reserve",
        "name": "State Game Lands Number 328",
        "operator": "Pennsylvania Game Commission",
        "operator:short": "PGC",
        "operator:wikidata": "Q7163731",
        "ownership": "state",
        "protected": "perpetuity",
        "protected_area": "game_land",
        "protection_title": "State Game Land",
        "ref": "328",
        "source": "http://pgcmaps.pa.gov",
        "type": "multipolygon",
        "wikidata": "Q119459613",
        "@geometry": "center"
      },
      "geometry": {
        "type": "Point",
        "coordinates": [
          -79.3833776,
          40.4671422
        ]
      },
      "id": "relation/7399489"
    },
    {
      "type": "Feature",
      "properties": {
        "@id": "relation/7815481",
        "boundary": "protected_area",
        "hunting": "yes",
        "leisure": "nature_reserve",
        "name": "State Game Lands Number 238",
        "operator": "Pennsylvania Game Commission",
        "operator:short": "PGC",
        "operator:wikidata": "Q7163731",
        "ownership": "state",
        "protected": "perpetuity",
        "protected_area": "game_land",
        "protection_title": "State Game Land",
        "ref": "238",
        "source": "http://pgcmaps.pa.gov",
        "type": "multipolygon",
        "wikidata": "Q49565676",
        "@geometry": "center"
      },
      "geometry": {
        "type": "Point",
        "coordinates": [
          -79.9075231,
          39.8897721
        ]
      },
      "id": "relation/7815481"
    },
    {
      "type": "Feature",
      "properties": {
        "@id": "relation/7951788",
        "boundary": "protected_area",
        "ele": "185",
        "gnis:feature_id": "2043537",
        "leisure": "nature_reserve",
        "name": "McClintic Wildlife Management Area",
        "protect_class": "5",
        "protected_area": "game_land",
        "protection_title": "Wildlife Management Area",
        "type": "boundary",
        "wikidata": "Q6800349",
        "wikipedia": "en:McClintic Wildlife Management Area",
        "@geometry": "center"
      },
      "geometry": {
        "type": "Point",
        "coordinates": [
          -82.0742247,
          38.9258969
        ]
      },
      "id": "relation/7951788"
    },
    {
      "type": "Feature",
      "properties": {
        "@id": "relation/7970498",
        "boundary": "protected_area",
        "gnis:feature_id": "1196521",
        "leisure": "nature_reserve",
        "name": "Canoe Creek State Park",
        "operator": "Pennsylvania Bureau of State Parks",
        "ownership": "state",
        "protect_class": "3",
        "protected": "perpetuity",
        "protection_title": "State Park",
        "type": "multipolygon",
        "website": "https://www.dcnr.pa.gov/StateParks/FindAPark/CanoeCreekStatePark/",
        "wikidata": "Q5032885",
        "wikipedia": "en:Canoe Creek State Park",
        "@geometry": "center"
      },
      "geometry": {
        "type": "Point",
        "coordinates": [
          -78.2807749,
          40.4862053
        ]
      },
      "id": "relation/7970498"
    },
    {
      "type": "Feature",
      "properties": {
        "@id": "relation/8416163",
        "boundary": "protected_area",
        "leisure": "nature_reserve",
        "name": "James River State Wildlife Management Area",
        "operator": "Virginia Department of Game and Inland Fisheries",
        "protected_area": "game_land",
        "protection_title": "Wildlife Management Area",
        "type": "multipolygon",
        "@geometry": "center"
      },
      "geometry": {
        "type": "Point",
        "coordinates": [
          -78.7282416,
          37.6726015
        ]
      },
      "id": "relation/8416163"
    },
    {
      "type": "Feature",
      "properties": {
        "@id": "relation/8887468",
        "boundary": "protected_area",
        "ele": "195",
        "gnis:feature_id": "2043508",
        "leisure": "nature_reserve",
        "name": "Beech Fork Lake Wildlife Management Area",
        "ownership": "state",
        "protect_class": "5",
        "protected_area": "game_land",
        "protection_title": "Wildlife Management Area",
        "type": "boundary",
        "@geometry": "center"
      },
      "geometry": {
        "type": "Point",
        "coordinates": [
          -82.3693679,
          38.2931449
        ]
      },
      "id": "relation/8887468"
    },
    {
      "type": "Feature",
      "properties": {
        "@id": "relation/9333970",
        "boundary": "protected_area",
        "leisure": "nature_reserve",
        "name": "Appomattox-Buckingham State Forest",
        "operator": "Virginia Department of Forestry",
        "protect_class": "15",
        "protected_area": "forest_reserve",
        "protection_title": "State Forest",
        "type": "multipolygon",
        "website": "https://www.dof.virginia.gov/stateforest/list/absf.htm",
        "wikidata": "Q4781653",
        "wikipedia": "en:Appomattox-Buckingham State Forest",
        "@geometry": "center"
      },
      "geometry": {
        "type": "Point",
        "coordinates": [
          -78.6607259,
          37.4167559
        ]
      },
      "id": "relation/9333970"
    },
    {
      "type": "Feature",
      "properties": {
        "@id": "relation/9408338",
        "boundary": "protected_area",
        "designation": "Ragged Mountain Natural Area",
        "leisure": "nature_reserve",
        "name": "Ragged Mountain Natural Area",
        "source": "Albemarle County GIS data",
        "type": "multipolygon",
        "@geometry": "center"
      },
      "geometry": {
        "type": "Point",
        "coordinates": [
          -78.5718591,
          38.0267025
        ]
      },
      "id": "relation/9408338"
    },
    {
      "type": "Feature",
      "properties": {
        "@id": "relation/9480938",
        "boundary": "protected_area",
        "leisure": "nature_reserve",
        "name": "Mill Creek Springs State Natural Area Preserve",
        "operator": "The Nature Conservancy",
        "protect_class": "1a",
        "type": "multipolygon",
        "website": "https://www.dcr.virginia.gov/natural-heritage/natural-area-preserves/millcreek",
        "@geometry": "center"
      },
      "geometry": {
        "type": "Point",
        "coordinates": [
          -80.3533991,
          37.2774802
        ]
      },
      "id": "relation/9480938"
    },
    {
      "type": "Feature",
      "properties": {
        "@id": "relation/9480965",
        "boundary": "protected_area",
        "leisure": "nature_reserve",
        "name": "Falls Ridge Preserve",
        "operator": "The Nature Conservancy",
        "protect_class": "6",
        "type": "multipolygon",
        "website": "https://www.nature.org/en-us/get-involved/how-to-help/places-we-protect/falls-ridge-preserve/",
        "@geometry": "center"
      },
      "geometry": {
        "type": "Point",
        "coordinates": [
          -80.3143386,
          37.1929178
        ]
      },
      "id": "relation/9480965"
    },
    {
      "type": "Feature",
      "properties": {
        "@id": "relation/9583658",
        "boundary": "protected_area",
        "leisure": "nature_reserve",
        "name": "Brush Mountain Wilderness",
        "operator": "United States Forest Service",
        "operator:short": "USFS",
        "operator:type": "public",
        "operator:wikidata": "Q1891156",
        "ownership": "national",
        "protect_class": "1b",
        "protected": "perpetuity",
        "protected_area": "wilderness_preserve",
        "protection_title": "Wilderness Area",
        "type": "boundary",
        "wikidata": "Q27973564",
        "wikipedia": "en:Brush Mountain Wilderness",
        "@geometry": "center"
      },
      "geometry": {
        "type": "Point",
        "coordinates": [
          -80.3273481,
          37.3249673
        ]
      },
      "id": "relation/9583658"
    },
    {
      "type": "Feature",
      "properties": {
        "@id": "relation/9878265",
        "addr:housenumber": "2550",
        "addr:street": "Jack Furst Drive",
        "alt_name": "The Summit Scout Reserve",
        "contact:email": "summit.program@scouting.org",
        "contact:phone": "+1 304 465 2800",
        "contact:website": "https://summitbsa.org",
        "contact:youtube": "https://www.youtube.com/channel/UCOGP0GvGIm9MJEypxQtA1qA",
        "leisure": "nature_reserve",
        "name": "The Summit Bechtel Family National Scout Reserve",
        "ownership": "Boy Scouts of America",
        "scout": "yes",
        "short_name": "Summit Bechtel Reserve",
        "start_date": "2010",
        "type": "multipolygon",
        "wikidata": "Q7767283",
        "wikimedia_commons": "Category:The_Summit:_Bechtel_Family_National_Scout_Reserve",
        "wikipedia": "en:Summit Bechtel Reserve",
        "@geometry": "center"
      },
      "geometry": {
        "type": "Point",
        "coordinates": [
          -81.1134813,
          37.8915595
        ]
      },
      "id": "relation/9878265"
    },
    {
      "type": "Feature",
      "properties": {
        "@id": "relation/9960994",
        "boundary": "protected_area",
        "leisure": "nature_reserve",
        "name": "Brush Mountain East Wilderness",
        "operator": "United States Forest Service",
        "operator:short": "USFS",
        "operator:type": "public",
        "operator:wikidata": "Q1891156",
        "ownership": "national",
        "protect_class": "1b",
        "protected": "perpetuity",
        "protected_area": "wilderness_preserve",
        "protection_title": "Wilderness Area",
        "type": "boundary",
        "wikidata": "Q27977759",
        "wikipedia": "en:Brush Mountain East Wilderness",
        "@geometry": "center"
      },
      "geometry": {
        "type": "Point",
        "coordinates": [
          -80.2379769,
          37.3694688
        ]
      },
      "id": "relation/9960994"
    },
    {
      "type": "Feature",
      "properties": {
        "@id": "relation/9961821",
        "boundary": "protected_area",
        "leisure": "nature_reserve",
        "name": "Mountain Lake Wilderness",
        "operator": "United States Forest Service",
        "operator:short": "USFS",
        "operator:type": "public",
        "operator:wikidata": "Q1891156",
        "ownership": "national",
        "protect_class": "1b",
        "protected": "perpetuity",
        "protected_area": "wilderness_preserve",
        "protection_title": "Wilderness Area",
        "type": "boundary",
        "wikidata": "Q6925048",
        "wikipedia": "en:Mountain Lake Wilderness",
        "@geometry": "center"
      },
      "geometry": {
        "type": "Point",
        "coordinates": [
          -80.457902,
          37.4039349
        ]
      },
      "id": "relation/9961821"
    },
    {
      "type": "Feature",
      "properties": {
        "@id": "relation/9990474",
        "boundary": "protected_area",
        "leisure": "nature_reserve",
        "name": "Peters Mountain Wilderness",
        "operator": "United States Forest Service",
        "operator:short": "USFS",
        "operator:type": "public",
        "operator:wikidata": "Q1891156",
        "ownership": "national",
        "protect_class": "1b",
        "protected": "perpetuity",
        "protected_area": "wilderness_preserve",
        "protection_title": "Wilderness Area",
        "type": "boundary",
        "wikidata": "Q27974571",
        "wikipedia": "en:Peters Mountain Wilderness",
        "@geometry": "center"
      },
      "geometry": {
        "type": "Point",
        "coordinates": [
          -80.6340694,
          37.4166311
        ]
      },
      "id": "relation/9990474"
    },
    {
      "type": "Feature",
      "properties": {
        "@id": "relation/10118015",
        "boundary": "protected_area",
        "leisure": "nature_reserve",
        "name": "Thomas Morton Gathright State Wildlife Management Area",
        "operator": "Virginia Department of Game and Inland Fisheries",
        "operator:type": "government",
        "operator:wikidata": "Q7934240",
        "protected_area": "game_land",
        "protection_title": "Wildlife Management Area",
        "type": "multipolygon",
        "website": "https://www.dgif.virginia.gov/wma/gathright/",
        "wikidata": "Q7668486",
        "wikipedia": "en:T. M. Gathright Wildlife Management Area",
        "@geometry": "center"
      },
      "geometry": {
        "type": "Point",
        "coordinates": [
          -79.9504741,
          38.025363
        ]
      },
      "id": "relation/10118015"
    },
    {
      "type": "Feature",
      "properties": {
        "@id": "relation/10175521",
        "boundary": "protected_area",
        "leisure": "nature_reserve",
        "name": "Douthat State Park",
        "ownership": "state",
        "type": "multipolygon",
        "wikidata": "Q5302334",
        "@geometry": "center"
      },
      "geometry": {
        "type": "Point",
        "coordinates": [
          -79.8115048,
          37.8879467
        ]
      },
      "id": "relation/10175521"
    },
    {
      "type": "Feature",
      "properties": {
        "@id": "relation/10223160",
        "boundary": "protected_area",
        "leisure": "nature_reserve",
        "name": "Rough Mountain Wilderness",
        "operator": "United States Forest Service",
        "operator:short": "USFS",
        "operator:type": "public",
        "operator:wikidata": "Q1891156",
        "ownership": "national",
        "protect_class": "1b",
        "protected": "perpetuity",
        "protected_area": "wilderness_preserve",
        "protection_title": "Wilderness Area",
        "type": "boundary",
        "wikidata": "Q7370837",
        "wikipedia": "en:Rough Mountain Wilderness",
        "@geometry": "center"
      },
      "geometry": {
        "type": "Point",
        "coordinates": [
          -79.6975638,
          37.9160118
        ]
      },
      "id": "relation/10223160"
    },
    {
      "type": "Feature",
      "properties": {
        "@id": "relation/10259210",
        "access": "yes",
        "boundary": "protected_area",
        "leisure": "nature_reserve",
        "name": "Warm Springs Mountain",
        "operator": "The Nature Conservancy",
        "operator:short": "TNC",
        "operator:type": "private",
        "operator:wikidata": "Q1813186",
        "type": "multipolygon",
        "website": "https://www.nature.org/en-us/get-involved/how-to-help/places-we-protect/warm-springs-mountain/",
        "@geometry": "center"
      },
      "geometry": {
        "type": "Point",
        "coordinates": [
          -79.8163835,
          37.9860902
        ]
      },
      "id": "relation/10259210"
    },
    {
      "type": "Feature",
      "properties": {
        "@id": "relation/10259211",
        "boundary": "protected_area",
        "leisure": "nature_reserve",
        "name": "Piney Mountain State Game",
        "type": "boundary",
        "@geometry": "center"
      },
      "geometry": {
        "type": "Point",
        "coordinates": [
          -79.7456801,
          38.0701098
        ]
      },
      "id": "relation/10259211"
    },
    {
      "type": "Feature",
      "properties": {
        "@id": "relation/10259212",
        "boundary": "protected_area",
        "leisure": "nature_reserve",
        "name": "Mares Mountain State Game",
        "type": "boundary",
        "@geometry": "center"
      },
      "geometry": {
        "type": "Point",
        "coordinates": [
          -79.7906551,
          37.9815022
        ]
      },
      "id": "relation/10259212"
    },
    {
      "type": "Feature",
      "properties": {
        "@id": "relation/10298806",
        "leisure": "nature_reserve",
        "name": "Moore Greenway",
        "source": "mapbox;Allegheny County Parcel Boundaries (http://openac-alcogis.opendata.arcgis.com/datasets/allegheny-county-parcel-boundaries)",
        "type": "multipolygon",
        "@geometry": "center"
      },
      "geometry": {
        "type": "Point",
        "coordinates": [
          -80.0102188,
          40.4033508
        ]
      },
      "id": "relation/10298806"
    },
    {
      "type": "Feature",
      "properties": {
        "@id": "relation/10305181",
        "boundary": "protected_area",
        "dog": "leashed",
        "leisure": "nature_reserve",
        "name": "Poor Mountain Natural Area Preserve",
        "operator": "Virginia Department of Conservation and Recreation",
        "ownership": "state",
        "protect_class": "3",
        "type": "multipolygon",
        "website": "https://www.dcr.virginia.gov/natural-heritage/natural-area-preserves/poormt",
        "@geometry": "center"
      },
      "geometry": {
        "type": "Point",
        "coordinates": [
          -80.09313,
          37.2341105
        ]
      },
      "id": "relation/10305181"
    },
    {
      "type": "Feature",
      "properties": {
        "@id": "relation/10305251",
        "access": "private",
        "boundary": "protected_area",
        "leisure": "nature_reserve",
        "name": "Peddlar Hills Glades State Natural Area Preserve",
        "ownership": "state",
        "protect_class": "6",
        "type": "multipolygon",
        "website": "https://www.dcr.virginia.gov/natural-heritage/natural-area-preserves/pedlar",
        "@geometry": "center"
      },
      "geometry": {
        "type": "Point",
        "coordinates": [
          -80.2404874,
          37.2179934
        ]
      },
      "id": "relation/10305251"
    },
    {
      "type": "Feature",
      "properties": {
        "@id": "relation/10313739",
        "landuse": "forest",
        "leisure": "nature_reserve",
        "name": "Hazelwood Greenway",
        "source": "bing;Pittsburgh Greenways (https://data.wprdc.org/dataset/pittsburgh-greenways1);Pittsburgh Zoning (https://gis.pittsburghpa.gov/pghzoning/)",
        "source:name": "http://www.localhikes.com/Hikes/Hazelwood-Elizabeth_6280.asp",
        "type": "multipolygon",
        "@geometry": "center"
      },
      "geometry": {
        "type": "Point",
        "coordinates": [
          -79.9406663,
          40.4154271
        ]
      },
      "id": "relation/10313739"
    },
    {
      "type": "Feature",
      "properties": {
        "@id": "relation/10323904",
        "access": "yes",
        "addr:city": "Sugar Grove",
        "addr:housenumber": "2200",
        "addr:state": "OH",
        "addr:street": "Pump Station Road Southeast",
        "dog": "no",
        "ele": "248",
        "gnis:feature_id": "1056188",
        "leisure": "nature_reserve",
        "name": "Wahkeena Nature Preserve",
        "opening_hours": "We-Su 08:00-16:30",
        "operator": "Fairfield County Park District",
        "pets_allowed": "no",
        "phone": "+1-800-297-1863",
        "type": "multipolygon",
        "website": "https://wahkeenanaturepreserve.com/",
        "wikidata": "Q49576142",
        "@geometry": "center"
      },
      "geometry": {
        "type": "Point",
        "coordinates": [
          -82.5704898,
          39.6302216
        ]
      },
      "id": "relation/10323904"
    },
    {
      "type": "Feature",
      "properties": {
        "@id": "relation/10730522",
        "alt_name": "Ferncliff Nature Preserve",
        "boundary": "protected_area",
        "leisure": "nature_reserve",
        "name": "Ferncliff Peninsula Natural Area",
        "operator": "Pennsylvania Bureau of State Parks",
        "ownership": "state",
        "protected": "perpetuity",
        "protection_title": "Natural Area",
        "type": "multipolygon",
        "wikidata": "Q5445041",
        "wikipedia": "en:Ferncliff Peninsula Natural Area",
        "@geometry": "center"
      },
      "geometry": {
        "type": "Point",
        "coordinates": [
          -79.4979151,
          39.8696008
        ]
      },
      "id": "relation/10730522"
    },
    {
      "type": "Feature",
      "properties": {
        "@id": "relation/10733048",
        "leisure": "nature_reserve",
        "name": "Bethel Green",
        "type": "multipolygon",
        "@geometry": "center"
      },
      "geometry": {
        "type": "Point",
        "coordinates": [
          -80.0252172,
          40.3561148
        ]
      },
      "id": "relation/10733048"
    },
    {
      "type": "Feature",
      "properties": {
        "@id": "relation/10734640",
        "addr:city": "Penn Hills",
        "addr:housenumber": "800",
        "addr:postcode": "15235",
        "addr:state": "PA",
        "addr:street": "Beulah Road",
        "leisure": "nature_reserve",
        "name": "Churchill Valley Greenway",
        "operator": "Allegheny Land Trust",
        "operator:type": "private_non_profit",
        "type": "multipolygon",
        "@geometry": "center"
      },
      "geometry": {
        "type": "Point",
        "coordinates": [
          -79.8403408,
          40.4486934
        ]
      },
      "id": "relation/10734640"
    },
    {
      "type": "Feature",
      "properties": {
        "@id": "relation/11038895",
        "leisure": "nature_reserve",
        "name": "Beechview - Seldom Seen Greenway",
        "source": "https://data.wprdc.org/dataset/pittsburgh-greenways1;Pittsburgh Zoning (https://gis.pittsburghpa.gov/pghzoning/)",
        "type": "multipolygon",
        "wikidata": "Q91152493",
        "@geometry": "center"
      },
      "geometry": {
        "type": "Point",
        "coordinates": [
          -80.0203929,
          40.4208241
        ]
      },
      "id": "relation/11038895"
    },
    {
      "type": "Feature",
      "properties": {
        "@id": "relation/11092278",
        "leisure": "nature_reserve",
        "name": "Mosside Slopes - ALT",
        "type": "multipolygon",
        "@geometry": "center"
      },
      "geometry": {
        "type": "Point",
        "coordinates": [
          -79.7590062,
          40.410894
        ]
      },
      "id": "relation/11092278"
    },
    {
      "type": "Feature",
      "properties": {
        "@id": "relation/11100892",
        "alt_name": "Grandview Park",
        "ele": "363",
        "gnis:feature_id": "1175951",
        "leisure": "nature_reserve",
        "name": "Emerald View Park",
        "source:geometry": "Allegheny County parcel map; https://hdp-us-prod-app-pgh-engage-files.s3.us-west-2.amazonaws.com/8916/2160/6982/19019_EMERALD_VIEW_PARK_MASTER_PLAN_APPENDICES.pdf",
        "type": "multipolygon",
        "wikidata": "Q5595238",
        "@geometry": "center"
      },
      "geometry": {
        "type": "Point",
        "coordinates": [
          -80.0117359,
          40.4294591
        ]
      },
      "id": "relation/11100892"
    },
    {
      "type": "Feature",
      "properties": {
        "@id": "relation/11139419",
        "boundary": "protected_area",
        "leisure": "nature_reserve",
        "name": "McCausland Wildlife Management Area",
        "protect_class": "5",
        "protected_area": "game_land",
        "protection_title": "Wildlife Management Area",
        "type": "boundary",
        "@geometry": "center"
      },
      "geometry": {
        "type": "Point",
        "coordinates": [
          -82.0510131,
          38.7806459
        ]
      },
      "id": "relation/11139419"
    },
    {
      "type": "Feature",
      "properties": {
        "@id": "relation/11139420",
        "boundary": "protected_area",
        "leisure": "nature_reserve",
        "name": "Slaty Fork Wildlife Management Area",
        "protect_class": "5",
        "protected_area": "game_land",
        "protection_title": "Wildlife Management Area",
        "type": "boundary",
        "@geometry": "center"
      },
      "geometry": {
        "type": "Point",
        "coordinates": [
          -80.1110469,
          38.4734076
        ]
      },
      "id": "relation/11139420"
    },
    {
      "type": "Feature",
      "properties": {
        "@id": "relation/11139421",
        "boundary": "protected_area",
        "leisure": "nature_reserve",
        "name": "Handley Wildlife Management Area",
        "protect_class": "5",
        "protected_area": "game_land",
        "protection_title": "Wildlife Management Area",
        "type": "boundary",
        "wikidata": "Q5647522",
        "wikipedia": "en:Handley Wildlife Management Area",
        "@geometry": "center"
      },
      "geometry": {
        "type": "Point",
        "coordinates": [
          -80.1923823,
          38.3063859
        ]
      },
      "id": "relation/11139421"
    },
    {
      "type": "Feature",
      "properties": {
        "@id": "relation/11139422",
        "boundary": "protected_area",
        "leisure": "nature_reserve",
        "name": "Warden Lake Wildlife Management Area",
        "protect_class": "5",
        "protected_area": "game_land",
        "protection_title": "Wildlife Management Area",
        "type": "boundary",
        "@geometry": "center"
      },
      "geometry": {
        "type": "Point",
        "coordinates": [
          -78.5974696,
          39.1344509
        ]
      },
      "id": "relation/11139422"
    },
    {
      "type": "Feature",
      "properties": {
        "@id": "relation/11139423",
        "boundary": "protected_area",
        "ele": "180",
        "gnis:feature_id": "2043550",
        "leisure": "nature_reserve",
        "name": "Rollins Lake Wildlife Management Area",
        "protect_class": "5",
        "protected_area": "game_land",
        "protection_title": "Wildlife Management Area",
        "type": "boundary",
        "wikidata": "Q31493176",
        "@geometry": "center"
      },
      "geometry": {
        "type": "Point",
        "coordinates": [
          -81.7617652,
          38.824503
        ]
      },
      "id": "relation/11139423"
    },
    {
      "type": "Feature",
      "properties": {
        "@id": "relation/11139424",
        "boundary": "protected_area",
        "leisure": "nature_reserve",
        "name": "Turkey Run Lake Wildlife Management Area",
        "protect_class": "5",
        "protected_area": "game_land",
        "protection_title": "Wildlife Management Area",
        "type": "boundary",
        "wikidata": "Q7855094",
        "wikipedia": "en:Turkey Run Wildlife Management Area",
        "@geometry": "center"
      },
      "geometry": {
        "type": "Point",
        "coordinates": [
          -81.7684775,
          38.9681032
        ]
      },
      "id": "relation/11139424"
    },
    {
      "type": "Feature",
      "properties": {
        "@id": "relation/11139425",
        "boundary": "protected_area",
        "leisure": "nature_reserve",
        "name": "Woodrum Lake Wildlife Management Area",
        "protect_class": "5",
        "protected_area": "game_land",
        "protection_title": "Wildlife Management Area",
        "type": "boundary",
        "wikidata": "Q8033246",
        "wikipedia": "en:Woodrum Lake Wildlife Management Area",
        "@geometry": "center"
      },
      "geometry": {
        "type": "Point",
        "coordinates": [
          -81.5752855,
          38.6318638
        ]
      },
      "id": "relation/11139425"
    },
    {
      "type": "Feature",
      "properties": {
        "@id": "relation/11139426",
        "boundary": "protected_area",
        "leisure": "nature_reserve",
        "name": "Nathaniel Mountain Wildlife Management Area",
        "protect_class": "5",
        "protected_area": "game_land",
        "protection_title": "Wildlife Management Area",
        "type": "boundary",
        "wikidata": "Q6969781",
        "wikipedia": "en:Nathaniel Mountain Wildlife Management Area",
        "@geometry": "center"
      },
      "geometry": {
        "type": "Point",
        "coordinates": [
          -78.7931212,
          39.2049767
        ]
      },
      "id": "relation/11139426"
    },
    {
      "type": "Feature",
      "properties": {
        "@id": "relation/11139427",
        "boundary": "protected_area",
        "leisure": "nature_reserve",
        "name": "Green Bottom Wildlife Management Area",
        "protect_class": "5",
        "protected_area": "game_land",
        "protection_title": "Wildlife Management Area",
        "type": "boundary",
        "@geometry": "center"
      },
      "geometry": {
        "type": "Point",
        "coordinates": [
          -82.2413569,
          38.5870908
        ]
      },
      "id": "relation/11139427"
    },
    {
      "type": "Feature",
      "properties": {
        "@id": "relation/11139428",
        "boundary": "protected_area",
        "leisure": "nature_reserve",
        "name": "Horse Creek Wildlife Management Area",
        "protect_class": "5",
        "protected_area": "game_land",
        "protection_title": "Wildlife Management Area",
        "type": "boundary",
        "wikidata": "Q5905421",
        "wikipedia": "en:Horse Creek Wildlife Management Area",
        "@geometry": "center"
      },
      "geometry": {
        "type": "Point",
        "coordinates": [
          -81.7097633,
          37.5726701
        ]
      },
      "id": "relation/11139428"
    },
    {
      "type": "Feature",
      "properties": {
        "@id": "relation/11139429",
        "boundary": "protected_area",
        "leisure": "nature_reserve",
        "name": "Center Branch Wildlife Management Area",
        "protect_class": "5",
        "protected_area": "game_land",
        "protection_title": "Wildlife Management Area",
        "type": "boundary",
        "wikidata": "Q5059268",
        "wikipedia": "en:Center Branch Wildlife Management Area",
        "@geometry": "center"
      },
      "geometry": {
        "type": "Point",
        "coordinates": [
          -80.3371887,
          39.2378575
        ]
      },
      "id": "relation/11139429"
    },
    {
      "type": "Feature",
      "properties": {
        "@id": "relation/11139430",
        "boundary": "protected_area",
        "leisure": "nature_reserve",
        "name": "Pedlar Wildlife Management Area",
        "protect_class": "5",
        "protected_area": "game_land",
        "protection_title": "Wildlife Management Area",
        "type": "boundary",
        "wikidata": "Q14714305",
        "wikipedia": "en:Pedlar Wildlife Management Area",
        "@geometry": "center"
      },
      "geometry": {
        "type": "Point",
        "coordinates": [
          -80.1137634,
          39.6708918
        ]
      },
      "id": "relation/11139430"
    },
    {
      "type": "Feature",
      "properties": {
        "@id": "relation/11139431",
        "boundary": "protected_area",
        "leisure": "nature_reserve",
        "name": "Dents Run Wildlife Management Area",
        "protect_class": "5",
        "protected_area": "game_land",
        "protection_title": "Wildlife Management Area",
        "type": "boundary",
        "wikidata": "Q5259638",
        "wikipedia": "en:Dents Run Wildlife Management Area",
        "@geometry": "center"
      },
      "geometry": {
        "type": "Point",
        "coordinates": [
          -80.3810439,
          39.5539955
        ]
      },
      "id": "relation/11139431"
    },
    {
      "type": "Feature",
      "properties": {
        "@id": "relation/11139432",
        "boundary": "protected_area",
        "leisure": "nature_reserve",
        "name": "Smoke Camp Wildlife Management Area",
        "protect_class": "5",
        "protected_area": "game_land",
        "protection_title": "Wildlife Management Area",
        "type": "boundary",
        "@geometry": "center"
      },
      "geometry": {
        "type": "Point",
        "coordinates": [
          -80.6099511,
          39.150654
        ]
      },
      "id": "relation/11139432"
    },
    {
      "type": "Feature",
      "properties": {
        "@id": "relation/11139433",
        "boundary": "protected_area",
        "leisure": "nature_reserve",
        "name": "Toll Gate Wildlife Management Area",
        "protect_class": "5",
        "protected_area": "game_land",
        "protection_title": "Wildlife Management Area",
        "type": "boundary",
        "@geometry": "center"
      },
      "geometry": {
        "type": "Point",
        "coordinates": [
          -80.9141044,
          39.2516078
        ]
      },
      "id": "relation/11139433"
    },
    {
      "type": "Feature",
      "properties": {
        "@id": "relation/11139434",
        "boundary": "protected_area",
        "leisure": "nature_reserve",
        "name": "Cotton Hill Wildlife Management Area",
        "protect_class": "5",
        "protected_area": "game_land",
        "protection_title": "Wildlife Management Area",
        "type": "boundary",
        "@geometry": "center"
      },
      "geometry": {
        "type": "Point",
        "coordinates": [
          -81.1444077,
          38.1194853
        ]
      },
      "id": "relation/11139434"
    },
    {
      "type": "Feature",
      "properties": {
        "@id": "relation/11139435",
        "boundary": "protected_area",
        "leisure": "nature_reserve",
        "name": "Plum Orchard Wildlife Management Area",
        "protect_class": "5",
        "protected_area": "game_land",
        "protection_title": "Wildlife Management Area",
        "type": "boundary",
        "@geometry": "center"
      },
      "geometry": {
        "type": "Point",
        "coordinates": [
          -81.2187433,
          37.9410833
        ]
      },
      "id": "relation/11139435"
    },
    {
      "type": "Feature",
      "properties": {
        "@id": "relation/11139436",
        "boundary": "protected_area",
        "leisure": "nature_reserve",
        "name": "Tate Lohr Wildlife Management Area",
        "protect_class": "5",
        "protected_area": "game_land",
        "protection_title": "Wildlife Management Area",
        "type": "boundary",
        "wikidata": "Q14714342",
        "wikipedia": "en:Tate Lohr Wildlife Management Area",
        "@geometry": "center"
      },
      "geometry": {
        "type": "Point",
        "coordinates": [
          -80.9055048,
          37.3241949
        ]
      },
      "id": "relation/11139436"
    },
    {
      "type": "Feature",
      "properties": {
        "@id": "relation/11139437",
        "boundary": "protected_area",
        "leisure": "nature_reserve",
        "name": "Bluestone Lake Wildlife Management Area",
        "protect_class": "5",
        "protected_area": "game_land",
        "protection_title": "Wildlife Management Area",
        "type": "boundary",
        "wikidata": "Q4930584",
        "wikipedia": "en:Bluestone Wildlife Management Area",
        "@geometry": "center"
      },
      "geometry": {
        "type": "Point",
        "coordinates": [
          -80.8425422,
          37.5266616
        ]
      },
      "id": "relation/11139437"
    },
    {
      "type": "Feature",
      "properties": {
        "@id": "relation/11139438",
        "boundary": "protected_area",
        "leisure": "nature_reserve",
        "name": "Upper Mud River Wildlife Management Area",
        "protect_class": "5",
        "protected_area": "game_land",
        "protection_title": "Wildlife Management Area",
        "type": "boundary",
        "wikidata": "Q7898813",
        "wikipedia": "en:Upper Mud River Wildlife Management Area",
        "@geometry": "center"
      },
      "geometry": {
        "type": "Point",
        "coordinates": [
          -82.0501431,
          38.1512188
        ]
      },
      "id": "relation/11139438"
    },
    {
      "type": "Feature",
      "properties": {
        "@id": "relation/11139439",
        "boundary": "protected_area",
        "leisure": "nature_reserve",
        "name": "Big Ditch Wildlife Management Area",
        "protect_class": "5",
        "protected_area": "game_land",
        "protection_title": "Wildlife Management Area",
        "type": "boundary",
        "wikidata": "Q4905586",
        "wikipedia": "en:Big Ditch Wildlife Management Area",
        "@geometry": "center"
      },
      "geometry": {
        "type": "Point",
        "coordinates": [
          -80.5714036,
          38.4078326
        ]
      },
      "id": "relation/11139439"
    },
    {
      "type": "Feature",
      "properties": {
        "@id": "relation/11139440",
        "boundary": "protected_area",
        "leisure": "nature_reserve",
        "name": "Berwind Lake Wildlife Management Area",
        "protect_class": "5",
        "protected_area": "game_land",
        "protection_title": "Wildlife Management Area",
        "type": "boundary",
        "@geometry": "center"
      },
      "geometry": {
        "type": "Point",
        "coordinates": [
          -81.7053194,
          37.2610219
        ]
      },
      "id": "relation/11139440"
    },
    {
      "type": "Feature",
      "properties": {
        "@id": "relation/11139441",
        "boundary": "protected_area",
        "leisure": "nature_reserve",
        "name": "Valley Bend Wetlands Wildlife Management Area",
        "protect_class": "5",
        "protected_area": "game_land",
        "protection_title": "Wildlife Management Area",
        "type": "boundary",
        "@geometry": "center"
      },
      "geometry": {
        "type": "Point",
        "coordinates": [
          -79.941169,
          38.7666141
        ]
      },
      "id": "relation/11139441"
    },
    {
      "type": "Feature",
      "properties": {
        "@id": "relation/11139442",
        "boundary": "protected_area",
        "leisure": "nature_reserve",
        "name": "Huttonsville State Farm Wildlife Management Area",
        "protect_class": "5",
        "protected_area": "game_land",
        "protection_title": "Wildlife Management Area",
        "type": "boundary",
        "wikidata": "Q14714079",
        "wikipedia": "en:Huttonsville State Farm Wildlife Management Area",
        "@geometry": "center"
      },
      "geometry": {
        "type": "Point",
        "coordinates": [
          -79.9664939,
          38.696338
        ]
      },
      "id": "relation/11139442"
    },
    {
      "type": "Feature",
      "properties": {
        "@id": "relation/11139443",
        "boundary": "protected_area",
        "leisure": "nature_reserve",
        "name": "Fox Forest Wildlife Management Area",
        "protect_class": "5",
        "protected_area": "game_land",
        "protection_title": "Wildlife Management Area",
        "type": "boundary",
        "wikidata": "Q16891398",
        "wikipedia": "en:Fox Forest Wildlife Management Area",
        "@geometry": "center"
      },
      "geometry": {
        "type": "Point",
        "coordinates": [
          -79.8619413,
          38.9025045
        ]
      },
      "id": "relation/11139443"
    },
    {
      "type": "Feature",
      "properties": {
        "@id": "relation/11139444",
        "boundary": "protected_area",
        "leisure": "nature_reserve",
        "name": "Mill Creek Wildlife Management Area",
        "protect_class": "5",
        "protected_area": "game_land",
        "protection_title": "Wildlife Management Area",
        "type": "boundary",
        "wikidata": "Q6858303",
        "wikipedia": "en:Mill Creek Wildlife Management Area",
        "@geometry": "center"
      },
      "geometry": {
        "type": "Point",
        "coordinates": [
          -82.1240848,
          38.4788112
        ]
      },
      "id": "relation/11139444"
    },
    {
      "type": "Feature",
      "properties": {
        "@id": "relation/11139445",
        "boundary": "protected_area",
        "leisure": "nature_reserve",
        "name": "Beckys Creek Wildlife Management Area",
        "protect_class": "5",
        "protected_area": "game_land",
        "protection_title": "Wildlife Management Area",
        "type": "boundary",
        "@geometry": "center"
      },
      "geometry": {
        "type": "Point",
        "coordinates": [
          -79.9596767,
          38.5901829
        ]
      },
      "id": "relation/11139445"
    },
    {
      "type": "Feature",
      "properties": {
        "@id": "relation/11139446",
        "boundary": "protected_area",
        "leisure": "nature_reserve",
        "name": "Chief Logan Wildlife Management Area",
        "protect_class": "5",
        "protected_area": "game_land",
        "protection_title": "Wildlife Management Area",
        "type": "boundary",
        "@geometry": "center"
      },
      "geometry": {
        "type": "Point",
        "coordinates": [
          -82.0342977,
          37.9041747
        ]
      },
      "id": "relation/11139446"
    },
    {
      "type": "Feature",
      "properties": {
        "@id": "relation/11139447",
        "boundary": "protected_area",
        "leisure": "nature_reserve",
        "name": "Walker Creek Wildlife Management Area",
        "protect_class": "5",
        "protected_area": "game_land",
        "protection_title": "Wildlife Management Area",
        "type": "boundary",
        "@geometry": "center"
      },
      "geometry": {
        "type": "Point",
        "coordinates": [
          -81.3895924,
          39.1844627
        ]
      },
      "id": "relation/11139447"
    },
    {
      "type": "Feature",
      "properties": {
        "@id": "relation/11139448",
        "boundary": "protected_area",
        "leisure": "nature_reserve",
        "name": "Neola Wildlife Management Area",
        "ownership": "state",
        "protect_class": "5",
        "protected_area": "game_land",
        "protection_title": "Wildlife Management Area",
        "type": "boundary",
        "wikidata": "Q31818537",
        "@geometry": "center"
      },
      "geometry": {
        "type": "Point",
        "coordinates": [
          -80.1507573,
          37.9531334
        ]
      },
      "id": "relation/11139448"
    },
    {
      "type": "Feature",
      "properties": {
        "@id": "relation/11139449",
        "boundary": "protected_area",
        "leisure": "nature_reserve",
        "name": "Anawalt Lake Wildlife Management Area",
        "protect_class": "5",
        "protected_area": "game_land",
        "protection_title": "Wildlife Management Area",
        "type": "boundary",
        "wikidata": "Q4752416",
        "wikipedia": "en:Anawalt Lake Wildlife Management Area",
        "@geometry": "center"
      },
      "geometry": {
        "type": "Point",
        "coordinates": [
          -81.412984,
          37.3199502
        ]
      },
      "id": "relation/11139449"
    },
    {
      "type": "Feature",
      "properties": {
        "@id": "relation/11139450",
        "boundary": "protected_area",
        "leisure": "nature_reserve",
        "name": "Cove Creek Wildlife Management Area",
        "protect_class": "5",
        "protected_area": "game_land",
        "protection_title": "Wildlife Management Area",
        "type": "boundary",
        "@geometry": "center"
      },
      "geometry": {
        "type": "Point",
        "coordinates": [
          -80.2946481,
          37.6694576
        ]
      },
      "id": "relation/11139450"
    },
    {
      "type": "Feature",
      "properties": {
        "@id": "relation/11139452",
        "boundary": "protected_area",
        "leisure": "nature_reserve",
        "name": "Lost River Wildlife Management Area",
        "protect_class": "5",
        "protected_area": "game_land",
        "protection_title": "Wildlife Management Area",
        "type": "boundary",
        "@geometry": "center"
      },
      "geometry": {
        "type": "Point",
        "coordinates": [
          -78.671047,
          39.0603015
        ]
      },
      "id": "relation/11139452"
    },
    {
      "type": "Feature",
      "properties": {
        "@id": "relation/11139453",
        "boundary": "protected_area",
        "leisure": "nature_reserve",
        "name": "Meadow River Wildlife Management Area",
        "protect_class": "5",
        "protected_area": "game_land",
        "protection_title": "Wildlife Management Area",
        "type": "boundary",
        "@geometry": "center"
      },
      "geometry": {
        "type": "Point",
        "coordinates": [
          -80.6732383,
          37.8945642
        ]
      },
      "id": "relation/11139453"
    },
    {
      "type": "Feature",
      "properties": {
        "@id": "relation/11139454",
        "boundary": "protected_area",
        "leisure": "nature_reserve",
        "name": "Otter Creek Wildlife Management Area",
        "ownership": "state",
        "protect_class": "5",
        "protected_area": "game_land",
        "protection_title": "Wildlife Management Area",
        "type": "boundary",
        "@geometry": "center"
      },
      "geometry": {
        "type": "Point",
        "coordinates": [
          -79.6561624,
          38.9931338
        ]
      },
      "id": "relation/11139454"
    },
    {
      "type": "Feature",
      "properties": {
        "@id": "relation/11139455",
        "boundary": "protected_area",
        "leisure": "nature_reserve",
        "name": "White Horse Mountain Wildlife Management Area",
        "protect_class": "5",
        "protected_area": "game_land",
        "protection_title": "Wildlife Management Area",
        "type": "boundary",
        "@geometry": "center"
      },
      "geometry": {
        "type": "Point",
        "coordinates": [
          -78.6463799,
          39.4757142
        ]
      },
      "id": "relation/11139455"
    },
    {
      "type": "Feature",
      "properties": {
        "@id": "relation/11139456",
        "boundary": "protected_area",
        "leisure": "nature_reserve",
        "name": "Potomac Wildlife Management Area",
        "ownership": "state",
        "protect_class": "5",
        "protected_area": "game_land",
        "protection_title": "Wildlife Management Area",
        "type": "boundary",
        "@geometry": "center"
      },
      "geometry": {
        "type": "Point",
        "coordinates": [
          -79.4082155,
          38.8205036
        ]
      },
      "id": "relation/11139456"
    },
    {
      "type": "Feature",
      "properties": {
        "@id": "relation/11139457",
        "boundary": "protected_area",
        "leisure": "nature_reserve",
        "name": "Stonecoal Lake Wildlife Management Area",
        "protect_class": "5",
        "protected_area": "game_land",
        "protection_title": "Wildlife Management Area",
        "type": "boundary",
        "@geometry": "center"
      },
      "geometry": {
        "type": "Point",
        "coordinates": [
          -80.3442599,
          38.9678699
        ]
      },
      "id": "relation/11139457"
    },
    {
      "type": "Feature",
      "properties": {
        "@id": "relation/11139458",
        "boundary": "protected_area",
        "leisure": "nature_reserve",
        "name": "Stonewall Jackson Lake Wildlife Management Area",
        "protect_class": "5",
        "protected_area": "game_land",
        "protection_title": "Wildlife Management Area",
        "type": "boundary",
        "@geometry": "center"
      },
      "geometry": {
        "type": "Point",
        "coordinates": [
          -80.4518418,
          38.9391075
        ]
      },
      "id": "relation/11139458"
    },
    {
      "type": "Feature",
      "properties": {
        "@id": "relation/11139459",
        "boundary": "protected_area",
        "leisure": "nature_reserve",
        "name": "Burnsville Lake Wildlife Management Area",
        "protect_class": "5",
        "protected_area": "game_land",
        "protection_title": "Wildlife Management Area",
        "type": "boundary",
        "wikidata": "Q31519792",
        "@geometry": "center"
      },
      "geometry": {
        "type": "Point",
        "coordinates": [
          -80.5797283,
          38.8061743
        ]
      },
      "id": "relation/11139459"
    },
    {
      "type": "Feature",
      "properties": {
        "@id": "relation/11139460",
        "boundary": "protected_area",
        "leisure": "nature_reserve",
        "name": "Stumptown Wildlife Management Area",
        "ownership": "state",
        "protect_class": "5",
        "protected_area": "game_land",
        "protection_title": "Wildlife Management Area",
        "type": "boundary",
        "@geometry": "center"
      },
      "geometry": {
        "type": "Point",
        "coordinates": [
          -80.9921314,
          38.8809296
        ]
      },
      "id": "relation/11139460"
    },
    {
      "type": "Feature",
      "properties": {
        "@id": "relation/11139461",
        "boundary": "protected_area",
        "leisure": "nature_reserve",
        "name": "O'Brien Lake Wildlife Management Area",
        "protect_class": "5",
        "protected_area": "game_land",
        "protection_title": "Wildlife Management Area",
        "type": "boundary",
        "@geometry": "center"
      },
      "geometry": {
        "type": "Point",
        "coordinates": [
          -81.6208946,
          38.7423085
        ]
      },
      "id": "relation/11139461"
    },
    {
      "type": "Feature",
      "properties": {
        "@id": "relation/11139462",
        "boundary": "protected_area",
        "leisure": "nature_reserve",
        "name": "Elk Fork Lake Wildlife Management Area",
        "protect_class": "5",
        "protected_area": "game_land",
        "protection_title": "Wildlife Management Area",
        "type": "boundary",
        "@geometry": "center"
      },
      "geometry": {
        "type": "Point",
        "coordinates": [
          -81.6216727,
          38.792471
        ]
      },
      "id": "relation/11139462"
    },
    {
      "type": "Feature",
      "properties": {
        "@id": "relation/11139463",
        "boundary": "protected_area",
        "leisure": "nature_reserve",
        "name": "Frozen Camp Wildlife Management Area",
        "ownership": "state",
        "protect_class": "5",
        "protected_area": "game_land",
        "protection_title": "Wildlife Management Area",
        "type": "boundary",
        "wikidata": "Q5506280",
        "wikipedia": "en:Frozen Camp Wildlife Management Area",
        "@geometry": "center"
      },
      "geometry": {
        "type": "Point",
        "coordinates": [
          -81.5396655,
          38.7982448
        ]
      },
      "id": "relation/11139463"
    },
    {
      "type": "Feature",
      "properties": {
        "@id": "relation/11139464",
        "boundary": "protected_area",
        "leisure": "nature_reserve",
        "name": "Wallback Wildlife Management Area",
        "ownership": "state",
        "protect_class": "5",
        "protected_area": "game_land",
        "protection_title": "Wildlife Management Area",
        "type": "boundary",
        "wikidata": "Q7962998",
        "wikipedia": "en:Wallback Wildlife Management Area",
        "@geometry": "center"
      },
      "geometry": {
        "type": "Point",
        "coordinates": [
          -81.167265,
          38.5177749
        ]
      },
      "id": "relation/11139464"
    },
    {
      "type": "Feature",
      "properties": {
        "@id": "relation/11139465",
        "boundary": "protected_area",
        "leisure": "nature_reserve",
        "name": "Blackwater Wildlife Management Area",
        "protect_class": "5",
        "protected_area": "game_land",
        "protection_title": "Wildlife Management Area",
        "type": "boundary",
        "wikidata": "Q31505342",
        "@geometry": "center"
      },
      "geometry": {
        "type": "Point",
        "coordinates": [
          -79.6297114,
          39.1445479
        ]
      },
      "id": "relation/11139465"
    },
    {
      "type": "Feature",
      "properties": {
        "@id": "relation/11139466",
        "boundary": "protected_area",
        "ele": "561",
        "gnis:feature_id": "1697191",
        "leisure": "nature_reserve",
        "name": "Teter Creek Lake Wildlife Management Area",
        "protect_class": "5",
        "protected_area": "game_land",
        "protection_title": "Wildlife Management Area",
        "type": "boundary",
        "wikidata": "Q7706071",
        "@geometry": "center"
      },
      "geometry": {
        "type": "Point",
        "coordinates": [
          -79.8751548,
          39.1057499
        ]
      },
      "id": "relation/11139466"
    },
    {
      "type": "Feature",
      "properties": {
        "@id": "relation/11139467",
        "boundary": "protected_area",
        "leisure": "nature_reserve",
        "name": "Pleasant Creek Wildlife Management Area",
        "protect_class": "5",
        "protected_area": "game_land",
        "protection_title": "Wildlife Management Area",
        "type": "boundary",
        "@geometry": "center"
      },
      "geometry": {
        "type": "Point",
        "coordinates": [
          -79.9978583,
          39.241354
        ]
      },
      "id": "relation/11139467"
    },
    {
      "type": "Feature",
      "properties": {
        "@id": "relation/11139468",
        "boundary": "protected_area",
        "leisure": "nature_reserve",
        "name": "Upper Deckers Creek Wildlife Management Area",
        "protect_class": "5",
        "protected_area": "game_land",
        "protection_title": "Wildlife Management Area",
        "type": "boundary",
        "@geometry": "center"
      },
      "geometry": {
        "type": "Point",
        "coordinates": [
          -79.8012446,
          39.5235785
        ]
      },
      "id": "relation/11139468"
    },
    {
      "type": "Feature",
      "properties": {
        "@id": "relation/11139470",
        "boundary": "protected_area",
        "leisure": "nature_reserve",
        "name": "Buffalo Run Wildlife Management Area",
        "protect_class": "5",
        "protected_area": "game_land",
        "protection_title": "Wildlife Management Area",
        "type": "boundary",
        "@geometry": "center"
      },
      "geometry": {
        "type": "Point",
        "coordinates": [
          -81.0198384,
          39.4794241
        ]
      },
      "id": "relation/11139470"
    },
    {
      "type": "Feature",
      "properties": {
        "@id": "relation/11139471",
        "boundary": "protected_area",
        "leisure": "nature_reserve",
        "name": "Conaway Run Lake Wildlife Management Area",
        "protect_class": "5",
        "protected_area": "game_land",
        "protection_title": "Wildlife Management Area",
        "type": "boundary",
        "wikidata": "Q5158244",
        "wikipedia": "en:Conaway Run Lake Wildlife Management Area",
        "@geometry": "center"
      },
      "geometry": {
        "type": "Point",
        "coordinates": [
          -80.8692219,
          39.4243929
        ]
      },
      "id": "relation/11139471"
    },
    {
      "type": "Feature",
      "properties": {
        "@id": "relation/11139472",
        "boundary": "protected_area",
        "leisure": "nature_reserve",
        "name": "Fort Mill Ridge Wildlife Management Area",
        "protect_class": "5",
        "protected_area": "game_land",
        "protection_title": "Wildlife Management Area",
        "type": "boundary",
        "wikidata": "Q5471683",
        "wikipedia": "en:Fort Mill Ridge Wildlife Management Area",
        "@geometry": "center"
      },
      "geometry": {
        "type": "Point",
        "coordinates": [
          -78.7926815,
          39.3268961
        ]
      },
      "id": "relation/11139472"
    },
    {
      "type": "Feature",
      "properties": {
        "@id": "relation/11139473",
        "boundary": "protected_area",
        "leisure": "nature_reserve",
        "name": "Short Mountain Wildlife Management Area",
        "protect_class": "5",
        "protected_area": "game_land",
        "protection_title": "Wildlife Management Area",
        "type": "boundary",
        "wikidata": "Q7501851",
        "wikipedia": "en:Short Mountain Wildlife Management Area",
        "@geometry": "center"
      },
      "geometry": {
        "type": "Point",
        "coordinates": [
          -78.6681057,
          39.1965365
        ]
      },
      "id": "relation/11139473"
    },
    {
      "type": "Feature",
      "properties": {
        "@id": "relation/11139474",
        "boundary": "protected_area",
        "leisure": "nature_reserve",
        "name": "Rimel Wildlife Management Area",
        "protect_class": "5",
        "protected_area": "game_land",
        "protection_title": "Wildlife Management Area",
        "type": "boundary",
        "@geometry": "center"
      },
      "geometry": {
        "type": "Point",
        "coordinates": [
          -79.9758508,
          38.2262107
        ]
      },
      "id": "relation/11139474"
    },
    {
      "type": "Feature",
      "properties": {
        "@id": "relation/11139475",
        "boundary": "protected_area",
        "leisure": "nature_reserve",
        "name": "Cranberry Wildlife Management Area",
        "protect_class": "5",
        "protected_area": "game_land",
        "protection_title": "Wildlife Management Area",
        "type": "boundary",
        "@geometry": "center"
      },
      "geometry": {
        "type": "Point",
        "coordinates": [
          -80.4234294,
          38.2824777
        ]
      },
      "id": "relation/11139475"
    },
    {
      "type": "Feature",
      "properties": {
        "@id": "relation/11139476",
        "boundary": "protected_area",
        "leisure": "nature_reserve",
        "name": "Little Indian Creek Wildlife Management Area",
        "protect_class": "5",
        "protected_area": "game_land",
        "protection_title": "Wildlife Management Area",
        "type": "boundary",
        "wikidata": "Q6650414",
        "wikipedia": "en:Little Indian Creek Wildlife Management Area",
        "@geometry": "center"
      },
      "geometry": {
        "type": "Point",
        "coordinates": [
          -80.0731329,
          39.5861671
        ]
      },
      "id": "relation/11139476"
    },
    {
      "type": "Feature",
      "properties": {
        "@id": "relation/11139477",
        "boundary": "protected_area",
        "leisure": "nature_reserve",
        "name": "Cheat Canyon Wildlife Management Area",
        "protect_class": "5",
        "protected_area": "game_land",
        "protection_title": "Wildlife Management Area",
        "type": "boundary",
        "wikidata": "Q18149222",
        "wikipedia": "en:Cheat Canyon Wildlife Management Area",
        "@geometry": "center"
      },
      "geometry": {
        "type": "Point",
        "coordinates": [
          -79.6984428,
          39.5560526
        ]
      },
      "id": "relation/11139477"
    },
    {
      "type": "Feature",
      "properties": {
        "@id": "relation/11139478",
        "boundary": "protected_area",
        "leisure": "nature_reserve",
        "name": "Cheat Wildlife Management Area",
        "protect_class": "5",
        "protected_area": "game_land",
        "protection_title": "Wildlife Management Area",
        "type": "boundary",
        "@geometry": "center"
      },
      "geometry": {
        "type": "Point",
        "coordinates": [
          -79.8901297,
          38.6509846
        ]
      },
      "id": "relation/11139478"
    },
    {
      "type": "Feature",
      "properties": {
        "@id": "relation/11139479",
        "boundary": "protected_area",
        "leisure": "nature_reserve",
        "name": "Little River Wildlife Management Area",
        "ownership": "state",
        "protect_class": "5",
        "protected_area": "game_land",
        "protection_title": "Wildlife Management Area",
        "type": "boundary",
        "@geometry": "center"
      },
      "geometry": {
        "type": "Point",
        "coordinates": [
          -79.8149985,
          38.5354136
        ]
      },
      "id": "relation/11139479"
    },
    {
      "type": "Feature",
      "properties": {
        "@id": "relation/11139480",
        "boundary": "protected_area",
        "leisure": "nature_reserve",
        "name": "Dunkard Fork Wildlife Management Area",
        "protect_class": "5",
        "protected_area": "game_land",
        "protection_title": "Wildlife Management Area",
        "type": "boundary",
        "wikidata": "Q5315346",
        "wikipedia": "en:Dunkard Fork Wildlife Management Area",
        "@geometry": "center"
      },
      "geometry": {
        "type": "Point",
        "coordinates": [
          -80.5264283,
          39.9430057
        ]
      },
      "id": "relation/11139480"
    },
    {
      "type": "Feature",
      "properties": {
        "@id": "relation/11139481",
        "boundary": "protected_area",
        "leisure": "nature_reserve",
        "name": "Underwood Wildlife Management Area",
        "protect_class": "5",
        "protected_area": "game_land",
        "protection_title": "Wildlife Management Area",
        "type": "boundary",
        "@geometry": "center"
      },
      "geometry": {
        "type": "Point",
        "coordinates": [
          -80.6045424,
          39.7394373
        ]
      },
      "id": "relation/11139481"
    },
    {
      "type": "Feature",
      "properties": {
        "@id": "relation/11139482",
        "boundary": "protected_area",
        "leisure": "nature_reserve",
        "name": "Burches Run Wildlife Management Area",
        "protect_class": "5",
        "protected_area": "game_land",
        "protection_title": "Wildlife Management Area",
        "type": "boundary",
        "wikidata": "Q4998207",
        "wikipedia": "en:Burches Run Wildlife Management Area",
        "@geometry": "center"
      },
      "geometry": {
        "type": "Point",
        "coordinates": [
          -80.6239328,
          39.9707004
        ]
      },
      "id": "relation/11139482"
    },
    {
      "type": "Feature",
      "properties": {
        "@id": "relation/11139483",
        "boundary": "protected_area",
        "gnis:feature_id": "1535381",
        "leisure": "nature_reserve",
        "name": "Bear Rocks Lake Wildlife Management Area",
        "protect_class": "5",
        "protected_area": "game_land",
        "protection_title": "Wildlife Management Area",
        "type": "boundary",
        "wikidata": "Q4876564",
        "wikipedia": "en:Bear Rocks Lake Wildlife Management Area",
        "@geometry": "center"
      },
      "geometry": {
        "type": "Point",
        "coordinates": [
          -80.5357947,
          40.0786316
        ]
      },
      "id": "relation/11139483"
    },
    {
      "type": "Feature",
      "properties": {
        "@id": "relation/11139484",
        "boundary": "protected_area",
        "leisure": "nature_reserve",
        "name": "Shannondale Springs Wildlife Management Area",
        "protect_class": "5",
        "protected_area": "game_land",
        "protection_title": "Wildlife Management Area",
        "type": "boundary",
        "wikidata": "Q7488987",
        "@geometry": "center"
      },
      "geometry": {
        "type": "Point",
        "coordinates": [
          -77.8209988,
          39.2064546
        ]
      },
      "id": "relation/11139484"
    },
    {
      "type": "Feature",
      "properties": {
        "@id": "relation/11139485",
        "boundary": "protected_area",
        "leisure": "nature_reserve",
        "name": "Sleepy Creek Wildlife Management Area",
        "protect_class": "5",
        "protected_area": "game_land",
        "protection_title": "Wildlife Management Area",
        "type": "boundary",
        "wikidata": "Q7539963",
        "wikipedia": "en:Sleepy Creek Wildlife Management Area",
        "@geometry": "center"
      },
      "geometry": {
        "type": "Point",
        "coordinates": [
          -78.1579262,
          39.5052299
        ]
      },
      "id": "relation/11139485"
    },
    {
      "type": "Feature",
      "properties": {
        "@id": "relation/11139486",
        "boundary": "protected_area",
        "leisure": "nature_reserve",
        "name": "Sideling Hill Wildlife Management Area",
        "protect_class": "5",
        "protected_area": "game_land",
        "protection_title": "Wildlife Management Area",
        "type": "boundary",
        "@geometry": "center"
      },
      "geometry": {
        "type": "Point",
        "coordinates": [
          -78.397092,
          39.5216511
        ]
      },
      "id": "relation/11139486"
    },
    {
      "type": "Feature",
      "properties": {
        "@id": "relation/11139487",
        "boundary": "protected_area",
        "leisure": "nature_reserve",
        "name": "Edwards Run Wildlife Management Area",
        "protect_class": "5",
        "protected_area": "game_land",
        "protection_title": "Wildlife Management Area",
        "type": "boundary",
        "wikidata": "Q5346127",
        "wikipedia": "en:Edwards Run Wildlife Management Area",
        "@geometry": "center"
      },
      "geometry": {
        "type": "Point",
        "coordinates": [
          -78.4393348,
          39.3217334
        ]
      },
      "id": "relation/11139487"
    },
    {
      "type": "Feature",
      "properties": {
        "@id": "relation/11139490",
        "boundary": "protected_area",
        "ele": "767",
        "gnis:feature_id": "1556682",
        "leisure": "nature_reserve",
        "name": "Moncove Lake Wildlife Management Area",
        "protect_class": "5",
        "protected_area": "game_land",
        "protection_title": "Wildlife Management Area",
        "type": "boundary",
        "wikidata": "Q31818330",
        "@geometry": "center"
      },
      "geometry": {
        "type": "Point",
        "coordinates": [
          -80.349091,
          37.6159888
        ]
      },
      "id": "relation/11139490"
    },
    {
      "type": "Feature",
      "properties": {
        "@id": "relation/11139491",
        "boundary": "protected_area",
        "leisure": "nature_reserve",
        "name": "Little Kanawha Wildlife Management Area",
        "protect_class": "5",
        "protected_area": "game_land",
        "protection_title": "Wildlife Management Area",
        "type": "boundary",
        "@geometry": "center"
      },
      "geometry": {
        "type": "Point",
        "coordinates": [
          -81.260715,
          38.9868549
        ]
      },
      "id": "relation/11139491"
    },
    {
      "type": "Feature",
      "properties": {
        "@id": "relation/11139492",
        "boundary": "protected_area",
        "leisure": "nature_reserve",
        "name": "Little Canaan Wildlife Management Area",
        "protect_class": "5",
        "protected_area": "game_land",
        "protection_title": "Wildlife Management Area",
        "type": "boundary",
        "@geometry": "center"
      },
      "geometry": {
        "type": "Point",
        "coordinates": [
          -79.432359,
          39.129099
        ]
      },
      "id": "relation/11139492"
    },
    {
      "type": "Feature",
      "properties": {
        "@id": "relation/11139493",
        "boundary": "protected_area",
        "leisure": "nature_reserve",
        "name": "Tomblin Wildlife Management Area",
        "protect_class": "5",
        "protected_area": "game_land",
        "protection_title": "Wildlife Management Area",
        "type": "boundary",
        "@geometry": "center"
      },
      "geometry": {
        "type": "Point",
        "coordinates": [
          -82.106837,
          37.8043147
        ]
      },
      "id": "relation/11139493"
    },
    {
      "type": "Feature",
      "properties": {
        "@id": "relation/11139494",
        "boundary": "protected_area",
        "leisure": "nature_reserve",
        "name": "Laurel Lake Wildlife Management Area",
        "protect_class": "5",
        "protected_area": "game_land",
        "protection_title": "Wildlife Management Area",
        "type": "boundary",
        "@geometry": "center"
      },
      "geometry": {
        "type": "Point",
        "coordinates": [
          -82.2372008,
          37.8365355
        ]
      },
      "id": "relation/11139494"
    },
    {
      "type": "Feature",
      "properties": {
        "@id": "relation/11139495",
        "boundary": "protected_area",
        "leisure": "nature_reserve",
        "name": "Big Ugly Wildlife Management Area",
        "protect_class": "5",
        "protected_area": "game_land",
        "protection_title": "Wildlife Management Area",
        "type": "boundary",
        "wikidata": "Q4906628",
        "wikipedia": "en:Big Ugly Wildlife Management Area",
        "@geometry": "center"
      },
      "geometry": {
        "type": "Point",
        "coordinates": [
          -82.0395107,
          38.0808969
        ]
      },
      "id": "relation/11139495"
    },
    {
      "type": "Feature",
      "properties": {
        "@id": "relation/11139496",
        "boundary": "protected_area",
        "leisure": "nature_reserve",
        "name": "R.D. Bailey Lake Wildlife Management Area",
        "protect_class": "5",
        "protected_area": "game_land",
        "protection_title": "Wildlife Management Area",
        "type": "boundary",
        "@geometry": "center"
      },
      "geometry": {
        "type": "Point",
        "coordinates": [
          -81.7561526,
          37.6269942
        ]
      },
      "id": "relation/11139496"
    },
    {
      "type": "Feature",
      "properties": {
        "@id": "relation/11139497",
        "boundary": "protected_area",
        "leisure": "nature_reserve",
        "name": "Big South Wildlife Management Area",
        "protect_class": "5",
        "protected_area": "game_land",
        "protection_title": "Wildlife Management Area",
        "type": "boundary",
        "@geometry": "center"
      },
      "geometry": {
        "type": "Point",
        "coordinates": [
          -82.0778012,
          37.6892507
        ]
      },
      "id": "relation/11139497"
    },
    {
      "type": "Feature",
      "properties": {
        "@id": "relation/11139498",
        "boundary": "protected_area",
        "leisure": "nature_reserve",
        "name": "Amherst / Plymouth Wildlife Management Area",
        "protect_class": "5",
        "protected_area": "game_land",
        "protection_title": "Wildlife Management Area",
        "type": "boundary",
        "wikidata": "Q4746006",
        "wikipedia": "en:Amherst-Plymouth Wildlife Management Area",
        "@geometry": "center"
      },
      "geometry": {
        "type": "Point",
        "coordinates": [
          -81.8153873,
          38.5299914
        ]
      },
      "id": "relation/11139498"
    },
    {
      "type": "Feature",
      "properties": {
        "@id": "relation/11139499",
        "boundary": "protected_area",
        "leisure": "nature_reserve",
        "name": "Lewis Wetzel Wildlife Management Area",
        "protect_class": "5",
        "protected_area": "game_land",
        "protection_title": "Wildlife Management Area",
        "type": "boundary",
        "wikidata": "Q6537168",
        "wikipedia": "en:Lewis Wetzel Wildlife Management Area",
        "@geometry": "center"
      },
      "geometry": {
        "type": "Point",
        "coordinates": [
          -80.6494919,
          39.4910269
        ]
      },
      "id": "relation/11139499"
    },
    {
      "type": "Feature",
      "properties": {
        "@id": "relation/11139500",
        "boundary": "protected_area",
        "ele": "260",
        "gnis:feature_id": "2043549",
        "leisure": "nature_reserve",
        "name": "Ritchie Mines Wildlife Management Area",
        "protect_class": "5",
        "protected_area": "game_land",
        "protection_title": "Wildlife Management Area",
        "type": "multipolygon",
        "wikidata": "Q7336676",
        "wikipedia": "en:Ritchie Mines Wildlife Management Area",
        "@geometry": "center"
      },
      "geometry": {
        "type": "Point",
        "coordinates": [
          -81.1764643,
          39.1087696
        ]
      },
      "id": "relation/11139500"
    },
    {
      "type": "Feature",
      "properties": {
        "@id": "relation/11139501",
        "boundary": "protected_area",
        "leisure": "nature_reserve",
        "name": "Tug Fork Wildlife Management Area",
        "protect_class": "5",
        "protected_area": "game_land",
        "protection_title": "Wildlife Management Area",
        "type": "boundary",
        "@geometry": "center"
      },
      "geometry": {
        "type": "Point",
        "coordinates": [
          -81.6519244,
          37.451823
        ]
      },
      "id": "relation/11139501"
    },
    {
      "type": "Feature",
      "properties": {
        "@id": "relation/11139502",
        "boundary": "protected_area",
        "ele": "517",
        "gnis:feature_id": "1538634",
        "leisure": "nature_reserve",
        "name": "Elk River Wildlife Management Area",
        "protect_class": "5",
        "protected_area": "game_land",
        "protection_title": "Wildlife Management Area",
        "type": "boundary",
        "wikidata": "Q5364116",
        "@geometry": "center"
      },
      "geometry": {
        "type": "Point",
        "coordinates": [
          -80.59034,
          38.6420227
        ]
      },
      "id": "relation/11139502"
    },
    {
      "type": "Feature",
      "properties": {
        "@id": "relation/11139503",
        "boundary": "protected_area",
        "ele": "373",
        "gnis:feature_id": "2043551",
        "leisure": "nature_reserve",
        "name": "Sand Hill Wildlife Management Area",
        "protect_class": "5",
        "protected_area": "game_land",
        "protection_title": "Wildlife Management Area",
        "type": "boundary",
        "wikidata": "Q7415805",
        "wikipedia": "en:Sand Hill Wildlife Management Area",
        "@geometry": "center"
      },
      "geometry": {
        "type": "Point",
        "coordinates": [
          -81.2265322,
          39.290149
        ]
      },
      "id": "relation/11139503"
    },
    {
      "type": "Feature",
      "properties": {
        "@id": "relation/11139504",
        "boundary": "protected_area",
        "leisure": "nature_reserve",
        "name": "Summersville Lake Wildlife Management Area",
        "protect_class": "5",
        "protected_area": "game_land",
        "protection_title": "Wildlife Management Area",
        "type": "boundary",
        "@geometry": "center"
      },
      "geometry": {
        "type": "Point",
        "coordinates": [
          -80.839837,
          38.2538129
        ]
      },
      "id": "relation/11139504"
    },
    {
      "type": "Feature",
      "properties": {
        "@id": "relation/11139505",
        "boundary": "protected_area",
        "leisure": "nature_reserve",
        "name": "The Jug Wildlife Management Area",
        "protect_class": "5",
        "protected_area": "game_land",
        "protection_title": "Wildlife Management Area",
        "type": "boundary",
        "@geometry": "center"
      },
      "geometry": {
        "type": "Point",
        "coordinates": [
          -80.8853463,
          39.454827
        ]
      },
      "id": "relation/11139505"
    },
    {
      "type": "Feature",
      "properties": {
        "@id": "relation/11139506",
        "boundary": "protected_area",
        "leisure": "nature_reserve",
        "name": "Allegheny Wildlife Management Area",
        "protect_class": "5",
        "protected_area": "game_land",
        "protection_title": "Wildlife Management Area",
        "type": "boundary",
        "wikidata": "Q4731361",
        "wikipedia": "en:Allegheny Wildlife Management Area",
        "@geometry": "center"
      },
      "geometry": {
        "type": "Point",
        "coordinates": [
          -79.0768777,
          39.4123147
        ]
      },
      "id": "relation/11139506"
    },
    {
      "type": "Feature",
      "properties": {
        "@id": "relation/11139507",
        "boundary": "protected_area",
        "leisure": "nature_reserve",
        "name": "Panther Wildlife Management Area",
        "protect_class": "5",
        "protected_area": "game_land",
        "protection_title": "Wildlife Management Area",
        "type": "boundary",
        "@geometry": "center"
      },
      "geometry": {
        "type": "Point",
        "coordinates": [
          -81.8888465,
          37.4158341
        ]
      },
      "id": "relation/11139507"
    },
    {
      "type": "Feature",
      "properties": {
        "@id": "relation/11139508",
        "boundary": "protected_area",
        "leisure": "nature_reserve",
        "name": "Lantz Farm and Nature Preserve Wildlife Management Area",
        "protect_class": "5",
        "protected_area": "game_land",
        "protection_title": "Wildlife Management Area",
        "type": "boundary",
        "wikidata": "Q6487645",
        "wikipedia": "en:Lantz Farm and Nature Preserve Wildlife Management Area",
        "@geometry": "center"
      },
      "geometry": {
        "type": "Point",
        "coordinates": [
          -80.6508545,
          39.5311735
        ]
      },
      "id": "relation/11139508"
    },
    {
      "type": "Feature",
      "properties": {
        "@id": "relation/11139509",
        "boundary": "protected_area",
        "leisure": "nature_reserve",
        "name": "Fairfax Pond / Rehe Wildlife Management Area",
        "protect_class": "5",
        "protected_area": "game_land",
        "protection_title": "Wildlife Management Area",
        "type": "boundary",
        "wikidata": "Q18712225",
        "wikipedia": "en:Fairfax Pond-Rehe Wildlife Management Area",
        "@geometry": "center"
      },
      "geometry": {
        "type": "Point",
        "coordinates": [
          -79.7990507,
          39.4893891
        ]
      },
      "id": "relation/11139509"
    },
    {
      "type": "Feature",
      "properties": {
        "@id": "relation/11139510",
        "boundary": "protected_area",
        "gnis:feature_id": "2043547",
        "leisure": "nature_reserve",
        "name": "Pruntytown State Farm Wildlife Management Area",
        "protect_class": "5",
        "protected_area": "game_land",
        "protection_title": "Wildlife Management Area",
        "type": "boundary",
        "wikidata": "Q7253059",
        "wikipedia": "en:Pruntytown State Farm Wildlife Management Area",
        "@geometry": "center"
      },
      "geometry": {
        "type": "Point",
        "coordinates": [
          -80.1064114,
          39.3302821
        ]
      },
      "id": "relation/11139510"
    },
    {
      "type": "Feature",
      "properties": {
        "@id": "relation/11139511",
        "boundary": "protected_area",
        "leisure": "nature_reserve",
        "name": "Chief Cornstalk Wildlife Management Area",
        "protect_class": "5",
        "protected_area": "game_land",
        "protection_title": "Wildlife Management Area",
        "type": "boundary",
        "wikidata": "Q5096701",
        "wikipedia": "en:Chief Cornstalk Wildlife Management Area",
        "@geometry": "center"
      },
      "geometry": {
        "type": "Point",
        "coordinates": [
          -82.0477352,
          38.7071481
        ]
      },
      "id": "relation/11139511"
    },
    {
      "type": "Feature",
      "properties": {
        "@id": "relation/11139512",
        "boundary": "protected_area",
        "leisure": "nature_reserve",
        "name": "Widmeyer Wildlife Management Area",
        "protect_class": "5",
        "protected_area": "game_land",
        "protection_title": "Wildlife Management Area",
        "type": "boundary",
        "@geometry": "center"
      },
      "geometry": {
        "type": "Point",
        "coordinates": [
          -78.250782,
          39.6364452
        ]
      },
      "id": "relation/11139512"
    },
    {
      "type": "Feature",
      "properties": {
        "@id": "relation/11139513",
        "boundary": "protected_area",
        "leisure": "nature_reserve",
        "name": "Thorn Creek Wildlife Management Area",
        "protect_class": "5",
        "protected_area": "game_land",
        "protection_title": "Wildlife Management Area",
        "type": "boundary",
        "wikidata": "Q7796275",
        "wikipedia": "en:Thorn Creek Wildlife Management Area",
        "@geometry": "center"
      },
      "geometry": {
        "type": "Point",
        "coordinates": [
          -79.3571336,
          38.5700809
        ]
      },
      "id": "relation/11139513"
    },
    {
      "type": "Feature",
      "properties": {
        "@id": "relation/11139514",
        "boundary": "protected_area",
        "leisure": "nature_reserve",
        "name": "South Branch Wildlife Management Area",
        "protect_class": "5",
        "protected_area": "game_land",
        "protection_title": "Wildlife Management Area",
        "type": "boundary",
        "wikidata": "Q7566398",
        "wikipedia": "en:South Branch Wildlife Management Area",
        "@geometry": "center"
      },
      "geometry": {
        "type": "Point",
        "coordinates": [
          -78.9014066,
          39.1682845
        ]
      },
      "id": "relation/11139514"
    },
    {
      "type": "Feature",
      "properties": {
        "@id": "relation/11139515",
        "boundary": "protected_area",
        "leisure": "nature_reserve",
        "name": "Hilbert Wildlife Management Area",
        "protect_class": "5",
        "protected_area": "game_land",
        "protection_title": "Wildlife Management Area",
        "type": "boundary",
        "wikidata": "Q5761199",
        "wikipedia": "en:Hilbert Wildlife Management Area",
        "@geometry": "center"
      },
      "geometry": {
        "type": "Point",
        "coordinates": [
          -81.905212,
          38.2586591
        ]
      },
      "id": "relation/11139515"
    },
    {
      "type": "Feature",
      "properties": {
        "@id": "relation/11139516",
        "boundary": "protected_area",
        "leisure": "nature_reserve",
        "name": "Beury Mountain Wildlife Management Area",
        "protect_class": "5",
        "protected_area": "game_land",
        "protection_title": "Wildlife Management Area",
        "type": "boundary",
        "wikidata": "Q4899297",
        "wikipedia": "en:Beury Mountain Wildlife Management Area",
        "@geometry": "center"
      },
      "geometry": {
        "type": "Point",
        "coordinates": [
          -80.9941175,
          37.9476124
        ]
      },
      "id": "relation/11139516"
    },
    {
      "type": "Feature",
      "properties": {
        "@id": "relation/11139517",
        "boundary": "protected_area",
        "leisure": "nature_reserve",
        "name": "Castlemans Run Wildlife Management Area",
        "protect_class": "5",
        "protected_area": "game_land",
        "protection_title": "Wildlife Management Area",
        "type": "boundary",
        "wikidata": "Q5050541",
        "@geometry": "center"
      },
      "geometry": {
        "type": "Point",
        "coordinates": [
          -80.5359509,
          40.1784699
        ]
      },
      "id": "relation/11139517"
    },
    {
      "type": "Feature",
      "properties": {
        "@id": "relation/11139518",
        "boundary": "protected_area",
        "leisure": "nature_reserve",
        "name": "East Lynn Lake Wildlife Management Area",
        "protect_class": "5",
        "protected_area": "game_land",
        "protection_title": "Wildlife Management Area",
        "type": "boundary",
        "@geometry": "center"
      },
      "geometry": {
        "type": "Point",
        "coordinates": [
          -82.3344301,
          38.0891105
        ]
      },
      "id": "relation/11139518"
    },
    {
      "type": "Feature",
      "properties": {
        "@id": "relation/11139519",
        "boundary": "protected_area",
        "leisure": "nature_reserve",
        "name": "Cross Creek Wildlife Management Area",
        "protect_class": "5",
        "protected_area": "game_land",
        "protection_title": "Wildlife Management Area",
        "type": "boundary",
        "wikidata": "Q5188288",
        "wikipedia": "en:Cross Creek Wildlife Management Area",
        "@geometry": "center"
      },
      "geometry": {
        "type": "Point",
        "coordinates": [
          -80.5355819,
          40.3151588
        ]
      },
      "id": "relation/11139519"
    },
    {
      "type": "Feature",
      "properties": {
        "@id": "relation/11139520",
        "boundary": "protected_area",
        "leisure": "nature_reserve",
        "name": "Hillcrest Wildlife Management Area",
        "protect_class": "5",
        "protected_area": "game_land",
        "protection_title": "Wildlife Management Area",
        "type": "boundary",
        "wikidata": "Q5762881",
        "wikipedia": "en:Hillcrest Wildlife Management Area",
        "@geometry": "center"
      },
      "geometry": {
        "type": "Point",
        "coordinates": [
          -80.540503,
          40.5579195
        ]
      },
      "id": "relation/11139520"
    },
    {
      "type": "Feature",
      "properties": {
        "@id": "relation/11139521",
        "boundary": "protected_area",
        "leisure": "nature_reserve",
        "name": "Sandy Creek Wildlife Management Area",
        "protect_class": "5",
        "protected_area": "game_land",
        "protection_title": "Wildlife Management Area",
        "type": "boundary",
        "@geometry": "center"
      },
      "geometry": {
        "type": "Point",
        "coordinates": [
          -81.5773861,
          38.8958589
        ]
      },
      "id": "relation/11139521"
    },
    {
      "type": "Feature",
      "properties": {
        "@id": "relation/11139522",
        "boundary": "protected_area",
        "leisure": "nature_reserve",
        "name": "Hughes River Wildlife Management Area",
        "protect_class": "5",
        "protected_area": "game_land",
        "protection_title": "Wildlife Management Area",
        "type": "boundary",
        "@geometry": "center"
      },
      "geometry": {
        "type": "Point",
        "coordinates": [
          -81.2901067,
          39.1355052
        ]
      },
      "id": "relation/11139522"
    },
    {
      "type": "Feature",
      "properties": {
        "@id": "relation/11139523",
        "boundary": "protected_area",
        "leisure": "nature_reserve",
        "name": "Lynn Camp Wildlife Management Area",
        "protect_class": "5",
        "protected_area": "game_land",
        "protection_title": "Wildlife Management Area",
        "type": "boundary",
        "@geometry": "center"
      },
      "geometry": {
        "type": "Point",
        "coordinates": [
          -81.4961371,
          39.005495
        ]
      },
      "id": "relation/11139523"
    },
    {
      "type": "Feature",
      "properties": {
        "@id": "relation/11139524",
        "boundary": "protected_area",
        "leisure": "nature_reserve",
        "name": "Burning Springs Wildlife Management Area",
        "protect_class": "5",
        "protected_area": "game_land",
        "protection_title": "Wildlife Management Area",
        "type": "boundary",
        "@geometry": "center"
      },
      "geometry": {
        "type": "Point",
        "coordinates": [
          -81.3446575,
          38.9653651
        ]
      },
      "id": "relation/11139524"
    },
    {
      "type": "Feature",
      "properties": {
        "@id": "relation/11139525",
        "boundary": "protected_area",
        "leisure": "nature_reserve",
        "name": "Federal Ridge Wildlife Management Area",
        "protect_class": "5",
        "protected_area": "game_land",
        "protection_title": "Wildlife Management Area",
        "type": "boundary",
        "@geometry": "center"
      },
      "geometry": {
        "type": "Point",
        "coordinates": [
          -81.0629889,
          39.3882617
        ]
      },
      "id": "relation/11139525"
    },
    {
      "type": "Feature",
      "properties": {
        "@id": "relation/11139526",
        "boundary": "protected_area",
        "leisure": "nature_reserve",
        "name": "Tea Creek Wildlife Management Area",
        "protect_class": "5",
        "protected_area": "game_land",
        "protection_title": "Wildlife Management Area",
        "type": "boundary",
        "@geometry": "center"
      },
      "geometry": {
        "type": "Point",
        "coordinates": [
          -80.1439095,
          38.3596937
        ]
      },
      "id": "relation/11139526"
    },
    {
      "type": "Feature",
      "properties": {
        "@id": "relation/11139527",
        "boundary": "protected_area",
        "leisure": "nature_reserve",
        "name": "Wardensville Wildlife Management Area",
        "protect_class": "5",
        "protected_area": "game_land",
        "protection_title": "Wildlife Management Area",
        "type": "boundary",
        "wikidata": "Q31578173",
        "@geometry": "center"
      },
      "geometry": {
        "type": "Point",
        "coordinates": [
          -78.6802292,
          38.9499629
        ]
      },
      "id": "relation/11139527"
    },
    {
      "type": "Feature",
      "properties": {
        "@id": "relation/11139528",
        "boundary": "protected_area",
        "leisure": "nature_reserve",
        "name": "Potts Creek Wildlife Management Area",
        "protect_class": "5",
        "protected_area": "game_land",
        "protection_title": "Wildlife Management Area",
        "type": "boundary",
        "@geometry": "center"
      },
      "geometry": {
        "type": "Point",
        "coordinates": [
          -80.4033122,
          37.4919474
        ]
      },
      "id": "relation/11139528"
    },
    {
      "type": "Feature",
      "properties": {
        "@id": "relation/11139529",
        "boundary": "protected_area",
        "leisure": "nature_reserve",
        "name": "Shenandoah Wildlife Management Area",
        "protect_class": "5",
        "protected_area": "game_land",
        "protection_title": "Wildlife Management Area",
        "type": "boundary",
        "@geometry": "center"
      },
      "geometry": {
        "type": "Point",
        "coordinates": [
          -79.2146958,
          38.6003452
        ]
      },
      "id": "relation/11139529"
    },
    {
      "type": "Feature",
      "properties": {
        "@id": "relation/11139530",
        "boundary": "protected_area",
        "leisure": "nature_reserve",
        "name": "Beaver Dam Wildlife Management Area",
        "protect_class": "5",
        "protected_area": "game_land",
        "protection_title": "Wildlife Management Area",
        "type": "boundary",
        "@geometry": "center"
      },
      "geometry": {
        "type": "Point",
        "coordinates": [
          -79.6910766,
          38.7841782
        ]
      },
      "id": "relation/11139530"
    },
    {
      "type": "Feature",
      "properties": {
        "@id": "relation/11145561",
        "leisure": "nature_reserve",
        "operator": "Allegheny Land Trust",
        "type": "multipolygon",
        "@geometry": "center"
      },
      "geometry": {
        "type": "Point",
        "coordinates": [
          -80.1551735,
          40.4981911
        ]
      },
      "id": "relation/11145561"
    },
    {
      "type": "Feature",
      "properties": {
        "@id": "way/11263995",
        "boundary": "protected_area",
        "gnis:feature_id": "1188516",
        "leisure": "nature_reserve",
        "name": "State Game Lands Number 53",
        "operator": "Pennsylvania Game Commission",
        "operator:short": "PGC",
        "operator:wikidata": "Q7163731",
        "ownership": "state",
        "protected": "perpetuity",
        "protected_area": "game_land",
        "protection_title": "State Game Land",
        "ref": "53",
        "source": "http://pgcmaps.pa.gov",
        "wikidata": "Q49565855",
        "@geometry": "center"
      },
      "geometry": {
        "type": "Point",
        "coordinates": [
          -78.0582575,
          39.9211958
        ]
      },
      "id": "way/11263995"
    },
    {
      "type": "Feature",
      "properties": {
        "@id": "relation/11347424",
        "boundary": "national_park",
        "leisure": "nature_reserve",
        "linear": "yes",
        "name": "Appalachian National Scenic Trail",
        "operator": "National Park Service",
        "operator:short": "NPS",
        "operator:type": "public",
        "operator:wikidata": "Q308439",
        "ownership": "national",
        "protected": "perpetuity",
        "type": "multipolygon",
        "@geometry": "center"
      },
      "geometry": {
        "type": "Point",
        "coordinates": [
          -78.280075,
          38.6821403
        ]
      },
      "id": "relation/11347424"
    },
    {
      "type": "Feature",
      "properties": {
        "@id": "relation/11350050",
        "boundary": "protected_area",
        "gnis:feature_id": "1466936",
        "leisure": "nature_reserve",
        "name": "George Richard Thompson State Wildlife Management Area",
        "operator": "Virginia Department of Wildlife Resources",
        "protect_class": "6",
        "protected_area": "game_land",
        "protection_title": "Wildlife Management Area",
        "type": "multipolygon",
        "website": "https://dwr.virginia.gov/vbwt/sites/g-richard-thompson-wildlife-management-area/",
        "wikidata": "Q5512439",
        "wikipedia": "en:G. Richard Thompson Wildlife Management Area",
        "@geometry": "center"
      },
      "geometry": {
        "type": "Point",
        "coordinates": [
          -78.0157289,
          38.956654
        ]
      },
      "id": "relation/11350050"
    },
    {
      "type": "Feature",
      "properties": {
        "@id": "relation/11352018",
        "addr:city": "Delaplane",
        "addr:housenumber": "11012",
        "addr:postcode": "20144",
        "addr:state": "VA",
        "addr:street": "Edmonds Lane",
        "boundary": "protected_area",
        "gnis:feature_id": "1749322",
        "leisure": "nature_reserve",
        "name": "Sky Meadows State Park",
        "opening_hours": "0800-dusk",
        "operator": "Virginia Department of Conservation and Recreation",
        "operator:wikidata": "Q7934237",
        "phone": "+1-540-592-3556",
        "protect_class": "6",
        "type": "multipolygon",
        "website": "https://www.dcr.virginia.gov/state-parks/sky-meadows",
        "wikidata": "Q11811656",
        "wikipedia": "en:Sky Meadows State Park",
        "@geometry": "center"
      },
      "geometry": {
        "type": "Point",
        "coordinates": [
          -77.9617306,
          39.0002023
        ]
      },
      "id": "relation/11352018"
    },
    {
      "type": "Feature",
      "properties": {
        "@id": "way/11368122",
        "boundary": "protected_area",
        "gnis:feature_id": "1188441",
        "leisure": "nature_reserve",
        "name": "State Game Lands Number 128",
        "operator": "Pennsylvania Game Commission",
        "operator:short": "PGC",
        "operator:wikidata": "Q7163731",
        "ownership": "state",
        "protected": "perpetuity",
        "protected_area": "game_land",
        "protection_title": "State Game Land",
        "ref": "128",
        "source": "http://pgcmaps.pa.gov",
        "wikidata": "Q49565472",
        "@geometry": "center"
      },
      "geometry": {
        "type": "Point",
        "coordinates": [
          -78.2365352,
          39.7909463
        ]
      },
      "id": "way/11368122"
    },
    {
      "type": "Feature",
      "properties": {
        "@id": "way/11500943",
        "boundary": "protected_area",
        "gnis:feature_id": "1193463",
        "leisure": "nature_reserve",
        "name": "State Game Lands Number 97",
        "operator": "Pennsylvania Game Commission",
        "operator:short": "PGC",
        "operator:wikidata": "Q7163731",
        "ownership": "state",
        "protected": "perpetuity",
        "protected_area": "game_land",
        "protection_title": "State Game Land",
        "ref": "97",
        "source": "http://pgcmaps.pa.gov",
        "wikidata": "Q49565927",
        "wikipedia": "en:Pennsylvania State Game Lands Number 97",
        "@geometry": "center"
      },
      "geometry": {
        "type": "Point",
        "coordinates": [
          -78.4560302,
          39.9280169
        ]
      },
      "id": "way/11500943"
    },
    {
      "type": "Feature",
      "properties": {
        "@id": "relation/11575611",
        "leisure": "nature_reserve",
        "name": "Girty's Woods",
        "type": "multipolygon",
        "@geometry": "center"
      },
      "geometry": {
        "type": "Point",
        "coordinates": [
          -79.97917,
          40.4883711
        ]
      },
      "id": "relation/11575611"
    },
    {
      "type": "Feature",
      "properties": {
        "@id": "relation/11744868",
        "boundary": "protected_area",
        "gnis:feature_id": "1188465",
        "hunting": "yes",
        "leisure": "nature_reserve",
        "name": "State Game Lands Number 166",
        "operator": "Pennsylvania Game Commission",
        "operator:short": "PGC",
        "operator:wikidata": "Q7163731",
        "ownership": "state",
        "protected": "perpetuity",
        "protected_area": "game_land",
        "protection_title": "State Game Land",
        "ref": "166",
        "source": "http://pgcmaps.pa.gov",
        "type": "multipolygon",
        "@geometry": "center"
      },
      "geometry": {
        "type": "Point",
        "coordinates": [
          -78.2414146,
          40.543684
        ]
      },
      "id": "relation/11744868"
    },
    {
      "type": "Feature",
      "properties": {
        "@id": "relation/11748188",
        "boundary": "protected_area",
        "gnis:feature_id": "1188434",
        "hunting": "yes",
        "leisure": "nature_reserve",
        "name": "State Game Lands Number 112",
        "operator": "Pennsylvania Game Commission",
        "operator:short": "PGC",
        "operator:wikidata": "Q7163731",
        "ownership": "state",
        "protected": "perpetuity",
        "protected_area": "game_land",
        "protection_title": "State Game Land",
        "ref": "112",
        "source": "http://pgcmaps.pa.gov",
        "type": "multipolygon",
        "@geometry": "center"
      },
      "geometry": {
        "type": "Point",
        "coordinates": [
          -77.8925337,
          40.4682039
        ]
      },
      "id": "relation/11748188"
    },
    {
      "type": "Feature",
      "properties": {
        "@id": "relation/11748232",
        "boundary": "protected_area",
        "gnis:feature_id": "1188451",
        "hunting": "yes",
        "leisure": "nature_reserve",
        "name": "State Game Lands Number 147",
        "operator": "Pennsylvania Game Commission",
        "operator:short": "PGC",
        "operator:wikidata": "Q7163731",
        "ownership": "state",
        "protected": "perpetuity",
        "protected_area": "game_land",
        "protection_title": "State Game Land",
        "ref": "147",
        "source": "http://pgcmaps.pa.gov",
        "type": "multipolygon",
        "wikidata": "Q49565512",
        "wikipedia": "en:Pennsylvania State Game Lands Number 147",
        "@geometry": "center"
      },
      "geometry": {
        "type": "Point",
        "coordinates": [
          -78.3255728,
          40.4082898
        ]
      },
      "id": "relation/11748232"
    },
    {
      "type": "Feature",
      "properties": {
        "@id": "relation/11806102",
        "boundary": "protected_area",
        "gnis:feature_id": "1208371",
        "hunting": "yes",
        "leisure": "nature_reserve",
        "name": "State Game Lands Number 303",
        "operator": "Pennsylvania Game Commission",
        "operator:short": "PGC",
        "operator:wikidata": "Q7163731",
        "ownership": "state",
        "protected": "perpetuity",
        "protected_area": "game_land",
        "protection_title": "State Game Land",
        "ref": "303",
        "source": "http://pgcmaps.pa.gov",
        "type": "multipolygon",
        "wikidata": "Q49565815",
        "@geometry": "center"
      },
      "geometry": {
        "type": "Point",
        "coordinates": [
          -80.4805622,
          40.2982366
        ]
      },
      "id": "relation/11806102"
    },
    {
      "type": "Feature",
      "properties": {
        "@id": "relation/11806139",
        "boundary": "protected_area",
        "gnis:feature_id": "1188497",
        "hunting": "yes",
        "leisure": "nature_reserve",
        "name": "State Game Lands Number 232",
        "operator": "Pennsylvania Game Commission",
        "operator:short": "PGC",
        "operator:wikidata": "Q7163731",
        "ownership": "state",
        "protected": "perpetuity",
        "protected_area": "game_land",
        "protection_title": "State Game Land",
        "ref": "232",
        "source": "http://pgcmaps.pa.gov",
        "type": "multipolygon",
        "wikidata": "Q49565667",
        "@geometry": "center"
      },
      "geometry": {
        "type": "Point",
        "coordinates": [
          -80.4407093,
          40.1804958
        ]
      },
      "id": "relation/11806139"
    },
    {
      "type": "Feature",
      "properties": {
        "@id": "relation/11806345",
        "boundary": "protected_area",
        "gnis:feature_id": "1208379",
        "hunting": "yes",
        "leisure": "nature_reserve",
        "name": "State Game Lands Number 296",
        "operator": "Pennsylvania Game Commission",
        "operator:short": "PGC",
        "operator:wikidata": "Q7163731",
        "ownership": "state",
        "protected": "perpetuity",
        "protected_area": "game_land",
        "protection_title": "State Game Land",
        "ref": "296",
        "source": "http://pgcmaps.pa.gov",
        "type": "multipolygon",
        "wikidata": "Q49565802",
        "@geometry": "center"
      },
      "geometry": {
        "type": "Point",
        "coordinates": [
          -79.7030844,
          40.0989496
        ]
      },
      "id": "relation/11806345"
    },
    {
      "type": "Feature",
      "properties": {
        "@id": "relation/11806662",
        "boundary": "protected_area",
        "leisure": "nature_reserve",
        "name": "Shawvers Run Wilderness",
        "operator": "United States Forest Service",
        "operator:short": "USFS",
        "operator:type": "public",
        "operator:wikidata": "Q1891156",
        "ownership": "national",
        "protect_class": "1b",
        "protected": "perpetuity",
        "protected_area": "wilderness_preserve",
        "protection_title": "Wilderness Area",
        "type": "boundary",
        "wikidata": "Q27967295",
        "wikipedia": "en:Shawvers Run Wilderness",
        "@geometry": "center"
      },
      "geometry": {
        "type": "Point",
        "coordinates": [
          -80.2052594,
          37.5780297
        ]
      },
      "id": "relation/11806662"
    },
    {
      "type": "Feature",
      "properties": {
        "@id": "relation/11814415",
        "boundary": "protected_area",
        "leisure": "nature_reserve",
        "name": "Barbours Creek Wilderness",
        "operator": "United States Forest Service",
        "operator:short": "USFS",
        "operator:type": "public",
        "operator:wikidata": "Q1891156",
        "ownership": "national",
        "protect_class": "1b",
        "protected": "perpetuity",
        "protected_area": "wilderness_preserve",
        "protection_title": "Wilderness Area",
        "type": "boundary",
        "wikidata": "Q25253593",
        "wikipedia": "en:Barbours Creek Wilderness",
        "@geometry": "center"
      },
      "geometry": {
        "type": "Point",
        "coordinates": [
          -80.1046255,
          37.6074789
        ]
      },
      "id": "relation/11814415"
    },
    {
      "type": "Feature",
      "properties": {
        "@id": "relation/11814841",
        "boundary": "protected_area",
        "gnis:feature_id": "1188436",
        "hunting": "yes",
        "leisure": "nature_reserve",
        "name": "State Game Lands Number 118",
        "operator": "Pennsylvania Game Commission",
        "operator:short": "PGC",
        "operator:wikidata": "Q7163731",
        "ownership": "state",
        "protected": "perpetuity",
        "protected_area": "game_land",
        "protection_title": "State Game Land",
        "ref": "118",
        "source": "http://pgcmaps.pa.gov",
        "type": "multipolygon",
        "@geometry": "center"
      },
      "geometry": {
        "type": "Point",
        "coordinates": [
          -78.1449944,
          40.4964743
        ]
      },
      "id": "relation/11814841"
    },
    {
      "type": "Feature",
      "properties": {
        "@id": "relation/11821038",
        "boundary": "protected_area",
        "leisure": "nature_reserve",
        "name": "Goshen Pass Natural Area Preserve",
        "operator": "Virginia Department of Conservation and Recreation",
        "ownership": "state",
        "protect_class": "1a",
        "type": "multipolygon",
        "website": "https://www.dcr.virginia.gov/natural-heritage/natural-area-preserves/goshen",
        "wikipedia": "en:Goshen Pass Natural Area Preserve",
        "@geometry": "center"
      },
      "geometry": {
        "type": "Point",
        "coordinates": [
          -79.4479288,
          37.9370888
        ]
      },
      "id": "relation/11821038"
    },
    {
      "type": "Feature",
      "properties": {
        "@id": "relation/11821116",
        "access": "private",
        "boundary": "protected_area",
        "leisure": "nature_reserve",
        "name": "Goshen Scout Reservation",
        "protect_class": "21",
        "type": "multipolygon",
        "wikipedia": "en:Goshen Scout Reservation",
        "@geometry": "center"
      },
      "geometry": {
        "type": "Point",
        "coordinates": [
          -79.4481005,
          37.9717196
        ]
      },
      "id": "relation/11821116"
    },
    {
      "type": "Feature",
      "properties": {
        "@id": "relation/11823944",
        "boundary": "protected_area",
        "leisure": "nature_reserve",
        "name": "Rich Hole Wilderness",
        "operator": "United States Forest Service",
        "operator:short": "USFS",
        "operator:type": "public",
        "operator:wikidata": "Q1891156",
        "ownership": "national",
        "protect_class": "1b",
        "protected": "perpetuity",
        "protected_area": "wilderness_preserve",
        "protection_title": "Wilderness Area",
        "type": "boundary",
        "wikidata": "Q7323299",
        "wikipedia": "en:Rich Hole Wilderness",
        "@geometry": "center"
      },
      "geometry": {
        "type": "Point",
        "coordinates": [
          -79.6366921,
          37.8717052
        ]
      },
      "id": "relation/11823944"
    },
    {
      "type": "Feature",
      "properties": {
        "@id": "relation/11895956",
        "boundary": "protected_area",
        "gnis:feature_id": "1190994",
        "hunting": "yes",
        "leisure": "nature_reserve",
        "name": "State Game Lands Number 82",
        "operator": "Pennsylvania Game Commission",
        "operator:short": "PGC",
        "operator:wikidata": "Q7163731",
        "ownership": "state",
        "protected": "perpetuity",
        "protected_area": "game_land",
        "protection_title": "State Game Land",
        "ref": "82",
        "source": "http://pgcmaps.pa.gov",
        "type": "multipolygon",
        "wikidata": "Q49565907",
        "@geometry": "center"
      },
      "geometry": {
        "type": "Point",
        "coordinates": [
          -78.9050908,
          39.8067999
        ]
      },
      "id": "relation/11895956"
    },
    {
      "type": "Feature",
      "properties": {
        "@id": "relation/11896016",
        "boundary": "protected_area",
        "gnis:feature_id": "1193456",
        "hunting": "yes",
        "leisure": "nature_reserve",
        "name": "State Game Lands Number 49",
        "operator": "Pennsylvania Game Commission",
        "operator:short": "PGC",
        "operator:wikidata": "Q7163731",
        "ownership": "state",
        "protected": "perpetuity",
        "protected_area": "game_land",
        "protection_title": "State Game Land",
        "ref": "49",
        "source": "http://pgcmaps.pa.gov",
        "type": "multipolygon",
        "wikidata": "Q49565849",
        "wikipedia": "en:Pennsylvania State Game Lands Number 49",
        "@geometry": "center"
      },
      "geometry": {
        "type": "Point",
        "coordinates": [
          -78.321434,
          39.8249205
        ]
      },
      "id": "relation/11896016"
    },
    {
      "type": "Feature",
      "properties": {
        "@id": "relation/11940323",
        "boundary": "protected_area",
        "gnis:feature_id": "1188528",
        "hunting": "yes",
        "leisure": "nature_reserve",
        "name": "State Game Lands Number 71",
        "operator": "Pennsylvania Game Commission",
        "operator:short": "PGC",
        "operator:wikidata": "Q7163731",
        "ownership": "state",
        "protected": "perpetuity",
        "protected_area": "game_land",
        "protection_title": "State Game Land",
        "ref": "71",
        "source": "http://pgcmaps.pa.gov",
        "type": "multipolygon",
        "@geometry": "center"
      },
      "geometry": {
        "type": "Point",
        "coordinates": [
          -77.9394626,
          40.3578825
        ]
      },
      "id": "relation/11940323"
    },
    {
      "type": "Feature",
      "properties": {
        "@id": "relation/11986077",
        "boundary": "protected_area",
        "gnis:feature_id": "1193429",
        "hunting": "yes",
        "leisure": "nature_reserve",
        "name": "State Game Lands Number 104",
        "operator": "Pennsylvania Game Commission",
        "operator:short": "PGC",
        "operator:wikidata": "Q7163731",
        "ownership": "state",
        "protected": "perpetuity",
        "protected_area": "game_land",
        "protection_title": "State Game Land",
        "ref": "104",
        "source": "http://pgcmaps.pa.gov",
        "type": "multipolygon",
        "wikidata": "Q49565424",
        "wikipedia": "en:Pennsylvania State Game Lands Number 104",
        "@geometry": "center"
      },
      "geometry": {
        "type": "Point",
        "coordinates": [
          -78.7560869,
          39.8566866
        ]
      },
      "id": "relation/11986077"
    },
    {
      "type": "Feature",
      "properties": {
        "@id": "relation/11987602",
        "boundary": "protected_area",
        "gnis:feature_id": "1193455",
        "hunting": "yes",
        "leisure": "nature_reserve",
        "name": "State Game Lands Number 48",
        "operator": "Pennsylvania Game Commission",
        "operator:short": "PGC",
        "operator:wikidata": "Q7163731",
        "ownership": "state",
        "protected": "perpetuity",
        "protected_area": "game_land",
        "protection_title": "State Game Land",
        "ref": "48",
        "source": "http://pgcmaps.pa.gov",
        "type": "multipolygon",
        "wikidata": "Q49565848",
        "wikipedia": "en:Pennsylvania State Game Lands Number 48",
        "@geometry": "center"
      },
      "geometry": {
        "type": "Point",
        "coordinates": [
          -78.6313792,
          39.9041084
        ]
      },
      "id": "relation/11987602"
    },
    {
      "type": "Feature",
      "properties": {
        "@id": "relation/11987624",
        "boundary": "protected_area",
        "hunting": "yes",
        "leisure": "nature_reserve",
        "name": "State Game Lands Number 73",
        "operator": "Pennsylvania Game Commission",
        "operator:short": "PGC",
        "operator:wikidata": "Q7163731",
        "ownership": "state",
        "protected": "perpetuity",
        "protected_area": "game_land",
        "protection_title": "State Game Land",
        "ref": "73",
        "source": "http://pgcmaps.pa.gov",
        "type": "multipolygon",
        "@geometry": "center"
      },
      "geometry": {
        "type": "Point",
        "coordinates": [
          -78.2805532,
          40.2344224
        ]
      },
      "id": "relation/11987624"
    },
    {
      "type": "Feature",
      "properties": {
        "@id": "relation/11995834",
        "boundary": "protected_area",
        "gnis:feature_id": "1188433",
        "hunting": "yes",
        "leisure": "nature_reserve",
        "name": "State Game Lands Number 111",
        "operator": "Pennsylvania Game Commission",
        "operator:short": "PGC",
        "operator:wikidata": "Q7163731",
        "ownership": "state",
        "protected": "perpetuity",
        "protected_area": "game_land",
        "protection_title": "State Game Land",
        "ref": "111",
        "source": "http://pgcmaps.pa.gov",
        "type": "multipolygon",
        "wikidata": "Q49565438",
        "@geometry": "center"
      },
      "geometry": {
        "type": "Point",
        "coordinates": [
          -79.3653647,
          39.8798467
        ]
      },
      "id": "relation/11995834"
    },
    {
      "type": "Feature",
      "properties": {
        "@id": "relation/11995836",
        "boundary": "protected_area",
        "gnis:feature_id": "1193458",
        "hunting": "yes",
        "leisure": "nature_reserve",
        "name": "State Game Lands Number 51",
        "operator": "Pennsylvania Game Commission",
        "operator:short": "PGC",
        "operator:wikidata": "Q7163731",
        "ownership": "state",
        "protected": "perpetuity",
        "protected_area": "game_land",
        "protection_title": "State Game Land",
        "ref": "51",
        "source": "http://pgcmaps.pa.gov",
        "type": "multipolygon",
        "wikidata": "Q49565852",
        "@geometry": "center"
      },
      "geometry": {
        "type": "Point",
        "coordinates": [
          -79.5680367,
          39.9191424
        ]
      },
      "id": "relation/11995836"
    },
    {
      "type": "Feature",
      "properties": {
        "@id": "relation/11995843",
        "boundary": "protected_area",
        "gnis:feature_id": "1188447",
        "hunting": "yes",
        "leisure": "nature_reserve",
        "name": "State Game Lands Number 138",
        "operator": "Pennsylvania Game Commission",
        "operator:short": "PGC",
        "operator:wikidata": "Q7163731",
        "ownership": "state",
        "protected": "perpetuity",
        "protected_area": "game_land",
        "protection_title": "State Game Land",
        "ref": "138",
        "source": "http://pgcmaps.pa.gov",
        "type": "multipolygon",
        "wikidata": "Q49565494",
        "@geometry": "center"
      },
      "geometry": {
        "type": "Point",
        "coordinates": [
          -79.7196297,
          39.7949333
        ]
      },
      "id": "relation/11995843"
    },
    {
      "type": "Feature",
      "properties": {
        "@id": "relation/11995884",
        "boundary": "protected_area",
        "gnis:feature_id": "1193452;1209274",
        "hunting": "yes",
        "leisure": "nature_reserve",
        "name": "State Game Lands Number 42",
        "operator": "Pennsylvania Game Commission",
        "operator:short": "PGC",
        "operator:wikidata": "Q7163731",
        "ownership": "state",
        "protected": "perpetuity",
        "protected_area": "game_land",
        "protection_title": "State Game Land",
        "ref": "42",
        "source": "http://pgcmaps.pa.gov",
        "type": "multipolygon",
        "wikidata": "Q49565840",
        "@geometry": "center"
      },
      "geometry": {
        "type": "Point",
        "coordinates": [
          -79.0661657,
          40.3022769
        ]
      },
      "id": "relation/11995884"
    },
    {
      "type": "Feature",
      "properties": {
        "@id": "relation/12010379",
        "boundary": "protected_area",
        "gnis:feature_id": "1208400",
        "hunting": "yes",
        "leisure": "nature_reserve",
        "name": "State Game Lands Number 276",
        "operator": "Pennsylvania Game Commission",
        "operator:short": "PGC",
        "operator:wikidata": "Q7163731",
        "ownership": "state",
        "protected": "perpetuity",
        "protected_area": "game_land",
        "protection_title": "State Game Land",
        "ref": "276",
        "source": "http://pgcmaps.pa.gov",
        "type": "multipolygon",
        "wikidata": "Q49565767",
        "@geometry": "center"
      },
      "geometry": {
        "type": "Point",
        "coordinates": [
          -79.139597,
          40.4702254
        ]
      },
      "id": "relation/12010379"
    },
    {
      "type": "Feature",
      "properties": {
        "@id": "relation/12010426",
        "boundary": "protected_area",
        "gnis:feature_id": "1208590",
        "hunting": "yes",
        "leisure": "nature_reserve",
        "name": "State Game Lands Number 248",
        "operator": "Pennsylvania Game Commission",
        "operator:short": "PGC",
        "operator:wikidata": "Q7163731",
        "ownership": "state",
        "protected": "perpetuity",
        "protected_area": "game_land",
        "protection_title": "State Game Land",
        "ref": "248",
        "source": "http://pgcmaps.pa.gov",
        "type": "multipolygon",
        "wikidata": "Q49565712",
        "@geometry": "center"
      },
      "geometry": {
        "type": "Point",
        "coordinates": [
          -79.0751016,
          40.6192074
        ]
      },
      "id": "relation/12010426"
    },
    {
      "type": "Feature",
      "properties": {
        "@id": "relation/12011176",
        "boundary": "protected_area",
        "gnis:feature_id": "1188496",
        "hunting": "yes",
        "leisure": "nature_reserve",
        "name": "State Game Lands Number 228",
        "operator": "Pennsylvania Game Commission",
        "operator:short": "PGC",
        "operator:wikidata": "Q7163731",
        "ownership": "state",
        "protected": "perpetuity",
        "protected_area": "game_land",
        "protection_title": "State Game Land",
        "ref": "228",
        "source": "http://pgcmaps.pa.gov",
        "type": "multipolygon",
        "wikidata": "Q49565660",
        "@geometry": "center"
      },
      "geometry": {
        "type": "Point",
        "coordinates": [
          -78.7709636,
          40.0778989
        ]
      },
      "id": "relation/12011176"
    },
    {
      "type": "Feature",
      "properties": {
        "@id": "relation/12011358",
        "boundary": "protected_area",
        "gnis:feature_id": "1190995",
        "hunting": "yes",
        "leisure": "nature_reserve",
        "name": "State Game Lands Number 93",
        "operator": "Pennsylvania Game Commission",
        "operator:short": "PGC",
        "operator:wikidata": "Q7163731",
        "ownership": "state",
        "protected": "perpetuity",
        "protected_area": "game_land",
        "protection_title": "State Game Land",
        "ref": "93",
        "source": "http://pgcmaps.pa.gov",
        "type": "multipolygon",
        "wikidata": "Q49565921",
        "@geometry": "center"
      },
      "geometry": {
        "type": "Point",
        "coordinates": [
          -78.8693646,
          40.091161
        ]
      },
      "id": "relation/12011358"
    },
    {
      "type": "Feature",
      "properties": {
        "@id": "relation/12026295",
        "boundary": "protected_area",
        "gnis:feature_id": "1193460",
        "hunting": "yes",
        "leisure": "nature_reserve",
        "name": "State Game Lands Number 81",
        "operator": "Pennsylvania Game Commission",
        "operator:short": "PGC",
        "operator:wikidata": "Q7163731",
        "ownership": "state",
        "protected": "perpetuity",
        "protected_area": "game_land",
        "protection_title": "State Game Land",
        "ref": "81",
        "source": "http://pgcmaps.pa.gov",
        "type": "multipolygon",
        "@geometry": "center"
      },
      "geometry": {
        "type": "Point",
        "coordinates": [
          -77.9201567,
          40.1199881
        ]
      },
      "id": "relation/12026295"
    },
    {
      "type": "Feature",
      "properties": {
        "@id": "relation/12037666",
        "boundary": "protected_area",
        "leisure": "nature_reserve",
        "name": "Blackwater Creek Natural Area",
        "protected_area": "recreation",
        "type": "multipolygon",
        "@geometry": "center"
      },
      "geometry": {
        "type": "Point",
        "coordinates": [
          -79.1662926,
          37.4144155
        ]
      },
      "id": "relation/12037666"
    },
    {
      "type": "Feature",
      "properties": {
        "@id": "relation/12041621",
        "alt_name": "Stone Valley Experimental Forest;Penn State Experimental Forest;Pennsylvania State University Experimental Forest",
        "boundary": "protected_area",
        "ele": "287",
        "gnis:feature_id": "1192047;1214025",
        "leisure": "nature_reserve",
        "name": "Stone Valley Forest",
        "operator": "The Pennsylvania State University",
        "protected": "perpetuity",
        "protection_title": "Experimental Forest",
        "type": "multipolygon",
        "website": "https://www.shaverscreek.org/",
        "wikidata": "Q7619044",
        "wikipedia": "en:Stone Valley Recreation Area",
        "@geometry": "center"
      },
      "geometry": {
        "type": "Point",
        "coordinates": [
          -77.909633,
          40.6544506
        ]
      },
      "id": "relation/12041621"
    },
    {
      "type": "Feature",
      "properties": {
        "@id": "relation/12045579",
        "boundary": "protected_area",
        "hunting": "yes",
        "leisure": "nature_reserve",
        "name": "State Game Lands Number 332",
        "operator": "Pennsylvania Game Commission",
        "operator:short": "PGC",
        "operator:wikidata": "Q7163731",
        "ownership": "state",
        "protected": "perpetuity",
        "protected_area": "game_land",
        "protection_title": "State Game Land",
        "ref": "332",
        "source": "http://pgcmaps.pa.gov",
        "type": "multipolygon",
        "wikidata": "Q119459616",
        "@geometry": "center"
      },
      "geometry": {
        "type": "Point",
        "coordinates": [
          -79.302072,
          40.5299986
        ]
      },
      "id": "relation/12045579"
    },
    {
      "type": "Feature",
      "properties": {
        "@id": "relation/12157016",
        "boundary": "protected_area",
        "leisure": "nature_reserve",
        "name": "Raystown Lake Recreation Area",
        "operator": "United States Army Corp of Engineers",
        "ownership": "national",
        "protected": "perpetuity",
        "protection_title": "Recreation Area",
        "type": "multipolygon",
        "@geometry": "center"
      },
      "geometry": {
        "type": "Point",
        "coordinates": [
          -78.1194319,
          40.3261881
        ]
      },
      "id": "relation/12157016"
    },
    {
      "type": "Feature",
      "properties": {
        "@id": "relation/12159134",
        "boundary": "protected_area",
        "gnis:feature_id": "1188544",
        "hunting": "yes",
        "leisure": "nature_reserve",
        "name": "State Game Lands Number 99",
        "operator": "Pennsylvania Game Commission",
        "operator:short": "PGC",
        "operator:wikidata": "Q7163731",
        "ownership": "state",
        "protected": "perpetuity",
        "protected_area": "game_land",
        "protection_title": "State Game Land",
        "ref": "99",
        "source": "http://pgcmaps.pa.gov",
        "type": "multipolygon",
        "@geometry": "center"
      },
      "geometry": {
        "type": "Point",
        "coordinates": [
          -77.9686291,
          40.2597133
        ]
      },
      "id": "relation/12159134"
    },
    {
      "type": "Feature",
      "properties": {
        "@id": "relation/12250441",
        "boundary": "protected_area",
        "gnis:feature_id": "1188524",
        "hunting": "yes",
        "leisure": "nature_reserve",
        "name": "State Game Lands Number 65",
        "operator": "Pennsylvania Game Commission",
        "operator:short": "PGC",
        "operator:wikidata": "Q7163731",
        "ownership": "state",
        "protected": "perpetuity",
        "protected_area": "game_land",
        "protection_title": "State Game Land",
        "ref": "65",
        "source": "http://pgcmaps.pa.gov",
        "type": "multipolygon",
        "wikidata": "Q49565872",
        "@geometry": "center"
      },
      "geometry": {
        "type": "Point",
        "coordinates": [
          -78.2122111,
          39.9005811
        ]
      },
      "id": "relation/12250441"
    },
    {
      "type": "Feature",
      "properties": {
        "@id": "relation/12250442",
        "boundary": "protected_area",
        "leisure": "nature_reserve",
        "name": "Cowans Gap State Park",
        "operator": "Pennsylvania Bureau of State Parks",
        "operator:type": "government",
        "operator:wikidata": "Q130236073",
        "ownership": "state",
        "protect_class": "3",
        "protected": "perpetuity",
        "protection_title": "State Park",
        "type": "multipolygon",
        "website": "https://www.dcnr.pa.gov/StateParks/FindAPark/CowansGapStatePark/",
        "wikidata": "Q5179464",
        "wikipedia": "en:Cowans Gap State Park",
        "@geometry": "center"
      },
      "geometry": {
        "type": "Point",
        "coordinates": [
          -77.9294877,
          39.9920235
        ]
      },
      "id": "relation/12250442"
    },
    {
      "type": "Feature",
      "properties": {
        "@id": "relation/12254825",
        "boundary": "protected_area",
        "gnis:feature_id": "1048070",
        "leisure": "nature_reserve",
        "name": "Woodbury Wildlife Area",
        "protect_class": "5",
        "protected_area": "game_land",
        "source": "U.S. Geological Survey (USGS) Gap Analysis Project (GAP), 2018, Protected Areas Database of the United States (PAD-US): U.S. Geological Survey data release, https://doi.org/10.5066/P955KPLE.",
        "type": "multipolygon",
        "wikidata": "Q49582625",
        "@geometry": "center"
      },
      "geometry": {
        "type": "Point",
        "coordinates": [
          -81.9865623,
          40.2462266
        ]
      },
      "id": "relation/12254825"
    },
    {
      "type": "Feature",
      "properties": {
        "@id": "relation/12280811",
        "boundary": "protected_area",
        "leisure": "nature_reserve",
        "name": "Sweet Root Natural Area",
        "operator": "Pennsylvania Bureau of Forestry",
        "ownership": "state",
        "protect_class": "6",
        "protected": "perpetuity",
        "protection_title": "Natural Area",
        "type": "multipolygon",
        "@geometry": "center"
      },
      "geometry": {
        "type": "Point",
        "coordinates": [
          -78.5213411,
          39.8429423
        ]
      },
      "id": "relation/12280811"
    },
    {
      "type": "Feature",
      "properties": {
        "@id": "relation/12280812",
        "boundary": "protected_area",
        "leisure": "nature_reserve",
        "name": "Martin Hill Wild Area",
        "operator": "Pennsylvania Bureau of Forestry",
        "ownership": "state",
        "protect_class": "6",
        "protected": "perpetuity",
        "protected_area": "wilderness_preserve",
        "protection_title": "Wild Area",
        "type": "multipolygon",
        "@geometry": "center"
      },
      "geometry": {
        "type": "Point",
        "coordinates": [
          -78.55863,
          39.7883133
        ]
      },
      "id": "relation/12280812"
    },
    {
      "type": "Feature",
      "properties": {
        "@id": "relation/12280822",
        "boundary": "protected_area",
        "leisure": "nature_reserve",
        "name": "Pine Ridge Natural Area",
        "operator": "Pennsylvania Bureau of Forestry",
        "ownership": "state",
        "protect_class": "6",
        "protected": "perpetuity",
        "protection_title": "Natural Area",
        "type": "multipolygon",
        "@geometry": "center"
      },
      "geometry": {
        "type": "Point",
        "coordinates": [
          -78.4685066,
          39.7968772
        ]
      },
      "id": "relation/12280822"
    },
    {
      "type": "Feature",
      "properties": {
        "@id": "relation/12282894",
        "boundary": "protected_area",
        "gnis:feature_id": "1193434",
        "hunting": "yes",
        "leisure": "nature_reserve",
        "name": "State Game Lands Number 124",
        "operator": "Pennsylvania Game Commission",
        "operator:short": "PGC",
        "operator:wikidata": "Q7163731",
        "ownership": "state",
        "protected": "perpetuity",
        "protected_area": "game_land",
        "protection_title": "State Game Land",
        "ref": "124",
        "source": "http://pgcmaps.pa.gov",
        "type": "multipolygon",
        "wikidata": "Q49565467",
        "@geometry": "center"
      },
      "geometry": {
        "type": "Point",
        "coordinates": [
          -78.0168115,
          39.8192397
        ]
      },
      "id": "relation/12282894"
    },
    {
      "type": "Feature",
      "properties": {
        "@id": "relation/12287370",
        "addr:city": "Woodstock",
        "addr:country": "US",
        "addr:housenumber": "2111",
        "addr:postcode": "22664",
        "addr:state": "VA",
        "addr:street": "South Hollingsworth Road",
        "boundary": "protected_area",
        "dog": "leashed",
        "email": "sevenbends@dcr.virginia.gov",
        "leisure": "nature_reserve",
        "name": "Seven Bends State Park",
        "opening_hours": "06:00-dusk",
        "operator": "Virginia Department of Conservation and Recreation",
        "operator:wikidata": "Q7934237",
        "ownership": "state",
        "phone": "+1 540 622 6840",
        "protect_class": "21",
        "type": "multipolygon",
        "website": "https://www.dcr.virginia.gov/state-parks/seven-bends",
        "@geometry": "center"
      },
      "geometry": {
        "type": "Point",
        "coordinates": [
          -78.4854819,
          38.8473214
        ]
      },
      "id": "relation/12287370"
    },
    {
      "type": "Feature",
      "properties": {
        "@id": "relation/12316391",
        "boundary": "protected_area",
        "gnis:feature_id": "1208346",
        "hunting": "yes",
        "leisure": "nature_reserve",
        "name": "State Game Lands Number 235",
        "operator": "Pennsylvania Game Commission",
        "operator:short": "PGC",
        "operator:wikidata": "Q7163731",
        "ownership": "state",
        "protected": "perpetuity",
        "protected_area": "game_land",
        "protection_title": "State Game Land",
        "ref": "235",
        "source": "http://pgcmaps.pa.gov",
        "type": "multipolygon",
        "@geometry": "center"
      },
      "geometry": {
        "type": "Point",
        "coordinates": [
          -77.8198361,
          39.9634693
        ]
      },
      "id": "relation/12316391"
    },
    {
      "type": "Feature",
      "properties": {
        "@id": "relation/12533961",
        "boundary": "protected_area",
        "leisure": "nature_reserve",
        "natural": "wood",
        "type": "multipolygon",
        "@geometry": "center"
      },
      "geometry": {
        "type": "Point",
        "coordinates": [
          -77.8437699,
          39.1441156
        ]
      },
      "id": "relation/12533961"
    },
    {
      "type": "Feature",
      "properties": {
        "@id": "relation/12533964",
        "access": "permissive",
        "addr:city": "Harpers Ferry",
        "addr:housenumber": "671",
        "addr:postcode": "25425",
        "addr:state": "WV",
        "addr:street": "FLOC Way",
        "boundary": "protected_area",
        "leisure": "nature_reserve",
        "name": "Rolling Ridge Conservancy",
        "natural": "wood",
        "type": "multipolygon",
        "@geometry": "center"
      },
      "geometry": {
        "type": "Point",
        "coordinates": [
          -77.8382871,
          39.1582312
        ]
      },
      "id": "relation/12533964"
    },
    {
      "type": "Feature",
      "properties": {
        "@id": "relation/12544797",
        "boundary": "protected_area",
        "leisure": "nature_reserve",
        "name": "PEC Holding",
        "operator": "Piedmont Environmental Council",
        "type": "multipolygon",
        "@geometry": "center"
      },
      "geometry": {
        "type": "Point",
        "coordinates": [
          -77.9736544,
          39.0038651
        ]
      },
      "id": "relation/12544797"
    },
    {
      "type": "Feature",
      "properties": {
        "@id": "relation/12544799",
        "alt_name": "PATC Land",
        "boundary": "protected_area",
        "leisure": "nature_reserve",
        "name": "Oliphant",
        "type": "multipolygon",
        "@geometry": "center"
      },
      "geometry": {
        "type": "Point",
        "coordinates": [
          -77.9608908,
          39.0362657
        ]
      },
      "id": "relation/12544799"
    },
    {
      "type": "Feature",
      "properties": {
        "@id": "relation/12544800",
        "boundary": "protected_area",
        "leisure": "nature_reserve",
        "name": "Myron Glaser Cabin Tract",
        "operator": "Potomac Appalachian Trail Club",
        "type": "multipolygon",
        "@geometry": "center"
      },
      "geometry": {
        "type": "Point",
        "coordinates": [
          -77.9540135,
          39.0358123
        ]
      },
      "id": "relation/12544800"
    },
    {
      "type": "Feature",
      "properties": {
        "@id": "relation/12544880",
        "boundary": "protected_area",
        "leisure": "nature_reserve",
        "name": "Lewis Tracts",
        "natural": "wood",
        "operator": "Potomac Appalachian Trail Club",
        "type": "multipolygon",
        "@geometry": "center"
      },
      "geometry": {
        "type": "Point",
        "coordinates": [
          -77.8907937,
          39.0826389
        ]
      },
      "id": "relation/12544880"
    },
    {
      "type": "Feature",
      "properties": {
        "@id": "relation/12744166",
        "boundary": "protected_area",
        "leisure": "nature_reserve",
        "name": "Charles F. Lewis Natural Area",
        "operator": "Pennsylvania Bureau of Forestry",
        "ownership": "state",
        "protect_class": "6",
        "protected": "perpetuity",
        "protection_title": "Natural Area",
        "type": "multipolygon",
        "@geometry": "center"
      },
      "geometry": {
        "type": "Point",
        "coordinates": [
          -78.9772726,
          40.4067484
        ]
      },
      "id": "relation/12744166"
    },
    {
      "type": "Feature",
      "properties": {
        "@id": "relation/12745217",
        "boundary": "protected_area",
        "gnis:feature_id": "1179434",
        "leisure": "nature_reserve",
        "name": "Linn Run State Park",
        "operator": "Pennsylvania Bureau of State Parks",
        "ownership": "state",
        "protect_class": "3",
        "protected": "perpetuity",
        "protection_title": "State Park",
        "type": "multipolygon",
        "website": "https://www.dcnr.pa.gov/StateParks/FindAPark/LinnRunStatePark/",
        "wikidata": "Q6554530",
        "wikipedia": "en:Linn Run State Park",
        "@geometry": "center"
      },
      "geometry": {
        "type": "Point",
        "coordinates": [
          -79.2237606,
          40.16161
        ]
      },
      "id": "relation/12745217"
    },
    {
      "type": "Feature",
      "properties": {
        "@id": "relation/12828969",
        "boundary": "protected_area",
        "leisure": "nature_reserve",
        "name": "Naked Mountain State Natural Area Preserve",
        "ownership": "private",
        "protect_class": "1a",
        "type": "multipolygon",
        "wikipedia": "en:Naked Mountain Natural Area Preserve",
        "@geometry": "center"
      },
      "geometry": {
        "type": "Point",
        "coordinates": [
          -78.8269955,
          37.7531784
        ]
      },
      "id": "relation/12828969"
    },
    {
      "type": "Feature",
      "properties": {
        "@id": "relation/12829953",
        "boundary": "protected_area",
        "leisure": "nature_reserve",
        "name": "Rappahannock River Conservation Area",
        "operator": "City of Fredericksburg",
        "operator:type": "public",
        "operator:wikidata": "Q492342",
        "ownership": "public",
        "protect_class": "4",
        "source": "https://www.fredericksburgva.gov/787/Conservation-Land",
        "type": "multipolygon",
        "@geometry": "center"
      },
      "geometry": {
        "type": "Point",
        "coordinates": [
          -77.6340406,
          38.3781067
        ]
      },
      "id": "relation/12829953"
    },
    {
      "type": "Feature",
      "properties": {
        "@id": "relation/12915607",
        "boundary": "protected_area",
        "ele": "830",
        "gnis:feature_id": "1178958",
        "leisure": "nature_reserve",
        "name": "Laurel Mountain State Park",
        "operator": "Pennsylvania Bureau of State Parks",
        "operator:type": "government",
        "operator:wikidata": "Q130236073",
        "ownership": "state",
        "protect_class": "3",
        "protected": "perpetuity",
        "protection_title": "State Park",
        "type": "multipolygon",
        "website": "https://www.dcnr.pa.gov/StateParks/FindAPark/LaurelMountainStatePark/",
        "wikidata": "Q6499926",
        "wikipedia": "en:Laurel Mountain State Park",
        "@geometry": "center"
      },
      "geometry": {
        "type": "Point",
        "coordinates": [
          -79.1623932,
          40.1603487
        ]
      },
      "id": "relation/12915607"
    },
    {
      "type": "Feature",
      "properties": {
        "@id": "relation/12915608",
        "boundary": "protected_area",
        "gnis:feature_id": "1182881",
        "leisure": "nature_reserve",
        "name": "Ohiopyle State Park",
        "operator": "Pennsylvania Bureau of State Parks",
        "operator:type": "government",
        "operator:wikidata": "Q130236073",
        "ownership": "state",
        "protect_class": "5",
        "protected": "perpetuity",
        "protection_title": "State Park",
        "type": "multipolygon",
        "website": "https://www.dcnr.pa.gov/StateParks/FindAPark/OhiopyleStatePark/",
        "wikidata": "Q3364015",
        "wikipedia": "en:Ohiopyle State Park",
        "@geometry": "center"
      },
      "geometry": {
        "type": "Point",
        "coordinates": [
          -79.4630385,
          39.8671799
        ]
      },
      "id": "relation/12915608"
    },
    {
      "type": "Feature",
      "properties": {
        "@id": "relation/13085428",
        "access": "yes",
        "boundary": "protected_area",
        "fixme": "fix the boundary if possible",
        "gnis:feature_id": "1536844",
        "leisure": "nature_reserve",
        "name": "Cabwaylingo State Forest",
        "operator": "West Virginia Division of Forestry",
        "owner": "West Virginia Division of Natural Resources - Office of Land and Streams",
        "protected_area": "forest_reserve",
        "source": "West Virginia GIS Tech Center; West Virginia Division of Forestry",
        "type": "boundary",
        "wikidata": "Q5015865",
        "@geometry": "center"
      },
      "geometry": {
        "type": "Point",
        "coordinates": [
          -82.3556272,
          37.9670699
        ]
      },
      "id": "relation/13085428"
    },
    {
      "type": "Feature",
      "properties": {
        "@id": "relation/13087264",
        "access": "yes",
        "boundary": "protected_area",
        "fixme": "fix the boundary if possible",
        "leisure": "nature_reserve",
        "name": "Coopers Rock State Forest",
        "operator": "West Virginia Division of Forestry",
        "owner": "West Virginia Division of Natural Resources - Office of Land and Streams",
        "protected_area": "forest_reserve",
        "protection_title": "State Forest",
        "source": "West Virginia GIS Technical Center; WV Division of Forestry; WV Division of Natural Resources; USGS Topo Maps",
        "type": "boundary",
        "@geometry": "center"
      },
      "geometry": {
        "type": "Point",
        "coordinates": [
          -79.7907017,
          39.6643195
        ]
      },
      "id": "relation/13087264"
    },
    {
      "type": "Feature",
      "properties": {
        "@id": "relation/13087436",
        "boundary": "protected_area",
        "ele": "347",
        "fixme": "fix/check the boundaries; although it's mostly accurate",
        "gnis:feature_id": "1541072",
        "landuse": "forest",
        "leisure": "nature_reserve",
        "name": "Kanawha State Forest",
        "operator": "West Virginia Division of Natural Resources",
        "owner": "West Virginia Division of Natural Resources - Office of Land and Streams",
        "protected_area": "forest_reserve",
        "source": "West Virginia GIS Tech Center; WV Division of Forestry",
        "type": "boundary",
        "wikidata": "Q6360822",
        "@geometry": "center"
      },
      "geometry": {
        "type": "Point",
        "coordinates": [
          -81.6741439,
          38.2560677
        ]
      },
      "id": "relation/13087436"
    },
    {
      "type": "Feature",
      "properties": {
        "@id": "relation/13087452",
        "access": "yes",
        "boundary": "protected_area",
        "leisure": "nature_reserve",
        "name": "Seneca State Forest",
        "operator": "West Virginia Division of Forestry",
        "owner": "West Virginia Division of Natural Resources - Office of Land and Streams",
        "protected_area": "forest_reserve",
        "source": "West Virginia GIS Technical Center; West Virginia Division of Forestry",
        "type": "boundary",
        "@geometry": "center"
      },
      "geometry": {
        "type": "Point",
        "coordinates": [
          -79.9315006,
          38.3195814
        ]
      },
      "id": "relation/13087452"
    },
    {
      "type": "Feature",
      "properties": {
        "@id": "relation/13087472",
        "access": "yes",
        "boundary": "protected_area",
        "fixme": "fix/check the boundary, it may overlap into properties.",
        "leisure": "nature_reserve",
        "name": "Greenbrier State Forest",
        "operator": "West Virginia Division of Forestry",
        "owner": "West Virginia Division of Natural Resources - Office of Land and Streams",
        "protected_area": "forest_reserve",
        "source": "West Virginia GIS Technical Center; WV Division of Natural Resources;WV Division of Forestry",
        "type": "boundary",
        "@geometry": "center"
      },
      "geometry": {
        "type": "Point",
        "coordinates": [
          -80.3288855,
          37.738656
        ]
      },
      "id": "relation/13087472"
    },
    {
      "type": "Feature",
      "properties": {
        "@id": "relation/13107615",
        "boundary": "protected_area",
        "leisure": "nature_reserve",
        "name": "James River Face Wilderness",
        "operator": "United States Forest Service",
        "operator:short": "USFS",
        "operator:type": "public",
        "operator:wikidata": "Q1891156",
        "ownership": "national",
        "protect_class": "1b",
        "protected": "perpetuity",
        "protected_area": "wilderness_preserve",
        "protection_title": "Wilderness Area",
        "type": "boundary",
        "wikidata": "Q27977768",
        "wikipedia": "en:James River Face Wilderness",
        "@geometry": "center"
      },
      "geometry": {
        "type": "Point",
        "coordinates": [
          -79.4358945,
          37.5901511
        ]
      },
      "id": "relation/13107615"
    },
    {
      "type": "Feature",
      "properties": {
        "@id": "relation/13107619",
        "boundary": "protected_area",
        "leisure": "nature_reserve",
        "name": "Thunder Ridge Wilderness",
        "operator": "United States Forest Service",
        "operator:short": "USFS",
        "operator:type": "public",
        "operator:wikidata": "Q1891156",
        "ownership": "national",
        "protect_class": "1b",
        "protected": "perpetuity",
        "protected_area": "wilderness_preserve",
        "protection_title": "Wilderness Area",
        "type": "boundary",
        "wikidata": "Q27968893",
        "wikipedia": "en:Thunder Ridge Wilderness",
        "@geometry": "center"
      },
      "geometry": {
        "type": "Point",
        "coordinates": [
          -79.4852552,
          37.543837
        ]
      },
      "id": "relation/13107619"
    },
    {
      "type": "Feature",
      "properties": {
        "@id": "relation/13113763",
        "access": "yes",
        "boundary": "protected_area",
        "ele": "1080",
        "fixme": "fix the boundaries if there is any possible errors; although it's mostly good",
        "gnis:feature_id": "1551676",
        "leisure": "nature_reserve",
        "name": "Kumbrabow State Forest",
        "operator": "West Virginia Division of Forestry",
        "owner": "West Virginia Division of Natural Resources - Office of Land and Streams",
        "protected_area": "forest_reserve",
        "type": "boundary",
        "wikidata": "Q6443770",
        "@geometry": "center"
      },
      "geometry": {
        "type": "Point",
        "coordinates": [
          -80.0953865,
          38.6450125
        ]
      },
      "id": "relation/13113763"
    },
    {
      "type": "Feature",
      "properties": {
        "@id": "relation/13168339",
        "boundary": "protected_area",
        "fishing": "yes",
        "leisure": "nature_reserve",
        "name": "Youghiogheny Reservoir",
        "operator": "United States of America",
        "operator:wikidata": "Q30",
        "type": "multipolygon",
        "website": "https://dnr.maryland.gov/fisheries/Pages/hotspots/youghiogheny.aspx",
        "@geometry": "center"
      },
      "geometry": {
        "type": "Point",
        "coordinates": [
          -79.3929787,
          39.6938599
        ]
      },
      "id": "relation/13168339"
    },
    {
      "type": "Feature",
      "properties": {
        "@id": "relation/13189032",
        "boundary": "protected_area",
        "leisure": "nature_reserve",
        "name": "Mountwood Park",
        "operator": "Wood County Parks and Recreation",
        "protect_class": "5",
        "type": "multipolygon",
        "@geometry": "center"
      },
      "geometry": {
        "type": "Point",
        "coordinates": [
          -81.2954415,
          39.251419
        ]
      },
      "id": "relation/13189032"
    },
    {
      "type": "Feature",
      "properties": {
        "@id": "way/13231445",
        "boundary": "protected_area",
        "gnis:feature_id": "1208408",
        "leisure": "nature_reserve",
        "name": "State Game Lands Number 271",
        "operator": "Pennsylvania Game Commission",
        "operator:short": "PGC",
        "operator:wikidata": "Q7163731",
        "ownership": "state",
        "protected": "perpetuity",
        "protected_area": "game_land",
        "protection_title": "State Game Land",
        "ref": "271",
        "source": "http://pgcmaps.pa.gov",
        "wikidata": "Q49565759",
        "@geometry": "center"
      },
      "geometry": {
        "type": "Point",
        "coordinates": [
          -79.2684969,
          39.7754651
        ]
      },
      "id": "way/13231445"
    },
    {
      "type": "Feature",
      "properties": {
        "@id": "way/13238772",
        "boundary": "protected_area",
        "gnis:feature_id": "1193457",
        "leisure": "nature_reserve",
        "name": "State Game Lands Number 50",
        "operator": "Pennsylvania Game Commission",
        "operator:short": "PGC",
        "operator:wikidata": "Q7163731",
        "ownership": "state",
        "protected": "perpetuity",
        "protected_area": "game_land",
        "protection_title": "State Game Land",
        "ref": "50",
        "source": "http://pgcmaps.pa.gov",
        "wikidata": "Q49565851",
        "@geometry": "center"
      },
      "geometry": {
        "type": "Point",
        "coordinates": [
          -79.0636296,
          39.9619525
        ]
      },
      "id": "way/13238772"
    },
    {
      "type": "Feature",
      "properties": {
        "@id": "way/13238961",
        "boundary": "protected_area",
        "gnis:feature_id": "1193446",
        "leisure": "nature_reserve",
        "name": "State Game Lands Number 231",
        "operator": "Pennsylvania Game Commission",
        "operator:short": "PGC",
        "operator:wikidata": "Q7163731",
        "ownership": "state",
        "protected": "perpetuity",
        "protected_area": "game_land",
        "protection_title": "State Game Land",
        "ref": "231",
        "source": "http://pgcmaps.pa.gov",
        "wikidata": "Q49565666",
        "@geometry": "center"
      },
      "geometry": {
        "type": "Point",
        "coordinates": [
          -79.0254796,
          39.7649665
        ]
      },
      "id": "way/13238961"
    },
    {
      "type": "Feature",
      "properties": {
        "@id": "relation/13274897",
        "boundary": "protected_area",
        "gnis:feature_id": "1711172",
        "leisure": "nature_reserve",
        "name": "Swallow Falls State Park",
        "operator": "Maryland Park Service",
        "operator:wikidata": "Q6781308",
        "owner": "Maryland Department of Natural Resources Maryland Park Service",
        "ownership": "state",
        "protect_class": "3",
        "protected": "perpetuity",
        "protection_title": "State Park",
        "type": "multipolygon",
        "website": "https://dnr.maryland.gov/publiclands/pages/western/swallowfalls.aspx",
        "wikidata": "Q7653098",
        "wikipedia": "en:Swallow Falls State Park",
        "@geometry": "center"
      },
      "geometry": {
        "type": "Point",
        "coordinates": [
          -79.4228906,
          39.498373
        ]
      },
      "id": "relation/13274897"
    },
    {
      "type": "Feature",
      "properties": {
        "@id": "relation/13275029",
        "boundary": "protected_area",
        "leisure": "nature_reserve",
        "name": "Garrett State Forest Piney Mountain, Snaggy Mountain, Hutton Areas",
        "operator": "Maryland Forest Service",
        "protected_area": "forest_reserve",
        "type": "multipolygon",
        "@geometry": "center"
      },
      "geometry": {
        "type": "Point",
        "coordinates": [
          -79.4484201,
          39.4993404
        ]
      },
      "id": "relation/13275029"
    },
    {
      "type": "Feature",
      "properties": {
        "@id": "relation/13275030",
        "boundary": "protected_area",
        "leisure": "nature_reserve",
        "name": "Potomac State Forest Backbone Area",
        "operator": "Maryland Forest Service",
        "operator:type": "public",
        "operator:wikidata": "Q6781326",
        "owner": "Maryland Department of Natural Resources",
        "ownership": "state",
        "protected_area": "forest_reserve",
        "type": "multipolygon",
        "@geometry": "center"
      },
      "geometry": {
        "type": "Point",
        "coordinates": [
          -79.2143215,
          39.4325111
        ]
      },
      "id": "relation/13275030"
    },
    {
      "type": "Feature",
      "properties": {
        "@id": "relation/13576492",
        "leisure": "nature_reserve",
        "type": "multipolygon",
        "@geometry": "center"
      },
      "geometry": {
        "type": "Point",
        "coordinates": [
          -78.7695949,
          39.633836
        ]
      },
      "id": "relation/13576492"
    },
    {
      "type": "Feature",
      "properties": {
        "@id": "relation/13576493",
        "leisure": "nature_reserve",
        "type": "multipolygon",
        "@geometry": "center"
      },
      "geometry": {
        "type": "Point",
        "coordinates": [
          -78.7729912,
          39.6281273
        ]
      },
      "id": "relation/13576493"
    },
    {
      "type": "Feature",
      "properties": {
        "@id": "relation/13576495",
        "leisure": "nature_reserve",
        "type": "multipolygon",
        "@geometry": "center"
      },
      "geometry": {
        "type": "Point",
        "coordinates": [
          -78.7724242,
          39.6319278
        ]
      },
      "id": "relation/13576495"
    },
    {
      "type": "Feature",
      "properties": {
        "@id": "relation/13576496",
        "leisure": "nature_reserve",
        "type": "multipolygon",
        "@geometry": "center"
      },
      "geometry": {
        "type": "Point",
        "coordinates": [
          -78.7699985,
          39.6217583
        ]
      },
      "id": "relation/13576496"
    },
    {
      "type": "Feature",
      "properties": {
        "@id": "relation/13934632",
        "boundary": "protected_area",
        "leisure": "nature_reserve",
        "name": "Powdermill Nature Reserve",
        "owner": "Carnegie Institute",
        "type": "multipolygon",
        "@geometry": "center"
      },
      "geometry": {
        "type": "Point",
        "coordinates": [
          -79.2678784,
          40.1482865
        ]
      },
      "id": "relation/13934632"
    },
    {
      "type": "Feature",
      "properties": {
        "@id": "relation/13957312",
        "leisure": "nature_reserve",
        "name": "James River State Park",
        "type": "multipolygon",
        "website": "https://www.dcr.virginia.gov/state-parks/james-river",
        "wikidata": "Q6142163",
        "@geometry": "center"
      },
      "geometry": {
        "type": "Point",
        "coordinates": [
          -78.797887,
          37.6265471
        ]
      },
      "id": "relation/13957312"
    },
    {
      "type": "Feature",
      "properties": {
        "@id": "relation/14014124",
        "addr:city": "Logan",
        "addr:housenumber": "31893",
        "addr:postcode": "43138",
        "addr:state": "OH",
        "addr:street": "Beach Camp Road",
        "leisure": "nature_reserve",
        "name": "Boch Hollow State Nature Preserve",
        "operator": "Ohio Department of Natural Resources",
        "operator:short": "ODNR",
        "operator:type": "government",
        "operator:wikidata": "Q7080799",
        "pets_allowed": "no",
        "toilets": "no",
        "type": "multipolygon",
        "website": "https://ohiodnr.gov/go-and-do/plan-a-visit/find-a-property/boch-hollow-state-nature-preserve",
        "@geometry": "center"
      },
      "geometry": {
        "type": "Point",
        "coordinates": [
          -82.4153633,
          39.6255111
        ]
      },
      "id": "relation/14014124"
    },
    {
      "type": "Feature",
      "properties": {
        "@id": "relation/14016026",
        "leisure": "nature_reserve",
        "operator": "Allegheny Land Trust",
        "type": "multipolygon",
        "@geometry": "center"
      },
      "geometry": {
        "type": "Point",
        "coordinates": [
          -80.1154212,
          40.5784166
        ]
      },
      "id": "relation/14016026"
    },
    {
      "type": "Feature",
      "properties": {
        "@id": "relation/14032027",
        "addr:city": "Natural Bridge",
        "addr:housenumber": "6477",
        "addr:postcode": "24578",
        "addr:state": "VA",
        "addr:street": "South Lee Highway",
        "leisure": "nature_reserve",
        "name": "Natural Bridge State Park",
        "opening_hours": "09:00-sunset",
        "operator": "Virginia Department of Conservation and Recreation",
        "type": "multipolygon",
        "website": "http://www.dcr.virginia.gov/state-parks/natural-bridge#general_information",
        "@geometry": "center"
      },
      "geometry": {
        "type": "Point",
        "coordinates": [
          -79.5424433,
          37.6339873
        ]
      },
      "id": "relation/14032027"
    },
    {
      "type": "Feature",
      "properties": {
        "@id": "relation/14085410",
        "leisure": "nature_reserve",
        "name": "Appalachia Ohio Alliance Demonstration Area",
        "operator": "Appalachia Ohio Alliance",
        "type": "multipolygon",
        "website": "https://www.appalachiaohioalliance.org/conservation/aoa-demonstration-site",
        "@geometry": "center"
      },
      "geometry": {
        "type": "Point",
        "coordinates": [
          -82.5384258,
          39.5872783
        ]
      },
      "id": "relation/14085410"
    },
    {
      "type": "Feature",
      "properties": {
        "@id": "relation/14213430",
        "access": "no",
        "leisure": "nature_reserve",
        "name": "Woodmont Lodge",
        "type": "multipolygon",
        "@geometry": "center"
      },
      "geometry": {
        "type": "Point",
        "coordinates": [
          -78.3001866,
          39.6362565
        ]
      },
      "id": "relation/14213430"
    },
    {
      "type": "Feature",
      "properties": {
        "@id": "relation/14213435",
        "access": "no",
        "access:conditional": "yes@Apr 1-Sep 30",
        "description": "Subsection of Woodmont that is only open to the public April 1 to Sept 30",
        "leisure": "nature_reserve",
        "name": "Woodmont Restricted Use Parcel",
        "operator": "Maryland Department of Natural Resources",
        "type": "multipolygon",
        "website": "https://dnr.maryland.gov/publiclands/Pages/western/Woodmont/Limited-Use-Parcel.aspx",
        "@geometry": "center"
      },
      "geometry": {
        "type": "Point",
        "coordinates": [
          -78.3046494,
          39.6477262
        ]
      },
      "id": "relation/14213435"
    },
    {
      "type": "Feature",
      "properties": {
        "@id": "relation/14213436",
        "boundary": "protected_area",
        "leisure": "nature_reserve",
        "name": "Woodmont Natural Resource Management Area",
        "operator": "Maryland Park Service",
        "operator:wikidata": "Q6781308",
        "owner": "Maryland Department of Natural Resources Maryland Park Service",
        "ownership": "state",
        "protect_class": "5",
        "protected": "perpetuity",
        "protection_title": "Natural Resource Management Area",
        "type": "multipolygon",
        "website": "https://dnr.maryland.gov/publiclands/Pages/western/woodmont.aspx",
        "@geometry": "center"
      },
      "geometry": {
        "type": "Point",
        "coordinates": [
          -78.3002438,
          39.6625827
        ]
      },
      "id": "relation/14213436"
    },
    {
      "type": "Feature",
      "properties": {
        "@id": "way/14325963",
        "boundary": "protected_area",
        "gnis:feature_id": "1208334",
        "leisure": "nature_reserve",
        "name": "State Game Lands Number 261",
        "operator": "Pennsylvania Game Commission",
        "operator:short": "PGC",
        "operator:wikidata": "Q7163731",
        "ownership": "state",
        "protected": "perpetuity",
        "protected_area": "game_land",
        "protection_title": "State Game Land",
        "ref": "261",
        "source": "http://pgcmaps.pa.gov",
        "wikidata": "Q49565743",
        "wikipedia": "en:Pennsylvania State Game Lands Number 261",
        "@geometry": "center"
      },
      "geometry": {
        "type": "Point",
        "coordinates": [
          -78.2585131,
          40.1095108
        ]
      },
      "id": "way/14325963"
    },
    {
      "type": "Feature",
      "properties": {
        "@id": "relation/14346085",
        "boundary": "protected_area",
        "gnis:feature_id": "1553570",
        "leisure": "nature_reserve",
        "name": "Spruce Knob-Seneca Rocks National Recreation Area",
        "operator": "United States Forest Service",
        "operator:short": "USFS",
        "operator:type": "public",
        "operator:wikidata": "Q1891156",
        "ownership": "national",
        "protect_class": "5",
        "protected": "perpetuity",
        "protection_title": "National Recreation Area",
        "type": "boundary",
        "wikidata": "Q7581417",
        "wikipedia": "en:Spruce Knob–Seneca Rocks National Recreation Area",
        "@geometry": "center"
      },
      "geometry": {
        "type": "Point",
        "coordinates": [
          -79.374091,
          38.8432143
        ]
      },
      "id": "relation/14346085"
    },
    {
      "type": "Feature",
      "properties": {
        "@id": "relation/14440069",
        "alt_name": "Belmont Lake State Reserve",
        "ele": "349",
        "gnis:feature_id": "1060861",
        "leisure": "nature_reserve",
        "name": "Barkcamp State Park",
        "operator": "Ohio State Parks & Watercraft",
        "operator:type": "public",
        "operator:wikidata": "Q109319662",
        "type": "multipolygon",
        "wikidata": "Q4860917",
        "wikipedia": "en:Barkcamp State Park",
        "@geometry": "center"
      },
      "geometry": {
        "type": "Point",
        "coordinates": [
          -81.0179471,
          40.0396138
        ]
      },
      "id": "relation/14440069"
    },
    {
      "type": "Feature",
      "properties": {
        "@id": "relation/14870070",
        "addr:city": "Swanton",
        "addr:housenumber": "10368",
        "addr:postcode": "21561",
        "addr:state": "MD",
        "addr:street": "Savage River Road",
        "boundary": "protected_area",
        "gnis:feature_id": "1711033",
        "leisure": "nature_reserve",
        "name": "Big Run State Park",
        "operator": "Maryland Department of Natural Resources, Maryland Park Service",
        "operator:type": "public",
        "operator:wikidata": "Q110072482",
        "owner": "Maryland Department of Natural Resources",
        "ownership": "state",
        "protect_class": "5",
        "protected": "perpetuity",
        "protection_title": "State Park",
        "type": "multipolygon",
        "website": "https://dnr.maryland.gov/publiclands/pages/western/bigrun.aspx",
        "wikidata": "Q4906254",
        "wikipedia": "en:Big Run State Park",
        "@geometry": "center"
      },
      "geometry": {
        "type": "Point",
        "coordinates": [
          -79.1420364,
          39.5466704
        ]
      },
      "id": "relation/14870070"
    },
    {
      "type": "Feature",
      "properties": {
        "@id": "relation/14870071",
        "boundary": "protected_area",
        "gnis:feature_id": "1713397",
        "leisure": "nature_reserve",
        "name": "Dans Mountain State Park",
        "operator": "Maryland Department of Natural Resources, Maryland Park Service",
        "operator:type": "public",
        "operator:wikidata": "Q110072482",
        "owner": "Maryland Department of Natural Resources",
        "ownership": "state",
        "protect_class": "5",
        "protected": "perpetuity",
        "protection_title": "State Park",
        "type": "multipolygon",
        "website": "https://dnr.maryland.gov/publiclands/Pages/western/dansmountain.aspx",
        "wikidata": "Q5221004",
        "wikipedia": "en:Dans Mountain State Park",
        "@geometry": "center"
      },
      "geometry": {
        "type": "Point",
        "coordinates": [
          -78.9538868,
          39.5560855
        ]
      },
      "id": "relation/14870071"
    },
    {
      "type": "Feature",
      "properties": {
        "@id": "relation/14870072",
        "boundary": "protected_area",
        "leisure": "nature_reserve",
        "name": "Wolf Den Run State Park",
        "operator": "Maryland Park Service",
        "operator:type": "public",
        "operator:wikidata": "Q110072482",
        "owner": "Maryland Department of Natural Resources",
        "ownership": "state",
        "protect_class": "5",
        "protection_title": "State Park",
        "type": "multipolygon",
        "website": "https://dnr.maryland.gov/publiclands/pages/western/wolf-den-run.aspx",
        "@geometry": "center"
      },
      "geometry": {
        "type": "Point",
        "coordinates": [
          -79.2255155,
          39.3846056
        ]
      },
      "id": "relation/14870072"
    },
    {
      "type": "Feature",
      "properties": {
        "@id": "relation/14870073",
        "addr:state": "MD",
        "boundary": "protected_area",
        "ele": "777",
        "gnis:feature_id": "583994",
        "leisure": "nature_reserve",
        "name": "Cunningham Swamp Wildlife Management Area",
        "operator": "Maryland Department of Natural Resources, Maryland Park Service",
        "operator:type": "public",
        "operator:wikidata": "Q110072482",
        "owner": "Maryland Department of Natural Resources",
        "ownership": "state",
        "protected_area": "game_land",
        "protection_title": "Wildlife Management Area",
        "type": "multipolygon",
        "website": "https://dnr.maryland.gov/wildlife/pages/publiclands/western/cunninghamswamp.aspx",
        "wikidata": "Q34662932",
        "@geometry": "center"
      },
      "geometry": {
        "type": "Point",
        "coordinates": [
          -79.2424824,
          39.5729996
        ]
      },
      "id": "relation/14870073"
    },
    {
      "type": "Feature",
      "properties": {
        "@id": "relation/14870074",
        "boundary": "protected_area",
        "leisure": "nature_reserve",
        "name": "The Glades Conservation Easement",
        "operator:type": "public",
        "ownership": "state",
        "protect_class": "5",
        "protection_title": "Conservation Easement",
        "type": "multipolygon",
        "@geometry": "center"
      },
      "geometry": {
        "type": "Point",
        "coordinates": [
          -79.2805916,
          39.5610595
        ]
      },
      "id": "relation/14870074"
    },
    {
      "type": "Feature",
      "properties": {
        "@id": "relation/14870075",
        "boundary": "protected_area",
        "description": "Conservation Easement",
        "leisure": "nature_reserve",
        "operator:type": "public",
        "owner": "Maryland Department of Natural Resources",
        "type": "multipolygon",
        "@geometry": "center"
      },
      "geometry": {
        "type": "Point",
        "coordinates": [
          -79.0240733,
          39.6376876
        ]
      },
      "id": "relation/14870075"
    },
    {
      "type": "Feature",
      "properties": {
        "@id": "relation/14870076",
        "boundary": "protected_area",
        "leisure": "nature_reserve",
        "name": "Bear Creek Hatchery Fish Management Area",
        "operator": "Maryland Department of Natural Resources, Maryland Fishing & Boating Services",
        "operator:type": "public",
        "operator:wikidata": "Q115158277",
        "owner": "Maryland Department of Natural Resources",
        "ownership": "state",
        "protect_class": "4",
        "protection_title": "Fish Management Area",
        "type": "multipolygon",
        "website": "https://dnr.maryland.gov/fisheries/recreational/hatchery/bearcreek.html",
        "@geometry": "center"
      },
      "geometry": {
        "type": "Point",
        "coordinates": [
          -79.2860334,
          39.6445794
        ]
      },
      "id": "relation/14870076"
    },
    {
      "type": "Feature",
      "properties": {
        "@id": "relation/14931921",
        "boundary": "protected_area",
        "ele": "119",
        "gnis:feature_id": "1474088",
        "leisure": "nature_reserve",
        "name": "Sailor's Creek Battlefield State Park",
        "type": "multipolygon",
        "website": "https://www.dcr.virginia.gov/state-parks/sailors-creek",
        "@geometry": "center"
      },
      "geometry": {
        "type": "Point",
        "coordinates": [
          -78.2388457,
          37.3109028
        ]
      },
      "id": "relation/14931921"
    },
    {
      "type": "Feature",
      "properties": {
        "@id": "relation/15024791",
        "boundary": "protected_area",
        "leisure": "nature_reserve",
        "name": "C.F. Phelps Wildlife Management Area",
        "natural": "wood",
        "operator": "Virginia Department of Game and Inland Fisheries",
        "operator:type": "government",
        "operator:wikidata": "Q7934240",
        "ownership": "public",
        "protect_class": "4",
        "protected_area": "game_land",
        "protection_title": "Wildlife Management Area",
        "type": "multipolygon",
        "wikidata": "Q5093549",
        "@geometry": "center"
      },
      "geometry": {
        "type": "Point",
        "coordinates": [
          -77.7640602,
          38.4548391
        ]
      },
      "id": "relation/15024791"
    },
    {
      "type": "Feature",
      "properties": {
        "@id": "relation/15429231",
        "boundary": "protected_area",
        "gnis:feature_id": "1472977",
        "leisure": "nature_reserve",
        "name": "Rapidan Wildlife Management Area",
        "operator": "Virginia Department of Game and Inland Fisheries",
        "operator:type": "government",
        "operator:wikidata": "Q7934240",
        "protected_area": "game_land",
        "protection_title": "Wildlife Management Area",
        "type": "boundary",
        "website": "https://www.dgif.virginia.gov/wma/rapidan/",
        "wikipedia": "en:Rapidan Wildlife Management Area",
        "@geometry": "center"
      },
      "geometry": {
        "type": "Point",
        "coordinates": [
          -78.4221204,
          38.4349131
        ]
      },
      "id": "relation/15429231"
    },
    {
      "type": "Feature",
      "properties": {
        "@id": "relation/15789443",
        "boundary": "protected_area",
        "leisure": "nature_reserve",
        "name": "Yellow Creek State Forest",
        "operator": "Ohio Department of Natural Resources",
        "operator:short": "ODNR",
        "operator:type": "government",
        "operator:wikidata": "Q7080799",
        "protected_area": "forest_reserve",
        "type": "multipolygon",
        "@geometry": "center"
      },
      "geometry": {
        "type": "Point",
        "coordinates": [
          -80.7988583,
          40.6368082
        ]
      },
      "id": "relation/15789443"
    },
    {
      "type": "Feature",
      "properties": {
        "@id": "relation/15789479",
        "boundary": "protected_area",
        "leisure": "nature_reserve",
        "name": "Fernwood State Forest",
        "operator": "Ohio Department of Natural Resources",
        "operator:short": "ODNR",
        "operator:type": "government",
        "operator:wikidata": "Q7080799",
        "protected_area": "forest_reserve",
        "type": "multipolygon",
        "@geometry": "center"
      },
      "geometry": {
        "type": "Point",
        "coordinates": [
          -80.7312457,
          40.3128237
        ]
      },
      "id": "relation/15789479"
    },
    {
      "type": "Feature",
      "properties": {
        "@id": "relation/16141317",
        "access": "yes",
        "alt_name": "Charles R Goslin Nature Sanctuary",
        "dog": "no",
        "ele": "350",
        "gnis:feature_id": "1806803",
        "leisure": "nature_reserve",
        "name": "Christmas Rocks Nature Preserve",
        "opening_hours": "(sunrise-00:30)-(sunset+00:30)",
        "type": "multipolygon",
        "website": "https://ohiodnr.gov/go-and-do/plan-a-visit/find-a-property/christmas-rocks-state-nature-preserve",
        "wikidata": "Q34925407",
        "@geometry": "center"
      },
      "geometry": {
        "type": "Point",
        "coordinates": [
          -82.6386306,
          39.6506253
        ]
      },
      "id": "relation/16141317"
    },
    {
      "type": "Feature",
      "properties": {
        "@id": "relation/16200272",
        "boundary": "protected_area",
        "designation": "West Virginia State Park",
        "gnis:feature_id": "1550381",
        "leisure": "nature_reserve",
        "name": "Blackwater Falls State Park",
        "type": "multipolygon",
        "wikidata": "Q2422073",
        "wikipedia": "en:Blackwater Falls State Park",
        "@geometry": "center"
      },
      "geometry": {
        "type": "Point",
        "coordinates": [
          -79.5041134,
          39.1104225
        ]
      },
      "id": "relation/16200272"
    },
    {
      "type": "Feature",
      "properties": {
        "@id": "relation/16251608",
        "boundary": "protected_area",
        "leisure": "nature_reserve",
        "name": "Sweet Run State Park",
        "operator": "Virginia Department of Conservation and Recreation",
        "operator:type": "government",
        "operator:wikidata": "Q7934237",
        "protect_class": "6",
        "type": "multipolygon",
        "website": "https://www.dcr.virginia.gov/state-parks/sweet-run",
        "wikidata": "Q124296387",
        "wikipedia": "en:Sweet Run State Park",
        "@geometry": "center"
      },
      "geometry": {
        "type": "Point",
        "coordinates": [
          -77.7355322,
          39.2878058
        ]
      },
      "id": "relation/16251608"
    },
    {
      "type": "Feature",
      "properties": {
        "@id": "way/16298423",
        "boundary": "protected_area",
        "gnis:feature_id": "1208329",
        "leisure": "nature_reserve",
        "name": "State Game Lands Number 265",
        "operator": "Pennsylvania Game Commission",
        "operator:short": "PGC",
        "operator:wikidata": "Q7163731",
        "ownership": "state",
        "protected": "perpetuity",
        "protected_area": "game_land",
        "protection_title": "State Game Land",
        "ref": "265",
        "source": "http://pgcmaps.pa.gov",
        "wikidata": "Q49565751",
        "@geometry": "center"
      },
      "geometry": {
        "type": "Point",
        "coordinates": [
          -79.4837015,
          39.777813
        ]
      },
      "id": "way/16298423"
    },
    {
      "type": "Feature",
      "properties": {
        "@id": "relation/16320724",
        "boundary": "protected_area",
        "ele": "123",
        "gnis:feature_id": "1740302",
        "leisure": "nature_reserve",
        "name": "Lake Anna State Park",
        "type": "multipolygon",
        "wikidata": "Q14712682",
        "@geometry": "center"
      },
      "geometry": {
        "type": "Point",
        "coordinates": [
          -77.8250002,
          38.1252359
        ]
      },
      "id": "relation/16320724"
    },
    {
      "type": "Feature",
      "properties": {
        "@id": "relation/16820376",
        "boundary": "protected_area",
        "leisure": "nature_reserve",
        "name": "Shenandoah Wilderness",
        "operator": "National Park Service",
        "operator:short": "NPS",
        "operator:type": "public",
        "operator:wikidata": "Q308439",
        "ownership": "national",
        "protect_class": "1a",
        "protected": "perpetuity",
        "protected_area": "wilderness_preserve",
        "protection_title": "Wilderness Area",
        "type": "multipolygon",
        "wikidata": "Q27974638",
        "@geometry": "center"
      },
      "geometry": {
        "type": "Point",
        "coordinates": [
          -78.4960061,
          38.4596918
        ]
      },
      "id": "relation/16820376"
    },
    {
      "type": "Feature",
      "properties": {
        "@id": "relation/17179320",
        "alt_name": "Shenandoah River State Park",
        "leisure": "nature_reserve",
        "name": "Raymond R. \"Andy\" Guest, Jr. Shenandoah River State Park",
        "operator": "Virginia Department of Conservation and Recreation",
        "operator:type": "public",
        "type": "multipolygon",
        "@geometry": "center"
      },
      "geometry": {
        "type": "Point",
        "coordinates": [
          -78.3026725,
          38.8522874
        ]
      },
      "id": "relation/17179320"
    },
    {
      "type": "Feature",
      "properties": {
        "@id": "relation/17619525",
        "boundary": "protected_area",
        "gnis:feature_id": "1192721",
        "leisure": "nature_reserve",
        "name": "Kooser State Park",
        "natural": "wood",
        "operator": "Pennsylvania Bureau of State Parks",
        "ownership": "state",
        "protect_class": "3",
        "protected": "perpetuity",
        "protection_title": "State Park",
        "type": "multipolygon",
        "website": "https://www.dcnr.pa.gov/StateParks/FindAPark/KooserStatePark/",
        "wikidata": "Q6430790",
        "wikipedia": "en:Kooser State Park",
        "@geometry": "center"
      },
      "geometry": {
        "type": "Point",
        "coordinates": [
          -79.2331635,
          40.0591204
        ]
      },
      "id": "relation/17619525"
    },
    {
      "type": "Feature",
      "properties": {
        "@id": "relation/17890788",
        "leisure": "nature_reserve",
        "name": "The Ridges",
        "operator": "Ohio University",
        "type": "multipolygon",
        "@geometry": "center"
      },
      "geometry": {
        "type": "Point",
        "coordinates": [
          -82.1182294,
          39.3184937
        ]
      },
      "id": "relation/17890788"
    },
    {
      "type": "Feature",
      "properties": {
        "@id": "relation/17985098",
        "access": "yes",
        "dog": "no",
        "leisure": "nature_reserve",
        "name": "Rhododendron Cove State Nature Preserve",
        "operator": "Ohio Department of Natural Resources",
        "operator:short": "ODNR",
        "panoramax": "3a9e4caa-b4a9-4700-859e-a4bff31b5920",
        "panoramax:0": "d17dfcc8-2dc6-4317-bbd6-9205bf917bde",
        "type": "multipolygon",
        "website": "https://ohiodnr.gov/go-and-do/plan-a-visit/find-a-property/rhododendron-cove-state-nature-preserve",
        "wikidata": "Q59506625",
        "@geometry": "center"
      },
      "geometry": {
        "type": "Point",
        "coordinates": [
          -82.5626569,
          39.6353202
        ]
      },
      "id": "relation/17985098"
    },
    {
      "type": "Feature",
      "properties": {
        "@id": "relation/18231209",
        "leisure": "nature_reserve",
        "name": "Baker Preserve",
        "operator": "The Athens Conservancy",
        "type": "multipolygon",
        "website": "https://www.athensconservancy.org/baker-preserve/",
        "@geometry": "center"
      },
      "geometry": {
        "type": "Point",
        "coordinates": [
          -81.9965324,
          39.332039
        ]
      },
      "id": "relation/18231209"
    },
    {
      "type": "Feature",
      "properties": {
        "@id": "relation/18298778",
        "boundary": "protected_area",
        "leisure": "nature_reserve",
        "name": "New River Gorge National Preserve",
        "operator": "National Park Service",
        "operator:short": "NPS",
        "operator:type": "public",
        "operator:wikidata": "Q308439",
        "ownership": "national",
        "protected": "perpetuity",
        "protection_title": "National Preserve",
        "source": "https://www.energy.senate.gov/services/files/1BCCAB5A-4B07-49D9-AA2D-525E84458195",
        "type": "boundary",
        "website": "https://www.nps.gov/neri/",
        "wikidata": "Q131274239",
        "wikipedia": "en:New River Gorge National Preserve",
        "@geometry": "center"
      },
      "geometry": {
        "type": "Point",
        "coordinates": [
          -81.0063433,
          37.8752219
        ]
      },
      "id": "relation/18298778"
    },
    {
      "type": "Feature",
      "properties": {
        "@id": "relation/18298779",
        "boundary": "protected_area",
        "hunting": "no",
        "leisure": "nature_reserve",
        "name": "New River Gorge National Park",
        "network": "National Parks of the United States",
        "network:wikidata": "Q34918903",
        "operator": "National Park Service",
        "operator:short": "NPS",
        "operator:type": "public",
        "operator:wikidata": "Q308439",
        "ownership": "national",
        "protect_class": "2",
        "protected": "perpetuity",
        "protected_area": "national_park",
        "protection_title": "National Park",
        "source": "https://www.energy.senate.gov/services/files/1BCCAB5A-4B07-49D9-AA2D-525E84458195",
        "type": "boundary",
        "website": "https://www.nps.gov/neri/",
        "wikidata": "Q131274238",
        "@geometry": "center"
      },
      "geometry": {
        "type": "Point",
        "coordinates": [
          -81.0169339,
          37.9368817
        ]
      },
      "id": "relation/18298779"
    },
    {
      "type": "Feature",
      "properties": {
        "@id": "relation/18311640",
        "leisure": "nature_reserve",
        "name": "McNeilly Park",
        "type": "multipolygon",
        "@geometry": "center"
      },
      "geometry": {
        "type": "Point",
        "coordinates": [
          -80.0217333,
          40.3852533
        ]
      },
      "id": "relation/18311640"
    },
    {
      "type": "Feature",
      "properties": {
        "@id": "relation/18438922",
        "addr:city": "Appomattox",
        "addr:country": "US",
        "addr:housenumber": "2759",
        "addr:postcode": "24522",
        "addr:state": "VA",
        "addr:street": "State Park Road",
        "ele": "170",
        "email": "hollidaylake@dcr.virginia.gov",
        "gnis:feature_id": "1497259",
        "leisure": "nature_reserve",
        "name": "Holliday Lake State Park",
        "opening_hours": "08:00-sunset",
        "operator": "Virginia Department of Conservation and Recreation",
        "operator:type": "public",
        "phone": "+1 434 248 6308",
        "type": "multipolygon",
        "website": "https://www.dcr.virginia.gov/state-parks/holliday-lake",
        "wikidata": "Q5881346",
        "wikipedia": "en:Holliday Lake State Park",
        "@geometry": "center"
      },
      "geometry": {
        "type": "Point",
        "coordinates": [
          -78.6369084,
          37.3980975
        ]
      },
      "id": "relation/18438922"
    },
    {
      "type": "Feature",
      "properties": {
        "@id": "relation/18581373",
        "boundary": "protected_area",
        "description": "gently rolling hills to very steep slopes in the Cheat River canyon primarily covered by oak-hickory and cove hardwoods with scattered clearings and gas well locations Hunting Prospects: deer, grouse, raccoon, squirrel and turkey",
        "leisure": "nature_reserve",
        "name": "Snake Hill Wildlife Management Area",
        "opening_hours": "sunrise-sunset",
        "operator": "State of West Virginia",
        "protect_class": "5",
        "protected_area": "game_land",
        "protection_title": "Wildlife Management Area",
        "type": "multipolygon",
        "wikidata": "Q7547013",
        "wikipedia": "en:Snake Hill Wildlife Management Area",
        "@geometry": "center"
      },
      "geometry": {
        "type": "Point",
        "coordinates": [
          -79.8008132,
          39.6180041
        ]
      },
      "id": "relation/18581373"
    },
    {
      "type": "Feature",
      "properties": {
        "@id": "relation/18591700",
        "boundary": "protected_area",
        "ele": "834",
        "gnis:feature_id": "1168548",
        "leisure": "nature_reserve",
        "name": "Babcock Division",
        "old_name": "Babcock State Forest",
        "type": "multipolygon",
        "wikidata": "Q49325483",
        "@geometry": "center"
      },
      "geometry": {
        "type": "Point",
        "coordinates": [
          -78.7282891,
          40.2353359
        ]
      },
      "id": "relation/18591700"
    },
    {
      "type": "Feature",
      "properties": {
        "@id": "relation/18591701",
        "boundary": "protected_area",
        "leisure": "nature_reserve",
        "name": "Rager Mountain Division",
        "type": "multipolygon",
        "@geometry": "center"
      },
      "geometry": {
        "type": "Point",
        "coordinates": [
          -78.9340237,
          40.4085266
        ]
      },
      "id": "relation/18591701"
    },
    {
      "type": "Feature",
      "properties": {
        "@id": "relation/18665255",
        "boundary": "protected_area",
        "leisure": "nature_reserve",
        "name": "Consol Energy Powhatan Point Hunting Area",
        "protected_area": "game_land",
        "type": "multipolygon",
        "@geometry": "center"
      },
      "geometry": {
        "type": "Point",
        "coordinates": [
          -80.8419052,
          39.8006587
        ]
      },
      "id": "relation/18665255"
    },
    {
      "type": "Feature",
      "properties": {
        "@id": "relation/18846796",
        "leisure": "nature_reserve",
        "name": "Fairhaven Greenway",
        "type": "multipolygon",
        "@geometry": "center"
      },
      "geometry": {
        "type": "Point",
        "coordinates": [
          -79.9981104,
          40.3781761
        ]
      },
      "id": "relation/18846796"
    },
    {
      "type": "Feature",
      "properties": {
        "@id": "relation/18948684",
        "leisure": "nature_reserve",
        "name": "Duquesne Heights Greenway",
        "type": "multipolygon",
        "@geometry": "center"
      },
      "geometry": {
        "type": "Point",
        "coordinates": [
          -80.0235154,
          40.4353623
        ]
      },
      "id": "relation/18948684"
    },
    {
      "type": "Feature",
      "properties": {
        "@id": "relation/19034179",
        "boundary": "protected_area",
        "landuse": "forest",
        "leisure": "nature_reserve",
        "name": "Observatory Hill Hollows Greenway",
        "natural": "wood",
        "type": "boundary",
        "@geometry": "center"
      },
      "geometry": {
        "type": "Point",
        "coordinates": [
          -80.0266362,
          40.4915932
        ]
      },
      "id": "relation/19034179"
    },
    {
      "type": "Feature",
      "properties": {
        "@id": "relation/19244875",
        "ele": "273",
        "gnis:feature_id": "1052297",
        "leisure": "nature_reserve",
        "name": "Cranberry Bog State Nature Preserve",
        "type": "multipolygon",
        "@geometry": "center"
      },
      "geometry": {
        "type": "Point",
        "coordinates": [
          -82.4669804,
          39.9314584
        ]
      },
      "id": "relation/19244875"
    },
    {
      "type": "Feature",
      "properties": {
        "@id": "relation/19423591",
        "leisure": "nature_reserve",
        "name": "Brookside Park",
        "type": "multipolygon",
        "@geometry": "center"
      },
      "geometry": {
        "type": "Point",
        "coordinates": [
          -80.0567114,
          40.3303986
        ]
      },
      "id": "relation/19423591"
    },
    {
      "type": "Feature",
      "properties": {
        "@id": "relation/19579427",
        "boundary": "protected_area",
        "leisure": "nature_reserve",
        "name": "Bear Rocks Preserve",
        "operator": "The Nature Conservancy",
        "operator:short": "TNC",
        "operator:type": "private",
        "operator:wikidata": "Q1813186",
        "protect_class": "5",
        "type": "boundary",
        "@geometry": "center"
      },
      "geometry": {
        "type": "Point",
        "coordinates": [
          -79.2994753,
          39.0791521
        ]
      },
      "id": "relation/19579427"
    },
    {
      "type": "Feature",
      "properties": {
        "@id": "relation/19594487",
        "leisure": "nature_reserve",
        "name": "Northern Tuscarawas Land Trust",
        "operator": "Camp Tuscazoar Foundation",
        "operator:type": "private",
        "type": "multipolygon",
        "website": "https://tuscazoar.org/ntlt/",
        "@geometry": "center"
      },
      "geometry": {
        "type": "Point",
        "coordinates": [
          -81.4213974,
          40.5463271
        ]
      },
      "id": "relation/19594487"
    },
    {
      "type": "Feature",
      "properties": {
        "@id": "relation/19610710",
        "boundary": "protected_area",
        "leisure": "nature_reserve",
        "name": "Waterloo State Wildlife Management Area",
        "protected_area": "game_land",
        "type": "multipolygon",
        "@geometry": "center"
      },
      "geometry": {
        "type": "Point",
        "coordinates": [
          -82.2737116,
          39.3473831
        ]
      },
      "id": "relation/19610710"
    },
    {
      "type": "Feature",
      "properties": {
        "@id": "relation/19610711",
        "Division": "Parks",
        "alt_name": "Lake Hope",
        "gnis:feature_id": "1085201",
        "leisure": "nature_reserve",
        "name": "Lake Hope State Park",
        "operator": "Ohio Department of Natural Resources (ODNR)",
        "type": "multipolygon",
        "wikidata": "Q6476213",
        "@geometry": "center"
      },
      "geometry": {
        "type": "Point",
        "coordinates": [
          -82.3544102,
          39.3377963
        ]
      },
      "id": "relation/19610711"
    },
    {
      "type": "Feature",
      "properties": {
        "@id": "way/19754274",
        "boundary": "protected_area",
        "gnis:feature_id": "1990205",
        "leisure": "nature_reserve",
        "name": "State Game Lands Number 117",
        "operator": "Pennsylvania Game Commission",
        "operator:short": "PGC",
        "operator:wikidata": "Q7163731",
        "ownership": "state",
        "protected": "perpetuity",
        "protected_area": "game_land",
        "protection_title": "State Game Land",
        "ref": "117",
        "source": "http://pgcmaps.pa.gov",
        "wikidata": "Q49565449",
        "@geometry": "center"
      },
      "geometry": {
        "type": "Point",
        "coordinates": [
          -80.4001647,
          40.4058352
        ]
      },
      "id": "way/19754274"
    },
    {
      "type": "Feature",
      "properties": {
        "@id": "relation/20029796",
        "addr:city": "Rice",
        "addr:housenumber": "1466",
        "addr:postcode": "23966",
        "addr:state": "VA",
        "addr:street": "Camp Paradise Road",
        "leisure": "nature_reserve",
        "name": "High Bridge Trail State Park",
        "opening_hours": "sunrise-dusk",
        "operator": "Virginia Department of Conservation and Recreation",
        "operator:short": "DCR",
        "operator:type": "government",
        "type": "multipolygon",
        "website": "https://www.dcr.virginia.gov/state-parks/high-bridge-trail",
        "wikidata": "Q5754970",
        "wikipedia": "en:High Bridge Trail State Park",
        "@geometry": "center"
      },
      "geometry": {
        "type": "Point",
        "coordinates": [
          -78.4540822,
          37.2624498
        ]
      },
      "id": "relation/20029796"
    },
    {
      "type": "Feature",
      "properties": {
        "@id": "relation/20291342",
        "addr:city": "Athens",
        "addr:housenumber": "PO Box 2281",
        "addr:postcode": "45701-5218",
        "addr:state": "OH",
        "leisure": "nature_reserve",
        "name": "The Plains Preserve",
        "operator": "Athens Conservancy",
        "operator:type": "private_non_profit",
        "type": "multipolygon",
        "website": "https://www.athensconservancy.org/the-plains-preserve/",
        "@geometry": "center"
      },
      "geometry": {
        "type": "Point",
        "coordinates": [
          -82.1219915,
          39.3662135
        ]
      },
      "id": "relation/20291342"
    },
    {
      "type": "Feature",
      "properties": {
        "@id": "relation/20294445",
        "alt_name": "Highlandtown",
        "boundary": "protected_area",
        "leisure": "nature_reserve",
        "name": "Highlandtown Wildlife Area",
        "operator": "Ohio Department of Natural Resources",
        "operator:short": "ODNR",
        "operator:type": "government",
        "operator:wikidata": "Q7080799",
        "type": "multipolygon",
        "@geometry": "center"
      },
      "geometry": {
        "type": "Point",
        "coordinates": [
          -80.7775014,
          40.6510016
        ]
      },
      "id": "relation/20294445"
    },
    {
      "type": "Feature",
      "properties": {
        "@id": "relation/20294447",
        "boundary": "protected_area",
        "hunting": "yes",
        "leisure": "nature_reserve",
        "name": "Brush Creek Wildlife Area",
        "operator": "Ohio Department of Natural Resources",
        "operator:short": "ODNR",
        "operator:type": "government",
        "operator:wikidata": "Q7080799",
        "type": "multipolygon",
        "@geometry": "center"
      },
      "geometry": {
        "type": "Point",
        "coordinates": [
          -80.7981573,
          40.5631059
        ]
      },
      "id": "relation/20294447"
    },
    {
      "type": "Feature",
      "properties": {
        "@id": "relation/20458308",
        "boundary": "protected_area",
        "gnis:feature_id": "1050612",
        "leisure": "nature_reserve",
        "name": "Veto Lake Wildlife Area",
        "opening_hours": "sunrise-sunset",
        "operator": "Ohio Division of Wildlife",
        "operator:type": "government",
        "protected_area": "game_land",
        "type": "multipolygon",
        "wikidata": "Q49574898",
        "@geometry": "center"
      },
      "geometry": {
        "type": "Point",
        "coordinates": [
          -81.6659956,
          39.3512627
        ]
      },
      "id": "relation/20458308"
    },
    {
      "type": "Feature",
      "properties": {
        "@id": "relation/20818139",
        "leisure": "nature_reserve",
        "name": "Perry South Greenway",
        "type": "multipolygon",
        "@geometry": "center"
      },
      "geometry": {
        "type": "Point",
        "coordinates": [
          -80.0171258,
          40.4637168
        ]
      },
      "id": "relation/20818139"
    },
    {
      "type": "Feature",
      "properties": {
        "@id": "relation/20818606",
        "leisure": "nature_reserve",
        "name": "Bigelow Greenway",
        "type": "multipolygon",
        "@geometry": "center"
      },
      "geometry": {
        "type": "Point",
        "coordinates": [
          -79.9707068,
          40.4528589
        ]
      },
      "id": "relation/20818606"
    },
    {
      "type": "Feature",
      "properties": {
        "@id": "relation/20822197",
        "leisure": "nature_reserve",
        "name": "Spring Hill / Spring Garden Greenway",
        "type": "multipolygon",
        "@geometry": "center"
      },
      "geometry": {
        "type": "Point",
        "coordinates": [
          -79.9934384,
          40.4687234
        ]
      },
      "id": "relation/20822197"
    },
    {
      "type": "Feature",
      "properties": {
        "@id": "relation/20822202",
        "leisure": "nature_reserve",
        "name": "Allegheny River Greenway",
        "type": "multipolygon",
        "@geometry": "center"
      },
      "geometry": {
        "type": "Point",
        "coordinates": [
          -79.9361651,
          40.4857803
        ]
      },
      "id": "relation/20822202"
    },
    {
      "type": "Feature",
      "properties": {
        "@id": "relation/20822427",
        "leisure": "nature_reserve",
        "name": "Nine Mile Run Greenway",
        "source": "bing;http://prodp.neod.opendata.arcgis.com/datasets/9340acf895cd4feaa46275f13256755f_0",
        "type": "multipolygon",
        "@geometry": "center"
      },
      "geometry": {
        "type": "Point",
        "coordinates": [
          -79.9168091,
          40.4229725
        ]
      },
      "id": "relation/20822427"
    },
    {
      "type": "Feature",
      "properties": {
        "@id": "way/40151277",
        "leisure": "nature_reserve",
        "name": "Featherfin",
        "operator": "Virginia Department of Game and Inland Fisheries",
        "@geometry": "center"
      },
      "geometry": {
        "type": "Point",
        "coordinates": [
          -78.556776,
          37.3552038
        ]
      },
      "id": "way/40151277"
    },
    {
      "type": "Feature",
      "properties": {
        "@id": "way/40151351",
        "leisure": "nature_reserve",
        "name": "Horsepen Lake",
        "operator": "Virginia Department of Game and Inland Fisheries",
        "@geometry": "center"
      },
      "geometry": {
        "type": "Point",
        "coordinates": [
          -78.55364,
          37.5226837
        ]
      },
      "id": "way/40151351"
    },
    {
      "type": "Feature",
      "properties": {
        "@id": "way/40151358",
        "leisure": "nature_reserve",
        "name": "Red Bud Run",
        "operator": "Virginia Department of Game and Inland Fisheries",
        "@geometry": "center"
      },
      "geometry": {
        "type": "Point",
        "coordinates": [
          -78.0952071,
          39.1887334
        ]
      },
      "id": "way/40151358"
    },
    {
      "type": "Feature",
      "properties": {
        "@id": "way/40151363",
        "leisure": "nature_reserve",
        "name": "Featherfin",
        "operator": "Virginia Department of Game and Inland Fisheries",
        "@geometry": "center"
      },
      "geometry": {
        "type": "Point",
        "coordinates": [
          -78.5530246,
          37.3601553
        ]
      },
      "id": "way/40151363"
    },
    {
      "type": "Feature",
      "properties": {
        "@id": "way/40151364",
        "boundary": "protected_area",
        "ele": "97",
        "gnis:feature_id": "1462441",
        "leisure": "nature_reserve",
        "name": "Amelia Wildlife Management Area",
        "operator": "Virginia Department of Game and Inland Fisheries",
        "operator:type": "government",
        "operator:wikidata": "Q7934240",
        "protected_area": "game_land",
        "protection_title": "Wildlife Management Area",
        "@geometry": "center"
      },
      "geometry": {
        "type": "Point",
        "coordinates": [
          -77.913504,
          37.4641048
        ]
      },
      "id": "way/40151364"
    },
    {
      "type": "Feature",
      "properties": {
        "@id": "way/40151366",
        "leisure": "nature_reserve",
        "name": "Hardware River",
        "operator": "Virginia Department of Game and Inland Fisheries",
        "@geometry": "center"
      },
      "geometry": {
        "type": "Point",
        "coordinates": [
          -78.3960507,
          37.7390554
        ]
      },
      "id": "way/40151366"
    },
    {
      "type": "Feature",
      "properties": {
        "@id": "way/40151368",
        "leisure": "nature_reserve",
        "name": "Featherfin",
        "operator": "Virginia Department of Game and Inland Fisheries",
        "@geometry": "center"
      },
      "geometry": {
        "type": "Point",
        "coordinates": [
          -78.5740203,
          37.3563316
        ]
      },
      "id": "way/40151368"
    },
    {
      "type": "Feature",
      "properties": {
        "@id": "way/40151373",
        "boundary": "protected_area",
        "leisure": "nature_reserve",
        "name": "Havens Wildlife Management Area",
        "operator": "Virginia Department of Wildlife Resources",
        "protected_area": "game_land",
        "protection_title": "Wildlife Management Area",
        "@geometry": "center"
      },
      "geometry": {
        "type": "Point",
        "coordinates": [
          -80.1298753,
          37.3263027
        ]
      },
      "id": "way/40151373"
    },
    {
      "type": "Feature",
      "properties": {
        "@id": "way/40151393",
        "leisure": "nature_reserve",
        "name": "Hardware River",
        "operator": "Virginia Department of Game and Inland Fisheries",
        "@geometry": "center"
      },
      "geometry": {
        "type": "Point",
        "coordinates": [
          -78.3895414,
          37.7391336
        ]
      },
      "id": "way/40151393"
    },
    {
      "type": "Feature",
      "properties": {
        "@id": "way/40151425",
        "boundary": "protected_area",
        "leisure": "nature_reserve",
        "name": "Goshen-Little North Mountain Wildlife Management Area",
        "operator": "Virginia Department of Game and Inland Fisheries",
        "operator:type": "government",
        "operator:wikidata": "Q7934240",
        "protected_area": "game_land",
        "protection_title": "Wildlife Management Area",
        "@geometry": "center"
      },
      "geometry": {
        "type": "Point",
        "coordinates": [
          -79.5101011,
          37.9262097
        ]
      },
      "id": "way/40151425"
    },
    {
      "type": "Feature",
      "properties": {
        "@id": "way/40151445",
        "leisure": "nature_reserve",
        "name": "Amelia",
        "operator": "Virginia Department of Game and Inland Fisheries",
        "@geometry": "center"
      },
      "geometry": {
        "type": "Point",
        "coordinates": [
          -77.8824372,
          37.4473768
        ]
      },
      "id": "way/40151445"
    },
    {
      "type": "Feature",
      "properties": {
        "@id": "way/40151446",
        "boundary": "protected_area",
        "ele": "102",
        "gnis:feature_id": "1467737",
        "leisure": "nature_reserve",
        "name": "Hardware River State Wildlife Management Area",
        "operator": "Virginia Department of Game and Inland Fisheries",
        "operator:type": "government",
        "operator:wikidata": "Q7934240",
        "protected_area": "game_land",
        "protection_title": "Wildlife Management Area",
        "@geometry": "center"
      },
      "geometry": {
        "type": "Point",
        "coordinates": [
          -78.4234349,
          37.7521056
        ]
      },
      "id": "way/40151446"
    },
    {
      "type": "Feature",
      "properties": {
        "@id": "way/40151448",
        "leisure": "nature_reserve",
        "name": "Lake Robertson",
        "operator": "Virginia Department of Game and Inland Fisheries",
        "@geometry": "center"
      },
      "geometry": {
        "type": "Point",
        "coordinates": [
          -79.6133389,
          37.8072681
        ]
      },
      "id": "way/40151448"
    },
    {
      "type": "Feature",
      "properties": {
        "@id": "way/122890600",
        "leisure": "nature_reserve",
        "@geometry": "center"
      },
      "geometry": {
        "type": "Point",
        "coordinates": [
          -77.8625077,
          39.1455668
        ]
      },
      "id": "way/122890600"
    },
    {
      "type": "Feature",
      "properties": {
        "@id": "way/135097820",
        "leisure": "nature_reserve",
        "natural": "wood",
        "owner": "City of Cumberland",
        "source": "USGS Ortho",
        "@geometry": "center"
      },
      "geometry": {
        "type": "Point",
        "coordinates": [
          -78.7683469,
          39.6203611
        ]
      },
      "id": "way/135097820"
    },
    {
      "type": "Feature",
      "properties": {
        "@id": "way/135275054",
        "boundary": "protected_area",
        "leisure": "nature_reserve",
        "name": "Mint Springs Valley Park",
        "source": "Alblemarle County GIS data",
        "@geometry": "center"
      },
      "geometry": {
        "type": "Point",
        "coordinates": [
          -78.7346132,
          38.0853206
        ]
      },
      "id": "way/135275054"
    },
    {
      "type": "Feature",
      "properties": {
        "@id": "way/135324873",
        "leisure": "nature_reserve",
        "name": "Patricia Ann Byrom Forest Preserve Park",
        "source": "Albemarle County GIS data",
        "@geometry": "center"
      },
      "geometry": {
        "type": "Point",
        "coordinates": [
          -78.6576348,
          38.225978
        ]
      },
      "id": "way/135324873"
    },
    {
      "type": "Feature",
      "properties": {
        "@id": "way/137366820",
        "boundary": "protected_area",
        "designation": "Ivy Creek Natural Area",
        "ele": "148",
        "gnis:feature_id": "1675284",
        "leisure": "nature_reserve",
        "name": "Ivy Creek Natural Area",
        "source": "Taken from Albemarle GIS data (from county owned land parcels)",
        "website": "https://ivycreekfoundation.org/",
        "@geometry": "center"
      },
      "geometry": {
        "type": "Point",
        "coordinates": [
          -78.496154,
          38.0935846
        ]
      },
      "id": "way/137366820"
    },
    {
      "type": "Feature",
      "properties": {
        "@id": "way/156594750",
        "ele": "217",
        "gnis:feature_id": "1189207",
        "leisure": "nature_reserve",
        "name": "Sycamore Island",
        "place": "islet",
        "wikidata": "Q7659589",
        "wikipedia": "en:Sycamore Island (Pennsylvania)",
        "@geometry": "center"
      },
      "geometry": {
        "type": "Point",
        "coordinates": [
          -79.8563186,
          40.4915521
        ]
      },
      "id": "way/156594750"
    },
    {
      "type": "Feature",
      "properties": {
        "@id": "way/160056117",
        "boundary": "protected_area",
        "gnis:feature_id": "1208394",
        "leisure": "nature_reserve",
        "name": "State Game Lands Number 279",
        "operator": "Pennsylvania Game Commission",
        "operator:short": "PGC",
        "operator:wikidata": "Q7163731",
        "ownership": "state",
        "protected": "perpetuity",
        "protected_area": "game_land",
        "protection_title": "State Game Land",
        "ref": "279",
        "source": "http://pgcmaps.pa.gov",
        "wikidata": "Q49565771",
        "@geometry": "center"
      },
      "geometry": {
        "type": "Point",
        "coordinates": [
          -78.5872002,
          40.4864685
        ]
      },
      "id": "way/160056117"
    },
    {
      "type": "Feature",
      "properties": {
        "@id": "way/196401054",
        "boundary": "protected_area",
        "gnis:feature_id": "1188532",
        "leisure": "nature_reserve",
        "name": "State Game Lands Number 76",
        "operator": "Pennsylvania Game Commission",
        "operator:short": "PGC",
        "operator:wikidata": "Q7163731",
        "ownership": "state",
        "protected": "perpetuity",
        "protected_area": "game_land",
        "protection_title": "State Game Land",
        "ref": "76",
        "source": "http://pgcmaps.pa.gov",
        "@geometry": "center"
      },
      "geometry": {
        "type": "Point",
        "coordinates": [
          -77.7444498,
          40.0908164
        ]
      },
      "id": "way/196401054"
    },
    {
      "type": "Feature",
      "properties": {
        "@id": "way/215877090",
        "boundary": "protected_area",
        "leisure": "nature_reserve",
        "name": "Old Town Creek Access",
        "operator": "Ohio Department of Natural Resources",
        "@geometry": "center"
      },
      "geometry": {
        "type": "Point",
        "coordinates": [
          -81.8195331,
          38.9502588
        ]
      },
      "id": "way/215877090"
    },
    {
      "type": "Feature",
      "properties": {
        "@id": "way/215938971",
        "boundary": "protected_area",
        "leisure": "nature_reserve",
        "name": "Marie J. Desonier State Nature Preserve",
        "operator": "Ohio Department of Natural Resources",
        "operator:short": "ODNR",
        "operator:type": "government",
        "operator:wikidata": "Q7080799",
        "wikidata": "Q6762882",
        "@geometry": "center"
      },
      "geometry": {
        "type": "Point",
        "coordinates": [
          -81.8701495,
          39.2367856
        ]
      },
      "id": "way/215938971"
    },
    {
      "type": "Feature",
      "properties": {
        "@id": "way/215944762",
        "addr:city": "Rockbridge",
        "addr:housenumber": "11475",
        "addr:postcode": "43149",
        "addr:state": "OH",
        "addr:street": "Dalton Road",
        "boundary": "protected_area",
        "leisure": "nature_reserve",
        "name": "Rockbridge State Nature Preserve",
        "natural": "wood",
        "operator": "Ohio Division of Natural Resources",
        "operator:type": "public",
        "website": "https://ohiodnr.gov/go-and-do/plan-a-visit/find-a-property/rockbridge-state-nature-preserve",
        "wikidata": "Q7354980",
        "@geometry": "center"
      },
      "geometry": {
        "type": "Point",
        "coordinates": [
          -82.496253,
          39.5723549
        ]
      },
      "id": "way/215944762"
    },
    {
      "type": "Feature",
      "properties": {
        "@id": "way/216229818",
        "addr:city": "Cutler",
        "addr:housenumber": "245",
        "addr:postcode": "45724",
        "addr:state": "OH",
        "addr:street": "Falls Run Road",
        "boundary": "protected_area",
        "description": "Hiking only on designated trail, no off trail activities including picnicking or collecting of any materials. See trailhead information board for details. The primary function of this area is a Nature Preserve.",
        "dog": "no",
        "leisure": "nature_reserve",
        "name": "Boord State Nature Preserve",
        "opening_hours": "sunrise-sunset",
        "operator": "Ohio Department of Natural Resources",
        "website": "https://ohiodnr.gov/go-and-do/plan-a-visit/find-a-property/boord-state-nature-preserve",
        "wikidata": "Q111034352",
        "@geometry": "center"
      },
      "geometry": {
        "type": "Point",
        "coordinates": [
          -81.746507,
          39.3918029
        ]
      },
      "id": "way/216229818"
    },
    {
      "type": "Feature",
      "properties": {
        "@id": "way/216696906",
        "alt_name": "Kroger Wetland",
        "boundary": "protected_area",
        "leisure": "nature_reserve",
        "name": "Kroger Wetlands",
        "natural": "wetland",
        "wetland": "marsh",
        "@geometry": "center"
      },
      "geometry": {
        "type": "Point",
        "coordinates": [
          -81.4255782,
          39.411935
        ]
      },
      "id": "way/216696906"
    },
    {
      "type": "Feature",
      "properties": {
        "@id": "way/241705119",
        "leisure": "nature_reserve",
        "name": "Betsy Bell and Mary Gray Wilderness Parks",
        "operator": "City of Staunton",
        "operator:type": "government",
        "operator:wikidata": "Q502250",
        "website": "https://www.ci.staunton.va.us/departments/parks-recreation-/parks-/montgomery-hall-park/betsy-bell-mary-gray-wilderness-park",
        "@geometry": "center"
      },
      "geometry": {
        "type": "Point",
        "coordinates": [
          -79.0574635,
          38.1351468
        ]
      },
      "id": "way/241705119"
    },
    {
      "type": "Feature",
      "properties": {
        "@id": "way/254097663",
        "leisure": "nature_reserve",
        "name": "Core Arboretum",
        "@geometry": "center"
      },
      "geometry": {
        "type": "Point",
        "coordinates": [
          -79.9797708,
          39.645441
        ]
      },
      "id": "way/254097663"
    },
    {
      "type": "Feature",
      "properties": {
        "@id": "way/257376844",
        "leisure": "nature_reserve",
        "@geometry": "center"
      },
      "geometry": {
        "type": "Point",
        "coordinates": [
          -79.9144069,
          40.5015232
        ]
      },
      "id": "way/257376844"
    },
    {
      "type": "Feature",
      "properties": {
        "@id": "way/257376847",
        "leisure": "nature_reserve",
        "name": "Kerrwood Park",
        "@geometry": "center"
      },
      "geometry": {
        "type": "Point",
        "coordinates": [
          -79.9240345,
          40.5137642
        ]
      },
      "id": "way/257376847"
    },
    {
      "type": "Feature",
      "properties": {
        "@id": "way/257376848",
        "leisure": "nature_reserve",
        "name": "Briarcliff Park",
        "@geometry": "center"
      },
      "geometry": {
        "type": "Point",
        "coordinates": [
          -79.9244888,
          40.5070264
        ]
      },
      "id": "way/257376848"
    },
    {
      "type": "Feature",
      "properties": {
        "@id": "way/259614115",
        "addr:city": "Powhatan",
        "addr:housenumber": "4616",
        "addr:postcode": "23139",
        "addr:street": "Powhatan State Park Road",
        "leisure": "nature_reserve",
        "name": "Powhatan State Park",
        "natural": "wood",
        "opening_hours": "dawn-dusk",
        "phone": "+1 804-598-7148",
        "website": "http://www.dcr.virginia.gov/state_parks/pow.shtml#generalinfo",
        "wikidata": "Q23137366",
        "@geometry": "center"
      },
      "geometry": {
        "type": "Point",
        "coordinates": [
          -77.9284279,
          37.6757789
        ]
      },
      "id": "way/259614115"
    },
    {
      "type": "Feature",
      "properties": {
        "@id": "way/276842727",
        "boundary": "protected_area",
        "leisure": "nature_reserve",
        "name": "Dan's Rock Fire Tower",
        "operator": "Maryland Forest Service",
        "operator:type": "public",
        "owner": "Maryland Department of Natural Resources",
        "ownership": "state",
        "protect_class": "22",
        "protection_title": "Fire Tower",
        "website": "https://dnr.maryland.gov/forests/firetowers/",
        "@geometry": "center"
      },
      "geometry": {
        "type": "Point",
        "coordinates": [
          -78.8976541,
          39.5817613
        ]
      },
      "id": "way/276842727"
    },
    {
      "type": "Feature",
      "properties": {
        "@id": "way/276842728",
        "boundary": "protected_area",
        "leisure": "nature_reserve",
        "name": "Elder Hill Fire Tower",
        "operator": "Maryland Forest Service",
        "protect_class": "22",
        "protection_title": "Fire Tower",
        "website": "https://dnr.maryland.gov/forests/firetowers/",
        "@geometry": "center"
      },
      "geometry": {
        "type": "Point",
        "coordinates": [
          -79.3962614,
          39.6051423
        ]
      },
      "id": "way/276842728"
    },
    {
      "type": "Feature",
      "properties": {
        "@id": "way/276842729",
        "boundary": "protected_area",
        "landuse": "forest",
        "leisure": "nature_reserve",
        "name": "Fort Hill Heritage Conservation Fund Site",
        "operator": "Maryland Park Service",
        "operator:type": "public",
        "operator:wikidata": "Q110072482",
        "owner": "Maryland Department of Natural Resources Maryland Park Service",
        "ownership": "state",
        "protect_class": "4",
        "protected": "perpetuity",
        "protection_title": "Heritage Conservation Fund Site",
        "@geometry": "center"
      },
      "geometry": {
        "type": "Point",
        "coordinates": [
          -78.895381,
          39.5267427
        ]
      },
      "id": "way/276842729"
    },
    {
      "type": "Feature",
      "properties": {
        "@id": "way/276842730",
        "boundary": "protected_area",
        "leisure": "nature_reserve",
        "name": "Fulcher P. Smith Conservation Area",
        "protect_class": "5",
        "protection_title": "Maryland Environmental Trust",
        "@geometry": "center"
      },
      "geometry": {
        "type": "Point",
        "coordinates": [
          -79.3120933,
          39.5260746
        ]
      },
      "id": "way/276842730"
    },
    {
      "type": "Feature",
      "properties": {
        "@id": "way/276842731",
        "boundary": "protected_area",
        "leisure": "nature_reserve",
        "name": "Gary A Yoder Fish Management Area",
        "operator": "Maryland Department of Natural Resources, Maryland Fishing & Boating Services",
        "operator:type": "public",
        "operator:wikidata": "Q115158277",
        "owner": "Maryland Department of Natural Resources",
        "ownership": "state",
        "protect_class": "4",
        "protection_title": "Fish Management Area",
        "website": "https://www.dnr.maryland.gov/",
        "@geometry": "center"
      },
      "geometry": {
        "type": "Point",
        "coordinates": [
          -78.9425892,
          39.4776618
        ]
      },
      "id": "way/276842731"
    },
    {
      "type": "Feature",
      "properties": {
        "@id": "way/276842732",
        "boundary": "protected_area",
        "leisure": "nature_reserve",
        "name": "Herrington Manor State Park",
        "operator": "Maryland Park Service",
        "operator:type": "public",
        "operator:wikidata": "Q110072482",
        "owner": "Maryland Department of Natural Resources",
        "ownership": "state",
        "protect_class": "5",
        "protected": "perpetuity",
        "protection_title": "State Park",
        "website": "https://dnr.maryland.gov/publiclands/pages/western/herrington.aspx",
        "wikidata": "Q5744172",
        "@geometry": "center"
      },
      "geometry": {
        "type": "Point",
        "coordinates": [
          -79.4534158,
          39.4547522
        ]
      },
      "id": "way/276842732"
    },
    {
      "type": "Feature",
      "properties": {
        "@id": "way/276842733",
        "boundary": "protected_area",
        "leisure": "nature_reserve",
        "name": "McCoole Fish Management Area",
        "operator": "Fisheries Service",
        "protect_class": "4",
        "protection_title": "Fish Management Area",
        "website": "https://www.dnr.maryland.gov/",
        "@geometry": "center"
      },
      "geometry": {
        "type": "Point",
        "coordinates": [
          -78.9897408,
          39.4532171
        ]
      },
      "id": "way/276842733"
    },
    {
      "type": "Feature",
      "properties": {
        "@id": "way/276842734",
        "boundary": "protected_area",
        "leisure": "nature_reserve",
        "name": "New Germany State Park",
        "operator": "Maryland Park Service",
        "operator:type": "public",
        "operator:wikidata": "Q110072482",
        "owner": "Maryland Department of Natural Resources",
        "ownership": "state",
        "protect_class": "5",
        "protected": "perpetuity",
        "protection_title": "State Park",
        "website": "https://dnr.maryland.gov/publiclands/pages/western/newgermany.aspx",
        "wikidata": "Q7007795",
        "wikipedia": "en:New Germany State Park",
        "@geometry": "center"
      },
      "geometry": {
        "type": "Point",
        "coordinates": [
          -79.1283442,
          39.6276885
        ]
      },
      "id": "way/276842734"
    },
    {
      "type": "Feature",
      "properties": {
        "@id": "way/276842759",
        "access": "private",
        "boundary": "protected_area",
        "leisure": "nature_reserve",
        "name": "Weitzell-Bear Creek Conservation Easement",
        "operator": "MET",
        "protect_class": "5",
        "protection_title": "Maryland Environmental Trust",
        "@geometry": "center"
      },
      "geometry": {
        "type": "Point",
        "coordinates": [
          -79.3492764,
          39.6133329
        ]
      },
      "id": "way/276842759"
    },
    {
      "type": "Feature",
      "properties": {
        "@id": "way/277937379",
        "alt_name": "BELLE GROVE WMA",
        "boundary": "protected_area",
        "leisure": "nature_reserve",
        "name": "Belle Grove Wildlife Management Area",
        "operator": "Wildlife and Heritage Service",
        "protect_class": "6",
        "protected_area": "game_land",
        "protection_title": "Wildlife Management Area",
        "website": "https://dnr.maryland.gov/wildlife/publiclands/western/bellegrove.asp",
        "wikidata": "Q4883639",
        "@geometry": "center"
      },
      "geometry": {
        "type": "Point",
        "coordinates": [
          -78.3637907,
          39.6949426
        ]
      },
      "id": "way/277937379"
    },
    {
      "type": "Feature",
      "properties": {
        "@id": "way/277937380",
        "alt_name": "BILLMEYER WMA",
        "boundary": "protected_area",
        "ele": "295",
        "gnis:feature_id": "1713385",
        "leisure": "nature_reserve",
        "name": "Billmeyer Wildlife Management Area",
        "operator": "Wildlife and Heritage Service",
        "protect_class": "6",
        "protected_area": "game_land",
        "protection_title": "Wildlife Management Area",
        "website": "https://dnr.maryland.gov/wildlife/publiclands/western/billmeyer.asp",
        "wikidata": "Q4912017",
        "@geometry": "center"
      },
      "geometry": {
        "type": "Point",
        "coordinates": [
          -78.4284608,
          39.6796029
        ]
      },
      "id": "way/277937380"
    },
    {
      "type": "Feature",
      "properties": {
        "@id": "way/277937381",
        "boundary": "protected_area",
        "leisure": "nature_reserve",
        "name": "Browning CREP Easement",
        "operator": "DNR and The Potomac Conservancy",
        "protect_class": "5",
        "protection_title": "Conservation Reserve Enhancement Program",
        "@geometry": "center"
      },
      "geometry": {
        "type": "Point",
        "coordinates": [
          -78.5820025,
          39.6869265
        ]
      },
      "id": "way/277937381"
    },
    {
      "type": "Feature",
      "properties": {
        "@id": "way/277937382",
        "alt_name": "EVITTS CREEK POND FMA",
        "boundary": "protected_area",
        "leisure": "nature_reserve",
        "name": "Evitts Creek Pond Fish Management Area",
        "operator": "Fisheries Service",
        "protect_class": "4",
        "protection_title": "Fish Management Area",
        "website": "https://www.dnr.maryland.gov/",
        "@geometry": "center"
      },
      "geometry": {
        "type": "Point",
        "coordinates": [
          -78.7188856,
          39.6618182
        ]
      },
      "id": "way/277937382"
    },
    {
      "type": "Feature",
      "properties": {
        "@id": "way/277937383",
        "boundary": "protected_area",
        "leisure": "nature_reserve",
        "name": "Fagan CREP Easement",
        "operator": "DNR and Potomac Conservancy",
        "protect_class": "5",
        "protection_title": "Conservation Reserve Enhancement Program",
        "@geometry": "center"
      },
      "geometry": {
        "type": "Point",
        "coordinates": [
          -78.6984812,
          39.7021739
        ]
      },
      "id": "way/277937383"
    },
    {
      "type": "Feature",
      "properties": {
        "@id": "way/277937384",
        "boundary": "protected_area",
        "leisure": "nature_reserve",
        "name": "Hanging Prairie Shale Barren Heritage Conservation Fund Site",
        "operator": "Maryland Park Service",
        "operator:wikidata": "Q6781308",
        "owner": "Maryland Department of Natural Resources Maryland Park Service",
        "ownership": "state",
        "protect_class": "4",
        "protected": "perpetuity",
        "protection_title": "Heritage Conservation Fund Site",
        "@geometry": "center"
      },
      "geometry": {
        "type": "Point",
        "coordinates": [
          -78.5505161,
          39.617831
        ]
      },
      "id": "way/277937384"
    },
    {
      "type": "Feature",
      "properties": {
        "@id": "way/277937388",
        "boundary": "protected_area",
        "leisure": "nature_reserve",
        "name": "Miltenberger CREP Easement",
        "protect_class": "5",
        "protection_title": "Conservation Reserve Enhancement Program",
        "@geometry": "center"
      },
      "geometry": {
        "type": "Point",
        "coordinates": [
          -78.767541,
          39.6044918
        ]
      },
      "id": "way/277937388"
    },
    {
      "type": "Feature",
      "properties": {
        "@id": "way/277937389",
        "alt_name": "Miltenberger CREP Easement",
        "boundary": "protected_area",
        "leisure": "nature_reserve",
        "name": "Miltenberger CREP Easement",
        "protect_class": "5",
        "protection_title": "CREP",
        "@geometry": "center"
      },
      "geometry": {
        "type": "Point",
        "coordinates": [
          -78.7685149,
          39.6069918
        ]
      },
      "id": "way/277937389"
    },
    {
      "type": "Feature",
      "properties": {
        "@id": "way/277937390",
        "boundary": "protected_area",
        "leisure": "nature_reserve",
        "name": "Sugar Hollow Heritage Conservation Fund Site",
        "operator": "Maryland Park Service",
        "operator:wikidata": "Q6781308",
        "owner": "Maryland Department of Natural Resources Maryland Park Service",
        "ownership": "state",
        "protect_class": "4",
        "protected": "perpetuity",
        "protection_title": "Heritage Conservation Fund Site",
        "@geometry": "center"
      },
      "geometry": {
        "type": "Point",
        "coordinates": [
          -78.5725397,
          39.6065913
        ]
      },
      "id": "way/277937390"
    },
    {
      "type": "Feature",
      "properties": {
        "@id": "way/277937392",
        "boundary": "protected_area",
        "leisure": "nature_reserve",
        "name": "Turkey Camp Shale Barren Heritage Conservation Fund Site",
        "operator": "Maryland Park Service",
        "operator:wikidata": "Q6781308",
        "owner": "Maryland Department of Natural Resources Maryland Park Service",
        "ownership": "state",
        "protect_class": "4",
        "protected": "perpetuity",
        "protection_title": "Heritage Conservation Fund Site",
        "@geometry": "center"
      },
      "geometry": {
        "type": "Point",
        "coordinates": [
          -78.5661031,
          39.5924663
        ]
      },
      "id": "way/277937392"
    },
    {
      "type": "Feature",
      "properties": {
        "@id": "way/277937396",
        "alt_name": "WILLS MOUNTAIN SP",
        "boundary": "protected_area",
        "gnis:feature_id": "1713374",
        "leisure": "nature_reserve",
        "name": "Wills Mountain State Park",
        "operator": "Maryland Park Service",
        "operator:type": "public",
        "operator:wikidata": "Q110072482",
        "owner": "Maryland Department of Natural Resources Maryland Park Service",
        "ownership": "state",
        "protect_class": "5",
        "protected": "perpetuity",
        "protection_title": "State Park",
        "wikidata": "Q8022477",
        "wikipedia": "en:Wills Mountain State Park",
        "@geometry": "center"
      },
      "geometry": {
        "type": "Point",
        "coordinates": [
          -78.7736433,
          39.6768468
        ]
      },
      "id": "way/277937396"
    },
    {
      "type": "Feature",
      "properties": {
        "@id": "way/277937501",
        "boundary": "protected_area",
        "leisure": "nature_reserve",
        "name": "Richards CREP Easement",
        "protect_class": "5",
        "protection_title": "Conservation Reserve Enhancement Program",
        "@geometry": "center"
      },
      "geometry": {
        "type": "Point",
        "coordinates": [
          -78.5530548,
          39.609696
        ]
      },
      "id": "way/277937501"
    },
    {
      "type": "Feature",
      "properties": {
        "@id": "way/278022241",
        "boundary": "protected_area",
        "leisure": "nature_reserve",
        "name": "Aaron Straus Heritage Conservation Fund Site",
        "operator": "Maryland Park Service",
        "operator:wikidata": "Q6781308",
        "protect_class": "4",
        "protection_title": "Heritage Conservation Fund Site",
        "@geometry": "center"
      },
      "geometry": {
        "type": "Point",
        "coordinates": [
          -78.3483828,
          39.6460257
        ]
      },
      "id": "way/278022241"
    },
    {
      "type": "Feature",
      "properties": {
        "@id": "way/278022244",
        "alt_name": "ROUND TOP HILL HCF",
        "boundary": "protected_area",
        "leisure": "nature_reserve",
        "name": "Round Top Hill Heritage Conservation Fund Site",
        "operator": "Maryland Park Service",
        "operator:type": "public",
        "operator:wikidata": "Q110072482",
        "protect_class": "4",
        "protection_title": "Heritage Conservation Fund Site",
        "website": "https://dnr.maryland.gov/wildlife/",
        "@geometry": "center"
      },
      "geometry": {
        "type": "Point",
        "coordinates": [
          -78.231924,
          39.6738703
        ]
      },
      "id": "way/278022244"
    },
    {
      "type": "Feature",
      "properties": {
        "@id": "way/278235817",
        "boundary": "protected_area",
        "leisure": "nature_reserve",
        "name": "Boyd Mountain Pond Heritage Conservation Fund Site",
        "operator": "Maryland Park Service",
        "operator:wikidata": "Q6781308",
        "owner": "Maryland Department of Natural Resources Maryland Park Service",
        "ownership": "state",
        "protect_class": "4",
        "protected": "perpetuity",
        "protection_title": "Heritage Conservation Fund Site",
        "@geometry": "center"
      },
      "geometry": {
        "type": "Point",
        "coordinates": [
          -77.9626403,
          39.6483887
        ]
      },
      "id": "way/278235817"
    },
    {
      "type": "Feature",
      "properties": {
        "@id": "way/278235819",
        "boundary": "protected_area",
        "leisure": "nature_reserve",
        "name": "Conservation Easement East of Indian Springs Wildlife Management Area",
        "protect_class": "5",
        "protected_area": "game_land",
        "protection_title": "Conservation Easement",
        "@geometry": "center"
      },
      "geometry": {
        "type": "Point",
        "coordinates": [
          -77.9238244,
          39.7093893
        ]
      },
      "id": "way/278235819"
    },
    {
      "type": "Feature",
      "properties": {
        "@id": "way/278310059",
        "boundary": "protected_area",
        "leisure": "nature_reserve",
        "name": "Sweeney, Carl and Rebecca Conservation",
        "operator": "DNR and Washington Soil Conservation District",
        "protect_class": "5",
        "protection_title": "Conservation Reserve Enhancement Program",
        "@geometry": "center"
      },
      "geometry": {
        "type": "Point",
        "coordinates": [
          -77.8057369,
          39.706502
        ]
      },
      "id": "way/278310059"
    },
    {
      "type": "Feature",
      "properties": {
        "@id": "way/278310061",
        "boundary": "protected_area",
        "leisure": "nature_reserve",
        "protect_class": "5",
        "protection_title": "Conservancy Easement Department of Natural Resources",
        "@geometry": "center"
      },
      "geometry": {
        "type": "Point",
        "coordinates": [
          -77.8278868,
          39.6785563
        ]
      },
      "id": "way/278310061"
    },
    {
      "type": "Feature",
      "properties": {
        "@id": "way/278310064",
        "boundary": "protected_area",
        "leisure": "nature_reserve",
        "protect_class": "5",
        "protection_title": "Conservancy Easement Department of Natural Resources",
        "@geometry": "center"
      },
      "geometry": {
        "type": "Point",
        "coordinates": [
          -77.8218513,
          39.5357367
        ]
      },
      "id": "way/278310064"
    },
    {
      "type": "Feature",
      "properties": {
        "@id": "way/315436632",
        "boundary": "protected_area",
        "leisure": "nature_reserve",
        "name": "Oakcliffe Greenway",
        "natural": "wood",
        "source:boundary": "rough estimate/guess",
        "source:name": "http://www.opdc.org/news/oakcliffe-greenway-receives-official-city-recognition/",
        "@geometry": "center"
      },
      "geometry": {
        "type": "Point",
        "coordinates": [
          -79.9633436,
          40.4339725
        ]
      },
      "id": "way/315436632"
    },
    {
      "type": "Feature",
      "properties": {
        "@id": "way/349499715",
        "addr:city": "Vienna",
        "addr:state": "WV",
        "leisure": "nature_reserve",
        "name": "McDonough Wildlife Refuge",
        "website": "https://www.vienna-wv.com/facilities/facility/details/mcdonoughwildliferefuge-2",
        "wikidata": "Q125364583",
        "@geometry": "center"
      },
      "geometry": {
        "type": "Point",
        "coordinates": [
          -81.5169249,
          39.3232348
        ]
      },
      "id": "way/349499715"
    },
    {
      "type": "Feature",
      "properties": {
        "@id": "way/372219883",
        "leisure": "nature_reserve",
        "name": "Carvins Cove",
        "@geometry": "center"
      },
      "geometry": {
        "type": "Point",
        "coordinates": [
          -79.9842014,
          37.3917057
        ]
      },
      "id": "way/372219883"
    },
    {
      "type": "Feature",
      "properties": {
        "@id": "way/380646412",
        "addr:city": "Pittsburgh",
        "addr:housenumber": "326",
        "addr:postcode": "15216",
        "addr:state": "PA",
        "addr:street": "Twin Hills Drive",
        "alt_name": "Twin Hills Park",
        "leisure": "nature_reserve",
        "name": "Twin Hills Trails Park",
        "website": "https://mtlebanon.org/parks-recreation/parks/twin-hills-trails-park/",
        "@geometry": "center"
      },
      "geometry": {
        "type": "Point",
        "coordinates": [
          -80.0565355,
          40.3971325
        ]
      },
      "id": "way/380646412"
    },
    {
      "type": "Feature",
      "properties": {
        "@id": "way/380653445",
        "leisure": "nature_reserve",
        "name": "Green Tree Nature Center",
        "source": "mapbox aerial;http://gis.pittsburghpa.gov/zonetest/",
        "website": "https://www.greentreeboro.com/naturecenter.html",
        "@geometry": "center"
      },
      "geometry": {
        "type": "Point",
        "coordinates": [
          -80.055851,
          40.4070544
        ]
      },
      "id": "way/380653445"
    },
    {
      "type": "Feature",
      "properties": {
        "@id": "way/383766465",
        "leisure": "nature_reserve",
        "name": "Kane Woods Nature Area",
        "wikidata": "Q84325617",
        "@geometry": "center"
      },
      "geometry": {
        "type": "Point",
        "coordinates": [
          -80.0837524,
          40.3781858
        ]
      },
      "id": "way/383766465"
    },
    {
      "type": "Feature",
      "properties": {
        "@id": "way/389646916",
        "boundary": "protected_area",
        "gnis:feature_id": "1196518",
        "leisure": "nature_reserve",
        "name": "Yellow Creek State Park",
        "opening_hours": "sunrise-sunset",
        "operator": "Pennsylvania Bureau of State Parks",
        "operator:type": "government",
        "operator:wikidata": "Q130236073",
        "ownership": "state",
        "protect_class": "3",
        "protected": "perpetuity",
        "protection_title": "State Park",
        "website": "https://www.dcnr.pa.gov/StateParks/FindAPark/YellowCreekStatePark/",
        "wikidata": "Q8051708",
        "wikipedia": "en:Yellow Creek State Park",
        "@geometry": "center"
      },
      "geometry": {
        "type": "Point",
        "coordinates": [
          -79.0318611,
          40.5770289
        ]
      },
      "id": "way/389646916"
    },
    {
      "type": "Feature",
      "properties": {
        "@id": "way/390003394",
        "boundary": "protected_area",
        "leisure": "nature_reserve",
        "name": "Mount Davis Natural Area",
        "operator": "Pennsylvania Bureau of Forestry",
        "ownership": "state",
        "protect_class": "6",
        "protected": "perpetuity",
        "protection_title": "Natural Area",
        "@geometry": "center"
      },
      "geometry": {
        "type": "Point",
        "coordinates": [
          -79.1711006,
          39.7829941
        ]
      },
      "id": "way/390003394"
    },
    {
      "type": "Feature",
      "properties": {
        "@id": "way/391653520",
        "boundary": "protected_area",
        "leisure": "nature_reserve",
        "name": "State Game Lands Number 189",
        "operator": "Pennsylvania Game Commission",
        "operator:short": "PGC",
        "operator:wikidata": "Q7163731",
        "ownership": "state",
        "protected": "perpetuity",
        "protected_area": "game_land",
        "protection_title": "State Game Land",
        "ref": "189",
        "source": "http://pgcmaps.pa.gov",
        "wikidata": "Q49565587",
        "wikipedia": "en:Pennsylvania State Game Lands Number 189",
        "@geometry": "center"
      },
      "geometry": {
        "type": "Point",
        "coordinates": [
          -80.3637075,
          40.5282244
        ]
      },
      "id": "way/391653520"
    },
    {
      "type": "Feature",
      "properties": {
        "@id": "way/397494515",
        "boundary": "state_park",
        "gnis:feature_id": "1551946",
        "leisure": "nature_reserve",
        "name": "Lost River State Park",
        "operator": "West Virginia Division of Natural Resources",
        "operator:short": "West Virginia DNR",
        "operator:type": "government",
        "operator:wikidata": "Q7986847",
        "operator:wikipedia": "en:West Virginia Division of Natural Resources",
        "wikidata": "Q6684222",
        "wikipedia": "en:Lost River State Park",
        "@geometry": "center"
      },
      "geometry": {
        "type": "Point",
        "coordinates": [
          -78.8974296,
          38.9162082
        ]
      },
      "id": "way/397494515"
    },
    {
      "type": "Feature",
      "properties": {
        "@id": "way/398299381",
        "boundary": "protected_area",
        "designation": "West Virginia State Park",
        "ele": "985",
        "gnis:feature_id": "1550628",
        "leisure": "nature_reserve",
        "name": "Canaan Valley Resort State Park",
        "wikidata": "Q3364026",
        "@geometry": "center"
      },
      "geometry": {
        "type": "Point",
        "coordinates": [
          -79.4557141,
          39.0273023
        ]
      },
      "id": "way/398299381"
    },
    {
      "type": "Feature",
      "properties": {
        "@id": "way/398299838",
        "boundary": "state_park",
        "ele": "256",
        "gnis:feature_id": "1537310",
        "leisure": "nature_reserve",
        "name": "Chief Logan State Park",
        "wikidata": "Q5096827",
        "@geometry": "center"
      },
      "geometry": {
        "type": "Point",
        "coordinates": [
          -82.0165822,
          37.8937913
        ]
      },
      "id": "way/398299838"
    },
    {
      "type": "Feature",
      "properties": {
        "@id": "way/409897561",
        "boundary": "protected_area",
        "gnis:feature_id": "1208378",
        "leisure": "nature_reserve",
        "name": "State Game Lands Number 297",
        "operator": "Pennsylvania Game Commission",
        "operator:short": "PGC",
        "operator:wikidata": "Q7163731",
        "ownership": "state",
        "protected": "perpetuity",
        "protected_area": "game_land",
        "protection_title": "State Game Land",
        "ref": "297",
        "source": "http://pgcmaps.pa.gov",
        "wikidata": "Q49565803",
        "@geometry": "center"
      },
      "geometry": {
        "type": "Point",
        "coordinates": [
          -80.1361562,
          40.085737
        ]
      },
      "id": "way/409897561"
    },
    {
      "type": "Feature",
      "properties": {
        "@id": "way/410096361",
        "access": "yes",
        "ele": "214",
        "gnis:feature_id": "1076982",
        "leisure": "nature_reserve",
        "name": "Strouds Run State Park",
        "operator": "Ohio Department of Natural Resources",
        "operator:short": "ODNR",
        "operator:type": "government",
        "operator:wikidata": "Q7080799",
        "phone": "+1 740 767 3570",
        "website": "https://ohiodnr.gov/go-and-do/plan-a-visit/find-a-property/strouds-run-state-park",
        "wikidata": "Q7624898",
        "@geometry": "center"
      },
      "geometry": {
        "type": "Point",
        "coordinates": [
          -82.0380396,
          39.3550266
        ]
      },
      "id": "way/410096361"
    },
    {
      "type": "Feature",
      "properties": {
        "@id": "way/417627096",
        "leisure": "nature_reserve",
        "@geometry": "center"
      },
      "geometry": {
        "type": "Point",
        "coordinates": [
          -78.7405997,
          39.4164315
        ]
      },
      "id": "way/417627096"
    },
    {
      "type": "Feature",
      "properties": {
        "@id": "way/418340206",
        "boundary": "protected_area",
        "ele": "746",
        "gnis:feature_id": "1544944",
        "leisure": "nature_reserve",
        "name": "Pinnacle Rock State Park",
        "operator": "West Virginia Division of Natural Resources",
        "operator:short": "West Virginia DNR",
        "operator:type": "public",
        "operator:wikidata": "Q7986847",
        "wikidata": "Q7196315",
        "@geometry": "center"
      },
      "geometry": {
        "type": "Point",
        "coordinates": [
          -81.290948,
          37.3149435
        ]
      },
      "id": "way/418340206"
    },
    {
      "type": "Feature",
      "properties": {
        "@id": "way/418853207",
        "ele": "1035",
        "gnis:feature_id": "1550209",
        "leisure": "nature_reserve",
        "name": "Beartown State Park",
        "operator": "West Virginia Division of Natural Resources",
        "operator:short": "West Virginia DNR",
        "operator:type": "public",
        "operator:wikidata": "Q7986847",
        "wikidata": "Q4876802",
        "@geometry": "center"
      },
      "geometry": {
        "type": "Point",
        "coordinates": [
          -80.2747165,
          38.0526902
        ]
      },
      "id": "way/418853207"
    },
    {
      "type": "Feature",
      "properties": {
        "@id": "way/418859462",
        "ele": "266",
        "gnis:feature_id": "1537131",
        "leisure": "nature_reserve",
        "name": "Cedar Creek State Park",
        "operator": "WV Division of Natural Resources",
        "wikidata": "Q5056641",
        "@geometry": "center"
      },
      "geometry": {
        "type": "Point",
        "coordinates": [
          -80.8657529,
          38.8825794
        ]
      },
      "id": "way/418859462"
    },
    {
      "type": "Feature",
      "properties": {
        "@id": "way/418860236",
        "boundary": "protected_area",
        "gnis:feature_id": "1536845",
        "leisure": "nature_reserve",
        "name": "Cacapon Resort State Park",
        "operator": "West Virginia Division of Natural Resources",
        "operator:short": "West Virginia DNR",
        "operator:type": "public",
        "operator:wikidata": "Q7986847",
        "protect_class": "5",
        "wheelchair": "yes",
        "wikidata": "Q5015885",
        "wikipedia": "en:Cacapon Resort State Park",
        "@geometry": "center"
      },
      "geometry": {
        "type": "Point",
        "coordinates": [
          -78.3132839,
          39.5306232
        ]
      },
      "id": "way/418860236"
    },
    {
      "type": "Feature",
      "properties": {
        "@id": "way/418860921",
        "boundary": "state_park",
        "ele": "324",
        "gnis:feature_id": "1718208",
        "leisure": "nature_reserve",
        "name": "Valley Falls State Park",
        "operator": "WV Division of Natural Resources",
        "wikidata": "Q7912041",
        "@geometry": "center"
      },
      "geometry": {
        "type": "Point",
        "coordinates": [
          -80.0830208,
          39.3941495
        ]
      },
      "id": "way/418860921"
    },
    {
      "type": "Feature",
      "properties": {
        "@id": "way/422329926",
        "boundary": "protected_area",
        "gnis:feature_id": "1198257",
        "leisure": "nature_reserve",
        "name": "Laurel Summit State Park",
        "operator": "Pennsylvania Bureau of State Parks",
        "ownership": "state",
        "protect_class": "3",
        "protected": "perpetuity",
        "protection_title": "State Park",
        "website": "https://www.dcnr.pa.gov/StateParks/FindAPark/LaurelSummitStatePark/",
        "wikidata": "Q6500022",
        "wikipedia": "en:Laurel Summit State Park",
        "@geometry": "center"
      },
      "geometry": {
        "type": "Point",
        "coordinates": [
          -79.1767993,
          40.1176716
        ]
      },
      "id": "way/422329926"
    },
    {
      "type": "Feature",
      "properties": {
        "@id": "way/422534772",
        "boundary": "protected_area",
        "leisure": "nature_reserve",
        "name": "Rocky Ridge Natural Area",
        "operator": "Pennsylvania Bureau of Forestry",
        "ownership": "state",
        "protect_class": "6",
        "protected": "perpetuity",
        "protection_title": "Natural Area",
        "@geometry": "center"
      },
      "geometry": {
        "type": "Point",
        "coordinates": [
          -77.851669,
          40.5661902
        ]
      },
      "id": "way/422534772"
    },
    {
      "type": "Feature",
      "properties": {
        "@id": "way/445479720",
        "access": "private",
        "leisure": "nature_reserve",
        "@geometry": "center"
      },
      "geometry": {
        "type": "Point",
        "coordinates": [
          -78.9509915,
          38.0547446
        ]
      },
      "id": "way/445479720"
    },
    {
      "type": "Feature",
      "properties": {
        "@id": "way/451394472",
        "leisure": "nature_reserve",
        "name": "Robb Hollow Park",
        "@geometry": "center"
      },
      "geometry": {
        "type": "Point",
        "coordinates": [
          -80.0666634,
          40.3654648
        ]
      },
      "id": "way/451394472"
    },
    {
      "type": "Feature",
      "properties": {
        "@id": "way/460117715",
        "boundary": "protected_area",
        "ele": "219",
        "gnis:feature_id": "1054865",
        "leisure": "nature_reserve",
        "name": "Dillon State Wildlife Area",
        "protected_area": "game_land",
        "@geometry": "center"
      },
      "geometry": {
        "type": "Point",
        "coordinates": [
          -82.0681888,
          39.9802117
        ]
      },
      "id": "way/460117715"
    },
    {
      "type": "Feature",
      "properties": {
        "@id": "way/463297786",
        "access": "yes",
        "area": "yes",
        "ele": "376",
        "gnis:feature_id": "1955119",
        "leisure": "nature_reserve",
        "name": "Morris Woods State Nature Preserve",
        "wikidata": "Q49528539",
        "@geometry": "center"
      },
      "geometry": {
        "type": "Point",
        "coordinates": [
          -82.6351109,
          40.1650906
        ]
      },
      "id": "way/463297786"
    },
    {
      "type": "Feature",
      "properties": {
        "@id": "way/466257331",
        "ele": "351",
        "gnis:feature_id": "1049897",
        "heritage": "2",
        "heritage:operator": "nrhp",
        "historic": "farm",
        "leisure": "nature_reserve",
        "name": "Malabar Farm State Park",
        "ref:nrhp": "73001520",
        "website": "https://www.malabarfarm.org",
        "wikidata": "Q6740737",
        "wikipedia": "en:Malabar Farm State Park",
        "@geometry": "center"
      },
      "geometry": {
        "type": "Point",
        "coordinates": [
          -82.3914044,
          40.6478005
        ]
      },
      "id": "way/466257331"
    },
    {
      "type": "Feature",
      "properties": {
        "@id": "way/466262039",
        "boundary": "protected_area",
        "ele": "304",
        "fixme": "This boundary either needs revision or transfer of tags to another boundary as the current area follows the Mohican Memorial State Forest boundary rather than the sub region within the forest the Mohican State Park.",
        "gnis:feature_id": "2371589",
        "leisure": "nature_reserve",
        "name": "Mohican Memorial State Forest",
        "operator": "Ohio Department of Natural Resources",
        "operator:short": "ODNR",
        "operator:type": "government",
        "operator:wikidata": "Q7080799",
        "protect_class": "5",
        "protected_area": "forest_reserve",
        "start_date": "1949",
        "wikidata": "Q6894158",
        "wikipedia": "en:Mohican-Memorial State Forest",
        "@geometry": "center"
      },
      "geometry": {
        "type": "Point",
        "coordinates": [
          -82.2959383,
          40.6000071
        ]
      },
      "id": "way/466262039"
    },
    {
      "type": "Feature",
      "properties": {
        "@id": "way/466264471",
        "ele": "327",
        "gnis:feature_id": "1044566",
        "leisure": "nature_reserve",
        "name": "Pleasant Hill Lake Park",
        "@geometry": "center"
      },
      "geometry": {
        "type": "Point",
        "coordinates": [
          -82.3479306,
          40.6362783
        ]
      },
      "id": "way/466264471"
    },
    {
      "type": "Feature",
      "properties": {
        "@id": "way/466265111",
        "ele": "340",
        "gnis:feature_id": "1042065",
        "leisure": "nature_reserve",
        "name": "Jefferson Lake State Park",
        "operator": "Ohio Department of Natural Resources",
        "operator:short": "ODNR",
        "operator:type": "government",
        "operator:wikidata": "Q7080799",
        "website": "https://ohiodnr.gov/go-and-do/plan-a-visit/find-a-property/jefferson-lake-state-park",
        "wikidata": "Q49507219",
        "@geometry": "center"
      },
      "geometry": {
        "type": "Point",
        "coordinates": [
          -80.8078182,
          40.4607671
        ]
      },
      "id": "way/466265111"
    },
    {
      "type": "Feature",
      "properties": {
        "@id": "way/466563671",
        "leisure": "nature_reserve",
        "name": "Montour Woods Conservation Area",
        "operator": "Hollow Oak Land Trust",
        "source": "USGS imagery;http://gis.pittsburghpa.gov/zoning/;http://hollowoak.org/conservation.html#montourwoods",
        "@geometry": "center"
      },
      "geometry": {
        "type": "Point",
        "coordinates": [
          -80.1619374,
          40.4864196
        ]
      },
      "id": "way/466563671"
    },
    {
      "type": "Feature",
      "properties": {
        "@id": "way/466578072",
        "leisure": "nature_reserve",
        "name": "Wingfield Pines Conservation Area",
        "source:geometry": "http://gis.pittsburghpa.gov/zoning/;http://alleghenylandtrust.org/wp-content/uploads/2016/04/WingfieldPinesTrails-sm.pdf",
        "website": "https://alleghenylandtrust.org/green-space/wingfield-pines/",
        "@geometry": "center"
      },
      "geometry": {
        "type": "Point",
        "coordinates": [
          -80.1117824,
          40.3381912
        ]
      },
      "id": "way/466578072"
    },
    {
      "type": "Feature",
      "properties": {
        "@id": "way/469619455",
        "leisure": "nature_reserve",
        "name": "Yankauer Nature Preserve",
        "note": "ele unknown",
        "@geometry": "center"
      },
      "geometry": {
        "type": "Point",
        "coordinates": [
          -77.8498328,
          39.4978124
        ]
      },
      "id": "way/469619455"
    },
    {
      "type": "Feature",
      "properties": {
        "@id": "way/478436734",
        "boundary": "protected_area",
        "leaf_type": "mixed",
        "leisure": "nature_reserve",
        "name": "Whitney State Forest",
        "opening_hours": "dawn-dusk",
        "operator": "Virginia Dept of Forestry",
        "protected_area": "forest_reserve",
        "@geometry": "center"
      },
      "geometry": {
        "type": "Point",
        "coordinates": [
          -77.8107984,
          38.6693571
        ]
      },
      "id": "way/478436734"
    },
    {
      "type": "Feature",
      "properties": {
        "@id": "way/479366825",
        "leisure": "nature_reserve",
        "@geometry": "center"
      },
      "geometry": {
        "type": "Point",
        "coordinates": [
          -82.4289631,
          40.0258415
        ]
      },
      "id": "way/479366825"
    },
    {
      "type": "Feature",
      "properties": {
        "@id": "way/479569516",
        "leisure": "nature_reserve",
        "name": "Water Street Nature Reserve",
        "@geometry": "center"
      },
      "geometry": {
        "type": "Point",
        "coordinates": [
          -78.5099806,
          38.8715464
        ]
      },
      "id": "way/479569516"
    },
    {
      "type": "Feature",
      "properties": {
        "@id": "way/481609208",
        "leisure": "nature_reserve",
        "name": "Riddle State Nature Preserve",
        "operator": "Ohio Department of Natural Resources",
        "operator:short": "ODNR",
        "operator:type": "government",
        "operator:wikidata": "Q7080799",
        "website": "https://www.athensconservancy.org/aaorg/riddle_snp.html",
        "@geometry": "center"
      },
      "geometry": {
        "type": "Point",
        "coordinates": [
          -82.0709733,
          39.3469806
        ]
      },
      "id": "way/481609208"
    },
    {
      "type": "Feature",
      "properties": {
        "@id": "way/481648276",
        "leisure": "nature_reserve",
        "name": "Strouds Ridge Reserve Hope Drive Tract",
        "operator": "City of Athens",
        "operator:type": "government",
        "website": "https://www.athensconservancy.org/aaorg/stroudsridge.html",
        "@geometry": "center"
      },
      "geometry": {
        "type": "Point",
        "coordinates": [
          -82.0421791,
          39.3377981
        ]
      },
      "id": "way/481648276"
    },
    {
      "type": "Feature",
      "properties": {
        "@id": "way/482126266",
        "ele": "548",
        "gnis:feature_id": "1481976",
        "leisure": "nature_reserve",
        "name": "Breaks Interstate Park",
        "ownership": "state",
        "website": "https://www.breakspark.com/",
        "wikidata": "Q4959661",
        "@geometry": "center"
      },
      "geometry": {
        "type": "Point",
        "coordinates": [
          -82.2961713,
          37.2839637
        ]
      },
      "id": "way/482126266"
    },
    {
      "type": "Feature",
      "properties": {
        "@id": "way/505903146",
        "leisure": "nature_reserve",
        "name": "South Taylor Environmental Park",
        "operator": "US Steel",
        "@geometry": "center"
      },
      "geometry": {
        "type": "Point",
        "coordinates": [
          -79.9487704,
          40.3540113
        ]
      },
      "id": "way/505903146"
    },
    {
      "type": "Feature",
      "properties": {
        "@id": "way/506808221",
        "leisure": "nature_reserve",
        "name": "Clear Creek",
        "@geometry": "center"
      },
      "geometry": {
        "type": "Point",
        "coordinates": [
          -82.5706818,
          39.6084717
        ]
      },
      "id": "way/506808221"
    },
    {
      "type": "Feature",
      "properties": {
        "@id": "way/506808226",
        "boundary": "metro_park",
        "leisure": "nature_reserve",
        "name": "Clear Creek Metro Park",
        "source": "Franklin County Metro Parks",
        "wikidata": "Q15210870",
        "@geometry": "center"
      },
      "geometry": {
        "type": "Point",
        "coordinates": [
          -82.5956155,
          39.5882031
        ]
      },
      "id": "way/506808226"
    },
    {
      "type": "Feature",
      "properties": {
        "@id": "way/514836004",
        "leisure": "nature_reserve",
        "name": "Colfax Lake",
        "@geometry": "center"
      },
      "geometry": {
        "type": "Point",
        "coordinates": [
          -82.5155419,
          39.7387365
        ]
      },
      "id": "way/514836004"
    },
    {
      "type": "Feature",
      "properties": {
        "@id": "way/514836363",
        "access": "no",
        "leisure": "nature_reserve",
        "name": "Hansel Nature Preserve",
        "note": "Park is under development and is not yet open to the public.",
        "website": "https://www.fairfieldcountyparks.org/parks/hansel-park/",
        "@geometry": "center"
      },
      "geometry": {
        "type": "Point",
        "coordinates": [
          -82.4937392,
          39.7494137
        ]
      },
      "id": "way/514836363"
    },
    {
      "type": "Feature",
      "properties": {
        "@id": "way/514836364",
        "access": "yes",
        "addr:city": "Lancaster",
        "addr:housenumber": "5531",
        "addr:postcode": "43130",
        "addr:state": "OH",
        "addr:street": "Cincinnati-Zanesville Road Northeast",
        "leisure": "nature_reserve",
        "name": "Mambourg Park",
        "opening_hours": "dawn-dusk",
        "operator": "Fairfield County Park District",
        "operator:type": "government",
        "website": "https://www.fairfieldcountyparks.org/parks/mambourg-park/",
        "@geometry": "center"
      },
      "geometry": {
        "type": "Point",
        "coordinates": [
          -82.4895353,
          39.7443368
        ]
      },
      "id": "way/514836364"
    },
    {
      "type": "Feature",
      "properties": {
        "@id": "way/514840664",
        "access": "yes",
        "addr:city": "Lancaster",
        "addr:housenumber": "2805",
        "addr:postcode": "43130",
        "addr:state": "OH",
        "addr:street": "Old Logan Road Southeast",
        "alt_name": "Charles F. Alley Park",
        "leisure": "nature_reserve",
        "name": "Charles Alley Nature Park",
        "operator": "City of Lancaster",
        "operator:type": "government",
        "website": "https://lancasterparks.com/charles-alley-nature-park/",
        "wikidata": "Q112951964",
        "wikimedia_commons": "Category:Charles Alley Nature Park",
        "@geometry": "center"
      },
      "geometry": {
        "type": "Point",
        "coordinates": [
          -82.5748914,
          39.6781226
        ]
      },
      "id": "way/514840664"
    },
    {
      "type": "Feature",
      "properties": {
        "@id": "way/525712160",
        "access": "yes",
        "leisure": "nature_reserve",
        "name": "Keller-Kirn Park",
        "operator": "City of Lancaster",
        "operator:type": "government",
        "@geometry": "center"
      },
      "geometry": {
        "type": "Point",
        "coordinates": [
          -82.6013525,
          39.735484
        ]
      },
      "id": "way/525712160"
    },
    {
      "type": "Feature",
      "properties": {
        "@id": "way/526647618",
        "leisure": "nature_reserve",
        "name": "Winnie Palmer Nature Reserve",
        "@geometry": "center"
      },
      "geometry": {
        "type": "Point",
        "coordinates": [
          -79.3972197,
          40.2868953
        ]
      },
      "id": "way/526647618"
    },
    {
      "type": "Feature",
      "properties": {
        "@id": "way/531995835",
        "barrier": "fence",
        "fence_type": "chain_link",
        "leisure": "nature_reserve",
        "name": "Buffalo Preserve",
        "@geometry": "center"
      },
      "geometry": {
        "type": "Point",
        "coordinates": [
          -80.0054063,
          40.3098947
        ]
      },
      "id": "way/531995835"
    },
    {
      "type": "Feature",
      "properties": {
        "@id": "way/546395193",
        "addr:city": "Lynchburg",
        "addr:housenumber": "521",
        "addr:postcode": "24504",
        "addr:state": "VA",
        "addr:street": "Hollins Mill Road",
        "boundary": "protected_area",
        "leisure": "nature_reserve",
        "name": "Hollins Mill Park",
        "protected_area": "recreation",
        "@geometry": "center"
      },
      "geometry": {
        "type": "Point",
        "coordinates": [
          -79.1579875,
          37.4226187
        ]
      },
      "id": "way/546395193"
    },
    {
      "type": "Feature",
      "properties": {
        "@id": "way/549787810",
        "leisure": "nature_reserve",
        "name": "Brush Creek Preserve",
        "@geometry": "center"
      },
      "geometry": {
        "type": "Point",
        "coordinates": [
          -81.0624471,
          37.464862
        ]
      },
      "id": "way/549787810"
    },
    {
      "type": "Feature",
      "properties": {
        "@id": "way/552509226",
        "leisure": "nature_reserve",
        "name": "Carry Nature Sanctuary",
        "@geometry": "center"
      },
      "geometry": {
        "type": "Point",
        "coordinates": [
          -79.0751075,
          37.5545388
        ]
      },
      "id": "way/552509226"
    },
    {
      "type": "Feature",
      "properties": {
        "@id": "way/552612122",
        "boundary": "protected_area",
        "contact:fax": "+1-304-845-9811",
        "contact:phone": "+1 304-845-9810 x403",
        "contact:website": "https://grandvuepark.com/",
        "leisure": "nature_reserve",
        "name": "Grand Vue Park",
        "operator:addr": "250 Trail Drive, Moundsville, WV 26041",
        "protect_class": "5",
        "@geometry": "center"
      },
      "geometry": {
        "type": "Point",
        "coordinates": [
          -80.7291584,
          39.9428283
        ]
      },
      "id": "way/552612122"
    },
    {
      "type": "Feature",
      "properties": {
        "@id": "way/560436985",
        "leisure": "nature_reserve",
        "name": "Homewood Preserve",
        "@geometry": "center"
      },
      "geometry": {
        "type": "Point",
        "coordinates": [
          -78.7529864,
          39.3373866
        ]
      },
      "id": "way/560436985"
    },
    {
      "type": "Feature",
      "properties": {
        "@id": "way/564163492",
        "access": "yes",
        "boundary": "protected_area",
        "dog": "leashed",
        "leisure": "nature_reserve",
        "name": "Read Mountain Preserve",
        "opening_hours": "Mo-Su 07:00-20:00",
        "operator": "Roanoke County",
        "operator:wikidata": "Q513968",
        "@geometry": "center"
      },
      "geometry": {
        "type": "Point",
        "coordinates": [
          -79.8902913,
          37.3343898
        ]
      },
      "id": "way/564163492"
    },
    {
      "type": "Feature",
      "properties": {
        "@id": "way/578449261",
        "leisure": "nature_reserve",
        "name": "Fern Hollow Conservation Area",
        "operator": "Allegheny Land Trust",
        "source": "https://alleghenylandtrust.org/green-space/fern-hollow/",
        "@geometry": "center"
      },
      "geometry": {
        "type": "Point",
        "coordinates": [
          -80.1511109,
          40.5688459
        ]
      },
      "id": "way/578449261"
    },
    {
      "type": "Feature",
      "properties": {
        "@id": "way/602890326",
        "addr:city": "Logan",
        "addr:housenumber": "19432",
        "addr:postcode": "43138",
        "addr:state": "OH",
        "addr:street": "OH-664 South",
        "leisure": "nature_reserve",
        "name": "Deer Crossing Reserve",
        "@geometry": "center"
      },
      "geometry": {
        "type": "Point",
        "coordinates": [
          -82.5190371,
          39.4428529
        ]
      },
      "id": "way/602890326"
    },
    {
      "type": "Feature",
      "properties": {
        "@id": "way/620910892",
        "leisure": "nature_reserve",
        "name": "Lake Orange",
        "website": "https://www.dgif.virginia.gov/waterbody/lake-orange/",
        "@geometry": "center"
      },
      "geometry": {
        "type": "Point",
        "coordinates": [
          -78.0198806,
          38.2249984
        ]
      },
      "id": "way/620910892"
    },
    {
      "type": "Feature",
      "properties": {
        "@id": "way/626798804",
        "addr:city": "Nashport",
        "addr:housenumber": "5265",
        "addr:postcode": "43830",
        "addr:state": "OH",
        "addr:street": "Dillion Hills Dr",
        "leisure": "nature_reserve",
        "name": "Dillion State Park",
        "operator": "Ohio Department of Natural Resources",
        "operator:short": "ODNR",
        "operator:type": "government",
        "operator:wikidata": "Q7080799",
        "website": "https://www.ncparks.gov/state-parks/medoc-mountain-state-park",
        "@geometry": "center"
      },
      "geometry": {
        "type": "Point",
        "coordinates": [
          -82.0774904,
          39.9965316
        ]
      },
      "id": "way/626798804"
    },
    {
      "type": "Feature",
      "properties": {
        "@id": "way/627640857",
        "leisure": "nature_reserve",
        "name": "Kenmawr Conservation Area",
        "operator": "Hollow Oak Land Trust",
        "source": "http://hollowoak.org/conservation.html#kenmawr",
        "@geometry": "center"
      },
      "geometry": {
        "type": "Point",
        "coordinates": [
          -80.114144,
          40.4949476
        ]
      },
      "id": "way/627640857"
    },
    {
      "type": "Feature",
      "properties": {
        "@id": "way/628456533",
        "description": "Local park with a dog walking and pedestrian path. Set aside by the Town of Purcellville to promote outdoor activity and a place of respite.",
        "leisure": "nature_reserve",
        "name": "Suzanne R. Kane Nature Preserve",
        "@geometry": "center"
      },
      "geometry": {
        "type": "Point",
        "coordinates": [
          -77.7186569,
          39.1421718
        ]
      },
      "id": "way/628456533"
    },
    {
      "type": "Feature",
      "properties": {
        "@id": "way/639721860",
        "addr:city": "Athens",
        "addr:housenumber": "PO Box 2281",
        "addr:postcode": "45701-5281",
        "addr:state": "OH",
        "leisure": "nature_reserve",
        "name": "Blair Preserve",
        "operator": "Athens Conservancy",
        "operator:type": "private_non_profit",
        "website": "https://www.athensconservancy.org/blair-preserve/",
        "@geometry": "center"
      },
      "geometry": {
        "type": "Point",
        "coordinates": [
          -82.0561181,
          39.3508784
        ]
      },
      "id": "way/639721860"
    },
    {
      "type": "Feature",
      "properties": {
        "@id": "way/642410242",
        "leisure": "nature_reserve",
        "name": "Trout Run Conservation Area",
        "operator": "Hollow Oak Land Trust",
        "source": "http://hollowoak.org/conservation.html#troutrun",
        "@geometry": "center"
      },
      "geometry": {
        "type": "Point",
        "coordinates": [
          -80.1666663,
          40.4654302
        ]
      },
      "id": "way/642410242"
    },
    {
      "type": "Feature",
      "properties": {
        "@id": "way/652853360",
        "addr:city": "Athens",
        "addr:housenumber": "PO Box 2281",
        "addr:postcode": "45701-5281",
        "addr:state": "OH",
        "leisure": "nature_reserve",
        "name": "Mary Beth Zak Lohse Nature Preserve",
        "operator": "Athens Conservancy",
        "operator:type": "private_non_profit",
        "website": "https://www.athensconservancy.org/mb-preserve/",
        "@geometry": "center"
      },
      "geometry": {
        "type": "Point",
        "coordinates": [
          -82.0653968,
          39.3558382
        ]
      },
      "id": "way/652853360"
    },
    {
      "type": "Feature",
      "properties": {
        "@id": "way/671147592",
        "boundary": "protected_area",
        "leisure": "nature_reserve",
        "name": "Explore Park",
        "@geometry": "center"
      },
      "geometry": {
        "type": "Point",
        "coordinates": [
          -79.8523826,
          37.2379813
        ]
      },
      "id": "way/671147592"
    },
    {
      "type": "Feature",
      "properties": {
        "@id": "way/680089106",
        "acres": "20",
        "leisure": "nature_reserve",
        "name": "Children's Home Tract",
        "operator": "Athens County",
        "operator:type": "government",
        "@geometry": "center"
      },
      "geometry": {
        "type": "Point",
        "coordinates": [
          -82.0813256,
          39.3462698
        ]
      },
      "id": "way/680089106"
    },
    {
      "type": "Feature",
      "properties": {
        "@id": "way/680089107",
        "addr:city": "Athens",
        "addr:housenumber": "PO Box 2281",
        "addr:postcode": "45701-5281",
        "addr:state": "OH",
        "leisure": "nature_reserve",
        "name": "Tucker Run Preserve",
        "operator": "Athens Conservancy",
        "operator:type": "private_non_profit",
        "website": "https://www.athensconservancy.org/tucker-run-preserve/",
        "@geometry": "center"
      },
      "geometry": {
        "type": "Point",
        "coordinates": [
          -82.0603346,
          39.3676185
        ]
      },
      "id": "way/680089107"
    },
    {
      "type": "Feature",
      "properties": {
        "@id": "way/680113850",
        "leisure": "nature_reserve",
        "name": "Strouds Ridge Preserve COAD Tract",
        "operator": "City of Athens",
        "operator:type": "government",
        "website": "https://www.athensconservancy.org/aaorg/athens-stroudsridge.html",
        "@geometry": "center"
      },
      "geometry": {
        "type": "Point",
        "coordinates": [
          -82.0684571,
          39.343659
        ]
      },
      "id": "way/680113850"
    },
    {
      "type": "Feature",
      "properties": {
        "@id": "way/684970257",
        "addr:city": "Murrysville",
        "addr:postcode": "15668",
        "addr:state": "PA",
        "addr:street": "Twin Oaks Drive",
        "leisure": "nature_reserve",
        "name": "Tomer Reserve",
        "operator": "Westmoreland Conservancy",
        "@geometry": "center"
      },
      "geometry": {
        "type": "Point",
        "coordinates": [
          -79.6800985,
          40.4769233
        ]
      },
      "id": "way/684970257"
    },
    {
      "type": "Feature",
      "properties": {
        "@id": "way/694140185",
        "addr:city": "Heath",
        "addr:housenumber": "10383",
        "addr:postcode": "43056",
        "addr:state": "OH",
        "addr:street": "Fairview Road Southeast",
        "leisure": "nature_reserve",
        "name": "Taft Reserve South",
        "@geometry": "center"
      },
      "geometry": {
        "type": "Point",
        "coordinates": [
          -82.3474014,
          39.9785397
        ]
      },
      "id": "way/694140185"
    },
    {
      "type": "Feature",
      "properties": {
        "@id": "way/694143894",
        "addr:city": "Heath",
        "addr:postcode": "43056",
        "addr:state": "OH",
        "addr:street": "Flint Ridge Road",
        "leisure": "nature_reserve",
        "name": "Taft Reserve North",
        "@geometry": "center"
      },
      "geometry": {
        "type": "Point",
        "coordinates": [
          -82.3539459,
          39.990997
        ]
      },
      "id": "way/694143894"
    },
    {
      "type": "Feature",
      "properties": {
        "@id": "way/710634230",
        "leisure": "nature_reserve",
        "name": "Farm Preserve",
        "@geometry": "center"
      },
      "geometry": {
        "type": "Point",
        "coordinates": [
          -80.1754473,
          40.3895807
        ]
      },
      "id": "way/710634230"
    },
    {
      "type": "Feature",
      "properties": {
        "@id": "way/717748462",
        "boundary": "protected_area",
        "leisure": "nature_reserve",
        "name": "Niday Place State Forest",
        "operator": "Virginia Department of Forestry",
        "protect_class": "4",
        "protected_area": "forest_reserve",
        "website": "https://www.dof.virginia.gov/stateforest/list/niday-place.htm",
        "wikipedia": "en:Niday Place State Forest",
        "@geometry": "center"
      },
      "geometry": {
        "type": "Point",
        "coordinates": [
          -80.3979019,
          37.3920867
        ]
      },
      "id": "way/717748462"
    },
    {
      "type": "Feature",
      "properties": {
        "@id": "way/718616975",
        "access": "private",
        "boundary": "protected_area",
        "leisure": "nature_reserve",
        "name": "Anderson Compass Plant Prairie",
        "protect_class": "4",
        "protected": "perpetuity",
        "protection_title": "State Nature Preserve",
        "@geometry": "center"
      },
      "geometry": {
        "type": "Point",
        "coordinates": [
          -82.4755545,
          38.6162658
        ]
      },
      "id": "way/718616975"
    },
    {
      "type": "Feature",
      "properties": {
        "@id": "way/720033739",
        "leisure": "nature_reserve",
        "name": "Fred E. Brooks Memorial Arboretum",
        "operator": "Watoga State Park",
        "@geometry": "center"
      },
      "geometry": {
        "type": "Point",
        "coordinates": [
          -80.1454596,
          38.1116246
        ]
      },
      "id": "way/720033739"
    },
    {
      "type": "Feature",
      "properties": {
        "@id": "way/720979693",
        "boundary": "protected_area",
        "leisure": "nature_reserve",
        "name": "Clover Hollow Natural Area Preserve",
        "operator": "VA Dept of Conservation and Recreation",
        "ownership": "state",
        "protect_class": "1a",
        "wikidata": "Q5135898",
        "wikipedia": "en:Clover Hollow Natural Area Preserve",
        "@geometry": "center"
      },
      "geometry": {
        "type": "Point",
        "coordinates": [
          -80.4620915,
          37.3423629
        ]
      },
      "id": "way/720979693"
    },
    {
      "type": "Feature",
      "properties": {
        "@id": "way/721050862",
        "leisure": "nature_reserve",
        "name": "Gaudineer Scenic Area",
        "operator": "US Forest Service",
        "@geometry": "center"
      },
      "geometry": {
        "type": "Point",
        "coordinates": [
          -79.8399318,
          38.6234852
        ]
      },
      "id": "way/721050862"
    },
    {
      "type": "Feature",
      "properties": {
        "@id": "way/727106778",
        "boundary": "protected_area",
        "ele": "790",
        "gnis:feature_id": "1536924",
        "leisure": "nature_reserve",
        "name": "Camp Creek State Forest",
        "protected_area": "forest_reserve",
        "wikidata": "Q31530300",
        "@geometry": "center"
      },
      "geometry": {
        "type": "Point",
        "coordinates": [
          -81.1523253,
          37.5214345
        ]
      },
      "id": "way/727106778"
    },
    {
      "type": "Feature",
      "properties": {
        "@id": "way/727191721",
        "leisure": "nature_reserve",
        "name": "PATC Entry Run Tract",
        "operator": "Potomac Appalachian Trail Club",
        "@geometry": "center"
      },
      "geometry": {
        "type": "Point",
        "coordinates": [
          -78.4660988,
          38.3883858
        ]
      },
      "id": "way/727191721"
    },
    {
      "type": "Feature",
      "properties": {
        "@id": "way/736395480",
        "leisure": "nature_reserve",
        "name": "Coursey Springs State Fish Hatchery",
        "@geometry": "center"
      },
      "geometry": {
        "type": "Point",
        "coordinates": [
          -79.5791855,
          38.1794071
        ]
      },
      "id": "way/736395480"
    },
    {
      "type": "Feature",
      "properties": {
        "@id": "way/746032026",
        "leisure": "nature_reserve",
        "@geometry": "center"
      },
      "geometry": {
        "type": "Point",
        "coordinates": [
          -80.0451605,
          40.3556923
        ]
      },
      "id": "way/746032026"
    },
    {
      "type": "Feature",
      "properties": {
        "@id": "way/746032027",
        "leisure": "nature_reserve",
        "name": "Hoodridge Park",
        "@geometry": "center"
      },
      "geometry": {
        "type": "Point",
        "coordinates": [
          -80.0434576,
          40.3570778
        ]
      },
      "id": "way/746032027"
    },
    {
      "type": "Feature",
      "properties": {
        "@id": "way/746032162",
        "leisure": "nature_reserve",
        "name": "Iroquois Park",
        "@geometry": "center"
      },
      "geometry": {
        "type": "Point",
        "coordinates": [
          -80.0564904,
          40.3583687
        ]
      },
      "id": "way/746032162"
    },
    {
      "type": "Feature",
      "properties": {
        "@id": "way/746833542",
        "description": "A region of land owned by the holmes waltonian conservation club.",
        "leisure": "nature_reserve",
        "operator": "Holmes Waltonian Conservation Club",
        "source": "local knowledge;survey",
        "@geometry": "center"
      },
      "geometry": {
        "type": "Point",
        "coordinates": [
          -81.9281922,
          40.6276006
        ]
      },
      "id": "way/746833542"
    },
    {
      "type": "Feature",
      "properties": {
        "@id": "way/754057225",
        "leisure": "nature_reserve",
        "name": "Wiltshire Park",
        "@geometry": "center"
      },
      "geometry": {
        "type": "Point",
        "coordinates": [
          -80.0701235,
          40.3225174
        ]
      },
      "id": "way/754057225"
    },
    {
      "type": "Feature",
      "properties": {
        "@id": "way/758205082",
        "boundary": "protected_area",
        "leisure": "nature_reserve",
        "name": "Oakley Forest Wildlife Management Area",
        "natural": "wood",
        "operator": "Virginia Department of Game and Inland Fisheries",
        "operator:type": "government",
        "operator:wikidata": "Q7934240",
        "protected_area": "game_land",
        "protection_title": "Wildlife Management Area",
        "@geometry": "center"
      },
      "geometry": {
        "type": "Point",
        "coordinates": [
          -77.7221216,
          38.2322544
        ]
      },
      "id": "way/758205082"
    },
    {
      "type": "Feature",
      "properties": {
        "@id": "way/769755014",
        "alt_name": "Neville's Woods",
        "leisure": "nature_reserve",
        "name": "Neville Woods Conservation Area",
        "@geometry": "center"
      },
      "geometry": {
        "type": "Point",
        "coordinates": [
          -80.1419992,
          40.3916617
        ]
      },
      "id": "way/769755014"
    },
    {
      "type": "Feature",
      "properties": {
        "@id": "way/771469441",
        "boundary": "protected_area",
        "gnis:feature_id": "1465521",
        "leisure": "nature_reserve",
        "name": "Cumberland State Forest",
        "operator": "Virginia Department of Forestry",
        "protect_class": "15",
        "protected_area": "forest_reserve",
        "site_ownership": "state",
        "@geometry": "center"
      },
      "geometry": {
        "type": "Point",
        "coordinates": [
          -78.2945448,
          37.5105439
        ]
      },
      "id": "way/771469441"
    },
    {
      "type": "Feature",
      "properties": {
        "@id": "way/771470221",
        "gnis:feature_id": "1462886",
        "leisure": "nature_reserve",
        "name": "Bear Creek Lake State Park",
        "wikidata": "Q4876399",
        "@geometry": "center"
      },
      "geometry": {
        "type": "Point",
        "coordinates": [
          -78.2721534,
          37.5294357
        ]
      },
      "id": "way/771470221"
    },
    {
      "type": "Feature",
      "properties": {
        "@id": "way/776253718",
        "landuse": "forest",
        "leisure": "nature_reserve",
        "@geometry": "center"
      },
      "geometry": {
        "type": "Point",
        "coordinates": [
          -79.9383053,
          40.5768176
        ]
      },
      "id": "way/776253718"
    },
    {
      "type": "Feature",
      "properties": {
        "@id": "way/789049358",
        "access": "private",
        "leisure": "nature_reserve",
        "name": "Heart of Virginia Scout Reservation",
        "operator": "Heart of Virginia Council",
        "@geometry": "center"
      },
      "geometry": {
        "type": "Point",
        "coordinates": [
          -77.8639766,
          37.6773079
        ]
      },
      "id": "way/789049358"
    },
    {
      "type": "Feature",
      "properties": {
        "@id": "way/802751895",
        "leisure": "nature_reserve",
        "name": "Heritage Park",
        "@geometry": "center"
      },
      "geometry": {
        "type": "Point",
        "coordinates": [
          -79.7355678,
          40.4160009
        ]
      },
      "id": "way/802751895"
    },
    {
      "type": "Feature",
      "properties": {
        "@id": "way/802754998",
        "leisure": "nature_reserve",
        "name": "Beechwood Park",
        "@geometry": "center"
      },
      "geometry": {
        "type": "Point",
        "coordinates": [
          -79.7433669,
          40.4115739
        ]
      },
      "id": "way/802754998"
    },
    {
      "type": "Feature",
      "properties": {
        "@id": "way/802755804",
        "leisure": "nature_reserve",
        "name": "Fernwood Park",
        "natural": "wood",
        "@geometry": "center"
      },
      "geometry": {
        "type": "Point",
        "coordinates": [
          -79.7349568,
          40.4248578
        ]
      },
      "id": "way/802755804"
    },
    {
      "type": "Feature",
      "properties": {
        "@id": "way/802762401",
        "leisure": "nature_reserve",
        "name": "Monroeville Community Park East",
        "@geometry": "center"
      },
      "geometry": {
        "type": "Point",
        "coordinates": [
          -79.7627377,
          40.4151255
        ]
      },
      "id": "way/802762401"
    },
    {
      "type": "Feature",
      "properties": {
        "@id": "way/802762402",
        "layer": "-1",
        "leisure": "nature_reserve",
        "name": "Monroeville Community Park",
        "@geometry": "center"
      },
      "geometry": {
        "type": "Point",
        "coordinates": [
          -79.767689,
          40.4204472
        ]
      },
      "id": "way/802762402"
    },
    {
      "type": "Feature",
      "properties": {
        "@id": "way/802762403",
        "leisure": "nature_reserve",
        "name": "Pioneer Park",
        "@geometry": "center"
      },
      "geometry": {
        "type": "Point",
        "coordinates": [
          -79.7887659,
          40.4174333
        ]
      },
      "id": "way/802762403"
    },
    {
      "type": "Feature",
      "properties": {
        "@id": "way/802762404",
        "leisure": "nature_reserve",
        "name": "Cottonwood-Sunnyfield Park",
        "@geometry": "center"
      },
      "geometry": {
        "type": "Point",
        "coordinates": [
          -79.7925358,
          40.4465918
        ]
      },
      "id": "way/802762404"
    },
    {
      "type": "Feature",
      "properties": {
        "@id": "way/802762405",
        "leisure": "nature_reserve",
        "name": "Glenwood Park",
        "@geometry": "center"
      },
      "geometry": {
        "type": "Point",
        "coordinates": [
          -79.7858047,
          40.4527478
        ]
      },
      "id": "way/802762405"
    },
    {
      "type": "Feature",
      "properties": {
        "@id": "way/802762406",
        "leisure": "nature_reserve",
        "name": "Evergreen Park",
        "@geometry": "center"
      },
      "geometry": {
        "type": "Point",
        "coordinates": [
          -79.7706985,
          40.450919
        ]
      },
      "id": "way/802762406"
    },
    {
      "type": "Feature",
      "properties": {
        "@id": "way/802767326",
        "leisure": "nature_reserve",
        "name": "Valley Park",
        "@geometry": "center"
      },
      "geometry": {
        "type": "Point",
        "coordinates": [
          -79.7258976,
          40.4151236
        ]
      },
      "id": "way/802767326"
    },
    {
      "type": "Feature",
      "properties": {
        "@id": "way/802767327",
        "leisure": "nature_reserve",
        "name": "Alpine Park",
        "@geometry": "center"
      },
      "geometry": {
        "type": "Point",
        "coordinates": [
          -79.7182258,
          40.4213639
        ]
      },
      "id": "way/802767327"
    },
    {
      "type": "Feature",
      "properties": {
        "@id": "way/803452457",
        "leisure": "nature_reserve",
        "name": "Boggs Run Conservation Area",
        "operator": "Hollow Oak Land Trust",
        "source": "http://hollowoak.org/conservation.html#kenmawr",
        "@geometry": "center"
      },
      "geometry": {
        "type": "Point",
        "coordinates": [
          -80.2683291,
          40.5415493
        ]
      },
      "id": "way/803452457"
    },
    {
      "type": "Feature",
      "properties": {
        "@id": "way/803452458",
        "leisure": "nature_reserve",
        "name": "Fifer's Fields Conservation Area",
        "source": "http://hollowoak.org/conservation.html#kenmawr",
        "@geometry": "center"
      },
      "geometry": {
        "type": "Point",
        "coordinates": [
          -80.1271441,
          40.5917548
        ]
      },
      "id": "way/803452458"
    },
    {
      "type": "Feature",
      "properties": {
        "@id": "way/803452459",
        "leisure": "nature_reserve",
        "name": "Forestbrooke Conservation Area",
        "operator": "Hollow Oak Land Trust",
        "source": "http://hollowoak.org/conservation.html#kenmawr",
        "@geometry": "center"
      },
      "geometry": {
        "type": "Point",
        "coordinates": [
          -80.2033941,
          40.4511273
        ]
      },
      "id": "way/803452459"
    },
    {
      "type": "Feature",
      "properties": {
        "@id": "way/803495474",
        "leisure": "nature_reserve",
        "name": "Beadnell Slopes Conservation Area",
        "source": "https://alleghenylandtrust.org",
        "@geometry": "center"
      },
      "geometry": {
        "type": "Point",
        "coordinates": [
          -80.1723566,
          40.5954001
        ]
      },
      "id": "way/803495474"
    },
    {
      "type": "Feature",
      "properties": {
        "@id": "way/803499998",
        "leisure": "nature_reserve",
        "name": "Audubon Greenway Conservation Area 3 & 4",
        "source": "https://alleghenylandtrust.org",
        "@geometry": "center"
      },
      "geometry": {
        "type": "Point",
        "coordinates": [
          -80.1375577,
          40.561594
        ]
      },
      "id": "way/803499998"
    },
    {
      "type": "Feature",
      "properties": {
        "@id": "way/803499999",
        "leisure": "nature_reserve",
        "name": "Audubon Greenway Conservation Area 1 & 2",
        "operator": "Audubon",
        "operator:type": "private",
        "operator:wikidata": "Q1646000",
        "source": "https://alleghenylandtrust.org",
        "@geometry": "center"
      },
      "geometry": {
        "type": "Point",
        "coordinates": [
          -80.1230201,
          40.5637702
        ]
      },
      "id": "way/803499999"
    },
    {
      "type": "Feature",
      "properties": {
        "@id": "way/803500000",
        "leisure": "nature_reserve",
        "name": "Devils Hollow Conservation Area",
        "operator": "Allegheny Land Trust",
        "source": "https://alleghenylandtrust.org",
        "@geometry": "center"
      },
      "geometry": {
        "type": "Point",
        "coordinates": [
          -80.1832868,
          40.5752478
        ]
      },
      "id": "way/803500000"
    },
    {
      "type": "Feature",
      "properties": {
        "@id": "way/803502677",
        "leisure": "nature_reserve",
        "name": "Dead Man's Hollow Conservation Area",
        "operator": "Allegheny Land Trust",
        "source": "https://alleghenylandtrust.org",
        "wikidata": "Q30066068",
        "wikipedia": "en:Dead Man's Hollow",
        "@geometry": "center"
      },
      "geometry": {
        "type": "Point",
        "coordinates": [
          -79.845028,
          40.314775
        ]
      },
      "id": "way/803502677"
    },
    {
      "type": "Feature",
      "properties": {
        "@id": "way/803815078",
        "leisure": "nature_reserve",
        "name": "Chatham Village Greenspace",
        "ownership": "private",
        "source:geometry": "property parcel map",
        "@geometry": "center"
      },
      "geometry": {
        "type": "Point",
        "coordinates": [
          -80.0180201,
          40.4280846
        ]
      },
      "id": "way/803815078"
    },
    {
      "type": "Feature",
      "properties": {
        "@id": "way/803821276",
        "leisure": "nature_reserve",
        "name": "Grandview Overlook Park",
        "@geometry": "center"
      },
      "geometry": {
        "type": "Point",
        "coordinates": [
          -80.0093038,
          40.4342076
        ]
      },
      "id": "way/803821276"
    },
    {
      "type": "Feature",
      "properties": {
        "@id": "way/804462870",
        "landuse": "forest",
        "leisure": "nature_reserve",
        "name": "Whetzel Preserve",
        "operator": "Allegheny Land Trust",
        "source:geometry": "property parcel map",
        "website": "https://alleghenylandtrust.org/green-space/whetzel-preserve/",
        "@geometry": "center"
      },
      "geometry": {
        "type": "Point",
        "coordinates": [
          -79.9401191,
          40.2128839
        ]
      },
      "id": "way/804462870"
    },
    {
      "type": "Feature",
      "properties": {
        "@id": "way/804465535",
        "landuse": "forest",
        "leisure": "nature_reserve",
        "name": "Tom's Run Conservation Area",
        "operator": "Western Pennsylvania Conservancy",
        "source:geometry": "property parcel map",
        "website": "https://waterlandlife.org/",
        "@geometry": "center"
      },
      "geometry": {
        "type": "Point",
        "coordinates": [
          -80.1081399,
          40.5344192
        ]
      },
      "id": "way/804465535"
    },
    {
      "type": "Feature",
      "properties": {
        "@id": "way/804465541",
        "leisure": "nature_reserve",
        "name": "Meadowview Conservation Area",
        "operator": "Allegheny Land Trust",
        "source:geometry": "property parcel map",
        "website": "https://alleghenylandtrust.org",
        "@geometry": "center"
      },
      "geometry": {
        "type": "Point",
        "coordinates": [
          -80.1406664,
          40.5492293
        ]
      },
      "id": "way/804465541"
    },
    {
      "type": "Feature",
      "properties": {
        "@id": "way/804466840",
        "landuse": "forest",
        "leisure": "nature_reserve",
        "name": "Lowries Run Conservation Area - ALT",
        "source:geometry": "property parcel map",
        "website": "https://alleghenylandtrust.org",
        "@geometry": "center"
      },
      "geometry": {
        "type": "Point",
        "coordinates": [
          -80.0519948,
          40.53219
        ]
      },
      "id": "way/804466840"
    },
    {
      "type": "Feature",
      "properties": {
        "@id": "way/804469749",
        "landuse": "forest",
        "leisure": "nature_reserve",
        "name": "Linbrook Woodlands Conservation Area - ALT",
        "source:geometry": "property parcel map",
        "website": "https://alleghenylandtrust.org",
        "@geometry": "center"
      },
      "geometry": {
        "type": "Point",
        "coordinates": [
          -80.1515871,
          40.6087484
        ]
      },
      "id": "way/804469749"
    },
    {
      "type": "Feature",
      "properties": {
        "@id": "way/804470167",
        "leisure": "nature_reserve",
        "name": "Irwin Run Conservation Area",
        "operator": "Allegheny Land Trust",
        "source:geometry": "property parcel map",
        "website": "https://alleghenylandtrust.org/green-space/irwin-run/",
        "@geometry": "center"
      },
      "geometry": {
        "type": "Point",
        "coordinates": [
          -80.0054073,
          40.6236681
        ]
      },
      "id": "way/804470167"
    },
    {
      "type": "Feature",
      "properties": {
        "@id": "way/804470650",
        "landuse": "forest",
        "leisure": "nature_reserve",
        "name": "Hunt Road Conservation Area - ALT",
        "source:geometry": "property parcel map",
        "website": "https://alleghenylandtrust.org",
        "@geometry": "center"
      },
      "geometry": {
        "type": "Point",
        "coordinates": [
          -80.1413802,
          40.5917151
        ]
      },
      "id": "way/804470650"
    },
    {
      "type": "Feature",
      "properties": {
        "@id": "way/806254674",
        "leisure": "nature_reserve",
        "name": "Kelvington Park",
        "@geometry": "center"
      },
      "geometry": {
        "type": "Point",
        "coordinates": [
          -79.7537594,
          40.4010946
        ]
      },
      "id": "way/806254674"
    },
    {
      "type": "Feature",
      "properties": {
        "@id": "way/806569531",
        "alt_name": "Park",
        "leisure": "nature_reserve",
        "owner": "Monroeville",
        "@geometry": "center"
      },
      "geometry": {
        "type": "Point",
        "coordinates": [
          -79.7430612,
          40.3988817
        ]
      },
      "id": "way/806569531"
    },
    {
      "type": "Feature",
      "properties": {
        "@id": "way/807884386",
        "leisure": "nature_reserve",
        "name": "Woodpecker Woods Wildlife Santuary",
        "@geometry": "center"
      },
      "geometry": {
        "type": "Point",
        "coordinates": [
          -77.7535533,
          39.3297999
        ]
      },
      "id": "way/807884386"
    },
    {
      "type": "Feature",
      "properties": {
        "@id": "way/817876659",
        "access": "private",
        "leisure": "nature_reserve",
        "name": "Chartiers Greenway",
        "operator": "Allegheny Land Trust",
        "@geometry": "center"
      },
      "geometry": {
        "type": "Point",
        "coordinates": [
          -80.1168002,
          40.3166413
        ]
      },
      "id": "way/817876659"
    },
    {
      "type": "Feature",
      "properties": {
        "@id": "way/820216841",
        "leisure": "nature_reserve",
        "name": "Craig Creek Recreation Area",
        "@geometry": "center"
      },
      "geometry": {
        "type": "Point",
        "coordinates": [
          -79.9671348,
          37.6176794
        ]
      },
      "id": "way/820216841"
    },
    {
      "type": "Feature",
      "properties": {
        "@id": "way/825640211",
        "leisure": "nature_reserve",
        "name": "Eastham Park Trail and Front Royal Boat Landing",
        "operator": "Virginia Department of Wildlife Resources",
        "website": "https://dwr.virginia.gov/vbwt/sites/eastham-park-trail-and-front-royal-boat-landing/",
        "@geometry": "center"
      },
      "geometry": {
        "type": "Point",
        "coordinates": [
          -78.2088345,
          38.9134772
        ]
      },
      "id": "way/825640211"
    },
    {
      "type": "Feature",
      "properties": {
        "@id": "way/827375992",
        "access": "private",
        "club": "yes",
        "landuse": "recreation_ground",
        "leisure": "nature_reserve",
        "name": "Potomac Appalachian Trail Club",
        "operator": "Potomac Appalachian Trail Club",
        "website": "https://www.patc.net/",
        "@geometry": "center"
      },
      "geometry": {
        "type": "Point",
        "coordinates": [
          -78.1705686,
          38.8540803
        ]
      },
      "id": "way/827375992"
    },
    {
      "type": "Feature",
      "properties": {
        "@id": "way/827375994",
        "access": "private",
        "club": "yes",
        "landuse": "recreation_ground",
        "leisure": "nature_reserve",
        "name": "Potomac Appalachian Trail Club",
        "operator": "Potomac Appalachian Trail Club",
        "website": "https://www.patc.net/",
        "@geometry": "center"
      },
      "geometry": {
        "type": "Point",
        "coordinates": [
          -78.1680037,
          38.8471881
        ]
      },
      "id": "way/827375994"
    },
    {
      "type": "Feature",
      "properties": {
        "@id": "way/827673375",
        "leisure": "nature_reserve",
        "name": "Sugarloaf Mountain / Rockfish / Shields Gap",
        "natural": "wood",
        "operator": "The Nature Conservancy",
        "operator:type": "private",
        "operator:wikidata": "Q1813186",
        "@geometry": "center"
      },
      "geometry": {
        "type": "Point",
        "coordinates": [
          -78.8874974,
          37.8055652
        ]
      },
      "id": "way/827673375"
    },
    {
      "type": "Feature",
      "properties": {
        "@id": "way/827673376",
        "leisure": "nature_reserve",
        "name": "Fortune's Cove Preserve",
        "operator": "The Nature Conservancy",
        "operator:type": "private",
        "operator:wikidata": "Q1813186",
        "website": "https://www.nature.org/ourinitiatives/regions/northamerica/unitedstates/virginia/placesweprotect/fortunes-cove-preserve.xml",
        "@geometry": "center"
      },
      "geometry": {
        "type": "Point",
        "coordinates": [
          -78.8945131,
          37.7929905
        ]
      },
      "id": "way/827673376"
    },
    {
      "type": "Feature",
      "properties": {
        "@id": "way/833546059",
        "leisure": "nature_reserve",
        "name": "Blue Ridge Regional Park",
        "operator": "Northern Virginia Regional Park Authority",
        "website": "https://www.novaparks.com/parks/blue-ridge-regional-park",
        "@geometry": "center"
      },
      "geometry": {
        "type": "Point",
        "coordinates": [
          -77.8609941,
          39.0807075
        ]
      },
      "id": "way/833546059"
    },
    {
      "type": "Feature",
      "properties": {
        "@id": "way/842268268",
        "access": "yes",
        "boundary": "protected_area",
        "leisure": "nature_reserve",
        "name": "Fork Run Recreation Area",
        "opening_hours": "sunrise-sunset",
        "owner": "Garrett County",
        "ownership": "county",
        "@geometry": "center"
      },
      "geometry": {
        "type": "Point",
        "coordinates": [
          -79.3895758,
          39.5353179
        ]
      },
      "id": "way/842268268"
    },
    {
      "type": "Feature",
      "properties": {
        "@id": "way/843334071",
        "leisure": "nature_reserve",
        "name": "Crouse Run Nature Reserve",
        "source:geometry": "esri imagery;Allegheny County parcels",
        "website": "https://www.pinecreeklandtrust.org/properties/crouserun/",
        "@geometry": "center"
      },
      "geometry": {
        "type": "Point",
        "coordinates": [
          -79.959121,
          40.5899568
        ]
      },
      "id": "way/843334071"
    },
    {
      "type": "Feature",
      "properties": {
        "@id": "way/843335822",
        "fixme": "verify exact bounds",
        "leisure": "nature_reserve",
        "name": "Browns Woods",
        "source": "Allegheny County parcels",
        "website": "https://www.pinecreeklandtrust.org/properties/brownswoods/",
        "@geometry": "center"
      },
      "geometry": {
        "type": "Point",
        "coordinates": [
          -79.9427052,
          40.5692945
        ]
      },
      "id": "way/843335822"
    },
    {
      "type": "Feature",
      "properties": {
        "@id": "way/848998994",
        "boundary": "protected_area",
        "leisure": "nature_reserve",
        "name": "Cranesville Swamp Preserve",
        "protect_class": "6",
        "website": "https://www.nature.org/en-us/get-involved/how-to-help/places-we-protect/cranesville-swamp-preserve/",
        "wikidata": "Q5182079",
        "wikipedia": "en:Cranesville Swamp Preserve",
        "@geometry": "center"
      },
      "geometry": {
        "type": "Point",
        "coordinates": [
          -79.4815323,
          39.5401177
        ]
      },
      "id": "way/848998994"
    },
    {
      "type": "Feature",
      "properties": {
        "@id": "way/852509175",
        "leisure": "nature_reserve",
        "operator": "Allegheny Land Trust",
        "@geometry": "center"
      },
      "geometry": {
        "type": "Point",
        "coordinates": [
          -79.8136037,
          40.2795955
        ]
      },
      "id": "way/852509175"
    },
    {
      "type": "Feature",
      "properties": {
        "@id": "way/854079426",
        "leisure": "nature_reserve",
        "name": "Tom's Run Nature Preserve",
        "operator": "West Viginia Land Trust",
        "@geometry": "center"
      },
      "geometry": {
        "type": "Point",
        "coordinates": [
          -79.9968567,
          39.5530694
        ]
      },
      "id": "way/854079426"
    },
    {
      "type": "Feature",
      "properties": {
        "@id": "way/854298039",
        "leisure": "nature_reserve",
        "name": "Falling Run Greenspace",
        "@geometry": "center"
      },
      "geometry": {
        "type": "Point",
        "coordinates": [
          -79.9459827,
          39.6398389
        ]
      },
      "id": "way/854298039"
    },
    {
      "type": "Feature",
      "properties": {
        "@id": "way/856521685",
        "boundary": "protected_area",
        "leisure": "nature_reserve",
        "name": "Little Indian Creek Wildlife Management Area",
        "opening_hours": "sunrise-sunset",
        "operator": "West Virginia Dept. Natural Resources",
        "protected_area": "game_land",
        "protection_title": "Wildlife Management Area",
        "@geometry": "center"
      },
      "geometry": {
        "type": "Point",
        "coordinates": [
          -80.0731329,
          39.5848031
        ]
      },
      "id": "way/856521685"
    },
    {
      "type": "Feature",
      "properties": {
        "@id": "way/856521686",
        "leisure": "nature_reserve",
        "name": "LIttle Indian Creek Wildlife Managment ARea",
        "@geometry": "center"
      },
      "geometry": {
        "type": "Point",
        "coordinates": [
          -80.0644883,
          39.6017521
        ]
      },
      "id": "way/856521686"
    },
    {
      "type": "Feature",
      "properties": {
        "@id": "way/865894700",
        "leisure": "nature_reserve",
        "name": "Ramser Arboretum",
        "website": "https://www.ramserarbor.org/",
        "@geometry": "center"
      },
      "geometry": {
        "type": "Point",
        "coordinates": [
          -82.2894665,
          40.5319301
        ]
      },
      "id": "way/865894700"
    },
    {
      "type": "Feature",
      "properties": {
        "@id": "way/865894703",
        "alt_name": "Ramser Arboretum Mount Vernon Nazarene University Woods",
        "leisure": "nature_reserve",
        "name": "Ramser Arboretum MVNU Woods",
        "website": "https://www.ramserarbor.org/mvnu-woods.html",
        "@geometry": "center"
      },
      "geometry": {
        "type": "Point",
        "coordinates": [
          -82.4461609,
          40.4548046
        ]
      },
      "id": "way/865894703"
    },
    {
      "type": "Feature",
      "properties": {
        "@id": "way/866048863",
        "boundary": "protected_area",
        "leisure": "nature_reserve",
        "name": "Johnsons Creek State Natural Area Preserve",
        "operator": "Virginia DCR",
        "ownership": "state",
        "protect_class": "1a",
        "website": "https://www.dcr.virginia.gov/natural-heritage/natural-area-preserves/johnsons",
        "wikipedia": "en:Johnsons Creek Natural Area Preserve",
        "@geometry": "center"
      },
      "geometry": {
        "type": "Point",
        "coordinates": [
          -80.079453,
          37.837259
        ]
      },
      "id": "way/866048863"
    },
    {
      "type": "Feature",
      "properties": {
        "@id": "way/871754361",
        "boundary": "protected_area",
        "gnis:feature_id": "1548127",
        "leisure": "nature_reserve",
        "name": "Tomlinson Run State Park",
        "operator": "WV Division of Natural Resources",
        "protect_class": "5",
        "wikidata": "Q7819030",
        "@geometry": "center"
      },
      "geometry": {
        "type": "Point",
        "coordinates": [
          -80.5962042,
          40.5489118
        ]
      },
      "id": "way/871754361"
    },
    {
      "type": "Feature",
      "properties": {
        "@id": "way/877567426",
        "dog": "no",
        "image": "https://www.charlottesville.gov/DocumentCenter/View/1484/Ragged-Mountain-Trail-Map-and-Guide-PDF?bidId=",
        "leisure": "nature_reserve",
        "name": "Heyward Community Forest",
        "natural": "wood",
        "@geometry": "center"
      },
      "geometry": {
        "type": "Point",
        "coordinates": [
          -78.5530575,
          38.027766
        ]
      },
      "id": "way/877567426"
    },
    {
      "type": "Feature",
      "properties": {
        "@id": "way/880658481",
        "leisure": "nature_reserve",
        "name": "Buttermilk Falls Natural Area",
        "wikidata": "Q5003011",
        "wikipedia": "en:Buttermilk Falls Natural Area",
        "@geometry": "center"
      },
      "geometry": {
        "type": "Point",
        "coordinates": [
          -79.06887,
          40.4203819
        ]
      },
      "id": "way/880658481"
    },
    {
      "type": "Feature",
      "properties": {
        "@id": "way/884211385",
        "boundary": "protected_area",
        "gnis:feature_id": "1208407",
        "leisure": "nature_reserve",
        "name": "State Game Lands Number 273",
        "operator": "Pennsylvania Game Commission",
        "operator:short": "PGC",
        "operator:wikidata": "Q7163731",
        "ownership": "state",
        "protected": "perpetuity",
        "protected_area": "game_land",
        "protection_title": "State Game Land",
        "ref": "273",
        "source": "http://pgcmaps.pa.gov",
        "wikidata": "Q49565762",
        "@geometry": "center"
      },
      "geometry": {
        "type": "Point",
        "coordinates": [
          -79.1069528,
          40.5733388
        ]
      },
      "id": "way/884211385"
    },
    {
      "type": "Feature",
      "properties": {
        "@id": "way/893586415",
        "leisure": "nature_reserve",
        "name": "Poston Plant Lands",
        "operator": "Ohio Department of Natural Resources",
        "operator:short": "ODNR",
        "operator:type": "government",
        "operator:wikidata": "Q7080799",
        "@geometry": "center"
      },
      "geometry": {
        "type": "Point",
        "coordinates": [
          -82.2277699,
          39.3826236
        ]
      },
      "id": "way/893586415"
    },
    {
      "type": "Feature",
      "properties": {
        "@id": "way/906972812",
        "addr:city": "Athens",
        "addr:housenumber": "PO Box 2281",
        "addr:postcode": "45701-5281",
        "addr:state": "OH",
        "leisure": "nature_reserve",
        "name": "Canaan Preserve",
        "operator": "Athens Conservancy",
        "operator:type": "private_non_profit",
        "website": "https://www.athensconservancy.org/canaan-preserve/",
        "@geometry": "center"
      },
      "geometry": {
        "type": "Point",
        "coordinates": [
          -82.0024702,
          39.3395479
        ]
      },
      "id": "way/906972812"
    },
    {
      "type": "Feature",
      "properties": {
        "@id": "way/906972813",
        "addr:city": "Athens",
        "addr:housenumber": "PO Box 2281",
        "addr:postcode": "45701-5281",
        "addr:state": "OH",
        "dog": "yes",
        "leisure": "nature_reserve",
        "name": "Baker Preserve",
        "operator": "Athens Conservancy",
        "operator:type": "private_non_profit",
        "@geometry": "center"
      },
      "geometry": {
        "type": "Point",
        "coordinates": [
          -81.9954506,
          39.332039
        ]
      },
      "id": "way/906972813"
    },
    {
      "type": "Feature",
      "properties": {
        "@id": "way/906972814",
        "leisure": "nature_reserve",
        "operator": "Athens Conservancy",
        "operator:type": "private_non_profit",
        "@geometry": "center"
      },
      "geometry": {
        "type": "Point",
        "coordinates": [
          -82.0019035,
          39.3277927
        ]
      },
      "id": "way/906972814"
    },
    {
      "type": "Feature",
      "properties": {
        "@id": "way/926819877",
        "boundary": "protected_area",
        "leisure": "nature_reserve",
        "name": "Appalachian Trail Corridor",
        "operator": "Appalachian Trail Conservancy",
        "@geometry": "center"
      },
      "geometry": {
        "type": "Point",
        "coordinates": [
          -77.9464658,
          39.0240221
        ]
      },
      "id": "way/926819877"
    },
    {
      "type": "Feature",
      "properties": {
        "@id": "way/926826291",
        "boundary": "protected_area",
        "leisure": "nature_reserve",
        "operator": "Piedmont Environmental Council",
        "@geometry": "center"
      },
      "geometry": {
        "type": "Point",
        "coordinates": [
          -78.1417232,
          38.2604386
        ]
      },
      "id": "way/926826291"
    },
    {
      "type": "Feature",
      "properties": {
        "@id": "way/926829510",
        "boundary": "protected_area",
        "leisure": "nature_reserve",
        "operator": "Piedmont Environmental Council",
        "@geometry": "center"
      },
      "geometry": {
        "type": "Point",
        "coordinates": [
          -78.5143736,
          37.9959388
        ]
      },
      "id": "way/926829510"
    },
    {
      "type": "Feature",
      "properties": {
        "@id": "way/933043005",
        "boundary": "protected_area",
        "leisure": "nature_reserve",
        "name": "Mt. Pleasant Roadless Area",
        "@geometry": "center"
      },
      "geometry": {
        "type": "Point",
        "coordinates": [
          -79.1900405,
          37.7386247
        ]
      },
      "id": "way/933043005"
    },
    {
      "type": "Feature",
      "properties": {
        "@id": "way/945549689",
        "leisure": "nature_reserve",
        "name": "Kimberly Run Natural Area",
        "operator": "Somerset County Conservancy",
        "@geometry": "center"
      },
      "geometry": {
        "type": "Point",
        "coordinates": [
          -79.029673,
          39.98904
        ]
      },
      "id": "way/945549689"
    },
    {
      "type": "Feature",
      "properties": {
        "@id": "way/952706237",
        "boundary": "protected_area",
        "leisure": "nature_reserve",
        "name": "Chestnut Ridge State Natural Area Preserve",
        "ownership": "private",
        "protect_class": "1a",
        "wikipedia": "en:Chestnut Ridge Natural Area Preserve",
        "@geometry": "center"
      },
      "geometry": {
        "type": "Point",
        "coordinates": [
          -80.9930456,
          37.2733099
        ]
      },
      "id": "way/952706237"
    },
    {
      "type": "Feature",
      "properties": {
        "@id": "way/981372684",
        "leisure": "nature_reserve",
        "name": "Stonewall Resort State Park",
        "operator": "WV Division of Natural Resources",
        "website": "https://wvstateparks.com/park/stonewall-resort-state-park/",
        "@geometry": "center"
      },
      "geometry": {
        "type": "Point",
        "coordinates": [
          -80.4996944,
          38.947553
        ]
      },
      "id": "way/981372684"
    },
    {
      "type": "Feature",
      "properties": {
        "@id": "way/981384255",
        "leisure": "nature_reserve",
        "name": "Needleseye Park",
        "operator": "City of Oak Hill",
        "@geometry": "center"
      },
      "geometry": {
        "type": "Point",
        "coordinates": [
          -81.1199824,
          37.9817142
        ]
      },
      "id": "way/981384255"
    },
    {
      "type": "Feature",
      "properties": {
        "@id": "way/981385568",
        "leisure": "nature_reserve",
        "name": "Wallace Hartman Nature Preserve",
        "operator": "West Virginia Land Trust",
        "@geometry": "center"
      },
      "geometry": {
        "type": "Point",
        "coordinates": [
          -81.6356449,
          38.3150043
        ]
      },
      "id": "way/981385568"
    },
    {
      "type": "Feature",
      "properties": {
        "@id": "way/982885057",
        "leisure": "nature_reserve",
        "name": "Eidolon Nature Preserve",
        "operator": "The Nature Conservancy",
        "@geometry": "center"
      },
      "geometry": {
        "type": "Point",
        "coordinates": [
          -78.3458708,
          39.6137281
        ]
      },
      "id": "way/982885057"
    },
    {
      "type": "Feature",
      "properties": {
        "@id": "way/984756700",
        "alt_name": "Grandview Park",
        "ele": "694",
        "gnis:feature_id": "1539580",
        "leisure": "nature_reserve",
        "name": "Grandview",
        "old_name": "Grandview State Park",
        "operator": "National Park Service",
        "operator:short": "NPS",
        "operator:type": "public",
        "operator:wikidata": "Q308439",
        "website": "https://www.nps.gov/neri/planyourvisit/grandview.htm",
        "@geometry": "center"
      },
      "geometry": {
        "type": "Point",
        "coordinates": [
          -81.0638881,
          37.8418775
        ]
      },
      "id": "way/984756700"
    },
    {
      "type": "Feature",
      "properties": {
        "@id": "way/984983360",
        "boundary": "protected_area",
        "leisure": "nature_reserve",
        "operator": "Virginia Department of Wildlife Resources",
        "@geometry": "center"
      },
      "geometry": {
        "type": "Point",
        "coordinates": [
          -78.8178557,
          37.6123439
        ]
      },
      "id": "way/984983360"
    },
    {
      "type": "Feature",
      "properties": {
        "@id": "way/984983361",
        "boundary": "protected_area",
        "leisure": "nature_reserve",
        "operator": "Virginia Department of Wildlife Resources",
        "@geometry": "center"
      },
      "geometry": {
        "type": "Point",
        "coordinates": [
          -78.8163073,
          37.6120794
        ]
      },
      "id": "way/984983361"
    },
    {
      "type": "Feature",
      "properties": {
        "@id": "way/984983370",
        "leisure": "nature_reserve",
        "name": "James River at Wingina",
        "operator": "Virginia Department of Wildlife Resources",
        "@geometry": "center"
      },
      "geometry": {
        "type": "Point",
        "coordinates": [
          -78.7194061,
          37.6365115
        ]
      },
      "id": "way/984983370"
    },
    {
      "type": "Feature",
      "properties": {
        "@id": "way/1005105113",
        "access": "yes",
        "leisure": "nature_reserve",
        "name": "Brushy Hills Preserve",
        "operator": "City of Lexington",
        "@geometry": "center"
      },
      "geometry": {
        "type": "Point",
        "coordinates": [
          -79.4912518,
          37.7848202
        ]
      },
      "id": "way/1005105113"
    },
    {
      "type": "Feature",
      "properties": {
        "@id": "way/1036410070",
        "boundary": "protected_area",
        "leisure": "nature_reserve",
        "owner": "Quemahoning Cambria Somerset Authority",
        "@geometry": "center"
      },
      "geometry": {
        "type": "Point",
        "coordinates": [
          -78.9609613,
          40.1647715
        ]
      },
      "id": "way/1036410070"
    },
    {
      "type": "Feature",
      "properties": {
        "@id": "way/1039465829",
        "leisure": "nature_reserve",
        "name": "Ravine Park",
        "@geometry": "center"
      },
      "geometry": {
        "type": "Point",
        "coordinates": [
          -80.0999145,
          40.3441665
        ]
      },
      "id": "way/1039465829"
    },
    {
      "type": "Feature",
      "properties": {
        "@id": "way/1042017563",
        "leisure": "nature_reserve",
        "name": "Oldtown Creek Preserve",
        "operator": "City of Logan, Ohio",
        "operator:type": "public",
        "@geometry": "center"
      },
      "geometry": {
        "type": "Point",
        "coordinates": [
          -82.3903676,
          39.5393307
        ]
      },
      "id": "way/1042017563"
    },
    {
      "type": "Feature",
      "properties": {
        "@id": "way/1046987937",
        "leisure": "nature_reserve",
        "name": "Woodcock Nature Preserve",
        "operator": "Woodcock Nature Preserve non-profit corporation",
        "@geometry": "center"
      },
      "geometry": {
        "type": "Point",
        "coordinates": [
          -82.2242102,
          39.2872807
        ]
      },
      "id": "way/1046987937"
    },
    {
      "type": "Feature",
      "properties": {
        "@id": "way/1050085721",
        "leisure": "nature_reserve",
        "name": "NW Allegheny Conservation Area - ALT",
        "operator": "Allegheny Land Trust",
        "@geometry": "center"
      },
      "geometry": {
        "type": "Point",
        "coordinates": [
          -80.1137245,
          40.5833796
        ]
      },
      "id": "way/1050085721"
    },
    {
      "type": "Feature",
      "properties": {
        "@id": "way/1072148755",
        "leisure": "nature_reserve",
        "man_made": "wastewater_plant",
        "name": "Lowber Passive Mine Water Treatment Plant",
        "@geometry": "center"
      },
      "geometry": {
        "type": "Point",
        "coordinates": [
          -79.7663247,
          40.2488303
        ]
      },
      "id": "way/1072148755"
    },
    {
      "type": "Feature",
      "properties": {
        "@id": "way/1079826544",
        "description": "The Allegheny Front Hawk Watch is an observation site used to count migrating birds of prey in the spring and fall. It is operated by the Allegheny Plateau Audubon Society and is open to the public during migration season. The birds and view are amazing!",
        "leisure": "nature_reserve",
        "name": "Allegheny Front Hawk Watch",
        "opening_hours": "Mo-Su 9:00-16:00",
        "operator": "Allegheny Plateau Audubon Society",
        "website": "https://www.alleghenyplateauaudubon.org/allegheny-front-hawk-watch",
        "@geometry": "center"
      },
      "geometry": {
        "type": "Point",
        "coordinates": [
          -78.7284895,
          40.0827069
        ]
      },
      "id": "way/1079826544"
    },
    {
      "type": "Feature",
      "properties": {
        "@id": "way/1164725461",
        "addr:city": "Broad Run",
        "addr:housenumber": "5111",
        "addr:postcode": "20137",
        "addr:state": "VA",
        "addr:street": "Biscuit Mountain Rd",
        "leisure": "nature_reserve",
        "name": "Arlington Outdoor Lab",
        "operator": "Arlington Outdoor Education Association Inc",
        "operator:type": "private_non_profit",
        "@geometry": "center"
      },
      "geometry": {
        "type": "Point",
        "coordinates": [
          -77.71956,
          38.8098425
        ]
      },
      "id": "way/1164725461"
    },
    {
      "type": "Feature",
      "properties": {
        "@id": "way/1170401516",
        "leisure": "nature_reserve",
        "name": "Conkles Hollow State Nature Preserve",
        "website": "https://ohiodnr.gov/go-and-do/plan-a-visit/find-a-property/conkles-hollow-state-nature-preserve",
        "@geometry": "center"
      },
      "geometry": {
        "type": "Point",
        "coordinates": [
          -82.576496,
          39.4573846
        ]
      },
      "id": "way/1170401516"
    },
    {
      "type": "Feature",
      "properties": {
        "@id": "way/1171747600",
        "leisure": "nature_reserve",
        "name": "Raven Rocks",
        "operator": "Raven Rocks Inc.",
        "@geometry": "center"
      },
      "geometry": {
        "type": "Point",
        "coordinates": [
          -81.0364838,
          39.8804788
        ]
      },
      "id": "way/1171747600"
    },
    {
      "type": "Feature",
      "properties": {
        "@id": "way/1172315355",
        "leisure": "nature_reserve",
        "name": "Piatt Park Gorge & Cave Area",
        "operator": "Monroe County Park District",
        "@geometry": "center"
      },
      "geometry": {
        "type": "Point",
        "coordinates": [
          -81.0494968,
          39.7649868
        ]
      },
      "id": "way/1172315355"
    },
    {
      "type": "Feature",
      "properties": {
        "@id": "way/1172320206",
        "landuse": "forest",
        "leisure": "nature_reserve",
        "name": "Clarington 254 Park",
        "@geometry": "center"
      },
      "geometry": {
        "type": "Point",
        "coordinates": [
          -80.8833927,
          39.7569146
        ]
      },
      "id": "way/1172320206"
    },
    {
      "type": "Feature",
      "properties": {
        "@id": "way/1172320208",
        "leisure": "nature_reserve",
        "name": "Kiedaisch Point Park",
        "@geometry": "center"
      },
      "geometry": {
        "type": "Point",
        "coordinates": [
          -80.8756303,
          39.6881182
        ]
      },
      "id": "way/1172320208"
    },
    {
      "type": "Feature",
      "properties": {
        "@id": "way/1172322583",
        "boundary": "protected_area",
        "ele": "333",
        "gnis:feature_id": "1061284",
        "leisure": "nature_reserve",
        "name": "Sunfish Creek State Forest",
        "protected_area": "forest_reserve",
        "@geometry": "center"
      },
      "geometry": {
        "type": "Point",
        "coordinates": [
          -80.8389978,
          39.8103641
        ]
      },
      "id": "way/1172322583"
    },
    {
      "type": "Feature",
      "properties": {
        "@id": "way/1172322587",
        "leisure": "nature_reserve",
        "name": "Rothenbuhler Woods Nature Preserve",
        "operator": "Ohio Department of Natural Resources",
        "@geometry": "center"
      },
      "geometry": {
        "type": "Point",
        "coordinates": [
          -80.9665844,
          39.7633809
        ]
      },
      "id": "way/1172322587"
    },
    {
      "type": "Feature",
      "properties": {
        "@id": "way/1180363678",
        "leisure": "nature_reserve",
        "name": "Indian Rock Park",
        "operator": "Hike Toronto",
        "@geometry": "center"
      },
      "geometry": {
        "type": "Point",
        "coordinates": [
          -80.6135767,
          40.4619063
        ]
      },
      "id": "way/1180363678"
    },
    {
      "type": "Feature",
      "properties": {
        "@id": "way/1187979847",
        "leisure": "nature_reserve",
        "name": "Camp Knee-Bow",
        "operator": "Hike Toronto",
        "@geometry": "center"
      },
      "geometry": {
        "type": "Point",
        "coordinates": [
          -80.6146048,
          40.4449111
        ]
      },
      "id": "way/1187979847"
    },
    {
      "type": "Feature",
      "properties": {
        "@id": "way/1201555609",
        "leisure": "nature_reserve",
        "name": "Quaker Ridge Arboretum & Nature Trails",
        "operator": "Jefferson County Soil & Water Conservation District",
        "@geometry": "center"
      },
      "geometry": {
        "type": "Point",
        "coordinates": [
          -80.7782887,
          40.3965223
        ]
      },
      "id": "way/1201555609"
    },
    {
      "type": "Feature",
      "properties": {
        "@id": "way/1207294745",
        "description": "Ohio River Islands National Wildlife Refuge acquired Gallipolis Island in 2023. Ohio River Islands National Wildlife Refuge owns to the historic low water line thus the area should not follow the boundary of the land shown above water.",
        "fixme": "Refuge boundary is estimated representation, but needs refinement to historic water line for accurate shape and size. US Fish and Wildlife shape file might be available.",
        "leisure": "nature_reserve",
        "name": "Ohio River Islands National Wildlife Refuge - Gallipolis Island",
        "note": "Ohio River Islands National Wildlife Refuge owns to the historic low water line thus the area should not follow the boundary of the land shown above water.",
        "operator": "United States Fish and Wildlife Service",
        "operator:short": "USFWS",
        "operator:type": "public",
        "operator:wikidata": "Q674113",
        "@geometry": "center"
      },
      "geometry": {
        "type": "Point",
        "coordinates": [
          -82.1927377,
          38.8133913
        ]
      },
      "id": "way/1207294745"
    },
    {
      "type": "Feature",
      "properties": {
        "@id": "way/1207294746",
        "description": "Ohio River Islands National Wildlife Refuge acquired Upper Twin Island in 2023. The boundary reflects the historic low water line which is the area the refuge owns and protects. Much of this location is underwater for fresh water mussel habitat.",
        "fixme": "Island boundary is only representative and needs refinement to match the historic low water line, possibly sourced from the US Fish and Wildlife Service GIS shapefiles.",
        "leisure": "nature_reserve",
        "name": "Ohio River Islands National Wildlife Refuge - Upper Twin Island",
        "note": "The boundary should follow the historic low water line and not the boundary of the islet.",
        "operator": "United States Fish and Wildlife Service",
        "operator:short": "USFWS",
        "operator:type": "government",
        "operator:wikidata": "Q674113",
        "@geometry": "center"
      },
      "geometry": {
        "type": "Point",
        "coordinates": [
          -80.7079132,
          40.1339275
        ]
      },
      "id": "way/1207294746"
    },
    {
      "type": "Feature",
      "properties": {
        "@id": "way/1211157293",
        "access": "yes",
        "addr:city": "Charles Town",
        "addr:housenumber": "1469",
        "addr:postcode": "25414",
        "addr:state": "WV",
        "addr:street": "Lloyd Road",
        "dog": "leashed",
        "leisure": "nature_reserve",
        "name": "Cool Spring Preserve",
        "opening_hours": "dawn-dusk",
        "operator": "Potomac Valley Audubon Society",
        "operator:type": "private_non_profit",
        "website": "https://www.potomacaudubon.org/preserves/cool-spring/",
        "@geometry": "center"
      },
      "geometry": {
        "type": "Point",
        "coordinates": [
          -77.9289778,
          39.2435286
        ]
      },
      "id": "way/1211157293"
    },
    {
      "type": "Feature",
      "properties": {
        "@id": "way/1213104199",
        "leisure": "nature_reserve",
        "operator": "Allegheny Land Trust",
        "@geometry": "center"
      },
      "geometry": {
        "type": "Point",
        "coordinates": [
          -79.8281728,
          40.2229091
        ]
      },
      "id": "way/1213104199"
    },
    {
      "type": "Feature",
      "properties": {
        "@id": "way/1214147446",
        "landuse": "forest",
        "leisure": "nature_reserve",
        "name": "Vinegar Hollow Conservation Area",
        "operator": "Hollow Oak Land Trust",
        "source:geometry": "property parcel map",
        "website": "https://hollowoak.org/",
        "@geometry": "center"
      },
      "geometry": {
        "type": "Point",
        "coordinates": [
          -80.0837805,
          40.5131286
        ]
      },
      "id": "way/1214147446"
    },
    {
      "type": "Feature",
      "properties": {
        "@id": "way/1221572931",
        "leisure": "nature_reserve",
        "@geometry": "center"
      },
      "geometry": {
        "type": "Point",
        "coordinates": [
          -82.5151656,
          40.081628
        ]
      },
      "id": "way/1221572931"
    },
    {
      "type": "Feature",
      "properties": {
        "@id": "way/1228622675",
        "boundary": "protected_area",
        "leisure": "nature_reserve",
        "name": "Cumberland State Forest",
        "operator": "Virginia Department of Forestry",
        "operator:type": "government",
        "protected_area": "forest_reserve",
        "@geometry": "center"
      },
      "geometry": {
        "type": "Point",
        "coordinates": [
          -78.2481877,
          37.5564216
        ]
      },
      "id": "way/1228622675"
    },
    {
      "type": "Feature",
      "properties": {
        "@id": "way/1256072964",
        "leisure": "nature_reserve",
        "operator": "The Scott Conservancy",
        "@geometry": "center"
      },
      "geometry": {
        "type": "Point",
        "coordinates": [
          -80.0903354,
          40.3730863
        ]
      },
      "id": "way/1256072964"
    },
    {
      "type": "Feature",
      "properties": {
        "@id": "way/1264646302",
        "leisure": "nature_reserve",
        "name": "Thorn Run Conservation Area",
        "operator": "Hollow Oak Land Trust",
        "source": "parcel maps; https://hollowoak.org/our-conservation-areas/visit-thornrun-conservation-area/",
        "@geometry": "center"
      },
      "geometry": {
        "type": "Point",
        "coordinates": [
          -80.1770036,
          40.5138479
        ]
      },
      "id": "way/1264646302"
    },
    {
      "type": "Feature",
      "properties": {
        "@id": "way/1283766913",
        "leisure": "nature_reserve",
        "name": "Fern Hollow Nature Center",
        "@geometry": "center"
      },
      "geometry": {
        "type": "Point",
        "coordinates": [
          -80.150223,
          40.5457199
        ]
      },
      "id": "way/1283766913"
    },
    {
      "type": "Feature",
      "properties": {
        "@id": "way/1291761955",
        "addr:city": "Palmyra",
        "addr:housenumber": "917",
        "addr:postcode": "22963",
        "addr:state": "VA",
        "addr:street": "Long Acre Road",
        "bicycle": "no",
        "dog": "no",
        "leisure": "nature_reserve",
        "name": "Scheier Natural Area",
        "name:etymology:wikidata": "Q126539795",
        "operator": "Rivanna Conservation Alliance",
        "operator:type": "private_non_profit",
        "@geometry": "center"
      },
      "geometry": {
        "type": "Point",
        "coordinates": [
          -78.385046,
          37.844242
        ]
      },
      "id": "way/1291761955"
    },
    {
      "type": "Feature",
      "properties": {
        "@id": "way/1302938637",
        "leisure": "nature_reserve",
        "name": "Van Clief Natural Area",
        "operator": "Town of Scottsville",
        "operator:type": "public",
        "@geometry": "center"
      },
      "geometry": {
        "type": "Point",
        "coordinates": [
          -78.4922402,
          37.803398
        ]
      },
      "id": "way/1302938637"
    },
    {
      "type": "Feature",
      "properties": {
        "@id": "way/1343240488",
        "fixme": "boundaries very approximate!",
        "leisure": "nature_reserve",
        "name": "Lobdell Preserve",
        "operator": "Licking Park District OH",
        "operator:type": "public",
        "@geometry": "center"
      },
      "geometry": {
        "type": "Point",
        "coordinates": [
          -82.6020622,
          40.1077892
        ]
      },
      "id": "way/1343240488"
    },
    {
      "type": "Feature",
      "properties": {
        "@id": "way/1344642346",
        "addr:city": "Athens",
        "addr:housenumber": "PO Box 2281",
        "addr:postcode": "45701-5281",
        "addr:state": "OH",
        "leisure": "nature_reserve",
        "name": "Lois Busch Winner Nature Preserve",
        "operator": "Athens Conservancy",
        "operator:type": "private_non_profit",
        "website": "https://www.athensconservancy.org/winner-woods/",
        "@geometry": "center"
      },
      "geometry": {
        "type": "Point",
        "coordinates": [
          -81.9007538,
          39.3122819
        ]
      },
      "id": "way/1344642346"
    },
    {
      "type": "Feature",
      "properties": {
        "@id": "way/1347689452",
        "addr:city": "Athens",
        "addr:housenumber": "PO Box 2281",
        "addr:postcode": "45701-5218",
        "addr:state": "OH",
        "dog": "leashed",
        "leisure": "nature_reserve",
        "name": "Peach Preserve",
        "operator": "Athens Conservancy",
        "operator:type": "private_non_profit",
        "website": "https://www.athensconservancy.org/peach-preserve/",
        "@geometry": "center"
      },
      "geometry": {
        "type": "Point",
        "coordinates": [
          -82.0871647,
          39.3523708
        ]
      },
      "id": "way/1347689452"
    },
    {
      "type": "Feature",
      "properties": {
        "@id": "way/1347690313",
        "addr:city": "Athens",
        "addr:housenumber": "PO Box 2281",
        "addr:postcode": "45701-5218",
        "addr:state": "OH",
        "leisure": "nature_reserve",
        "name": "Poston Nature Preserve - North Tract",
        "operator": "Athens Conservancy",
        "operator:type": "private_non_profit",
        "website": "https://www.athensconservancy.org/poston-preserve/",
        "@geometry": "center"
      },
      "geometry": {
        "type": "Point",
        "coordinates": [
          -82.1946506,
          39.4096146
        ]
      },
      "id": "way/1347690313"
    },
    {
      "type": "Feature",
      "properties": {
        "@id": "way/1347690314",
        "addr:city": "Athens",
        "addr:housenumber": "PO Box 2281",
        "addr:postcode": "45701-5218",
        "addr:state": "OH",
        "leisure": "nature_reserve",
        "name": "Poston Nature Preserve",
        "operator": "Athens Conservancy",
        "operator:type": "private_non_profit",
        "website": "https://www.athensconservancy.org/poston-preserve/",
        "@geometry": "center"
      },
      "geometry": {
        "type": "Point",
        "coordinates": [
          -82.1919485,
          39.4095029
        ]
      },
      "id": "way/1347690314"
    },
    {
      "type": "Feature",
      "properties": {
        "@id": "way/1347692538",
        "addr:city": "Athens",
        "addr:housenumber": "PO Box 2281",
        "addr:postcode": "45701-5218",
        "addr:state": "OH",
        "leisure": "nature_reserve",
        "name": "Poston Nature Preserve",
        "operator": "Athens Conservancy",
        "operator:type": "private_non_profit",
        "website": "https://www.athensconservancy.org/poston-preserve/",
        "@geometry": "center"
      },
      "geometry": {
        "type": "Point",
        "coordinates": [
          -82.1874002,
          39.4037486
        ]
      },
      "id": "way/1347692538"
    },
    {
      "type": "Feature",
      "properties": {
        "@id": "way/1347692539",
        "addr:city": "Athens",
        "addr:housenumber": "PO Box 2281",
        "addr:postcode": "45701-5218",
        "addr:state": "OH",
        "leisure": "nature_reserve",
        "name": "Poston Nature Preserve - South Tract",
        "operator": "Athens Conservancy",
        "operator:type": "private_non_profit",
        "website": "https://www.athensconservancy.org/poston-preserve/",
        "@geometry": "center"
      },
      "geometry": {
        "type": "Point",
        "coordinates": [
          -82.1875876,
          39.4020456
        ]
      },
      "id": "way/1347692539"
    },
    {
      "type": "Feature",
      "properties": {
        "@id": "way/1347794253",
        "addr:city": "Athens",
        "addr:housenumber": "PO Box 2281",
        "addr:postcode": "45701-5281",
        "addr:state": "OH",
        "leisure": "nature_reserve",
        "name": "Lindy Roosenburg Preserve",
        "operator": "Athens Conservancy",
        "operator:type": "private_non_profit",
        "website": "https://www.athensconservancy.org/lindypreserve/",
        "@geometry": "center"
      },
      "geometry": {
        "type": "Point",
        "coordinates": [
          -82.1085121,
          39.4032481
        ]
      },
      "id": "way/1347794253"
    },
    {
      "type": "Feature",
      "properties": {
        "@id": "way/1347848951",
        "addr:city": "Athens",
        "addr:housenumber": "PO Box 2281",
        "addr:postcode": "45701-5281",
        "addr:state": "OH",
        "leisure": "nature_reserve",
        "name": "Bluebell Preserve",
        "operator": "Athens Convervancy",
        "operator:type": "private_non_profit",
        "website": "https://www.athensconservancy.org/bluebell-preserve/",
        "@geometry": "center"
      },
      "geometry": {
        "type": "Point",
        "coordinates": [
          -82.1719822,
          39.3940925
        ]
      },
      "id": "way/1347848951"
    },
    {
      "type": "Feature",
      "properties": {
        "@id": "way/1347850248",
        "addr:city": "Athens",
        "addr:housenumber": "PO Box 2281",
        "addr:postcode": "45701-5281",
        "addr:state": "OH",
        "leisure": "nature_reserve",
        "name": "Brookville Preserve",
        "operator": "The Athens Convervancy",
        "operator:type": "private_non_profit",
        "website": "https://www.athensconservancy.org/brookville-preserve/",
        "@geometry": "center"
      },
      "geometry": {
        "type": "Point",
        "coordinates": [
          -82.166904,
          39.3452428
        ]
      },
      "id": "way/1347850248"
    },
    {
      "type": "Feature",
      "properties": {
        "@id": "way/1347874274",
        "access": "permit",
        "leisure": "nature_reserve",
        "name": "Morris Reserve",
        "operator": "Athens Conservancy",
        "operator:type": "private_non_profit",
        "website": "https://www.athensconservancy.org/deep-hollow-dark-skies/",
        "@geometry": "center"
      },
      "geometry": {
        "type": "Point",
        "coordinates": [
          -81.8738908,
          39.2704296
        ]
      },
      "id": "way/1347874274"
    },
    {
      "type": "Feature",
      "properties": {
        "@id": "way/1347879516",
        "access": "yes",
        "addr:city": "Athens",
        "addr:housenumber": "PO Box 2281",
        "addr:postcode": "45701-5281",
        "addr:state": "OH",
        "leisure": "nature_reserve",
        "name": "Deep Hollow-Dark Skies Preserve",
        "operator": "Athens Conservancy",
        "operator:type": "private_non_profit",
        "website": "https://www.athensconservancy.org/deep-hollow-dark-skies/",
        "@geometry": "center"
      },
      "geometry": {
        "type": "Point",
        "coordinates": [
          -81.8657993,
          39.2640313
        ]
      },
      "id": "way/1347879516"
    },
    {
      "type": "Feature",
      "properties": {
        "@id": "way/1347880247",
        "addr:city": "Athens",
        "addr:housenumber": "PO Box 2281",
        "addr:postcode": "45701-5218",
        "addr:state": "OH",
        "leisure": "nature_reserve",
        "name": "Marietta Run Preserve",
        "operator": "Athens Conservancy",
        "operator:type": "private_non_profit",
        "website": "https://www.athensconservancy.org/marietta-run/",
        "@geometry": "center"
      },
      "geometry": {
        "type": "Point",
        "coordinates": [
          -81.8718777,
          39.396176
        ]
      },
      "id": "way/1347880247"
    },
    {
      "type": "Feature",
      "properties": {
        "@id": "way/1347880913",
        "addr:city": "Athens",
        "addr:housenumber": "PO Box 2281",
        "addr:postcode": "45701-5281",
        "addr:state": "OH",
        "description": "Small parking pull off at 39.367914, -82.049146.",
        "leisure": "nature_reserve",
        "name": "Lesli Johnson Preserve",
        "operator": "Athens Conservancy",
        "operator:type": "private_non_profit",
        "website": "https://www.athensconservancy.org/lesli-johnson/",
        "@geometry": "center"
      },
      "geometry": {
        "type": "Point",
        "coordinates": [
          -82.0507095,
          39.3696548
        ]
      },
      "id": "way/1347880913"
    },
    {
      "type": "Feature",
      "properties": {
        "@id": "way/1347886423",
        "addr:city": "Athens",
        "addr:housenumber": "PO Box 2281",
        "addr:postcode": "45701-5218",
        "addr:state": "OH",
        "leisure": "nature_reserve",
        "name": "Skunk Run Preserve",
        "operator": "Athens Conservancy",
        "operator:type": "private_non_profit",
        "website": "https://www.athensconservancy.org/skunk-run-preserve/",
        "@geometry": "center"
      },
      "geometry": {
        "type": "Point",
        "coordinates": [
          -81.7806331,
          39.2472654
        ]
      },
      "id": "way/1347886423"
    },
    {
      "type": "Feature",
      "properties": {
        "@id": "way/1356144645",
        "access": "yes",
        "boundary": "protected_area",
        "dog": "leashed",
        "leisure": "nature_reserve",
        "name": "Happy Hollow Gardens Park",
        "operator": "Roanoke County",
        "operator:type": "government",
        "operator:wikidata": "Q513968",
        "@geometry": "center"
      },
      "geometry": {
        "type": "Point",
        "coordinates": [
          -80.0694139,
          37.2275786
        ]
      },
      "id": "way/1356144645"
    },
    {
      "type": "Feature",
      "properties": {
        "@id": "way/1362439753",
        "access": "private",
        "fixme": "area approximate",
        "leisure": "nature_reserve",
        "name": "Mole Hill Acres",
        "operator": "MOLE HILL ACRES LLC",
        "operator:type": "private",
        "@geometry": "center"
      },
      "geometry": {
        "type": "Point",
        "coordinates": [
          -78.9513151,
          38.4500056
        ]
      },
      "id": "way/1362439753"
    },
    {
      "type": "Feature",
      "properties": {
        "@id": "way/1362473194",
        "boundary": "forest",
        "leisure": "nature_reserve",
        "name": "Hays Woods Park",
        "@geometry": "center"
      },
      "geometry": {
        "type": "Point",
        "coordinates": [
          -79.9537288,
          40.4001997
        ]
      },
      "id": "way/1362473194"
    },
    {
      "type": "Feature",
      "properties": {
        "@id": "way/1368195836",
        "leisure": "nature_reserve",
        "name": "The Saddle",
        "@geometry": "center"
      },
      "geometry": {
        "type": "Point",
        "coordinates": [
          -80.0025966,
          40.4296349
        ]
      },
      "id": "way/1368195836"
    },
    {
      "type": "Feature",
      "properties": {
        "@id": "way/1378183406",
        "access": "yes",
        "addr:city": "Washington Township",
        "addr:state": "OH",
        "addr:street": "Zeigler Road",
        "alt_name": "Resilience Preserve",
        "dog": "leashed",
        "leisure": "nature_reserve",
        "name": "Resilience Woods",
        "opening_hours": "sunrise-sunset",
        "short_name": "Resilience",
        "website": "https://www.arcofappalachia.org/resilience",
        "@geometry": "center"
      },
      "geometry": {
        "type": "Point",
        "coordinates": [
          -82.4696782,
          39.4502516
        ]
      },
      "id": "way/1378183406"
    },
    {
      "type": "Feature",
      "properties": {
        "@id": "way/1384175845",
        "leisure": "nature_reserve",
        "name": "Bell Acres Nature Park",
        "source": "https://bellacresborough.org/community/parks/",
        "@geometry": "center"
      },
      "geometry": {
        "type": "Point",
        "coordinates": [
          -80.1814494,
          40.5885868
        ]
      },
      "id": "way/1384175845"
    },
    {
      "type": "Feature",
      "properties": {
        "@id": "way/1384196704",
        "landuse": "forest",
        "leisure": "nature_reserve",
        "name": "Ohio Twp Connector Conservation Area - ALT",
        "source:geometry": "property parcel map",
        "website": "https://alleghenylandtrust.org",
        "@geometry": "center"
      },
      "geometry": {
        "type": "Point",
        "coordinates": [
          -80.1141178,
          40.5564262
        ]
      },
      "id": "way/1384196704"
    },
    {
      "type": "Feature",
      "properties": {
        "@id": "way/1384196705",
        "landuse": "forest",
        "leisure": "nature_reserve",
        "name": "Buerkle Woodlands Conservation Area - ALT",
        "source:geometry": "property parcel map",
        "website": "https://alleghenylandtrust.org",
        "@geometry": "center"
      },
      "geometry": {
        "type": "Point",
        "coordinates": [
          -80.1192838,
          40.5564099
        ]
      },
      "id": "way/1384196705"
    },
    {
      "type": "Feature",
      "properties": {
        "@id": "way/1384196706",
        "landuse": "forest",
        "leisure": "nature_reserve",
        "name": "NW Allegheny Conservation Area - ALT",
        "source:geometry": "property parcel map",
        "website": "https://alleghenylandtrust.org",
        "@geometry": "center"
      },
      "geometry": {
        "type": "Point",
        "coordinates": [
          -80.1322442,
          40.585111
        ]
      },
      "id": "way/1384196706"
    },
    {
      "type": "Feature",
      "properties": {
        "@id": "way/1384196707",
        "landuse": "forest",
        "leisure": "nature_reserve",
        "name": "NW Allegheny Conservation Area - ALT",
        "source:geometry": "property parcel map",
        "website": "https://alleghenylandtrust.org",
        "@geometry": "center"
      },
      "geometry": {
        "type": "Point",
        "coordinates": [
          -80.15625,
          40.5965303
        ]
      },
      "id": "way/1384196707"
    },
    {
      "type": "Feature",
      "properties": {
        "@id": "way/1384196708",
        "landuse": "forest",
        "leisure": "nature_reserve",
        "name": "NW Allegheny Conservation Area - ALT",
        "source:geometry": "property parcel map",
        "website": "https://alleghenylandtrust.org",
        "@geometry": "center"
      },
      "geometry": {
        "type": "Point",
        "coordinates": [
          -80.1656163,
          40.6031927
        ]
      },
      "id": "way/1384196708"
    },
    {
      "type": "Feature",
      "properties": {
        "@id": "way/1384208142",
        "leisure": "nature_reserve",
        "name": "Sewickley Valley Conservation Area",
        "operator": "Sewickley Heights Borough",
        "source": "https://alleghenylandtrust.org",
        "source:name": "https://svconserv.org/about/locations/",
        "@geometry": "center"
      },
      "geometry": {
        "type": "Point",
        "coordinates": [
          -80.1674241,
          40.5688198
        ]
      },
      "id": "way/1384208142"
    },
    {
      "type": "Feature",
      "properties": {
        "@id": "way/1384208143",
        "leisure": "nature_reserve",
        "name": "Walker Park",
        "source": "https://alleghenylandtrust.org",
        "@geometry": "center"
      },
      "geometry": {
        "type": "Point",
        "coordinates": [
          -80.1905286,
          40.5667713
        ]
      },
      "id": "way/1384208143"
    },
    {
      "type": "Feature",
      "properties": {
        "@id": "way/1411038123",
        "acres": "27",
        "leisure": "nature_reserve",
        "name": "Strouds Ridge Preserve Bean Tract",
        "operator": "Athens County",
        "operator:type": "government",
        "@geometry": "center"
      },
      "geometry": {
        "type": "Point",
        "coordinates": [
          -82.0319763,
          39.3381245
        ]
      },
      "id": "way/1411038123"
    },
    {
      "type": "Feature",
      "properties": {
        "@id": "way/1419732846",
        "addr:city": "Bethel Park",
        "addr:housenumber": "6018",
        "addr:postcode": "15102",
        "addr:state": "PA",
        "addr:street": "Leprechaun Drive",
        "leisure": "nature_reserve",
        "name": "Shamrock Woods",
        "@geometry": "center"
      },
      "geometry": {
        "type": "Point",
        "coordinates": [
          -80.0500143,
          40.302986
        ]
      },
      "id": "way/1419732846"
    },
    {
      "type": "Feature",
      "properties": {
        "@id": "way/1426480221",
        "leisure": "nature_reserve",
        "name": "Dobbin Slashings Preserve",
        "operator": "The Nature Conservancy",
        "operator:short": "TNC",
        "operator:type": "private",
        "operator:wikidata": "Q1813186",
        "@geometry": "center"
      },
      "geometry": {
        "type": "Point",
        "coordinates": [
          -79.3430266,
          39.0860698
        ]
      },
      "id": "way/1426480221"
    },
    {
      "type": "Feature",
      "properties": {
        "@id": "way/1428385316",
        "leisure": "nature_reserve",
        "name": "Claytor Nature Center",
        "operator": "University of Lynchburg",
        "website": "https://claytor.lynchburg.edu/",
        "@geometry": "center"
      },
      "geometry": {
        "type": "Point",
        "coordinates": [
          -79.5398235,
          37.3865215
        ]
      },
      "id": "way/1428385316"
    },
    {
      "type": "Feature",
      "properties": {
        "@id": "way/1428427581",
        "leisure": "nature_reserve",
        "name": "St John's Green",
        "operator": "Allegheny Land Trust",
        "operator:type": "private_non_profit",
        "website": "https://alleghenylandtrust.org/stjohns/",
        "@geometry": "center"
      },
      "geometry": {
        "type": "Point",
        "coordinates": [
          -80.0373539,
          40.4769568
        ]
      },
      "id": "way/1428427581"
    },
    {
      "type": "Feature",
      "properties": {
        "@id": "way/1433624700",
        "leisure": "nature_reserve",
        "name": "Short Line Hollow - Ross Twp",
        "@geometry": "center"
      },
      "geometry": {
        "type": "Point",
        "coordinates": [
          -80.0156062,
          40.5132098
        ]
      },
      "id": "way/1433624700"
    },
    {
      "type": "Feature",
      "properties": {
        "@id": "way/1433940867",
        "leisure": "nature_reserve",
        "name": "Denison University Biological Preserve",
        "operator": "Denison University",
        "operator:type": "university",
        "@geometry": "center"
      },
      "geometry": {
        "type": "Point",
        "coordinates": [
          -82.5139871,
          40.0872253
        ]
      },
      "id": "way/1433940867"
    },
    {
      "type": "Feature",
      "properties": {
        "@id": "way/1435117649",
        "leisure": "nature_reserve",
        "name": "Stone Canyon Preserve",
        "operator": "Appalachia Ohio Alliance",
        "operator:type": "private_non_profit",
        "owner": "Appalachia Ohio Alliance",
        "@geometry": "center"
      },
      "geometry": {
        "type": "Point",
        "coordinates": [
          -82.5794281,
          39.6589765
        ]
      },
      "id": "way/1435117649"
    },
    {
      "type": "Feature",
      "properties": {
        "@id": "way/1435117650",
        "leisure": "nature_reserve",
        "name": "Hintz Hollow Preserve",
        "operator": "Appalachia Ohio Alliance",
        "operator:type": "private_non_profit",
        "owner": "Appalachia Ohio Alliance",
        "@geometry": "center"
      },
      "geometry": {
        "type": "Point",
        "coordinates": [
          -82.572596,
          39.6526997
        ]
      },
      "id": "way/1435117650"
    },
    {
      "type": "Feature",
      "properties": {
        "@id": "way/1435117651",
        "leisure": "nature_reserve",
        "name": "Hocking Canal Lock No. 8",
        "operator": "Appalachia Ohio Alliance",
        "operator:type": "private_non_profit",
        "owner": "Appalachia Ohio Alliance",
        "@geometry": "center"
      },
      "geometry": {
        "type": "Point",
        "coordinates": [
          -82.5546546,
          39.6505509
        ]
      },
      "id": "way/1435117651"
    },
    {
      "type": "Feature",
      "properties": {
        "@id": "way/1435117652",
        "leisure": "nature_reserve",
        "name": "Kleinmaier State Nature Preserve",
        "operator": "Appalachia Ohio Alliace",
        "operator:type": "private_non_profit",
        "owner": "Appalachia Ohio Alliace",
        "@geometry": "center"
      },
      "geometry": {
        "type": "Point",
        "coordinates": [
          -82.5605805,
          39.6289945
        ]
      },
      "id": "way/1435117652"
    },
    {
      "type": "Feature",
      "properties": {
        "@id": "way/1435117653",
        "leisure": "nature_reserve",
        "name": "Mercer Woods Preserve",
        "operator": "Appalachia Ohio Alliance",
        "operator:type": "private_non_profit",
        "owner": "Appalachia Ohio Alliance",
        "@geometry": "center"
      },
      "geometry": {
        "type": "Point",
        "coordinates": [
          -82.5337439,
          39.6047007
        ]
      },
      "id": "way/1435117653"
    },
    {
      "type": "Feature",
      "properties": {
        "@id": "way/1435117654",
        "leisure": "nature_reserve",
        "name": "Bonnoront Preserve",
        "operator": "Appalachia Ohio Alliance",
        "operator:type": "private_non_profit",
        "owner": "Appalachia Ohio Alliance",
        "@geometry": "center"
      },
      "geometry": {
        "type": "Point",
        "coordinates": [
          -82.5437974,
          39.5889153
        ]
      },
      "id": "way/1435117654"
    },
    {
      "type": "Feature",
      "properties": {
        "@id": "way/1435117655",
        "leisure": "nature_reserve",
        "name": "Gosnell Preserve",
        "operator": "Appalachia Ohio Alliance",
        "operator:type": "private_non_profit",
        "owner": "Appalachia Ohio Alliance",
        "@geometry": "center"
      },
      "geometry": {
        "type": "Point",
        "coordinates": [
          -82.5353758,
          39.5882718
        ]
      },
      "id": "way/1435117655"
    },
    {
      "type": "Feature",
      "properties": {
        "@id": "way/1435117656",
        "leisure": "nature_reserve",
        "name": "Scott Creek Preserve",
        "operator": "Appalachia Ohio Alliance",
        "operator:type": "private_non_profit",
        "owner": "Appalachia Ohio Alliance",
        "@geometry": "center"
      },
      "geometry": {
        "type": "Point",
        "coordinates": [
          -82.4225408,
          39.5302483
        ]
      },
      "id": "way/1435117656"
    },
    {
      "type": "Feature",
      "properties": {
        "@id": "way/1435117657",
        "leisure": "nature_reserve",
        "name": "Trimble Township Community Forest",
        "owner": "Appalachia Ohio Alliance",
        "@geometry": "center"
      },
      "geometry": {
        "type": "Point",
        "coordinates": [
          -82.1235159,
          39.4958067
        ]
      },
      "id": "way/1435117657"
    },
    {
      "type": "Feature",
      "properties": {
        "@id": "way/1441900024",
        "leisure": "nature_reserve",
        "name": "Cackley Swamp Preserve",
        "operator": "Appalachia Ohio Alliance",
        "operator:type": "private_non_profit",
        "owner": "Appalachia Ohio Alliance",
        "@geometry": "center"
      },
      "geometry": {
        "type": "Point",
        "coordinates": [
          -82.5558802,
          38.9135866
        ]
      },
      "id": "way/1441900024"
    },
    {
      "type": "Feature",
      "properties": {
        "@id": "way/1441900025",
        "leisure": "nature_reserve",
        "name": "Cackley Swamp Preserve",
        "operator": "Appalachia Ohio Alliance",
        "operator:type": "private_non_profit",
        "owner": "Appalachia Ohio Alliance",
        "@geometry": "center"
      },
      "geometry": {
        "type": "Point",
        "coordinates": [
          -82.5475928,
          38.9213932
        ]
      },
      "id": "way/1441900025"
    },
    {
      "type": "Feature",
      "properties": {
        "@id": "way/1453791307",
        "addr:city": "McDowell",
        "addr:housenumber": "524",
        "addr:postcode": "24458",
        "addr:state": "VA",
        "addr:street": "Hayfields Lane",
        "boundary": "protected_area",
        "check_date": "2025-11-23",
        "fixme": "park boundaries are approximate, mapped using trail guides published by Virginia Department of Conservation & Recreation. Will need to revise to make more accurate",
        "leisure": "nature_reserve",
        "name": "Hayfields State Park",
        "note": "Hours obtained by calling park and speaking with ranger. May need to update when official hours are published.",
        "opening_hours": "Mo-Su 09:00-17:30",
        "operator": "Virginia Department of Conservation and Recreation",
        "operator:type": "government",
        "operator:wikidata": "Q7934237",
        "phone": "+1-540-396-4489",
        "website": "https://www.dcr.virginia.gov/state-parks/hayfields",
        "@geometry": "center"
      },
      "geometry": {
        "type": "Point",
        "coordinates": [
          -79.5537321,
          38.2598155
        ]
      },
      "id": "way/1453791307"
    },
    {
      "type": "Feature",
      "properties": {
        "@id": "way/1466004775",
        "access": "yes",
        "addr:state": "OH",
        "boundary": "protected_area",
        "ele": "210",
        "gnis:feature_id": "1042372",
        "leisure": "nature_reserve",
        "name": "Lake Alma State Park",
        "operator": "Division of Parks & Watercraft, Ohio Department of Natural Resources",
        "operator:type": "government",
        "ownership": "state",
        "protect_class": "2",
        "protected": "perpetuity",
        "protection_title": "State Park",
        "website": "https://ohiodnr.gov/go-and-do/plan-a-visit/find-a-property/lake-alma-state-park",
        "@geometry": "center"
      },
      "geometry": {
        "type": "Point",
        "coordinates": [
          -82.5119383,
          39.1446108
        ]
      },
      "id": "way/1466004775"
    },
    {
      "type": "Feature",
      "properties": {
        "@id": "way/1466925693",
        "access": "yes",
        "addr:city": "Hamden",
        "addr:state": "OH",
        "boundary": "protected_area",
        "ele": "210",
        "leisure": "nature_reserve",
        "name": "Wellston Reservoir State Wildlife Park",
        "operator": "Division of Parks & Watercraft, Ohio Department of Natural Resources",
        "operator:type": "government",
        "ownership": "state",
        "protect_class": "2",
        "protected": "perpetuity",
        "protection_title": "State Park",
        "website": "https://ohiodnr.gov/go-and-do/plan-a-visit/find-a-property/wellston-wildlife-area",
        "@geometry": "center"
      },
      "geometry": {
        "type": "Point",
        "coordinates": [
          -82.5224566,
          39.1909572
        ]
      },
      "id": "way/1466925693"
    },
    {
      "type": "Feature",
      "properties": {
        "@id": "way/1501627627",
        "leisure": "nature_reserve",
        "name": "Slaty Mountain Preserve",
        "@geometry": "center"
      },
      "geometry": {
        "type": "Point",
        "coordinates": [
          -80.2722957,
          37.6539189
        ]
      },
      "id": "way/1501627627"
    },
    {
      "type": "Feature",
      "properties": {
        "@id": "way/1532113503",
        "leisure": "nature_reserve",
        "name": "Coal River Nature Reserve",
        "operator": "Coal River Group, Inc",
        "operator:type": "private_non_profit",
        "@geometry": "center"
      },
      "geometry": {
        "type": "Point",
        "coordinates": [
          -81.855001,
          38.3768878
        ]
      },
      "id": "way/1532113503"
    },
    {
      "type": "Feature",
      "properties": {
        "@id": "way/1532814107",
        "leisure": "nature_reserve",
        "name": "West Virginia Wildlife Reserve",
        "operator": "State Department of Natural Resources",
        "operator:type": "government",
        "@geometry": "center"
      },
      "geometry": {
        "type": "Point",
        "coordinates": [
          -80.3149361,
          38.8545029
        ]
      },
      "id": "way/1532814107"
    }
  ]
}