{
  "type": "FeatureCollection",
  "generator": "overpass-turbo",
  "copyright": "The data included in this document is from www.openstreetmap.org. The data is made available under ODbL.",
  "timestamp": "2026-06-27T23:24:29Z",
  "features": [
    {
      "type": "Feature",
      "properties": {
        "@id": "relation/1395404",
        "description": "The Mountains-to-Sea Trail is a developing long distance hiking trail, which connects the Great Smokys to the Outer Banks. The trail is an official unit of the NC State Park System, and it is supported by the Friends of the Mountains-to-Sea Trail.",
        "name": "Mountains-to-Sea Trail",
        "network": "nwn",
        "operator": "North Carolina Division of Parks & Recreation",
        "osmc:symbol": "white::white_circle",
        "ref": "MST",
        "route": "hiking",
        "symbol": "white circle",
        "type": "route",
        "website": "https://mountainstoseatrail.org",
        "wikidata": "Q6925667",
        "wikipedia": "en:Mountains-to-Sea Trail",
        "@geometry": "center"
      },
      "geometry": {
        "type": "Point",
        "coordinates": [
          -82.3649872,
          35.7105878
        ]
      },
      "id": "relation/1395404"
    },
    {
      "type": "Feature",
      "properties": {
        "@id": "relation/1583312",
        "blaze": "white",
        "name": "Shut-in Trail",
        "route": "hiking",
        "type": "route",
        "@geometry": "center"
      },
      "geometry": {
        "type": "Point",
        "coordinates": [
          -82.670879,
          35.4594498
        ]
      },
      "id": "relation/1583312"
    },
    {
      "type": "Feature",
      "properties": {
        "@id": "relation/1675439",
        "colour": "white",
        "name": "Benton MacKaye Trail",
        "network": "rwn",
        "note": "Trail route is complete.",
        "operator": "Benton MacKaye Trail Association",
        "operator:website": "https://bmta.org/",
        "ref": "BMKT",
        "route": "hiking",
        "symbol": "white diamond",
        "type": "route",
        "wikidata": "Q2896765",
        "wikipedia": "en:Benton MacKaye Trail",
        "@geometry": "center"
      },
      "geometry": {
        "type": "Point",
        "coordinates": [
          -83.8169195,
          35.1986641
        ]
      },
      "id": "relation/1675439"
    },
    {
      "type": "Feature",
      "properties": {
        "@id": "relation/2007643",
        "blaze": "white",
        "description": "Appalachian Trail – Georgia",
        "direction": "both",
        "name": "Appalachian Trail",
        "network": "nwn",
        "network:type": "US:NST",
        "osmc:symbol": "white::white_stripe",
        "ref": "AT",
        "route": "hiking",
        "type": "route",
        "wikidata": "Q134446290",
        "wikipedia": "en:Appalachian Trail",
        "@geometry": "center"
      },
      "geometry": {
        "type": "Point",
        "coordinates": [
          -83.9185193,
          34.7749145
        ]
      },
      "id": "relation/2007643"
    },
    {
      "type": "Feature",
      "properties": {
        "@id": "relation/2937805",
        "name": "Abrams Falls Trail",
        "route": "hiking",
        "source": "NPS",
        "type": "route",
        "@geometry": "center"
      },
      "geometry": {
        "type": "Point",
        "coordinates": [
          -83.8754327,
          35.6017414
        ]
      },
      "id": "relation/2937805"
    },
    {
      "type": "Feature",
      "properties": {
        "@id": "relation/3087344",
        "name": "Mill's Creek Trail",
        "network": "lwn",
        "osmc:symbol": "blue::blue_triangle",
        "route": "hiking",
        "symbol": "blue triangles",
        "type": "route",
        "@geometry": "center"
      },
      "geometry": {
        "type": "Point",
        "coordinates": [
          -81.8758265,
          35.7554053
        ]
      },
      "id": "relation/3087344"
    },
    {
      "type": "Feature",
      "properties": {
        "@id": "relation/3087601",
        "from": "Abingdon",
        "gnis:feature_id": "2118275",
        "name": "Overmountain Victory National Historic Trail",
        "network": "nwn",
        "route": "hiking",
        "short_name": "Overmountain Victory Trail",
        "to": "Kings Mountain State Park",
        "type": "route",
        "wikidata": "Q1678745",
        "wikipedia": "en:Overmountain Victory National Historic Trail",
        "@geometry": "center"
      },
      "geometry": {
        "type": "Point",
        "coordinates": [
          -81.554083,
          35.7307012
        ]
      },
      "id": "relation/3087601"
    },
    {
      "type": "Feature",
      "properties": {
        "@id": "relation/3640367",
        "access": "no",
        "colour": "purple",
        "name": "Falls Creek Falls Trail #31",
        "osmc:symbol": "purple",
        "route": "hiking",
        "symbol": "purple painted blazes",
        "type": "route",
        "@geometry": "center"
      },
      "geometry": {
        "type": "Point",
        "coordinates": [
          -82.5335104,
          35.1361022
        ]
      },
      "id": "relation/3640367"
    },
    {
      "type": "Feature",
      "properties": {
        "@id": "relation/3855561",
        "colour": "White",
        "name": "Fiery Gizzard Trail",
        "network": "lwn",
        "roundtrip": "no",
        "route": "hiking",
        "type": "route",
        "wikidata": "Q5447291",
        "@geometry": "center"
      },
      "geometry": {
        "type": "Point",
        "coordinates": [
          -85.715412,
          35.2147791
        ]
      },
      "id": "relation/3855561"
    },
    {
      "type": "Feature",
      "properties": {
        "@id": "relation/3855562",
        "distance": "3.2",
        "name": "Grundy Forest Day Loop",
        "roundtrip": "yes",
        "route": "hiking",
        "symbol": "white rectangle",
        "type": "route",
        "@geometry": "center"
      },
      "geometry": {
        "type": "Point",
        "coordinates": [
          -85.7517562,
          35.25129
        ]
      },
      "id": "relation/3855562"
    },
    {
      "type": "Feature",
      "properties": {
        "@id": "relation/4047005",
        "name": "Clarksville Riverwalk",
        "route": "hiking",
        "type": "route",
        "@geometry": "center"
      },
      "geometry": {
        "type": "Point",
        "coordinates": [
          -87.3667775,
          36.5337151
        ]
      },
      "id": "relation/4047005"
    },
    {
      "type": "Feature",
      "properties": {
        "@id": "relation/4047006",
        "name": "Upland Trail",
        "opening_hours": "sunrise-sunset",
        "route": "hiking",
        "type": "route",
        "website": "https://www.cityofclarksville.com/index.aspx?page=135",
        "@geometry": "center"
      },
      "geometry": {
        "type": "Point",
        "coordinates": [
          -87.3624667,
          36.5257067
        ]
      },
      "id": "relation/4047006"
    },
    {
      "type": "Feature",
      "properties": {
        "@id": "relation/4498828",
        "name": "Jorge Francisco Arango Trail (Hike)",
        "network": "lwn",
        "oneway": "yes",
        "operator": "Greenville County Rec",
        "osmc:symbol": "brown:brown:black_stripe:JFA:white",
        "roundtrip": "yes",
        "route": "hiking",
        "type": "route",
        "@geometry": "center"
      },
      "geometry": {
        "type": "Point",
        "coordinates": [
          -82.4829558,
          35.0932179
        ]
      },
      "id": "relation/4498828"
    },
    {
      "type": "Feature",
      "properties": {
        "@id": "relation/4498830",
        "name": "Sassy's Pass (Hike)",
        "network": "lwn",
        "oneway": "yes",
        "operator": "Greenville County Rec",
        "osmc:symbol": "brown:brown:black_stripe:SP:white",
        "roundtrip": "yes",
        "route": "hiking",
        "type": "route",
        "@geometry": "center"
      },
      "geometry": {
        "type": "Point",
        "coordinates": [
          -82.4840547,
          35.0997972
        ]
      },
      "id": "relation/4498830"
    },
    {
      "type": "Feature",
      "properties": {
        "@id": "relation/4520368",
        "name": "Wildcat Wayside Nature Trail",
        "osmc:symbol": "yellow",
        "route": "hiking",
        "type": "route",
        "@geometry": "center"
      },
      "geometry": {
        "type": "Point",
        "coordinates": [
          -82.5953745,
          35.0762737
        ]
      },
      "id": "relation/4520368"
    },
    {
      "type": "Feature",
      "properties": {
        "@id": "relation/4524479",
        "name": "Pinnacle Pass Trail",
        "osmc:symbol": "White",
        "route": "hiking",
        "type": "route",
        "@geometry": "center"
      },
      "geometry": {
        "type": "Point",
        "coordinates": [
          -82.5899708,
          35.1099775
        ]
      },
      "id": "relation/4524479"
    },
    {
      "type": "Feature",
      "properties": {
        "@id": "relation/4524480",
        "name": "John Sloan Trail",
        "route": "hiking",
        "type": "route",
        "@geometry": "center"
      },
      "geometry": {
        "type": "Point",
        "coordinates": [
          -82.5929852,
          35.1156487
        ]
      },
      "id": "relation/4524480"
    },
    {
      "type": "Feature",
      "properties": {
        "@id": "relation/4524494",
        "colour": "red",
        "name": "Raven Cliff Falls Trail",
        "osmc:symbol": "red",
        "route": "hiking",
        "type": "route",
        "@geometry": "center"
      },
      "geometry": {
        "type": "Point",
        "coordinates": [
          -82.648281,
          35.112344
        ]
      },
      "id": "relation/4524494"
    },
    {
      "type": "Feature",
      "properties": {
        "@id": "relation/4524495",
        "name": "Dismal Trail",
        "route": "hiking",
        "type": "route",
        "@geometry": "center"
      },
      "geometry": {
        "type": "Point",
        "coordinates": [
          -82.651786,
          35.1069081
        ]
      },
      "id": "relation/4524495"
    },
    {
      "type": "Feature",
      "properties": {
        "@id": "relation/4537773",
        "name": "Coldspring Connector Trail",
        "osmc:symbol": "blue:white:blue_bar",
        "route": "hiking",
        "type": "route",
        "@geometry": "center"
      },
      "geometry": {
        "type": "Point",
        "coordinates": [
          -82.6263655,
          35.1127111
        ]
      },
      "id": "relation/4537773"
    },
    {
      "type": "Feature",
      "properties": {
        "@id": "relation/4544626",
        "name": "Naturaland Trust Trail #14",
        "note": "Southern part of trail not yet mapped.",
        "osmc:symbol": "pink",
        "route": "hiking",
        "type": "route",
        "@geometry": "center"
      },
      "geometry": {
        "type": "Point",
        "coordinates": [
          -82.6245866,
          35.1045388
        ]
      },
      "id": "relation/4544626"
    },
    {
      "type": "Feature",
      "properties": {
        "@id": "relation/4572989",
        "colour": "white",
        "name": "Foothills Trail",
        "network": "rwn",
        "osmc:symbol": "white",
        "route": "hiking",
        "type": "route",
        "wikidata": "Q5466514",
        "@geometry": "center"
      },
      "geometry": {
        "type": "Point",
        "coordinates": [
          -82.9154019,
          34.967954
        ]
      },
      "id": "relation/4572989"
    },
    {
      "type": "Feature",
      "properties": {
        "@id": "relation/4615081",
        "colour": "teal",
        "name": "Twin Falls Trail",
        "operator": "South Carolina Department of Natural Resources",
        "osmc:symbol": "teal",
        "route": "hiking",
        "type": "route",
        "@geometry": "center"
      },
      "geometry": {
        "type": "Point",
        "coordinates": [
          -82.8165318,
          35.0093263
        ]
      },
      "id": "relation/4615081"
    },
    {
      "type": "Feature",
      "properties": {
        "@id": "relation/4625103",
        "name": "Mountain Bridge Passage Trail",
        "osmc:symbol": "orange:orange_stripe",
        "route": "hiking",
        "type": "route",
        "@geometry": "center"
      },
      "geometry": {
        "type": "Point",
        "coordinates": [
          -82.5875377,
          35.0882322
        ]
      },
      "id": "relation/4625103"
    },
    {
      "type": "Feature",
      "properties": {
        "@id": "relation/4666719",
        "name": "Oil Camp Creek Road",
        "route": "hiking",
        "type": "route",
        "@geometry": "center"
      },
      "geometry": {
        "type": "Point",
        "coordinates": [
          -82.6115794,
          35.0986704
        ]
      },
      "id": "relation/4666719"
    },
    {
      "type": "Feature",
      "properties": {
        "@id": "relation/4803053",
        "name": "Pinnacle Falls Trail",
        "route": "hiking",
        "type": "route",
        "@geometry": "center"
      },
      "geometry": {
        "type": "Point",
        "coordinates": [
          -82.8117053,
          35.0613873
        ]
      },
      "id": "relation/4803053"
    },
    {
      "type": "Feature",
      "properties": {
        "@id": "relation/5328302",
        "name": "Mills Creek Falls Spur Trail",
        "osmc:symbol": "pink",
        "route": "hiking",
        "type": "route",
        "@geometry": "center"
      },
      "geometry": {
        "type": "Point",
        "coordinates": [
          -82.7245937,
          35.0321698
        ]
      },
      "id": "relation/5328302"
    },
    {
      "type": "Feature",
      "properties": {
        "@id": "relation/5328303",
        "name": "Mills Creek Pass",
        "route": "hiking",
        "type": "route",
        "@geometry": "center"
      },
      "geometry": {
        "type": "Point",
        "coordinates": [
          -82.7296208,
          35.0355524
        ]
      },
      "id": "relation/5328303"
    },
    {
      "type": "Feature",
      "properties": {
        "@id": "relation/5328304",
        "name": "Pinnacle Mountain Trail",
        "osmc:symbol": "yellow",
        "route": "hiking",
        "type": "route",
        "@geometry": "center"
      },
      "geometry": {
        "type": "Point",
        "coordinates": [
          -82.7209792,
          35.0346058
        ]
      },
      "id": "relation/5328304"
    },
    {
      "type": "Feature",
      "properties": {
        "@id": "relation/5370833",
        "name": "Thermal Belt Rail Trail",
        "network": "lwn",
        "route": "hiking",
        "type": "route",
        "@geometry": "center"
      },
      "geometry": {
        "type": "Point",
        "coordinates": [
          -81.9172357,
          35.3712353
        ]
      },
      "id": "relation/5370833"
    },
    {
      "type": "Feature",
      "properties": {
        "@id": "relation/5478737",
        "route": "hiking",
        "type": "route",
        "@geometry": "center"
      },
      "geometry": {
        "type": "Point",
        "coordinates": [
          -83.0271905,
          35.1611296
        ]
      },
      "id": "relation/5478737"
    },
    {
      "type": "Feature",
      "properties": {
        "@id": "relation/5480303",
        "name": "Tanawha Trail",
        "network": "lwn",
        "operator": "National Park Service",
        "route": "hiking",
        "symbol": "white feather",
        "type": "route",
        "wikidata": "Q7682334",
        "wikipedia": "en:Tanawha Trail",
        "@geometry": "center"
      },
      "geometry": {
        "type": "Point",
        "coordinates": [
          -81.783846,
          36.1126042
        ]
      },
      "id": "relation/5480303"
    },
    {
      "type": "Feature",
      "properties": {
        "@id": "relation/5587279",
        "name": "Big Bradley Falls Base Trail",
        "route": "hiking",
        "type": "route",
        "@geometry": "center"
      },
      "geometry": {
        "type": "Point",
        "coordinates": [
          -82.2971299,
          35.2750456
        ]
      },
      "id": "relation/5587279"
    },
    {
      "type": "Feature",
      "properties": {
        "@id": "relation/5607964",
        "distance": "8.0 mi",
        "name": "Shortoff",
        "network": "lwn",
        "route": "hiking",
        "type": "route",
        "@geometry": "center"
      },
      "geometry": {
        "type": "Point",
        "coordinates": [
          -81.8879722,
          35.8546471
        ]
      },
      "id": "relation/5607964"
    },
    {
      "type": "Feature",
      "properties": {
        "@id": "relation/5623818",
        "name": "Confusion Falls Trail",
        "route": "hiking",
        "type": "route",
        "@geometry": "center"
      },
      "geometry": {
        "type": "Point",
        "coordinates": [
          -82.6333635,
          35.0965435
        ]
      },
      "id": "relation/5623818"
    },
    {
      "type": "Feature",
      "properties": {
        "@id": "relation/5714247",
        "name": "Wintergreen Falls Trail",
        "route": "hiking",
        "type": "route",
        "@geometry": "center"
      },
      "geometry": {
        "type": "Point",
        "coordinates": [
          -82.5865896,
          35.1984459
        ]
      },
      "id": "relation/5714247"
    },
    {
      "type": "Feature",
      "properties": {
        "@id": "relation/5747870",
        "name": "Saluda Mountains Passage of the Palmetto Trail",
        "network": "Palmetto Trail",
        "operator": "Palmetto Conservation",
        "osmc:symbol": "yellow",
        "route": "hiking",
        "type": "route",
        "website": "https://palmettoconservation.org/passage/saluda-mountains-passage/",
        "@geometry": "center"
      },
      "geometry": {
        "type": "Point",
        "coordinates": [
          -82.4158244,
          35.1952282
        ]
      },
      "id": "relation/5747870"
    },
    {
      "type": "Feature",
      "properties": {
        "@id": "relation/5937577",
        "name": "Laurel River Trail",
        "ref": "TR 310",
        "route": "hiking",
        "type": "route",
        "@geometry": "center"
      },
      "geometry": {
        "type": "Point",
        "coordinates": [
          -82.7676587,
          35.8986049
        ]
      },
      "id": "relation/5937577"
    },
    {
      "type": "Feature",
      "properties": {
        "@id": "relation/6002349",
        "name": "Carrick Creek Loop Trail",
        "osmc:symbol": "green",
        "route": "hiking",
        "type": "route",
        "@geometry": "center"
      },
      "geometry": {
        "type": "Point",
        "coordinates": [
          -82.7049437,
          35.034484
        ]
      },
      "id": "relation/6002349"
    },
    {
      "type": "Feature",
      "properties": {
        "@id": "relation/6011996",
        "name": "Table Rock Trail",
        "osmc:symbol": "red",
        "route": "hiking",
        "type": "route",
        "@geometry": "center"
      },
      "geometry": {
        "type": "Point",
        "coordinates": [
          -82.7086994,
          35.0426436
        ]
      },
      "id": "relation/6011996"
    },
    {
      "type": "Feature",
      "properties": {
        "@id": "relation/6055272",
        "name": "North/South Trail",
        "network": "lwn",
        "note": "Collection existing OSM-ways with different access (avoid overlapping ways)",
        "operator": "Forest Service Land Between The Lakes",
        "ref": "NS",
        "route": "hiking",
        "source": "existing named ways",
        "type": "route",
        "website": "https://www.landbetweenthelakes.us/seendo/trails/hike-bike-trails/",
        "@geometry": "center"
      },
      "geometry": {
        "type": "Point",
        "coordinates": [
          -88.0600069,
          36.7461518
        ]
      },
      "id": "relation/6055272"
    },
    {
      "type": "Feature",
      "properties": {
        "@id": "relation/6110070",
        "name": "Jocassee Gorges Passage Of The Palmetto Trail",
        "osmc:symbol": "yellow",
        "route": "hiking",
        "short_name": "Palmetto Trail",
        "type": "route",
        "@geometry": "center"
      },
      "geometry": {
        "type": "Point",
        "coordinates": [
          -82.7503514,
          35.0196819
        ]
      },
      "id": "relation/6110070"
    },
    {
      "type": "Feature",
      "properties": {
        "@id": "relation/6644199",
        "osmc:symbol": "orange",
        "route": "hiking",
        "type": "route",
        "@geometry": "center"
      },
      "geometry": {
        "type": "Point",
        "coordinates": [
          -82.5992682,
          35.0757367
        ]
      },
      "id": "relation/6644199"
    },
    {
      "type": "Feature",
      "properties": {
        "@id": "relation/7193655",
        "name": "Hospital Rock Trail",
        "osmc:symbol": "orange",
        "route": "hiking",
        "type": "route",
        "@geometry": "center"
      },
      "geometry": {
        "type": "Point",
        "coordinates": [
          -82.5678992,
          35.1307193
        ]
      },
      "id": "relation/7193655"
    },
    {
      "type": "Feature",
      "properties": {
        "@id": "relation/7226249",
        "name": "Explorer Loop",
        "route": "hiking",
        "type": "route",
        "@geometry": "center"
      },
      "geometry": {
        "type": "Point",
        "coordinates": [
          -82.6390095,
          35.470663
        ]
      },
      "id": "relation/7226249"
    },
    {
      "type": "Feature",
      "properties": {
        "@id": "relation/7226250",
        "colour": "white",
        "name": "Bearwallow Mountain Trail",
        "osmc:symbol": "white",
        "route": "hiking",
        "type": "route",
        "@geometry": "center"
      },
      "geometry": {
        "type": "Point",
        "coordinates": [
          -82.3640363,
          35.4610593
        ]
      },
      "id": "relation/7226250"
    },
    {
      "type": "Feature",
      "properties": {
        "@id": "relation/7226252",
        "name": "Deer Lake Lodge Trail",
        "route": "hiking",
        "type": "route",
        "@geometry": "center"
      },
      "geometry": {
        "type": "Point",
        "coordinates": [
          -82.6223001,
          35.4934591
        ]
      },
      "id": "relation/7226252"
    },
    {
      "type": "Feature",
      "properties": {
        "@id": "relation/7226253",
        "name": "Deerfield Connector Trail",
        "route": "hiking",
        "type": "route",
        "@geometry": "center"
      },
      "geometry": {
        "type": "Point",
        "coordinates": [
          -82.6245639,
          35.4796268
        ]
      },
      "id": "relation/7226253"
    },
    {
      "type": "Feature",
      "properties": {
        "@id": "relation/7226254",
        "name": "Deerfield Loop Trail",
        "route": "hiking",
        "type": "route",
        "@geometry": "center"
      },
      "geometry": {
        "type": "Point",
        "coordinates": [
          -82.6280848,
          35.4801578
        ]
      },
      "id": "relation/7226254"
    },
    {
      "type": "Feature",
      "properties": {
        "@id": "relation/7226262",
        "name": "Explorer Connector Trail",
        "route": "hiking",
        "type": "route",
        "@geometry": "center"
      },
      "geometry": {
        "type": "Point",
        "coordinates": [
          -82.6360064,
          35.4777939
        ]
      },
      "id": "relation/7226262"
    },
    {
      "type": "Feature",
      "properties": {
        "@id": "relation/7226263",
        "name": "Green's Lick Trail",
        "route": "hiking",
        "type": "route",
        "@geometry": "center"
      },
      "geometry": {
        "type": "Point",
        "coordinates": [
          -82.65471,
          35.4818907
        ]
      },
      "id": "relation/7226263"
    },
    {
      "type": "Feature",
      "properties": {
        "@id": "relation/7226264",
        "name": "Hardtimes Connector Trail",
        "route": "hiking",
        "type": "route",
        "@geometry": "center"
      },
      "geometry": {
        "type": "Point",
        "coordinates": [
          -82.6198157,
          35.4907111
        ]
      },
      "id": "relation/7226264"
    },
    {
      "type": "Feature",
      "properties": {
        "@id": "relation/7226265",
        "name": "Bent Creek Trail",
        "route": "hiking",
        "type": "route",
        "@geometry": "center"
      },
      "geometry": {
        "type": "Point",
        "coordinates": [
          -82.6118842,
          35.4926884
        ]
      },
      "id": "relation/7226265"
    },
    {
      "type": "Feature",
      "properties": {
        "@id": "relation/7226268",
        "name": "Homestead Trail",
        "route": "hiking",
        "type": "route",
        "@geometry": "center"
      },
      "geometry": {
        "type": "Point",
        "coordinates": [
          -82.6246857,
          35.483129
        ]
      },
      "id": "relation/7226268"
    },
    {
      "type": "Feature",
      "properties": {
        "@id": "relation/7226271",
        "name": "Small Creek Trail",
        "route": "hiking",
        "type": "route",
        "@geometry": "center"
      },
      "geometry": {
        "type": "Point",
        "coordinates": [
          -82.6254751,
          35.4803261
        ]
      },
      "id": "relation/7226271"
    },
    {
      "type": "Feature",
      "properties": {
        "@id": "relation/7226272",
        "name": "Ingles Field Connector",
        "route": "hiking",
        "type": "route",
        "@geometry": "center"
      },
      "geometry": {
        "type": "Point",
        "coordinates": [
          -82.6432835,
          35.4948088
        ]
      },
      "id": "relation/7226272"
    },
    {
      "type": "Feature",
      "properties": {
        "@id": "relation/7226274",
        "name": "Ledford Trail",
        "route": "hiking",
        "type": "route",
        "@geometry": "center"
      },
      "geometry": {
        "type": "Point",
        "coordinates": [
          -82.6296787,
          35.502313
        ]
      },
      "id": "relation/7226274"
    },
    {
      "type": "Feature",
      "properties": {
        "@id": "relation/7226275",
        "name": "Wolf Branch Trail",
        "route": "hiking",
        "type": "route",
        "@geometry": "center"
      },
      "geometry": {
        "type": "Point",
        "coordinates": [
          -82.6270589,
          35.4997136
        ]
      },
      "id": "relation/7226275"
    },
    {
      "type": "Feature",
      "properties": {
        "@id": "relation/7226276",
        "name": "Little Hickory Top Trail",
        "route": "hiking",
        "type": "route",
        "@geometry": "center"
      },
      "geometry": {
        "type": "Point",
        "coordinates": [
          -82.6486125,
          35.4898927
        ]
      },
      "id": "relation/7226276"
    },
    {
      "type": "Feature",
      "properties": {
        "@id": "relation/7226277",
        "name": "Sidehill Trail",
        "route": "hiking",
        "type": "route",
        "@geometry": "center"
      },
      "geometry": {
        "type": "Point",
        "coordinates": [
          -82.65198,
          35.4835034
        ]
      },
      "id": "relation/7226277"
    },
    {
      "type": "Feature",
      "properties": {
        "@id": "relation/7226279",
        "name": "Boyd Branch Trail",
        "route": "hiking",
        "type": "route",
        "@geometry": "center"
      },
      "geometry": {
        "type": "Point",
        "coordinates": [
          -82.6404228,
          35.4876401
        ]
      },
      "id": "relation/7226279"
    },
    {
      "type": "Feature",
      "properties": {
        "@id": "relation/7226280",
        "name": "Lower Sidehill Trail",
        "route": "hiking",
        "type": "route",
        "@geometry": "center"
      },
      "geometry": {
        "type": "Point",
        "coordinates": [
          -82.6471796,
          35.4743628
        ]
      },
      "id": "relation/7226280"
    },
    {
      "type": "Feature",
      "properties": {
        "@id": "relation/7226281",
        "name": "Sleepy Gap Trail",
        "route": "hiking",
        "type": "route",
        "@geometry": "center"
      },
      "geometry": {
        "type": "Point",
        "coordinates": [
          -82.6316877,
          35.467436
        ]
      },
      "id": "relation/7226281"
    },
    {
      "type": "Feature",
      "properties": {
        "@id": "relation/7226282",
        "name": "Pine Tree Loop",
        "route": "hiking",
        "type": "route",
        "@geometry": "center"
      },
      "geometry": {
        "type": "Point",
        "coordinates": [
          -82.6311771,
          35.4788752
        ]
      },
      "id": "relation/7226282"
    },
    {
      "type": "Feature",
      "properties": {
        "@id": "relation/7226744",
        "name": "Farlow Gap",
        "ref": "106",
        "route": "hiking",
        "type": "route",
        "@geometry": "center"
      },
      "geometry": {
        "type": "Point",
        "coordinates": [
          -82.850003,
          35.2938934
        ]
      },
      "id": "relation/7226744"
    },
    {
      "type": "Feature",
      "properties": {
        "@id": "relation/7226747",
        "name": "Ivestor Gap",
        "route": "hiking",
        "type": "route",
        "@geometry": "center"
      },
      "geometry": {
        "type": "Point",
        "coordinates": [
          -82.8747878,
          35.333125
        ]
      },
      "id": "relation/7226747"
    },
    {
      "type": "Feature",
      "properties": {
        "@id": "relation/7226750",
        "name": "Graveyard Ridge Trail",
        "route": "hiking",
        "type": "route",
        "@geometry": "center"
      },
      "geometry": {
        "type": "Point",
        "coordinates": [
          -82.8647745,
          35.3378025
        ]
      },
      "id": "relation/7226750"
    },
    {
      "type": "Feature",
      "properties": {
        "@id": "relation/7226765",
        "ref": "Sam Knob",
        "route": "hiking",
        "type": "route",
        "@geometry": "center"
      },
      "geometry": {
        "type": "Point",
        "coordinates": [
          -82.8885414,
          35.3262205
        ]
      },
      "id": "relation/7226765"
    },
    {
      "type": "Feature",
      "properties": {
        "@id": "relation/7226771",
        "name": "Flat Laurel Creek Trail",
        "route": "hiking",
        "type": "route",
        "@geometry": "center"
      },
      "geometry": {
        "type": "Point",
        "coordinates": [
          -82.8947478,
          35.316514
        ]
      },
      "id": "relation/7226771"
    },
    {
      "type": "Feature",
      "properties": {
        "@id": "relation/7226772",
        "name": "Little Sam",
        "route": "hiking",
        "type": "route",
        "@geometry": "center"
      },
      "geometry": {
        "type": "Point",
        "coordinates": [
          -82.8921611,
          35.3135477
        ]
      },
      "id": "relation/7226772"
    },
    {
      "type": "Feature",
      "properties": {
        "@id": "relation/7226773",
        "name": "Black Balsam Knob Trail",
        "route": "hiking",
        "type": "route",
        "@geometry": "center"
      },
      "geometry": {
        "type": "Point",
        "coordinates": [
          -82.8754499,
          35.3255357
        ]
      },
      "id": "relation/7226773"
    },
    {
      "type": "Feature",
      "properties": {
        "@id": "relation/7226776",
        "name": "Big Butt Trail",
        "route": "hiking",
        "type": "route",
        "@geometry": "center"
      },
      "geometry": {
        "type": "Point",
        "coordinates": [
          -82.3409211,
          35.779322
        ]
      },
      "id": "relation/7226776"
    },
    {
      "type": "Feature",
      "properties": {
        "@id": "relation/7226779",
        "name": "Laurel Gap Trail",
        "route": "hiking",
        "type": "route",
        "@geometry": "center"
      },
      "geometry": {
        "type": "Point",
        "coordinates": [
          -82.3547198,
          35.7506867
        ]
      },
      "id": "relation/7226779"
    },
    {
      "type": "Feature",
      "properties": {
        "@id": "relation/7226781",
        "name": "Snowball Trail",
        "route": "hiking",
        "type": "route",
        "@geometry": "center"
      },
      "geometry": {
        "type": "Point",
        "coordinates": [
          -82.4287448,
          35.7207039
        ]
      },
      "id": "relation/7226781"
    },
    {
      "type": "Feature",
      "properties": {
        "@id": "relation/7226782",
        "name": "Douglas Falls Trail",
        "route": "hiking",
        "type": "route",
        "@geometry": "center"
      },
      "geometry": {
        "type": "Point",
        "coordinates": [
          -82.3742441,
          35.7184249
        ]
      },
      "id": "relation/7226782"
    },
    {
      "type": "Feature",
      "properties": {
        "@id": "relation/7226783",
        "name": "Craggy Pinnacle Trail",
        "route": "hiking",
        "type": "route",
        "@geometry": "center"
      },
      "geometry": {
        "type": "Point",
        "coordinates": [
          -82.3758859,
          35.7036723
        ]
      },
      "id": "relation/7226783"
    },
    {
      "type": "Feature",
      "properties": {
        "@id": "relation/7226787",
        "name": "Craggy Gardens Trail",
        "route": "hiking",
        "type": "route",
        "@geometry": "center"
      },
      "geometry": {
        "type": "Point",
        "coordinates": [
          -82.3853739,
          35.69853
        ]
      },
      "id": "relation/7226787"
    },
    {
      "type": "Feature",
      "properties": {
        "@id": "relation/7226821",
        "name": "Little Andy Creek Trail",
        "route": "hiking",
        "type": "route",
        "@geometry": "center"
      },
      "geometry": {
        "type": "Point",
        "coordinates": [
          -82.3581261,
          35.769043
        ]
      },
      "id": "relation/7226821"
    },
    {
      "type": "Feature",
      "properties": {
        "@id": "relation/7226825",
        "name": "Elk Pen Trail",
        "route": "hiking",
        "type": "route",
        "@geometry": "center"
      },
      "geometry": {
        "type": "Point",
        "coordinates": [
          -82.3702196,
          35.7657121
        ]
      },
      "id": "relation/7226825"
    },
    {
      "type": "Feature",
      "properties": {
        "@id": "relation/7226826",
        "name": "Upper Corner Rock Creek Trail",
        "route": "hiking",
        "type": "route",
        "@geometry": "center"
      },
      "geometry": {
        "type": "Point",
        "coordinates": [
          -82.3586313,
          35.7711304
        ]
      },
      "id": "relation/7226826"
    },
    {
      "type": "Feature",
      "properties": {
        "@id": "relation/7229004",
        "name": "Catawba Falls River Trail",
        "route": "hiking",
        "type": "route",
        "@geometry": "center"
      },
      "geometry": {
        "type": "Point",
        "coordinates": [
          -82.2391509,
          35.6077127
        ]
      },
      "id": "relation/7229004"
    },
    {
      "type": "Feature",
      "properties": {
        "@id": "relation/7229029",
        "name": "Hickory Nut Falls Trail",
        "route": "hiking",
        "type": "route",
        "@geometry": "center"
      },
      "geometry": {
        "type": "Point",
        "coordinates": [
          -82.2537835,
          35.4329666
        ]
      },
      "id": "relation/7229029"
    },
    {
      "type": "Feature",
      "properties": {
        "@id": "relation/7229031",
        "name": "Four Seasons Trail",
        "route": "hiking",
        "type": "route",
        "@geometry": "center"
      },
      "geometry": {
        "type": "Point",
        "coordinates": [
          -82.2471487,
          35.4326628
        ]
      },
      "id": "relation/7229031"
    },
    {
      "type": "Feature",
      "properties": {
        "@id": "relation/7229032",
        "name": "Great Woodlands Adventure Trail",
        "route": "hiking",
        "type": "route",
        "@geometry": "center"
      },
      "geometry": {
        "type": "Point",
        "coordinates": [
          -82.2439691,
          35.4306328
        ]
      },
      "id": "relation/7229032"
    },
    {
      "type": "Feature",
      "properties": {
        "@id": "relation/7229033",
        "name": "Skyline Trail",
        "route": "hiking",
        "type": "route",
        "@geometry": "center"
      },
      "geometry": {
        "type": "Point",
        "coordinates": [
          -82.2507621,
          35.4326427
        ]
      },
      "id": "relation/7229033"
    },
    {
      "type": "Feature",
      "properties": {
        "@id": "relation/7229156",
        "name": "618 Bennet Branch",
        "route": "hiking",
        "type": "route",
        "@geometry": "center"
      },
      "geometry": {
        "type": "Point",
        "coordinates": [
          -82.7624294,
          35.3573811
        ]
      },
      "id": "relation/7229156"
    },
    {
      "type": "Feature",
      "properties": {
        "@id": "relation/7229186",
        "colour": "red",
        "name": "Daniel Ridge",
        "osmc:symbol": "red",
        "ref": "105",
        "route": "hiking",
        "type": "route",
        "@geometry": "center"
      },
      "geometry": {
        "type": "Point",
        "coordinates": [
          -82.836101,
          35.2934246
        ]
      },
      "id": "relation/7229186"
    },
    {
      "type": "Feature",
      "properties": {
        "@id": "relation/7229210",
        "name": "Cove Creek Connector",
        "route": "hiking",
        "type": "route",
        "@geometry": "center"
      },
      "geometry": {
        "type": "Point",
        "coordinates": [
          -82.8123045,
          35.3099909
        ]
      },
      "id": "relation/7229210"
    },
    {
      "type": "Feature",
      "properties": {
        "@id": "relation/7335433",
        "name": "Starr Mountain Horse Trail",
        "note": "hiking trails unification project by outdoor.rocks",
        "route": "hiking",
        "type": "route",
        "website": "https://outdoor.rocks/",
        "@geometry": "center"
      },
      "geometry": {
        "type": "Point",
        "coordinates": [
          -84.4711284,
          35.3051711
        ]
      },
      "id": "relation/7335433"
    },
    {
      "type": "Feature",
      "properties": {
        "@id": "relation/7335444",
        "name": "Rough Creek",
        "note": "hiking trails unification project by outdoor.rocks",
        "route": "hiking",
        "type": "route",
        "website": "https://outdoor.rocks/",
        "@geometry": "center"
      },
      "geometry": {
        "type": "Point",
        "coordinates": [
          -84.499319,
          35.036088
        ]
      },
      "id": "relation/7335444"
    },
    {
      "type": "Feature",
      "properties": {
        "@id": "relation/7335445",
        "name": "Hemp Top",
        "note": "hiking trails unification project by outdoor.rocks",
        "route": "hiking",
        "type": "route",
        "website": "https://outdoor.rocks/",
        "@geometry": "center"
      },
      "geometry": {
        "type": "Point",
        "coordinates": [
          -84.543071,
          34.9979132
        ]
      },
      "id": "relation/7335445"
    },
    {
      "type": "Feature",
      "properties": {
        "@id": "relation/7335447",
        "name": "Wolf Ridge",
        "note": "hiking trails unification project by outdoor.rocks",
        "route": "hiking",
        "type": "route",
        "website": "https://outdoor.rocks/",
        "@geometry": "center"
      },
      "geometry": {
        "type": "Point",
        "coordinates": [
          -84.5576988,
          35.0203753
        ]
      },
      "id": "relation/7335447"
    },
    {
      "type": "Feature",
      "properties": {
        "@id": "relation/7335448",
        "name": "West Fork",
        "note": "hiking trails unification project by outdoor.rocks",
        "route": "hiking",
        "type": "route",
        "website": "https://outdoor.rocks/",
        "@geometry": "center"
      },
      "geometry": {
        "type": "Point",
        "coordinates": [
          -84.5249788,
          35.0330746
        ]
      },
      "id": "relation/7335448"
    },
    {
      "type": "Feature",
      "properties": {
        "@id": "relation/7335450",
        "name": "West Fork",
        "note": "hiking trails unification project by outdoor.rocks",
        "route": "hiking",
        "type": "route",
        "website": "https://outdoor.rocks/",
        "@geometry": "center"
      },
      "geometry": {
        "type": "Point",
        "coordinates": [
          -84.4953516,
          35.0482359
        ]
      },
      "id": "relation/7335450"
    },
    {
      "type": "Feature",
      "properties": {
        "@id": "relation/7335451",
        "name": "Rock Creek",
        "note": "hiking trails unification project by outdoor.rocks",
        "route": "hiking",
        "type": "route",
        "website": "https://outdoor.rocks/",
        "@geometry": "center"
      },
      "geometry": {
        "type": "Point",
        "coordinates": [
          -84.4617253,
          35.0688873
        ]
      },
      "id": "relation/7335451"
    },
    {
      "type": "Feature",
      "properties": {
        "@id": "relation/7335478",
        "name": "Dry Pond Lead",
        "network": "lwn",
        "note": "hiking trails unification project by outdoor.rocks",
        "route": "hiking",
        "type": "route",
        "website": "https://outdoor.rocks/",
        "@geometry": "center"
      },
      "geometry": {
        "type": "Point",
        "coordinates": [
          -84.4460159,
          35.1007734
        ]
      },
      "id": "relation/7335478"
    },
    {
      "type": "Feature",
      "properties": {
        "@id": "relation/7335479",
        "name": "Clear Creek",
        "note": "hiking trails unification project by outdoor.rocks",
        "route": "hiking",
        "type": "route",
        "website": "https://outdoor.rocks/",
        "@geometry": "center"
      },
      "geometry": {
        "type": "Point",
        "coordinates": [
          -84.5968662,
          35.1507803
        ]
      },
      "id": "relation/7335479"
    },
    {
      "type": "Feature",
      "properties": {
        "@id": "relation/7335480",
        "name": "Iron Mountain",
        "note": "hiking trails unification project by outdoor.rocks",
        "route": "hiking",
        "type": "route",
        "website": "https://outdoor.rocks/",
        "@geometry": "center"
      },
      "geometry": {
        "type": "Point",
        "coordinates": [
          -84.6636955,
          34.9785905
        ]
      },
      "id": "relation/7335480"
    },
    {
      "type": "Feature",
      "properties": {
        "@id": "relation/7335485",
        "name": "Lowry Cove Trail",
        "note": "hiking trails unification project by outdoor.rocks",
        "route": "hiking",
        "type": "route",
        "website": "https://outdoor.rocks/",
        "@geometry": "center"
      },
      "geometry": {
        "type": "Point",
        "coordinates": [
          -84.5516914,
          35.2107698
        ]
      },
      "id": "relation/7335485"
    },
    {
      "type": "Feature",
      "properties": {
        "@id": "relation/7370345",
        "name": "Old Butt Knob Trail",
        "route": "hiking",
        "type": "route",
        "@geometry": "center"
      },
      "geometry": {
        "type": "Point",
        "coordinates": [
          -82.8424512,
          35.365173
        ]
      },
      "id": "relation/7370345"
    },
    {
      "type": "Feature",
      "properties": {
        "@id": "relation/7370346",
        "name": "Art Loed Trail",
        "route": "hiking",
        "type": "route",
        "@geometry": "center"
      },
      "geometry": {
        "type": "Point",
        "coordinates": [
          -82.8655271,
          35.3728878
        ]
      },
      "id": "relation/7370346"
    },
    {
      "type": "Feature",
      "properties": {
        "@id": "relation/7370347",
        "name": "Little East Fork Trail",
        "route": "hiking",
        "type": "route",
        "@geometry": "center"
      },
      "geometry": {
        "type": "Point",
        "coordinates": [
          -82.867425,
          35.3643485
        ]
      },
      "id": "relation/7370347"
    },
    {
      "type": "Feature",
      "properties": {
        "@id": "relation/7370348",
        "route": "hiking",
        "type": "route",
        "@geometry": "center"
      },
      "geometry": {
        "type": "Point",
        "coordinates": [
          -82.8627699,
          35.3665924
        ]
      },
      "id": "relation/7370348"
    },
    {
      "type": "Feature",
      "properties": {
        "@id": "relation/7370349",
        "route": "hiking",
        "type": "route",
        "@geometry": "center"
      },
      "geometry": {
        "type": "Point",
        "coordinates": [
          -82.8567614,
          35.3689194
        ]
      },
      "id": "relation/7370349"
    },
    {
      "type": "Feature",
      "properties": {
        "@id": "relation/7370350",
        "name": "Shining Creek Path",
        "route": "hiking",
        "type": "route",
        "@geometry": "center"
      },
      "geometry": {
        "type": "Point",
        "coordinates": [
          -82.8411204,
          35.3614735
        ]
      },
      "id": "relation/7370350"
    },
    {
      "type": "Feature",
      "properties": {
        "@id": "relation/7370351",
        "name": "Ivestor Gap Trail",
        "route": "hiking",
        "type": "route",
        "@geometry": "center"
      },
      "geometry": {
        "type": "Point",
        "coordinates": [
          -82.868294,
          35.355037
        ]
      },
      "id": "relation/7370351"
    },
    {
      "type": "Feature",
      "properties": {
        "@id": "relation/7370352",
        "name": "Little East Fork Trail",
        "route": "hiking",
        "type": "route",
        "@geometry": "center"
      },
      "geometry": {
        "type": "Point",
        "coordinates": [
          -82.8819692,
          35.3682875
        ]
      },
      "id": "relation/7370352"
    },
    {
      "type": "Feature",
      "properties": {
        "@id": "relation/7370354",
        "name": "Greasy Cove Trail",
        "route": "hiking",
        "type": "route",
        "@geometry": "center"
      },
      "geometry": {
        "type": "Point",
        "coordinates": [
          -82.8494115,
          35.3454
        ]
      },
      "id": "relation/7370354"
    },
    {
      "type": "Feature",
      "properties": {
        "@id": "relation/7370355",
        "route": "hiking",
        "type": "route",
        "@geometry": "center"
      },
      "geometry": {
        "type": "Point",
        "coordinates": [
          -82.8603896,
          35.3467819
        ]
      },
      "id": "relation/7370355"
    },
    {
      "type": "Feature",
      "properties": {
        "@id": "relation/7370360",
        "name": "Mount Mitchell Summit Trail",
        "network": "lwn",
        "operator": "North Carolina Division of Parks & Recreation",
        "route": "hiking",
        "type": "route",
        "@geometry": "center"
      },
      "geometry": {
        "type": "Point",
        "coordinates": [
          -82.2651436,
          35.7655072
        ]
      },
      "id": "relation/7370360"
    },
    {
      "type": "Feature",
      "properties": {
        "@id": "relation/7370361",
        "name": "Mount Mitchell Trail",
        "network": "lwn",
        "ref": "TR 190",
        "route": "hiking",
        "symbol": "blue diamond",
        "type": "route",
        "@geometry": "center"
      },
      "geometry": {
        "type": "Point",
        "coordinates": [
          -82.2424382,
          35.7580743
        ]
      },
      "id": "relation/7370361"
    },
    {
      "type": "Feature",
      "properties": {
        "@id": "relation/7370362",
        "name": "Campground Trail",
        "network": "lwn",
        "operator": "North Carolina Division of Parks & Recreation",
        "route": "hiking",
        "symbol": "red square",
        "type": "route",
        "@geometry": "center"
      },
      "geometry": {
        "type": "Point",
        "coordinates": [
          -82.2692699,
          35.7618978
        ]
      },
      "id": "relation/7370362"
    },
    {
      "type": "Feature",
      "properties": {
        "@id": "relation/7370363",
        "name": "Old Mitchell Trail",
        "network": "lwn",
        "operator": "North Carolina Division of Parks & Recreation",
        "route": "hiking",
        "symbol": "yellow dot",
        "type": "route",
        "@geometry": "center"
      },
      "geometry": {
        "type": "Point",
        "coordinates": [
          -82.2714451,
          35.7556782
        ]
      },
      "id": "relation/7370363"
    },
    {
      "type": "Feature",
      "properties": {
        "@id": "relation/7370364",
        "name": "Buncombe Horse Range Trail",
        "network": "lwn",
        "operator": "United States Forest Service",
        "ref": "TR 191",
        "route": "hiking",
        "symbol": "white diamond",
        "type": "route",
        "@geometry": "center"
      },
      "geometry": {
        "type": "Point",
        "coordinates": [
          -82.2469366,
          35.7617329
        ]
      },
      "id": "relation/7370364"
    },
    {
      "type": "Feature",
      "properties": {
        "@id": "relation/7370365",
        "name": "Black Mountain Crest Trail",
        "network": "lwn",
        "operator": "United States Forest Service",
        "ref": "TR 179",
        "route": "hiking",
        "symbol": "orange triangle",
        "type": "route",
        "@geometry": "center"
      },
      "geometry": {
        "type": "Point",
        "coordinates": [
          -82.2652466,
          35.8213332
        ]
      },
      "id": "relation/7370365"
    },
    {
      "type": "Feature",
      "properties": {
        "@id": "relation/7370371",
        "name": "Balsam Nature Trail",
        "network": "lwn",
        "operator": "North Carolina Division of Parks & Recreation",
        "route": "hiking",
        "symbol": "white triangle",
        "type": "route",
        "@geometry": "center"
      },
      "geometry": {
        "type": "Point",
        "coordinates": [
          -82.2635284,
          35.7646939
        ]
      },
      "id": "relation/7370371"
    },
    {
      "type": "Feature",
      "properties": {
        "@id": "relation/7370372",
        "name": "Big Tom Gap Trail",
        "network": "lwn",
        "operator": "United States Forest Service",
        "ref": "TR 191A",
        "route": "hiking",
        "symbol": "blue diamond",
        "type": "route",
        "@geometry": "center"
      },
      "geometry": {
        "type": "Point",
        "coordinates": [
          -82.2565399,
          35.783588
        ]
      },
      "id": "relation/7370372"
    },
    {
      "type": "Feature",
      "properties": {
        "@id": "relation/7370373",
        "name": "Colbert Ridge Trail",
        "route": "hiking",
        "type": "route",
        "@geometry": "center"
      },
      "geometry": {
        "type": "Point",
        "coordinates": [
          -82.2288404,
          35.810114
        ]
      },
      "id": "relation/7370373"
    },
    {
      "type": "Feature",
      "properties": {
        "@id": "relation/7370375",
        "name": "Woody Ridge Trail",
        "route": "hiking",
        "type": "route",
        "@geometry": "center"
      },
      "geometry": {
        "type": "Point",
        "coordinates": [
          -82.233497,
          35.8425418
        ]
      },
      "id": "relation/7370375"
    },
    {
      "type": "Feature",
      "properties": {
        "@id": "relation/7370384",
        "name": "Walker Knob Overlook",
        "route": "hiking",
        "type": "route",
        "@geometry": "center"
      },
      "geometry": {
        "type": "Point",
        "coordinates": [
          -82.3390367,
          35.7417095
        ]
      },
      "id": "relation/7370384"
    },
    {
      "type": "Feature",
      "properties": {
        "@id": "relation/7370420",
        "name": "Graybeard Trail",
        "network": "lwn",
        "operator": "Montreat Conference Center",
        "ref": "13",
        "route": "hiking",
        "symbol": "blue triangle",
        "type": "route",
        "@geometry": "center"
      },
      "geometry": {
        "type": "Point",
        "coordinates": [
          -82.2893742,
          35.6718463
        ]
      },
      "id": "relation/7370420"
    },
    {
      "type": "Feature",
      "properties": {
        "@id": "relation/7370421",
        "name": "West Ridge Trail",
        "network": "lwn",
        "operator": "Montreat Conference Center",
        "ref": "12",
        "route": "hiking",
        "symbol": "green triangle",
        "type": "route",
        "@geometry": "center"
      },
      "geometry": {
        "type": "Point",
        "coordinates": [
          -82.3076741,
          35.6658765
        ]
      },
      "id": "relation/7370421"
    },
    {
      "type": "Feature",
      "properties": {
        "@id": "relation/7370425",
        "name": "Harry Bryan Trail",
        "network": "lwn",
        "operator": "Montreat Conference Center",
        "ref": "16",
        "route": "hiking",
        "symbol": "yellow triangle",
        "type": "route",
        "@geometry": "center"
      },
      "geometry": {
        "type": "Point",
        "coordinates": [
          -82.2929173,
          35.6625952
        ]
      },
      "id": "relation/7370425"
    },
    {
      "type": "Feature",
      "properties": {
        "@id": "relation/7370426",
        "name": "Old Trestle Road",
        "network": "lwn",
        "operator": "Montreat Conference Center",
        "ref": "19",
        "route": "hiking",
        "symbol": "white triangle",
        "type": "route",
        "@geometry": "center"
      },
      "geometry": {
        "type": "Point",
        "coordinates": [
          -82.288121,
          35.6584473
        ]
      },
      "id": "relation/7370426"
    },
    {
      "type": "Feature",
      "properties": {
        "@id": "relation/7370428",
        "name": "Sanctuary trail",
        "route": "hiking",
        "type": "route",
        "@geometry": "center"
      },
      "geometry": {
        "type": "Point",
        "coordinates": [
          -82.2958487,
          35.6612515
        ]
      },
      "id": "relation/7370428"
    },
    {
      "type": "Feature",
      "properties": {
        "@id": "relation/7370447",
        "from": "Calvin Trail",
        "name": "Rocky Head",
        "network": "lwn",
        "operator": "Montreat Conference Center",
        "ref": "9",
        "route": "hiking",
        "symbol": "orange triangle",
        "to": "Rocky Head Summit",
        "type": "route",
        "@geometry": "center"
      },
      "geometry": {
        "type": "Point",
        "coordinates": [
          -82.2918822,
          35.6567
        ]
      },
      "id": "relation/7370447"
    },
    {
      "type": "Feature",
      "properties": {
        "@id": "relation/7370450",
        "name": "Rattlesnake Lodge Trail",
        "route": "hiking",
        "type": "route",
        "@geometry": "center"
      },
      "geometry": {
        "type": "Point",
        "coordinates": [
          -82.4569566,
          35.6671871
        ]
      },
      "id": "relation/7370450"
    },
    {
      "type": "Feature",
      "properties": {
        "@id": "relation/7370537",
        "name": "Craven Gap",
        "route": "hiking",
        "type": "route",
        "@geometry": "center"
      },
      "geometry": {
        "type": "Point",
        "coordinates": [
          -82.4913458,
          35.6482495
        ]
      },
      "id": "relation/7370537"
    },
    {
      "type": "Feature",
      "properties": {
        "@id": "relation/7370546",
        "name": "Folk Art Center",
        "route": "hiking",
        "type": "route",
        "@geometry": "center"
      },
      "geometry": {
        "type": "Point",
        "coordinates": [
          -82.4813615,
          35.5903473
        ]
      },
      "id": "relation/7370546"
    },
    {
      "type": "Feature",
      "properties": {
        "@id": "relation/7370548",
        "name": "Chestnut Cove",
        "route": "hiking",
        "type": "route",
        "@geometry": "center"
      },
      "geometry": {
        "type": "Point",
        "coordinates": [
          -82.6397231,
          35.4620526
        ]
      },
      "id": "relation/7370548"
    },
    {
      "type": "Feature",
      "properties": {
        "@id": "relation/7370549",
        "route": "hiking",
        "type": "route",
        "@geometry": "center"
      },
      "geometry": {
        "type": "Point",
        "coordinates": [
          -82.6366408,
          35.4551016
        ]
      },
      "id": "relation/7370549"
    },
    {
      "type": "Feature",
      "properties": {
        "@id": "relation/7370550",
        "name": "Avery Creek",
        "route": "hiking",
        "type": "route",
        "@geometry": "center"
      },
      "geometry": {
        "type": "Point",
        "coordinates": [
          -82.6325862,
          35.4477298
        ]
      },
      "id": "relation/7370550"
    },
    {
      "type": "Feature",
      "properties": {
        "@id": "relation/7370554",
        "name": "Double Head Trail",
        "route": "hiking",
        "type": "route",
        "@geometry": "center"
      },
      "geometry": {
        "type": "Point",
        "coordinates": [
          -82.6353049,
          35.4420492
        ]
      },
      "id": "relation/7370554"
    },
    {
      "type": "Feature",
      "properties": {
        "@id": "relation/7370556",
        "name": "Brushy Ridge Trail",
        "route": "hiking",
        "type": "route",
        "@geometry": "center"
      },
      "geometry": {
        "type": "Point",
        "coordinates": [
          -82.6471416,
          35.440841
        ]
      },
      "id": "relation/7370556"
    },
    {
      "type": "Feature",
      "properties": {
        "@id": "relation/7370560",
        "name": "Bear Branch",
        "route": "hiking",
        "type": "route",
        "@geometry": "center"
      },
      "geometry": {
        "type": "Point",
        "coordinates": [
          -82.6475349,
          35.4320614
        ]
      },
      "id": "relation/7370560"
    },
    {
      "type": "Feature",
      "properties": {
        "@id": "relation/7370565",
        "name": "606 Wash Creek",
        "route": "hiking",
        "type": "route",
        "@geometry": "center"
      },
      "geometry": {
        "type": "Point",
        "coordinates": [
          -82.6534805,
          35.4204813
        ]
      },
      "id": "relation/7370565"
    },
    {
      "type": "Feature",
      "properties": {
        "@id": "relation/7370588",
        "name": "354 Trace Ridge",
        "route": "hiking",
        "type": "route",
        "@geometry": "center"
      },
      "geometry": {
        "type": "Point",
        "coordinates": [
          -82.6647291,
          35.4316976
        ]
      },
      "id": "relation/7370588"
    },
    {
      "type": "Feature",
      "properties": {
        "@id": "relation/7370608",
        "name": "Three Humps",
        "route": "hiking",
        "type": "route",
        "@geometry": "center"
      },
      "geometry": {
        "type": "Point",
        "coordinates": [
          -82.666275,
          35.4712546
        ]
      },
      "id": "relation/7370608"
    },
    {
      "type": "Feature",
      "properties": {
        "@id": "relation/7370609",
        "name": "Bent Creek Trail",
        "route": "hiking",
        "type": "route",
        "@geometry": "center"
      },
      "geometry": {
        "type": "Point",
        "coordinates": [
          -82.6628173,
          35.4594704
        ]
      },
      "id": "relation/7370609"
    },
    {
      "type": "Feature",
      "properties": {
        "@id": "relation/7370620",
        "name": "Mount Pisgah Trail",
        "route": "hiking",
        "type": "route",
        "@geometry": "center"
      },
      "geometry": {
        "type": "Point",
        "coordinates": [
          -82.7523375,
          35.4164103
        ]
      },
      "id": "relation/7370620"
    },
    {
      "type": "Feature",
      "properties": {
        "@id": "relation/7370624",
        "name": "Pilot Rock Trail",
        "route": "hiking",
        "type": "route",
        "@geometry": "center"
      },
      "geometry": {
        "type": "Point",
        "coordinates": [
          -82.7379163,
          35.3975356
        ]
      },
      "id": "relation/7370624"
    },
    {
      "type": "Feature",
      "properties": {
        "@id": "relation/7370627",
        "name": "Little Bald Mountain Trail",
        "route": "hiking",
        "type": "route",
        "@geometry": "center"
      },
      "geometry": {
        "type": "Point",
        "coordinates": [
          -82.7425837,
          35.4084983
        ]
      },
      "id": "relation/7370627"
    },
    {
      "type": "Feature",
      "properties": {
        "@id": "relation/7370628",
        "name": "121 Laurel Mountain",
        "route": "hiking",
        "type": "route",
        "@geometry": "center"
      },
      "geometry": {
        "type": "Point",
        "coordinates": [
          -82.7071482,
          35.3982191
        ]
      },
      "id": "relation/7370628"
    },
    {
      "type": "Feature",
      "properties": {
        "@id": "relation/7370659",
        "name": "Sheep Rock",
        "route": "hiking",
        "type": "route",
        "@geometry": "center"
      },
      "geometry": {
        "type": "Point",
        "coordinates": [
          -82.6773974,
          35.4695664
        ]
      },
      "id": "relation/7370659"
    },
    {
      "type": "Feature",
      "properties": {
        "@id": "relation/7370660",
        "name": "Harriet Cove",
        "route": "hiking",
        "type": "route",
        "@geometry": "center"
      },
      "geometry": {
        "type": "Point",
        "coordinates": [
          -82.6769413,
          35.4727028
        ]
      },
      "id": "relation/7370660"
    },
    {
      "type": "Feature",
      "properties": {
        "@id": "relation/7370666",
        "route": "hiking",
        "type": "route",
        "@geometry": "center"
      },
      "geometry": {
        "type": "Point",
        "coordinates": [
          -82.6771404,
          35.4727775
        ]
      },
      "id": "relation/7370666"
    },
    {
      "type": "Feature",
      "properties": {
        "@id": "relation/7370667",
        "route": "hiking",
        "type": "route",
        "@geometry": "center"
      },
      "geometry": {
        "type": "Point",
        "coordinates": [
          -82.6718757,
          35.4763269
        ]
      },
      "id": "relation/7370667"
    },
    {
      "type": "Feature",
      "properties": {
        "@id": "relation/7370668",
        "route": "hiking",
        "type": "route",
        "@geometry": "center"
      },
      "geometry": {
        "type": "Point",
        "coordinates": [
          -82.6705032,
          35.4696844
        ]
      },
      "id": "relation/7370668"
    },
    {
      "type": "Feature",
      "properties": {
        "@id": "relation/7370669",
        "route": "hiking",
        "type": "route",
        "@geometry": "center"
      },
      "geometry": {
        "type": "Point",
        "coordinates": [
          -82.6685648,
          35.4770096
        ]
      },
      "id": "relation/7370669"
    },
    {
      "type": "Feature",
      "properties": {
        "@id": "relation/7370670",
        "route": "hiking",
        "type": "route",
        "@geometry": "center"
      },
      "geometry": {
        "type": "Point",
        "coordinates": [
          -82.671062,
          35.4788502
        ]
      },
      "id": "relation/7370670"
    },
    {
      "type": "Feature",
      "properties": {
        "@id": "relation/7370671",
        "route": "hiking",
        "type": "route",
        "@geometry": "center"
      },
      "geometry": {
        "type": "Point",
        "coordinates": [
          -82.6690468,
          35.4853076
        ]
      },
      "id": "relation/7370671"
    },
    {
      "type": "Feature",
      "properties": {
        "@id": "relation/7370673",
        "route": "hiking",
        "type": "route",
        "@geometry": "center"
      },
      "geometry": {
        "type": "Point",
        "coordinates": [
          -82.6741256,
          35.4776997
        ]
      },
      "id": "relation/7370673"
    },
    {
      "type": "Feature",
      "properties": {
        "@id": "relation/7370674",
        "route": "hiking",
        "type": "route",
        "@geometry": "center"
      },
      "geometry": {
        "type": "Point",
        "coordinates": [
          -82.6745757,
          35.460121
        ]
      },
      "id": "relation/7370674"
    },
    {
      "type": "Feature",
      "properties": {
        "@id": "relation/7370675",
        "route": "hiking",
        "type": "route",
        "@geometry": "center"
      },
      "geometry": {
        "type": "Point",
        "coordinates": [
          -82.6568811,
          35.4617658
        ]
      },
      "id": "relation/7370675"
    },
    {
      "type": "Feature",
      "properties": {
        "@id": "relation/7370705",
        "name": "Seniard Creek Trail",
        "route": "hiking",
        "type": "route",
        "@geometry": "center"
      },
      "geometry": {
        "type": "Point",
        "coordinates": [
          -82.6306632,
          35.4350393
        ]
      },
      "id": "relation/7370705"
    },
    {
      "type": "Feature",
      "properties": {
        "@id": "relation/7417009",
        "name": "Sunset Trail",
        "route": "hiking",
        "type": "route",
        "@geometry": "center"
      },
      "geometry": {
        "type": "Point",
        "coordinates": [
          -82.5407757,
          35.62209
        ]
      },
      "id": "relation/7417009"
    },
    {
      "type": "Feature",
      "properties": {
        "@id": "relation/7497482",
        "contact:alltrails": "https://www.alltrails.com/trail/us/tennessee/laurel-falls--2",
        "contact:facebook": "https://www.facebook.com/GreatSmokyMountainsNPS",
        "contact:hikinginthesmokeys": "https://www.hikinginthesmokys.com/laurel.htm",
        "contact:instagram": "https://www.instagram.com/GreatSmokyNPS/",
        "contact:tripadvisor": "https://www.tripadvisor.com/Attraction_Review-g143031-d207106-Reviews-Laurel_Falls-Great_Smoky_Mountains_National_Park_Tennessee.html",
        "contact:twitter": "https://twitter.com/GreatSmokyNPS",
        "name": "Laurel Falls Trail",
        "network": "rwn",
        "operator": "NPS",
        "ref": "LFT",
        "roundtrip": "no",
        "route": "hiking",
        "type": "route",
        "website": "https://www.nps.gov/grsm/planyourvisit/laurel-falls.htm",
        "wikidata": "Q6499787",
        "wikipedia": "en:Laurel Falls Trail",
        "@geometry": "center"
      },
      "geometry": {
        "type": "Point",
        "coordinates": [
          -83.5961397,
          35.678571
        ]
      },
      "id": "relation/7497482"
    },
    {
      "type": "Feature",
      "properties": {
        "@id": "relation/7497489",
        "distance": "4.4 mi",
        "name": "Little Greenbrier Trail",
        "network": "rwn",
        "operator": "NPS",
        "ref": "LGT",
        "roundtrip": "no",
        "route": "hiking",
        "type": "route",
        "@geometry": "center"
      },
      "geometry": {
        "type": "Point",
        "coordinates": [
          -83.6288795,
          35.6920741
        ]
      },
      "id": "relation/7497489"
    },
    {
      "type": "Feature",
      "properties": {
        "@id": "relation/7497496",
        "distance": "4.1",
        "name": "Cove Mountain Trail",
        "network": "rwn",
        "operator": "NPS",
        "ref": "Cove",
        "roundtrip": "no",
        "route": "hiking",
        "type": "route",
        "@geometry": "center"
      },
      "geometry": {
        "type": "Point",
        "coordinates": [
          -83.5715386,
          35.6953797
        ]
      },
      "id": "relation/7497496"
    },
    {
      "type": "Feature",
      "properties": {
        "@id": "relation/7497497",
        "name": "Fighting Creek Nature Trail",
        "network": "rwn",
        "operator": "NPS",
        "ref": "FCNT",
        "roundtrip": "yes",
        "route": "hiking",
        "type": "route",
        "@geometry": "center"
      },
      "geometry": {
        "type": "Point",
        "coordinates": [
          -83.5411232,
          35.6860054
        ]
      },
      "id": "relation/7497497"
    },
    {
      "type": "Feature",
      "properties": {
        "@id": "relation/7497498",
        "name": "Hickory Flats Quiet Walkway",
        "network": "rwn",
        "operator": "NPS",
        "ref": "HFQW",
        "route": "hiking",
        "type": "route",
        "@geometry": "center"
      },
      "geometry": {
        "type": "Point",
        "coordinates": [
          -83.5563978,
          35.6800629
        ]
      },
      "id": "relation/7497498"
    },
    {
      "type": "Feature",
      "properties": {
        "@id": "relation/7519949",
        "name": "Old Settlers Trail",
        "network": "rwn",
        "operator": "NPS",
        "ref": "OST",
        "roundtrip": "no",
        "route": "hiking",
        "type": "route",
        "@geometry": "center"
      },
      "geometry": {
        "type": "Point",
        "coordinates": [
          -83.3271055,
          35.7331788
        ]
      },
      "id": "relation/7519949"
    },
    {
      "type": "Feature",
      "properties": {
        "@id": "relation/7519985",
        "name": "Grapeyard Ridge Trail",
        "network": "rwn",
        "ref": "GRT",
        "route": "hiking",
        "type": "route",
        "@geometry": "center"
      },
      "geometry": {
        "type": "Point",
        "coordinates": [
          -83.42463,
          35.7008284
        ]
      },
      "id": "relation/7519985"
    },
    {
      "type": "Feature",
      "properties": {
        "@id": "relation/7528544",
        "name": "Sweat Heifer Creek Trail",
        "network": "rwn",
        "route": "hiking",
        "type": "route",
        "@geometry": "center"
      },
      "geometry": {
        "type": "Point",
        "coordinates": [
          -83.3862967,
          35.6155643
        ]
      },
      "id": "relation/7528544"
    },
    {
      "type": "Feature",
      "properties": {
        "@id": "relation/7552352",
        "contact:tripadvisor": "https://www.tripadvisor.com/Attraction_Review-g143031-d207103-Reviews-Sugarlands_Valley_Nature_Trail-Great_Smoky_Mountains_National_Park_Tennessee.html",
        "name": "Sugarlands Valley Nature Trail",
        "network": "lwn",
        "route": "hiking",
        "type": "route",
        "@geometry": "center"
      },
      "geometry": {
        "type": "Point",
        "coordinates": [
          -83.5296733,
          35.6785725
        ]
      },
      "id": "relation/7552352"
    },
    {
      "type": "Feature",
      "properties": {
        "@id": "relation/7552358",
        "name": "Noah 'Bud' Ogle Place Nature Trail",
        "network": "lwn",
        "operator": "NPS",
        "roundtrip": "yes",
        "route": "hiking",
        "type": "route",
        "@geometry": "center"
      },
      "geometry": {
        "type": "Point",
        "coordinates": [
          -83.4910897,
          35.6818542
        ]
      },
      "id": "relation/7552358"
    },
    {
      "type": "Feature",
      "properties": {
        "@id": "relation/7552363",
        "name": "Twin Creeks Trail",
        "network": "lwn",
        "roundtrip": "no",
        "route": "hiking",
        "surface": "unpaved",
        "type": "route",
        "@geometry": "center"
      },
      "geometry": {
        "type": "Point",
        "coordinates": [
          -83.5015652,
          35.6912271
        ]
      },
      "id": "relation/7552363"
    },
    {
      "type": "Feature",
      "properties": {
        "@id": "relation/7552411",
        "name": "Rainbow Falls Trail",
        "network": "lwn",
        "roundtrip": "no",
        "route": "hiking",
        "type": "route",
        "@geometry": "center"
      },
      "geometry": {
        "type": "Point",
        "coordinates": [
          -83.4669321,
          35.66587
        ]
      },
      "id": "relation/7552411"
    },
    {
      "type": "Feature",
      "properties": {
        "@id": "relation/7552412",
        "name": "Baskins Creek Trail",
        "network": "rwn",
        "roundtrip": "no",
        "route": "hiking",
        "type": "route",
        "@geometry": "center"
      },
      "geometry": {
        "type": "Point",
        "coordinates": [
          -83.4733945,
          35.6873354
        ]
      },
      "id": "relation/7552412"
    },
    {
      "type": "Feature",
      "properties": {
        "@id": "relation/7552414",
        "name": "Porters Creek Trail",
        "network": "rwn",
        "operator": "National Park Service",
        "roundtrip": "no",
        "route": "hiking",
        "type": "route",
        "@geometry": "center"
      },
      "geometry": {
        "type": "Point",
        "coordinates": [
          -83.3897978,
          35.6787097
        ]
      },
      "id": "relation/7552414"
    },
    {
      "type": "Feature",
      "properties": {
        "@id": "relation/7552444",
        "alt_name": "Ramsay Cascades Trail",
        "length": "4 miles",
        "name": "Ramsey Cascades Trail",
        "network": "rwn",
        "roundtrip": "no",
        "route": "hiking",
        "type": "route",
        "@geometry": "center"
      },
      "geometry": {
        "type": "Point",
        "coordinates": [
          -83.3288229,
          35.7063288
        ]
      },
      "id": "relation/7552444"
    },
    {
      "type": "Feature",
      "properties": {
        "@id": "relation/7552489",
        "name": "Boulevard Trail",
        "network": "rwn",
        "roundtrip": "no",
        "route": "hiking",
        "type": "route",
        "wikidata": "Q7719509",
        "@geometry": "center"
      },
      "geometry": {
        "type": "Point",
        "coordinates": [
          -83.4155144,
          35.6419525
        ]
      },
      "id": "relation/7552489"
    },
    {
      "type": "Feature",
      "properties": {
        "@id": "relation/7552503",
        "name": "Bull Head Trail",
        "network": "rwn",
        "roundtrip": "no",
        "route": "hiking",
        "type": "route",
        "@geometry": "center"
      },
      "geometry": {
        "type": "Point",
        "coordinates": [
          -83.4692773,
          35.661113
        ]
      },
      "id": "relation/7552503"
    },
    {
      "type": "Feature",
      "properties": {
        "@id": "relation/7552504",
        "name": "Alum Cave Trail",
        "network": "rwn",
        "roundtrip": "no",
        "route": "hiking",
        "type": "route",
        "wikidata": "Q4737327",
        "@geometry": "center"
      },
      "geometry": {
        "type": "Point",
        "coordinates": [
          -83.4435558,
          35.6421163
        ]
      },
      "id": "relation/7552504"
    },
    {
      "type": "Feature",
      "properties": {
        "@id": "relation/7552505",
        "name": "Cliff Top Trail",
        "network": "lwn",
        "route": "hiking",
        "type": "route",
        "@geometry": "center"
      },
      "geometry": {
        "type": "Point",
        "coordinates": [
          -83.4420296,
          35.653705
        ]
      },
      "id": "relation/7552505"
    },
    {
      "type": "Feature",
      "properties": {
        "@id": "relation/7552569",
        "name": "Smokemont Loop Trail",
        "network": "rwn",
        "roundtrip": "yes",
        "route": "hiking",
        "type": "route",
        "@geometry": "center"
      },
      "geometry": {
        "type": "Point",
        "coordinates": [
          -83.3211313,
          35.5677124
        ]
      },
      "id": "relation/7552569"
    },
    {
      "type": "Feature",
      "properties": {
        "@id": "relation/7552584",
        "name": "Ferguson Cabin Trail",
        "network": "lwn",
        "roundtrip": "yes",
        "route": "hiking",
        "type": "route",
        "@geometry": "center"
      },
      "geometry": {
        "type": "Point",
        "coordinates": [
          -83.0736835,
          35.5831577
        ]
      },
      "id": "relation/7552584"
    },
    {
      "type": "Feature",
      "properties": {
        "@id": "relation/7552611",
        "name": "Boogerman Trail",
        "network": "rwn",
        "route": "hiking",
        "type": "route",
        "@geometry": "center"
      },
      "geometry": {
        "type": "Point",
        "coordinates": [
          -83.0903039,
          35.6134509
        ]
      },
      "id": "relation/7552611"
    },
    {
      "type": "Feature",
      "properties": {
        "@id": "relation/7552612",
        "name": "Big Fork Ridge Trail",
        "network": "rwn",
        "route": "hiking",
        "type": "route",
        "@geometry": "center"
      },
      "geometry": {
        "type": "Point",
        "coordinates": [
          -83.1115286,
          35.6077365
        ]
      },
      "id": "relation/7552612"
    },
    {
      "type": "Feature",
      "properties": {
        "@id": "relation/7552844",
        "name": "Baxter Creek Trail",
        "network": "rwn",
        "route": "hiking",
        "type": "route",
        "@geometry": "center"
      },
      "geometry": {
        "type": "Point",
        "coordinates": [
          -83.1151489,
          35.7269462
        ]
      },
      "id": "relation/7552844"
    },
    {
      "type": "Feature",
      "properties": {
        "@id": "relation/7552883",
        "name": "Deep Creek Trail",
        "network": "rcn",
        "route": "hiking",
        "type": "route",
        "@geometry": "center"
      },
      "geometry": {
        "type": "Point",
        "coordinates": [
          -83.4229081,
          35.532523
        ]
      },
      "id": "relation/7552883"
    },
    {
      "type": "Feature",
      "properties": {
        "@id": "relation/7552889",
        "name": "Fork Ridge Trail",
        "network": "rwn",
        "route": "hiking",
        "type": "route",
        "@geometry": "center"
      },
      "geometry": {
        "type": "Point",
        "coordinates": [
          -83.446381,
          35.5747464
        ]
      },
      "id": "relation/7552889"
    },
    {
      "type": "Feature",
      "properties": {
        "@id": "relation/7552894",
        "name": "Spruce Fir Nature Trail",
        "network": "lwn",
        "operator": "NPS",
        "roundtrip": "yes",
        "route": "hiking",
        "type": "route",
        "website": "https://www.hikinginthesmokys.com/sprucefir.htm",
        "@geometry": "center"
      },
      "geometry": {
        "type": "Point",
        "coordinates": [
          -83.460126,
          35.5954332
        ]
      },
      "id": "relation/7552894"
    },
    {
      "type": "Feature",
      "properties": {
        "@id": "relation/7552902",
        "name": "Sugarland Mountain Trail",
        "network": "rwn",
        "route": "hiking",
        "type": "route",
        "@geometry": "center"
      },
      "geometry": {
        "type": "Point",
        "coordinates": [
          -83.5258708,
          35.631275
        ]
      },
      "id": "relation/7552902"
    },
    {
      "type": "Feature",
      "properties": {
        "@id": "relation/7552903",
        "name": "Huskey Gap Trail",
        "network": "rwn",
        "route": "hiking",
        "type": "route",
        "@geometry": "center"
      },
      "geometry": {
        "type": "Point",
        "coordinates": [
          -83.5376004,
          35.6482971
        ]
      },
      "id": "relation/7552903"
    },
    {
      "type": "Feature",
      "properties": {
        "@id": "relation/7552904",
        "name": "Riverview Quiet Walkway",
        "network": "lwn",
        "route": "hiking",
        "type": "route",
        "@geometry": "center"
      },
      "geometry": {
        "type": "Point",
        "coordinates": [
          -83.5223603,
          35.6622511
        ]
      },
      "id": "relation/7552904"
    },
    {
      "type": "Feature",
      "properties": {
        "@id": "relation/7552905",
        "name": "Balsam Point Quiet Walkway",
        "network": "lwn",
        "roundtrip": "no",
        "route": "hiking",
        "type": "route",
        "@geometry": "center"
      },
      "geometry": {
        "type": "Point",
        "coordinates": [
          -83.5154972,
          35.655099
        ]
      },
      "id": "relation/7552905"
    },
    {
      "type": "Feature",
      "properties": {
        "@id": "relation/7552906",
        "name": "Bullhead View Quiet Walkway",
        "network": "lwn",
        "route": "hiking",
        "type": "route",
        "@geometry": "center"
      },
      "geometry": {
        "type": "Point",
        "coordinates": [
          -83.5246951,
          35.6703063
        ]
      },
      "id": "relation/7552906"
    },
    {
      "type": "Feature",
      "properties": {
        "@id": "relation/7552917",
        "name": "Clingmans Dome Bypass Trail",
        "network": "lwn",
        "route": "hiking",
        "type": "route",
        "@geometry": "center"
      },
      "geometry": {
        "type": "Point",
        "coordinates": [
          -83.5008636,
          35.5599646
        ]
      },
      "id": "relation/7552917"
    },
    {
      "type": "Feature",
      "properties": {
        "@id": "relation/7552918",
        "name": "Forney Ridge Trail",
        "network": "rwn",
        "route": "hiking",
        "type": "route",
        "@geometry": "center"
      },
      "geometry": {
        "type": "Point",
        "coordinates": [
          -83.4943892,
          35.5488501
        ]
      },
      "id": "relation/7552918"
    },
    {
      "type": "Feature",
      "properties": {
        "@id": "relation/7552919",
        "name": "Forney Creek Trail",
        "network": "rwn",
        "route": "hiking",
        "type": "route",
        "@geometry": "center"
      },
      "geometry": {
        "type": "Point",
        "coordinates": [
          -83.530084,
          35.509346
        ]
      },
      "id": "relation/7552919"
    },
    {
      "type": "Feature",
      "properties": {
        "@id": "relation/7552924",
        "name": "Lakeshore Trail",
        "network": "rwn",
        "roundtrip": "no",
        "route": "hiking",
        "type": "route",
        "@geometry": "center"
      },
      "geometry": {
        "type": "Point",
        "coordinates": [
          -83.6744954,
          35.4634509
        ]
      },
      "id": "relation/7552924"
    },
    {
      "type": "Feature",
      "properties": {
        "@id": "relation/7552935",
        "name": "Cove Hardwood Nature Trail",
        "network": "lwn",
        "roundtrip": "yes",
        "route": "hiking",
        "type": "route",
        "@geometry": "center"
      },
      "geometry": {
        "type": "Point",
        "coordinates": [
          -83.4942133,
          35.6354249
        ]
      },
      "id": "relation/7552935"
    },
    {
      "type": "Feature",
      "properties": {
        "@id": "relation/7552936",
        "length": "1.9",
        "length_unit": "miles",
        "name": "Chimney Tops Trail",
        "network": "rwn",
        "roundtrip": "no",
        "route": "hiking",
        "type": "route",
        "website": "https://www.hikinginthesmokys.com/chimney.htm",
        "@geometry": "center"
      },
      "geometry": {
        "type": "Point",
        "coordinates": [
          -83.4739278,
          35.6294206
        ]
      },
      "id": "relation/7552936"
    },
    {
      "type": "Feature",
      "properties": {
        "@id": "relation/7552937",
        "name": "Road Prong Trail",
        "network": "rwn",
        "route": "hiking",
        "type": "route",
        "@geometry": "center"
      },
      "geometry": {
        "type": "Point",
        "coordinates": [
          -83.4587004,
          35.6172381
        ]
      },
      "id": "relation/7552937"
    },
    {
      "type": "Feature",
      "properties": {
        "@id": "relation/7552939",
        "name": "Elkmont Nature Trail",
        "network": "lwn",
        "roundtrip": "yes",
        "route": "hiking",
        "type": "route",
        "website": "https://www.hikingproject.com/trail/7008020",
        "@geometry": "center"
      },
      "geometry": {
        "type": "Point",
        "coordinates": [
          -83.5785534,
          35.6583044
        ]
      },
      "id": "relation/7552939"
    },
    {
      "type": "Feature",
      "properties": {
        "@id": "relation/7552952",
        "name": "Scott Mountain Trail",
        "network": "rwn",
        "route": "hiking",
        "type": "route",
        "@geometry": "center"
      },
      "geometry": {
        "type": "Point",
        "coordinates": [
          -83.7590738,
          35.6311366
        ]
      },
      "id": "relation/7552952"
    },
    {
      "type": "Feature",
      "properties": {
        "@id": "relation/8119086",
        "name": "Greenland Creek Trail",
        "network": "lhn",
        "ref": "FS 488",
        "route": "hiking",
        "type": "route",
        "@geometry": "center"
      },
      "geometry": {
        "type": "Point",
        "coordinates": [
          -83.0007649,
          35.1545034
        ]
      },
      "id": "relation/8119086"
    },
    {
      "type": "Feature",
      "properties": {
        "@id": "relation/8159655",
        "name": "Twin Falls Trail",
        "route": "hiking",
        "type": "route",
        "@geometry": "center"
      },
      "geometry": {
        "type": "Point",
        "coordinates": [
          -82.8199348,
          35.0115831
        ]
      },
      "id": "relation/8159655"
    },
    {
      "type": "Feature",
      "properties": {
        "@id": "relation/8409000",
        "alt_name": "Lower Whitewater Falls Spur Trail",
        "name": "Lower Whitewater Falls Trail",
        "network": "lwn",
        "osmc:symbol": "blue",
        "route": "hiking",
        "type": "route",
        "@geometry": "center"
      },
      "geometry": {
        "type": "Point",
        "coordinates": [
          -82.9941455,
          35.0183618
        ]
      },
      "id": "relation/8409000"
    },
    {
      "type": "Feature",
      "properties": {
        "@id": "relation/8499594",
        "bicycle": "yes",
        "foot": "yes",
        "horse": "yes",
        "name": "Lakeside Loop Trail",
        "network": "lwn",
        "operator": "Tennessee State Parks",
        "osmc:symbol": "*",
        "route": "hiking",
        "type": "route",
        "@geometry": "center"
      },
      "geometry": {
        "type": "Point",
        "coordinates": [
          -84.0650385,
          36.2389515
        ]
      },
      "id": "relation/8499594"
    },
    {
      "type": "Feature",
      "properties": {
        "@id": "relation/8499595",
        "bicycle": "yes",
        "foot": "yes",
        "horse": "yes",
        "name": "High Point Trail",
        "network": "lwn",
        "operator": "Tennessee State Parks",
        "osmc:symbol": "*",
        "route": "hiking",
        "type": "route",
        "vehicle": "yes",
        "@geometry": "center"
      },
      "geometry": {
        "type": "Point",
        "coordinates": [
          -84.0640104,
          36.231464
        ]
      },
      "id": "relation/8499595"
    },
    {
      "type": "Feature",
      "properties": {
        "@id": "relation/8499596",
        "bicycle": "yes",
        "foot": "yes",
        "horse": "yes",
        "name": "Lake View Trail",
        "network": "lwn",
        "operator": "Tennessee State Parks",
        "osmc:symbol": "*",
        "route": "hiking",
        "type": "route",
        "@geometry": "center"
      },
      "geometry": {
        "type": "Point",
        "coordinates": [
          -84.0695501,
          36.2323962
        ]
      },
      "id": "relation/8499596"
    },
    {
      "type": "Feature",
      "properties": {
        "@id": "relation/8609624",
        "access": "yes",
        "foot": "yes",
        "mtb": "yes",
        "name": "Palmetto Trail: Blue Wall Passage",
        "network": "rwn",
        "osmc:symbol": "yellow",
        "route": "hiking",
        "type": "route",
        "website": "https://palmettoconservation.org/passage/blue-wall-passage/",
        "@geometry": "center"
      },
      "geometry": {
        "type": "Point",
        "coordinates": [
          -82.231502,
          35.1878653
        ]
      },
      "id": "relation/8609624"
    },
    {
      "type": "Feature",
      "properties": {
        "@id": "relation/8650348",
        "name": "Green Mountain Trail",
        "route": "hiking",
        "type": "route",
        "@geometry": "center"
      },
      "geometry": {
        "type": "Point",
        "coordinates": [
          -82.9295078,
          35.3416674
        ]
      },
      "id": "relation/8650348"
    },
    {
      "type": "Feature",
      "properties": {
        "@id": "relation/8650655",
        "route": "hiking",
        "type": "route",
        "@geometry": "center"
      },
      "geometry": {
        "type": "Point",
        "coordinates": [
          -82.82531,
          35.31571
        ]
      },
      "id": "relation/8650655"
    },
    {
      "type": "Feature",
      "properties": {
        "@id": "relation/8650656",
        "route": "hiking",
        "type": "route",
        "@geometry": "center"
      },
      "geometry": {
        "type": "Point",
        "coordinates": [
          -82.8074971,
          35.3316154
        ]
      },
      "id": "relation/8650656"
    },
    {
      "type": "Feature",
      "properties": {
        "@id": "relation/9146499",
        "name": "Cherokee Trail",
        "route": "hiking",
        "type": "route",
        "@geometry": "center"
      },
      "geometry": {
        "type": "Point",
        "coordinates": [
          -85.3176915,
          35.0726742
        ]
      },
      "id": "relation/9146499"
    },
    {
      "type": "Feature",
      "properties": {
        "@id": "relation/9330707",
        "alt_name:1": "Eastatoe Gorge Trail",
        "alt_name:2": "Eastatoe Heritage Preserve Trail",
        "name": "Eastatoe Gorge Spur Trail",
        "operator": "Foothills Trail Conference",
        "operator:website": "https://foothillstrail.org/",
        "osmc:symbol": "yellow",
        "route": "hiking",
        "type": "route",
        "@geometry": "center"
      },
      "geometry": {
        "type": "Point",
        "coordinates": [
          -82.8187337,
          35.0403941
        ]
      },
      "id": "relation/9330707"
    },
    {
      "type": "Feature",
      "properties": {
        "@id": "relation/9384199",
        "osmc:symbol": "blue",
        "route": "hiking",
        "type": "route",
        "@geometry": "center"
      },
      "geometry": {
        "type": "Point",
        "coordinates": [
          -82.6960122,
          35.0500662
        ]
      },
      "id": "relation/9384199"
    },
    {
      "type": "Feature",
      "properties": {
        "@id": "relation/9440991",
        "description": "Guided hikes at Bear Paw State Natural Area follow this semi-offical route.",
        "name": "Trail",
        "network": "lwn",
        "operator": "North Carolina Division of Parks & Recreation",
        "route": "hiking",
        "symbol": "flagging tape",
        "type": "route",
        "@geometry": "center"
      },
      "geometry": {
        "type": "Point",
        "coordinates": [
          -81.8124759,
          36.1592529
        ]
      },
      "id": "relation/9440991"
    },
    {
      "type": "Feature",
      "properties": {
        "@id": "relation/9451010",
        "name": "Fishing Pier Trail",
        "network": "lwn",
        "route": "hiking",
        "symbol": "blue squares",
        "type": "route",
        "@geometry": "center"
      },
      "geometry": {
        "type": "Point",
        "coordinates": [
          -81.9038081,
          35.7311467
        ]
      },
      "id": "relation/9451010"
    },
    {
      "type": "Feature",
      "properties": {
        "@id": "relation/9451011",
        "name": "Fox Den Loop Trail",
        "network": "lwn",
        "route": "hiking",
        "symbol": "orange triangles",
        "type": "route",
        "@geometry": "center"
      },
      "geometry": {
        "type": "Point",
        "coordinates": [
          -81.9059468,
          35.7304399
        ]
      },
      "id": "relation/9451011"
    },
    {
      "type": "Feature",
      "properties": {
        "@id": "relation/9451072",
        "name": "Sandy Cliff Overlook Trail",
        "network": "lwn",
        "route": "hiking",
        "symbol": "white dots",
        "type": "route",
        "@geometry": "center"
      },
      "geometry": {
        "type": "Point",
        "coordinates": [
          -81.9026269,
          35.7336317
        ]
      },
      "id": "relation/9451072"
    },
    {
      "type": "Feature",
      "properties": {
        "@id": "relation/9451073",
        "name": "Lake Channel Overlook Trail",
        "network": "lwn",
        "route": "hiking",
        "symbol": "red diamonds",
        "type": "route",
        "@geometry": "center"
      },
      "geometry": {
        "type": "Point",
        "coordinates": [
          -81.9000903,
          35.7325021
        ]
      },
      "id": "relation/9451073"
    },
    {
      "type": "Feature",
      "properties": {
        "@id": "relation/9451370",
        "name": "Paddy's Creek Trail",
        "network": "lwn",
        "route": "hiking",
        "symbol": "orange triangles",
        "type": "route",
        "@geometry": "center"
      },
      "geometry": {
        "type": "Point",
        "coordinates": [
          -81.8849847,
          35.7528178
        ]
      },
      "id": "relation/9451370"
    },
    {
      "type": "Feature",
      "properties": {
        "@id": "relation/9459631",
        "name": "Little Table Rock Mountain Trail",
        "network": "lwn",
        "operator": "North Carolina Wildlife Resources Commission",
        "route": "hiking",
        "symbol": "blue dot",
        "type": "route",
        "@geometry": "center"
      },
      "geometry": {
        "type": "Point",
        "coordinates": [
          -81.9784841,
          35.9077316
        ]
      },
      "id": "relation/9459631"
    },
    {
      "type": "Feature",
      "properties": {
        "@id": "relation/9490752",
        "description": "Alternate route in case the Linville River is too high to ford.",
        "name": "Mountains-to-Sea Trail Alternate",
        "network": "lwn",
        "route": "hiking",
        "type": "route",
        "@geometry": "center"
      },
      "geometry": {
        "type": "Point",
        "coordinates": [
          -81.8922017,
          35.8036934
        ]
      },
      "id": "relation/9490752"
    },
    {
      "type": "Feature",
      "properties": {
        "@id": "relation/9490753",
        "alt_name": "Linville River Connector Trail",
        "name": "Mountains-to-Sea Connector Trail",
        "network": "lwn",
        "route": "hiking",
        "symbol": "blue dots",
        "type": "route",
        "@geometry": "center"
      },
      "geometry": {
        "type": "Point",
        "coordinates": [
          -81.8798824,
          35.8031074
        ]
      },
      "id": "relation/9490753"
    },
    {
      "type": "Feature",
      "properties": {
        "@id": "relation/9491105",
        "alt_name": "Fonta Flora State Trail",
        "description": "The Fonta Flora State Trail is a developing long distance hiking trail, which plans to connect Asheville and Morganton to Lake James. The trail is an official unit of the NC State Park System.",
        "name": "Fonta Flora Trail",
        "network": "rwn",
        "operator": "North Carolina Division of Parks & Recreation",
        "ref": "FFT",
        "route": "hiking",
        "type": "route",
        "website": "https://trails.nc.gov/state-trails/fonta-flora-state-trail",
        "@geometry": "center"
      },
      "geometry": {
        "type": "Point",
        "coordinates": [
          -82.0134471,
          35.7022734
        ]
      },
      "id": "relation/9491105"
    },
    {
      "type": "Feature",
      "properties": {
        "@id": "relation/9692868",
        "name": "Lover's Leap Trail",
        "osmc:symbol": "orange",
        "route": "hiking",
        "type": "route",
        "@geometry": "center"
      },
      "geometry": {
        "type": "Point",
        "coordinates": [
          -82.8171543,
          35.8914093
        ]
      },
      "id": "relation/9692868"
    },
    {
      "type": "Feature",
      "properties": {
        "@id": "relation/9756335",
        "name": "Backcountry Trail",
        "network": "lwn",
        "operator": "North Carolina Division of Parks and Recreation",
        "route": "hiking",
        "symbol": "orange diamond",
        "type": "route",
        "@geometry": "center"
      },
      "geometry": {
        "type": "Point",
        "coordinates": [
          -81.679549,
          36.3390039
        ]
      },
      "id": "relation/9756335"
    },
    {
      "type": "Feature",
      "properties": {
        "@id": "relation/9756336",
        "name": "Beech Tree Trail",
        "network": "lwn",
        "operator": "North Carolina Division of Parks and Recreation",
        "route": "hiking",
        "symbol": "yellow diamond",
        "type": "route",
        "@geometry": "center"
      },
      "geometry": {
        "type": "Point",
        "coordinates": [
          -81.6904588,
          36.3346216
        ]
      },
      "id": "relation/9756336"
    },
    {
      "type": "Feature",
      "properties": {
        "@id": "relation/9756337",
        "name": "Maple Run Trail",
        "network": "lwn",
        "operator": "North Carolina Division of Parks and Recreation",
        "route": "hiking",
        "symbol": "red diamond",
        "type": "route",
        "@geometry": "center"
      },
      "geometry": {
        "type": "Point",
        "coordinates": [
          -81.6911562,
          36.3325672
        ]
      },
      "id": "relation/9756337"
    },
    {
      "type": "Feature",
      "properties": {
        "@id": "relation/9756338",
        "name": "Summit Trail",
        "network": "lwn",
        "operator": "North Carolina Division of Parks and Recreation",
        "route": "hiking",
        "symbol": "blue diamond",
        "type": "route",
        "@geometry": "center"
      },
      "geometry": {
        "type": "Point",
        "coordinates": [
          -81.6827748,
          36.3288786
        ]
      },
      "id": "relation/9756338"
    },
    {
      "type": "Feature",
      "properties": {
        "@id": "relation/9794933",
        "alt_name": "Palmetto Trail",
        "name": "Roundtop Passage of the Palmetto Trail",
        "route": "hiking",
        "type": "route",
        "@geometry": "center"
      },
      "geometry": {
        "type": "Point",
        "coordinates": [
          -82.7741717,
          35.0414928
        ]
      },
      "id": "relation/9794933"
    },
    {
      "type": "Feature",
      "properties": {
        "@id": "relation/9838074",
        "name": "Carolina Hemlock Trail",
        "operator": "Palmetto Conservation Foundation",
        "route": "hiking",
        "type": "route",
        "@geometry": "center"
      },
      "geometry": {
        "type": "Point",
        "coordinates": [
          -82.7839146,
          35.0428149
        ]
      },
      "id": "relation/9838074"
    },
    {
      "type": "Feature",
      "properties": {
        "@id": "relation/9873960",
        "colour": "blue",
        "name": "Perimeter Trail",
        "network": "lwn",
        "route": "hiking",
        "type": "route",
        "@geometry": "center"
      },
      "geometry": {
        "type": "Point",
        "coordinates": [
          -85.9392143,
          35.2096019
        ]
      },
      "id": "relation/9873960"
    },
    {
      "type": "Feature",
      "properties": {
        "@id": "relation/9883514",
        "name": "Caldwell Rim Trail",
        "network": "lwn",
        "route": "hiking",
        "type": "route",
        "@geometry": "center"
      },
      "geometry": {
        "type": "Point",
        "coordinates": [
          -85.9225703,
          35.1832668
        ]
      },
      "id": "relation/9883514"
    },
    {
      "type": "Feature",
      "properties": {
        "@id": "relation/9883602",
        "name": "Piney Point",
        "network": "lwn",
        "route": "hiking",
        "type": "route",
        "@geometry": "center"
      },
      "geometry": {
        "type": "Point",
        "coordinates": [
          -85.8990262,
          35.2139555
        ]
      },
      "id": "relation/9883602"
    },
    {
      "type": "Feature",
      "properties": {
        "@id": "relation/9955138",
        "description": "A hiking trail which follows the approximate route of 18th-century naturalist William Bartram’s southern journey from March 1773 to January 1777.",
        "name": "Bartram Trail",
        "network": "rwn",
        "operator": "United States Forest Service",
        "osmc:symbol": "yellow::yellow_stripe",
        "ref": "TR 67",
        "route": "hiking",
        "short_name": "BT",
        "symbol": "yellow rectangle",
        "type": "route",
        "wikidata": "Q4865791",
        "wikipedia": "en:Bartram Trail",
        "@geometry": "center"
      },
      "geometry": {
        "type": "Point",
        "coordinates": [
          -83.4280868,
          35.0949805
        ]
      },
      "id": "relation/9955138"
    },
    {
      "type": "Feature",
      "properties": {
        "@id": "relation/10049103",
        "name": "Indian Camp Trail",
        "network": "lwn",
        "operator": "North Carolina Division of Parks & Recreation",
        "route": "hiking",
        "symbol": "green squares",
        "type": "route",
        "@geometry": "center"
      },
      "geometry": {
        "type": "Point",
        "coordinates": [
          -82.912259,
          35.081974
        ]
      },
      "id": "relation/10049103"
    },
    {
      "type": "Feature",
      "properties": {
        "@id": "relation/10049104",
        "name": "Lime Kiln Trail",
        "network": "lwn",
        "operator": "North Carolina Division of Parks & Recreation",
        "route": "hiking",
        "symbol": "white squares",
        "type": "route",
        "@geometry": "center"
      },
      "geometry": {
        "type": "Point",
        "coordinates": [
          -82.9064007,
          35.0788111
        ]
      },
      "id": "relation/10049104"
    },
    {
      "type": "Feature",
      "properties": {
        "@id": "relation/10049105",
        "name": "Wintergreen Trail",
        "network": "lwn",
        "operator": "North Carolina Division of Parks & Recreation",
        "route": "hiking",
        "symbol": "blue squares",
        "type": "route",
        "@geometry": "center"
      },
      "geometry": {
        "type": "Point",
        "coordinates": [
          -82.9105775,
          35.0877186
        ]
      },
      "id": "relation/10049105"
    },
    {
      "type": "Feature",
      "properties": {
        "@id": "relation/10049106",
        "name": "Heath Pine Ridge Trail",
        "network": "lwn",
        "operator": "North Carolina Division of Parks & Recreation",
        "route": "hiking",
        "symbol": "red squares",
        "type": "route",
        "@geometry": "center"
      },
      "geometry": {
        "type": "Point",
        "coordinates": [
          -82.8907145,
          35.1007728
        ]
      },
      "id": "relation/10049106"
    },
    {
      "type": "Feature",
      "properties": {
        "@id": "relation/10049107",
        "name": "Canebrake Trail",
        "network": "lwn",
        "operator": "North Carolina Division of Parks & Recreation",
        "route": "hiking",
        "symbol": "yellow squares",
        "type": "route",
        "@geometry": "center"
      },
      "geometry": {
        "type": "Point",
        "coordinates": [
          -82.8861326,
          35.0899523
        ]
      },
      "id": "relation/10049107"
    },
    {
      "type": "Feature",
      "properties": {
        "@id": "relation/10049110",
        "name": "Auger Hole Trail",
        "network": "lwn",
        "operator": "North Carolina Division of Parks & Recreation",
        "route": "hiking",
        "symbol": "orange squares",
        "type": "route",
        "@geometry": "center"
      },
      "geometry": {
        "type": "Point",
        "coordinates": [
          -82.9019771,
          35.0834294
        ]
      },
      "id": "relation/10049110"
    },
    {
      "type": "Feature",
      "properties": {
        "@id": "relation/10049111",
        "name": "Bearwallow Falls Trail",
        "network": "lwn",
        "operator": "North Carolina Division of Parks & Recreation",
        "osmc:symbol": "blue",
        "route": "hiking",
        "symbol": "blue triangles",
        "type": "route",
        "@geometry": "center"
      },
      "geometry": {
        "type": "Point",
        "coordinates": [
          -82.944175,
          35.101197
        ]
      },
      "id": "relation/10049111"
    },
    {
      "type": "Feature",
      "properties": {
        "@id": "relation/10049112",
        "name": "Picnic Connector Trail",
        "network": "lwn",
        "operator": "North Carolina Division of Parks & Recreation",
        "route": "hiking",
        "symbol": "blue triangles",
        "type": "route",
        "@geometry": "center"
      },
      "geometry": {
        "type": "Point",
        "coordinates": [
          -82.9469859,
          35.1015906
        ]
      },
      "id": "relation/10049112"
    },
    {
      "type": "Feature",
      "properties": {
        "@id": "relation/10049113",
        "name": "Bearwallow Valley Trail",
        "network": "lwn",
        "operator": "North Carolina Division of Parks & Recreation",
        "route": "hiking",
        "symbol": "red triangles",
        "type": "route",
        "@geometry": "center"
      },
      "geometry": {
        "type": "Point",
        "coordinates": [
          -82.9481183,
          35.098716
        ]
      },
      "id": "relation/10049113"
    },
    {
      "type": "Feature",
      "properties": {
        "@id": "relation/10049114",
        "name": "Raymond Fisher Trail",
        "network": "lwn",
        "operator": "North Carolina Division of Parks & Recreation",
        "route": "hiking",
        "symbol": "blue circles",
        "type": "route",
        "@geometry": "center"
      },
      "geometry": {
        "type": "Point",
        "coordinates": [
          -82.9506094,
          35.0862906
        ]
      },
      "id": "relation/10049114"
    },
    {
      "type": "Feature",
      "properties": {
        "@id": "relation/10049115",
        "name": "Rainbow Falls Trail",
        "network": "lwn",
        "operator": "North Carolina Division of Parks & Recreation",
        "osmc:symbol": "orange",
        "route": "hiking",
        "symbol": "orange circles",
        "type": "route",
        "@geometry": "center"
      },
      "geometry": {
        "type": "Point",
        "coordinates": [
          -82.9600887,
          35.0896876
        ]
      },
      "id": "relation/10049115"
    },
    {
      "type": "Feature",
      "properties": {
        "@id": "relation/10251463",
        "name": "Beech Bottom Falls Trail",
        "route": "hiking",
        "type": "route",
        "@geometry": "center"
      },
      "geometry": {
        "type": "Point",
        "coordinates": [
          -82.8040061,
          35.0634684
        ]
      },
      "id": "relation/10251463"
    },
    {
      "type": "Feature",
      "properties": {
        "@id": "relation/10580356",
        "colour": "orange",
        "name": "Cat Gap Loop Trail",
        "osmc:symbol": "orange",
        "route": "hiking",
        "type": "route",
        "@geometry": "center"
      },
      "geometry": {
        "type": "Point",
        "coordinates": [
          -82.7902859,
          35.27457
        ]
      },
      "id": "relation/10580356"
    },
    {
      "type": "Feature",
      "properties": {
        "@id": "relation/10580358",
        "colour": "yellow",
        "name": "John Rock Trail",
        "osmc:symbol": "yellow",
        "route": "hiking",
        "type": "route",
        "@geometry": "center"
      },
      "geometry": {
        "type": "Point",
        "coordinates": [
          -82.7866695,
          35.274485
        ]
      },
      "id": "relation/10580358"
    },
    {
      "type": "Feature",
      "properties": {
        "@id": "relation/10601224",
        "name": "Cowpens Battlefield Trail",
        "network": "lwn",
        "operator": "National Park Service",
        "route": "hiking",
        "type": "route",
        "@geometry": "center"
      },
      "geometry": {
        "type": "Point",
        "coordinates": [
          -81.814026,
          35.1347868
        ]
      },
      "id": "relation/10601224"
    },
    {
      "type": "Feature",
      "properties": {
        "@id": "relation/10603703",
        "name": "Lake Whelchel Trail",
        "network": "lwn",
        "route": "hiking",
        "type": "route",
        "@geometry": "center"
      },
      "geometry": {
        "type": "Point",
        "coordinates": [
          -81.6334087,
          35.1107795
        ]
      },
      "id": "relation/10603703"
    },
    {
      "type": "Feature",
      "properties": {
        "@id": "relation/10877058",
        "access": "no",
        "damage:event": "2024HurricaneHelene",
        "name": "Wildcat Rock Trail",
        "osmc:symbol": "blue",
        "route": "hiking",
        "type": "route",
        "@geometry": "center"
      },
      "geometry": {
        "type": "Point",
        "coordinates": [
          -82.3461572,
          35.4656873
        ]
      },
      "id": "relation/10877058"
    },
    {
      "type": "Feature",
      "properties": {
        "@id": "relation/10997548",
        "name": "Rufus Morgan Trail",
        "network": "lwn",
        "operator": "United States Forest Service",
        "route": "hiking",
        "type": "route",
        "@geometry": "center"
      },
      "geometry": {
        "type": "Point",
        "coordinates": [
          -83.547381,
          35.144923
        ]
      },
      "id": "relation/10997548"
    },
    {
      "type": "Feature",
      "properties": {
        "@id": "relation/11065911",
        "access": "yes",
        "foot": "yes",
        "name": "Palmetto Trail: Poinsett Reservoir Passage",
        "network": "rwn",
        "route": "hiking",
        "type": "route",
        "website": "https://palmettoconservation.org/passage/poinsett-reservoir-passage/",
        "@geometry": "center"
      },
      "geometry": {
        "type": "Point",
        "coordinates": [
          -82.3219732,
          35.1881584
        ]
      },
      "id": "relation/11065911"
    },
    {
      "type": "Feature",
      "properties": {
        "@id": "relation/11148003",
        "name": "Table Rock Summit Trail",
        "ref": "TR242",
        "route": "hiking",
        "type": "route",
        "@geometry": "center"
      },
      "geometry": {
        "type": "Point",
        "coordinates": [
          -81.8846014,
          35.8889302
        ]
      },
      "id": "relation/11148003"
    },
    {
      "type": "Feature",
      "properties": {
        "@id": "relation/11148004",
        "name": "Table Rock Gap Trail",
        "ref": "TR243",
        "route": "hiking",
        "type": "route",
        "@geometry": "center"
      },
      "geometry": {
        "type": "Point",
        "coordinates": [
          -81.8820301,
          35.8969583
        ]
      },
      "id": "relation/11148004"
    },
    {
      "type": "Feature",
      "properties": {
        "@id": "relation/11576389",
        "name": "Lookout Rock Trail",
        "network": "lwn",
        "operator": "US Forest Service",
        "route": "hiking",
        "type": "route",
        "@geometry": "center"
      },
      "geometry": {
        "type": "Point",
        "coordinates": [
          -83.8319745,
          35.4263681
        ]
      },
      "id": "relation/11576389"
    },
    {
      "type": "Feature",
      "properties": {
        "@id": "relation/11612122",
        "description": "The Mountains-to-Sea Trail is a developing long distance hiking trail, which connects the Great Smokys to the Outer Banks. The trail is an official unit of the NC State Park System, and it is supported by the Friends of the Mountains-to-Sea Trail.",
        "name": "Mountains-to-Sea Trail: Segment 5",
        "network": "rwn",
        "operator": "North Carolina Division of Parks & Recreation",
        "osmc:symbol": "white::white_circle",
        "ref": "MST",
        "route": "hiking",
        "symbol": "white circle",
        "type": "route",
        "website": "https://mountainstoseatrail.org",
        "wikidata": "Q6925667",
        "wikipedia": "en:Mountains-to-Sea Trail",
        "@geometry": "center"
      },
      "geometry": {
        "type": "Point",
        "coordinates": [
          -81.4665619,
          36.2598085
        ]
      },
      "id": "relation/11612122"
    },
    {
      "type": "Feature",
      "properties": {
        "@id": "relation/11612155",
        "description": "The Mountains-to-Sea Trail is a developing long distance hiking trail, which connects the Great Smokys to the Outer Banks. The trail is an official unit of the NC State Park System, and it is supported by the Friends of the Mountains-to-Sea Trail.",
        "name": "Mountains-to-Sea Trail: Segment 4",
        "network": "rwn",
        "operator": "North Carolina Division of Parks & Recreation",
        "osmc:symbol": "white::white_circle",
        "ref": "MST",
        "route": "hiking",
        "symbol": "white circle",
        "type": "route",
        "website": "https://mountainstoseatrail.org",
        "wikidata": "Q6925667",
        "wikipedia": "en:Mountains-to-Sea Trail",
        "@geometry": "center"
      },
      "geometry": {
        "type": "Point",
        "coordinates": [
          -81.9989409,
          35.9118538
        ]
      },
      "id": "relation/11612155"
    },
    {
      "type": "Feature",
      "properties": {
        "@id": "relation/11612180",
        "description": "The Mountains-to-Sea Trail is a developing long distance hiking trail, which connects the Great Smokys to the Outer Banks. The trail is an official unit of the NC State Park System, and it is supported by the Friends of the Mountains-to-Sea Trail.",
        "name": "Mountains-to-Sea Trail: Segment 3",
        "network": "rwn",
        "operator": "North Carolina Division of Parks & Recreation",
        "osmc:symbol": "white::white_circle",
        "ref": "MST",
        "route": "hiking",
        "symbol": "white circle",
        "type": "route",
        "website": "https://mountainstoseatrail.org",
        "wikidata": "Q6925667",
        "wikipedia": "en:Mountains-to-Sea Trail",
        "@geometry": "center"
      },
      "geometry": {
        "type": "Point",
        "coordinates": [
          -82.4871675,
          35.5843015
        ]
      },
      "id": "relation/11612180"
    },
    {
      "type": "Feature",
      "properties": {
        "@id": "relation/11612223",
        "description": "The Mountains-to-Sea Trail is a developing long distance hiking trail, which connects the Great Smokys to the Outer Banks. The trail is an official unit of the NC State Park System, and it is supported by the Friends of the Mountains-to-Sea Trail.",
        "name": "Mountains-to-Sea Trail: Segment 2",
        "network": "rwn",
        "operator": "North Carolina Division of Parks & Recreation",
        "osmc:symbol": "white::white_circle",
        "ref": "MST",
        "route": "hiking",
        "symbol": "white circle",
        "type": "route",
        "website": "https://mountainstoseatrail.org",
        "wikidata": "Q6925667",
        "wikipedia": "en:Mountains-to-Sea Trail",
        "@geometry": "center"
      },
      "geometry": {
        "type": "Point",
        "coordinates": [
          -82.9471443,
          35.3817521
        ]
      },
      "id": "relation/11612223"
    },
    {
      "type": "Feature",
      "properties": {
        "@id": "relation/11612231",
        "description": "The Mountains-to-Sea Trail is a developing long distance hiking trail, which connects the Great Smokys to the Outer Banks. The trail is an official unit of the NC State Park System, and it is supported by the Friends of the Mountains-to-Sea Trail.",
        "name": "Mountains-to-Sea Trail: Segment 1",
        "network": "rwn",
        "operator": "North Carolina Division of Parks & Recreation",
        "osmc:symbol": "white::white_circle",
        "ref": "MST",
        "route": "hiking",
        "symbol": "white circle",
        "type": "route",
        "website": "https://mountainstoseatrail.org",
        "wikidata": "Q6925667",
        "wikipedia": "en:Mountains-to-Sea Trail",
        "@geometry": "center"
      },
      "geometry": {
        "type": "Point",
        "coordinates": [
          -83.3187111,
          35.5256348
        ]
      },
      "id": "relation/11612231"
    },
    {
      "type": "Feature",
      "properties": {
        "@id": "relation/11654284",
        "name": "Ridge Trail",
        "osmc:symbol": "orange",
        "route": "hiking",
        "type": "route",
        "@geometry": "center"
      },
      "geometry": {
        "type": "Point",
        "coordinates": [
          -82.7298216,
          35.0391059
        ]
      },
      "id": "relation/11654284"
    },
    {
      "type": "Feature",
      "properties": {
        "@id": "relation/12126733",
        "name": "Chattooga River Trail",
        "osmc:symbol": "green",
        "route": "hiking",
        "type": "route",
        "@geometry": "center"
      },
      "geometry": {
        "type": "Point",
        "coordinates": [
          -83.1318444,
          34.9567391
        ]
      },
      "id": "relation/12126733"
    },
    {
      "type": "Feature",
      "properties": {
        "@id": "relation/12233145",
        "colour": "red",
        "name": "Trombatore Trail",
        "osmc:symbol": "red",
        "route": "hiking",
        "type": "route",
        "@geometry": "center"
      },
      "geometry": {
        "type": "Point",
        "coordinates": [
          -82.3710253,
          35.4683789
        ]
      },
      "id": "relation/12233145"
    },
    {
      "type": "Feature",
      "properties": {
        "@id": "relation/12233158",
        "name": "French Broad River Greenway West",
        "route": "hiking",
        "type": "route",
        "@geometry": "center"
      },
      "geometry": {
        "type": "Point",
        "coordinates": [
          -82.5788996,
          35.5721585
        ]
      },
      "id": "relation/12233158"
    },
    {
      "type": "Feature",
      "properties": {
        "@id": "relation/12233177",
        "name": "Pink Beds Loop",
        "osmc:symbol": "orange",
        "route": "hiking",
        "type": "route",
        "@geometry": "center"
      },
      "geometry": {
        "type": "Point",
        "coordinates": [
          -82.7641413,
          35.3592708
        ]
      },
      "id": "relation/12233177"
    },
    {
      "type": "Feature",
      "properties": {
        "@id": "relation/12256242",
        "name": "Sheltowee Trace NRT Section 36",
        "network": "rwn",
        "operator": "USFS",
        "ref": "100",
        "route": "hiking",
        "type": "route",
        "@geometry": "center"
      },
      "geometry": {
        "type": "Point",
        "coordinates": [
          -84.6275464,
          36.6534487
        ]
      },
      "id": "relation/12256242"
    },
    {
      "type": "Feature",
      "properties": {
        "@id": "relation/12256243",
        "name": "Sheltowee Trace NRT Section 37",
        "network": "rwn",
        "operator": "USFS",
        "ref": "100",
        "route": "hiking",
        "type": "route",
        "@geometry": "center"
      },
      "geometry": {
        "type": "Point",
        "coordinates": [
          -84.7005422,
          36.6337969
        ]
      },
      "id": "relation/12256243"
    },
    {
      "type": "Feature",
      "properties": {
        "@id": "relation/12256244",
        "name": "Sheltowee Trace NRT Section 38",
        "network": "rwn",
        "operator": "USFS",
        "ref": "100",
        "route": "hiking",
        "type": "route",
        "@geometry": "center"
      },
      "geometry": {
        "type": "Point",
        "coordinates": [
          -84.7256034,
          36.6230409
        ]
      },
      "id": "relation/12256244"
    },
    {
      "type": "Feature",
      "properties": {
        "@id": "relation/12336666",
        "name": "Round Mountain Gap Trail",
        "osmc:symbol": "blue::blue_stripe",
        "route": "hiking",
        "type": "route",
        "@geometry": "center"
      },
      "geometry": {
        "type": "Point",
        "coordinates": [
          -83.0268558,
          35.0312391
        ]
      },
      "id": "relation/12336666"
    },
    {
      "type": "Feature",
      "properties": {
        "@id": "relation/12369387",
        "name": "Fork Mountain Trail",
        "osmc:symbol": "rust",
        "route": "hiking",
        "type": "route",
        "@geometry": "center"
      },
      "geometry": {
        "type": "Point",
        "coordinates": [
          -83.0815674,
          35.0046628
        ]
      },
      "id": "relation/12369387"
    },
    {
      "type": "Feature",
      "properties": {
        "@id": "relation/12412958",
        "access": "no",
        "name": "Florence Nature Preserve Access Trail",
        "osmc:symbol": "yellow",
        "route": "hiking",
        "type": "route",
        "@geometry": "center"
      },
      "geometry": {
        "type": "Point",
        "coordinates": [
          -82.3343498,
          35.4770328
        ]
      },
      "id": "relation/12412958"
    },
    {
      "type": "Feature",
      "properties": {
        "@id": "relation/12412964",
        "access": "no",
        "name": "Blue Trail",
        "osmc:symbol": "blue",
        "route": "hiking",
        "type": "route",
        "@geometry": "center"
      },
      "geometry": {
        "type": "Point",
        "coordinates": [
          -82.3361564,
          35.4856103
        ]
      },
      "id": "relation/12412964"
    },
    {
      "type": "Feature",
      "properties": {
        "@id": "relation/12412965",
        "access": "no",
        "name": "Red Trail",
        "route": "hiking",
        "type": "route",
        "@geometry": "center"
      },
      "geometry": {
        "type": "Point",
        "coordinates": [
          -82.339128,
          35.4852078
        ]
      },
      "id": "relation/12412965"
    },
    {
      "type": "Feature",
      "properties": {
        "@id": "relation/12416467",
        "name": "Yellow Trail",
        "osmc:symbol": "yellow",
        "route": "hiking",
        "type": "route",
        "@geometry": "center"
      },
      "geometry": {
        "type": "Point",
        "coordinates": [
          -82.3343534,
          35.4864005
        ]
      },
      "id": "relation/12416467"
    },
    {
      "type": "Feature",
      "properties": {
        "@id": "relation/12416468",
        "access": "no",
        "name": "White Trail",
        "osmc:symbol": "white",
        "route": "hiking",
        "type": "route",
        "@geometry": "center"
      },
      "geometry": {
        "type": "Point",
        "coordinates": [
          -82.33438,
          35.4885089
        ]
      },
      "id": "relation/12416468"
    },
    {
      "type": "Feature",
      "properties": {
        "@id": "relation/12736517",
        "name": "Camp Alice Trail",
        "network": "lwn",
        "operator": "North Carolina Division of Parks & Recreation",
        "route": "hiking",
        "symbol": "blue square",
        "type": "route",
        "@geometry": "center"
      },
      "geometry": {
        "type": "Point",
        "coordinates": [
          -82.2677434,
          35.7601295
        ]
      },
      "id": "relation/12736517"
    },
    {
      "type": "Feature",
      "properties": {
        "@id": "relation/12736518",
        "name": "Commissary Trail",
        "network": "lwn",
        "operator": "North Carolina Division of Parks & Recreation",
        "route": "hiking",
        "symbol": "orange diamond",
        "type": "route",
        "@geometry": "center"
      },
      "geometry": {
        "type": "Point",
        "coordinates": [
          -82.2665616,
          35.7516447
        ]
      },
      "id": "relation/12736518"
    },
    {
      "type": "Feature",
      "properties": {
        "@id": "relation/12765125",
        "name": "Glenn Falls Trail",
        "osmc:symbol": "green",
        "route": "hiking",
        "symbol": "green vertical bar",
        "type": "route",
        "@geometry": "center"
      },
      "geometry": {
        "type": "Point",
        "coordinates": [
          -83.2375895,
          35.0295538
        ]
      },
      "id": "relation/12765125"
    },
    {
      "type": "Feature",
      "properties": {
        "@id": "relation/13090716",
        "name": "Carolina Climbers Coalition Trail",
        "route": "hiking",
        "type": "route",
        "@geometry": "center"
      },
      "geometry": {
        "type": "Point",
        "coordinates": [
          -82.697208,
          35.0413145
        ]
      },
      "id": "relation/13090716"
    },
    {
      "type": "Feature",
      "properties": {
        "@id": "relation/13302576",
        "name": "Old Fontana Forest Road",
        "network": "lwn",
        "operator": "Fontana Resort",
        "route": "hiking",
        "type": "route",
        "@geometry": "center"
      },
      "geometry": {
        "type": "Point",
        "coordinates": [
          -83.8035092,
          35.4332853
        ]
      },
      "id": "relation/13302576"
    },
    {
      "type": "Feature",
      "properties": {
        "@id": "relation/13302577",
        "name": "Gold Branch Trail",
        "network": "lwn",
        "operator": "Fontana Resort",
        "route": "hiking",
        "symbol": "yellow arrows",
        "type": "route",
        "@geometry": "center"
      },
      "geometry": {
        "type": "Point",
        "coordinates": [
          -83.8006541,
          35.4348223
        ]
      },
      "id": "relation/13302577"
    },
    {
      "type": "Feature",
      "properties": {
        "@id": "relation/13302578",
        "name": "Lewellyn Cove Trail",
        "network": "lwn",
        "operator": "Fontana Resort",
        "route": "hiking",
        "symbol": "brown arrows",
        "type": "route",
        "@geometry": "center"
      },
      "geometry": {
        "type": "Point",
        "coordinates": [
          -83.8099524,
          35.4367315
        ]
      },
      "id": "relation/13302578"
    },
    {
      "type": "Feature",
      "properties": {
        "@id": "relation/13302579",
        "name": "Hoor Hollow Trail",
        "network": "lwn",
        "operator": "Fontana Resort",
        "route": "hiking",
        "symbol": "white arrows",
        "type": "route",
        "@geometry": "center"
      },
      "geometry": {
        "type": "Point",
        "coordinates": [
          -83.8202648,
          35.4363603
        ]
      },
      "id": "relation/13302579"
    },
    {
      "type": "Feature",
      "properties": {
        "@id": "relation/13302580",
        "name": "Piney Ridge Trail",
        "network": "lwn",
        "operator": "Fontana Resort",
        "route": "hiking",
        "symbol": "black arrows",
        "type": "route",
        "@geometry": "center"
      },
      "geometry": {
        "type": "Point",
        "coordinates": [
          -83.8311676,
          35.4321038
        ]
      },
      "id": "relation/13302580"
    },
    {
      "type": "Feature",
      "properties": {
        "@id": "relation/13302581",
        "name": "Turkey Chute Trail",
        "network": "lwn",
        "operator": "Fontana Resort",
        "route": "hiking",
        "symbol": "blue arrows",
        "type": "route",
        "@geometry": "center"
      },
      "geometry": {
        "type": "Point",
        "coordinates": [
          -83.8289682,
          35.4337206
        ]
      },
      "id": "relation/13302581"
    },
    {
      "type": "Feature",
      "properties": {
        "@id": "relation/13302582",
        "name": "Squatter Trail",
        "network": "lwn",
        "operator": "Fontana Resort",
        "route": "hiking",
        "symbol": "yellow arrows",
        "type": "route",
        "@geometry": "center"
      },
      "geometry": {
        "type": "Point",
        "coordinates": [
          -83.8260326,
          35.4308515
        ]
      },
      "id": "relation/13302582"
    },
    {
      "type": "Feature",
      "properties": {
        "@id": "relation/13302583",
        "name": "Elmer Hollow Trail",
        "network": "lwn",
        "operator": "Fontana Resort",
        "route": "hiking",
        "symbol": "red arrows",
        "type": "route",
        "@geometry": "center"
      },
      "geometry": {
        "type": "Point",
        "coordinates": [
          -83.8260326,
          35.4300104
        ]
      },
      "id": "relation/13302583"
    },
    {
      "type": "Feature",
      "properties": {
        "@id": "relation/13302584",
        "name": "Stairway to Heaven Trail",
        "network": "lwn",
        "operator": "Fontana Resort",
        "route": "hiking",
        "symbol": "white arrows",
        "type": "route",
        "@geometry": "center"
      },
      "geometry": {
        "type": "Point",
        "coordinates": [
          -83.8307688,
          35.4262163
        ]
      },
      "id": "relation/13302584"
    },
    {
      "type": "Feature",
      "properties": {
        "@id": "relation/13302585",
        "name": "Whiting Rail Trail",
        "network": "lwn",
        "operator": "Fontana Resort",
        "route": "hiking",
        "symbol": "purple arrows",
        "type": "route",
        "@geometry": "center"
      },
      "geometry": {
        "type": "Point",
        "coordinates": [
          -83.8251111,
          35.4313859
        ]
      },
      "id": "relation/13302585"
    },
    {
      "type": "Feature",
      "properties": {
        "@id": "relation/13360116",
        "name": "Silver Steps Trail",
        "osmc:symbol": "white",
        "route": "hiking",
        "type": "route",
        "@geometry": "center"
      },
      "geometry": {
        "type": "Point",
        "coordinates": [
          -82.6425878,
          35.1197468
        ]
      },
      "id": "relation/13360116"
    },
    {
      "type": "Feature",
      "properties": {
        "@id": "relation/13360120",
        "colour": "blue",
        "name": "Tom Miller Trail",
        "osmc:symbol": "blue",
        "route": "hiking",
        "type": "route",
        "@geometry": "center"
      },
      "geometry": {
        "type": "Point",
        "coordinates": [
          -82.6409991,
          35.116528
        ]
      },
      "id": "relation/13360120"
    },
    {
      "type": "Feature",
      "properties": {
        "@id": "relation/13675350",
        "name": "Hooker Falls Trail",
        "route": "hiking",
        "type": "route",
        "@geometry": "center"
      },
      "geometry": {
        "type": "Point",
        "coordinates": [
          -82.6219585,
          35.2031211
        ]
      },
      "id": "relation/13675350"
    },
    {
      "type": "Feature",
      "properties": {
        "@id": "relation/13815969",
        "name": "Mac's Gap Trail",
        "ref": "FS 482",
        "route": "hiking",
        "type": "route",
        "@geometry": "center"
      },
      "geometry": {
        "type": "Point",
        "coordinates": [
          -83.0036363,
          35.1543288
        ]
      },
      "id": "relation/13815969"
    },
    {
      "type": "Feature",
      "properties": {
        "@id": "relation/13899716",
        "name": "Old Mitchell Toll Road",
        "network": "lwn",
        "operator": "Montreat Conference Center",
        "ref": "20",
        "route": "hiking",
        "symbol": "none",
        "type": "route",
        "@geometry": "center"
      },
      "geometry": {
        "type": "Point",
        "coordinates": [
          -82.2822953,
          35.6735267
        ]
      },
      "id": "relation/13899716"
    },
    {
      "type": "Feature",
      "properties": {
        "@id": "relation/13899717",
        "name": "Stomping Knob Trail",
        "network": "lwn",
        "operator": "Montreat Conference Center",
        "ref": "10",
        "route": "hiking",
        "symbol": "yellow triangle",
        "type": "route",
        "@geometry": "center"
      },
      "geometry": {
        "type": "Point",
        "coordinates": [
          -82.3146779,
          35.6492069
        ]
      },
      "id": "relation/13899717"
    },
    {
      "type": "Feature",
      "properties": {
        "@id": "relation/13899718",
        "name": "Lower Piney Trail",
        "network": "lwn",
        "operator": "Montreat Conference Center",
        "ref": "21",
        "route": "hiking",
        "symbol": "blue triangle",
        "type": "route",
        "@geometry": "center"
      },
      "geometry": {
        "type": "Point",
        "coordinates": [
          -82.3045053,
          35.6508572
        ]
      },
      "id": "relation/13899718"
    },
    {
      "type": "Feature",
      "properties": {
        "@id": "relation/13899719",
        "name": "Big Piney Ridge Trail",
        "network": "lwn",
        "operator": "Montreat Conference Center",
        "ref": "11",
        "route": "hiking",
        "symbol": "orange triangle",
        "type": "route",
        "@geometry": "center"
      },
      "geometry": {
        "type": "Point",
        "coordinates": [
          -82.3078751,
          35.653895
        ]
      },
      "id": "relation/13899719"
    },
    {
      "type": "Feature",
      "properties": {
        "@id": "relation/13899720",
        "name": "The Gate Trail",
        "network": "lwn",
        "operator": "Montreat Conference Center",
        "ref": "1",
        "route": "hiking",
        "symbol": "blue triangle",
        "type": "route",
        "@geometry": "center"
      },
      "geometry": {
        "type": "Point",
        "coordinates": [
          -82.3099189,
          35.6401004
        ]
      },
      "id": "relation/13899720"
    },
    {
      "type": "Feature",
      "properties": {
        "@id": "relation/13899721",
        "name": "Walker's Knob Trail",
        "network": "lwn",
        "operator": "Montreat Conference Center",
        "ref": "14",
        "route": "hiking",
        "symbol": "orange triangle",
        "type": "route",
        "@geometry": "center"
      },
      "geometry": {
        "type": "Point",
        "coordinates": [
          -82.2903474,
          35.6756975
        ]
      },
      "id": "relation/13899721"
    },
    {
      "type": "Feature",
      "properties": {
        "@id": "relation/13899722",
        "name": "Buck Gap Trail",
        "network": "lwn",
        "operator": "Montreat Conference Center",
        "ref": "7",
        "route": "hiking",
        "symbol": "blue triangle",
        "type": "route",
        "@geometry": "center"
      },
      "geometry": {
        "type": "Point",
        "coordinates": [
          -82.2836702,
          35.6446136
        ]
      },
      "id": "relation/13899722"
    },
    {
      "type": "Feature",
      "properties": {
        "@id": "relation/13899723",
        "name": "Rainbow Mountain Trail",
        "network": "lwn",
        "operator": "Montreat Conference Center",
        "ref": "2",
        "route": "hiking",
        "symbol": "green triangle",
        "type": "route",
        "@geometry": "center"
      },
      "geometry": {
        "type": "Point",
        "coordinates": [
          -82.3061288,
          35.6384793
        ]
      },
      "id": "relation/13899723"
    },
    {
      "type": "Feature",
      "properties": {
        "@id": "relation/13899724",
        "name": "Nature Trail",
        "network": "lwn",
        "operator": "Ridgecrest Conference Center",
        "route": "hiking",
        "type": "route",
        "@geometry": "center"
      },
      "geometry": {
        "type": "Point",
        "coordinates": [
          -82.2773616,
          35.6274369
        ]
      },
      "id": "relation/13899724"
    },
    {
      "type": "Feature",
      "properties": {
        "@id": "relation/13899725",
        "name": "Royal Gorge Trail",
        "network": "lwn",
        "operator": "Ridgecrest Conference Center",
        "route": "hiking",
        "type": "route",
        "@geometry": "center"
      },
      "geometry": {
        "type": "Point",
        "coordinates": [
          -82.2703967,
          35.6280369
        ]
      },
      "id": "relation/13899725"
    },
    {
      "type": "Feature",
      "properties": {
        "@id": "relation/13899726",
        "name": "Lake Trail",
        "network": "lwn",
        "operator": "Ridgecrest Conference Center",
        "route": "hiking",
        "type": "route",
        "@geometry": "center"
      },
      "geometry": {
        "type": "Point",
        "coordinates": [
          -82.2803242,
          35.6310713
        ]
      },
      "id": "relation/13899726"
    },
    {
      "type": "Feature",
      "properties": {
        "@id": "relation/13899727",
        "name": "Copperhead Mountain Trail",
        "network": "lwn",
        "operator": "Ridgecrest Conference Center",
        "route": "hiking",
        "type": "route",
        "@geometry": "center"
      },
      "geometry": {
        "type": "Point",
        "coordinates": [
          -82.2848102,
          35.6334858
        ]
      },
      "id": "relation/13899727"
    },
    {
      "type": "Feature",
      "properties": {
        "@id": "relation/13899728",
        "name": "Rhododendron Ridge Trail",
        "network": "lwn",
        "operator": "Ridgecrest Conference Center",
        "route": "hiking",
        "type": "route",
        "@geometry": "center"
      },
      "geometry": {
        "type": "Point",
        "coordinates": [
          -82.276193,
          35.6361842
        ]
      },
      "id": "relation/13899728"
    },
    {
      "type": "Feature",
      "properties": {
        "@id": "relation/13899729",
        "name": "Adventure Trail",
        "network": "lwn",
        "operator": "Ridgecrest Conference Center",
        "route": "hiking",
        "type": "route",
        "@geometry": "center"
      },
      "geometry": {
        "type": "Point",
        "coordinates": [
          -82.2761545,
          35.6371391
        ]
      },
      "id": "relation/13899729"
    },
    {
      "type": "Feature",
      "properties": {
        "@id": "relation/13899730",
        "name": "Rattlesnake Mountain Trail",
        "network": "lwn",
        "operator": "Ridgecrest Conference Center",
        "route": "hiking",
        "type": "route",
        "@geometry": "center"
      },
      "geometry": {
        "type": "Point",
        "coordinates": [
          -82.2868452,
          35.6318098
        ]
      },
      "id": "relation/13899730"
    },
    {
      "type": "Feature",
      "properties": {
        "@id": "relation/13899731",
        "name": "Rattlesnake Trail",
        "network": "lwn",
        "operator": "Ridgecrest Conference Center",
        "ref": "22",
        "route": "hiking",
        "type": "route",
        "@geometry": "center"
      },
      "geometry": {
        "type": "Point",
        "coordinates": [
          -82.2821512,
          35.6325388
        ]
      },
      "id": "relation/13899731"
    },
    {
      "type": "Feature",
      "properties": {
        "@id": "relation/13899732",
        "name": "Hickory Ridge Trail",
        "network": "lwn",
        "operator": "Montreat Conference Center",
        "ref": "6",
        "route": "hiking",
        "symbol": "blue triangle",
        "type": "route",
        "@geometry": "center"
      },
      "geometry": {
        "type": "Point",
        "coordinates": [
          -82.2863514,
          35.6366545
        ]
      },
      "id": "relation/13899732"
    },
    {
      "type": "Feature",
      "properties": {
        "@id": "relation/13899733",
        "name": "Lookout Trail",
        "network": "lwn",
        "operator": "Montreat Conference Center",
        "ref": "4",
        "route": "hiking",
        "symbol": "yellow triangle",
        "type": "route",
        "@geometry": "center"
      },
      "geometry": {
        "type": "Point",
        "coordinates": [
          -82.2900916,
          35.6409268
        ]
      },
      "id": "relation/13899733"
    },
    {
      "type": "Feature",
      "properties": {
        "@id": "relation/13899734",
        "name": "East Ridge Trail",
        "network": "lwn",
        "operator": "Montreat Conference Center",
        "ref": "5",
        "route": "hiking",
        "symbol": "green triangle",
        "type": "route",
        "@geometry": "center"
      },
      "geometry": {
        "type": "Point",
        "coordinates": [
          -82.2855709,
          35.6492048
        ]
      },
      "id": "relation/13899734"
    },
    {
      "type": "Feature",
      "properties": {
        "@id": "relation/13899735",
        "name": "Rainbow Road",
        "network": "lwn",
        "operator": "Montreat Conference Center",
        "ref": "3",
        "route": "hiking",
        "symbol": "orange triangle",
        "type": "route",
        "@geometry": "center"
      },
      "geometry": {
        "type": "Point",
        "coordinates": [
          -82.2974054,
          35.6408509
        ]
      },
      "id": "relation/13899735"
    },
    {
      "type": "Feature",
      "properties": {
        "@id": "relation/13899736",
        "name": "Appalachian Way",
        "network": "lwn",
        "operator": "Montreat Conference Center",
        "ref": "18",
        "route": "hiking",
        "type": "route",
        "@geometry": "center"
      },
      "geometry": {
        "type": "Point",
        "coordinates": [
          -82.2895183,
          35.6510872
        ]
      },
      "id": "relation/13899736"
    },
    {
      "type": "Feature",
      "properties": {
        "@id": "relation/13938077",
        "colour": "#ff671f",
        "name": "Gribble Gap Loop",
        "network": "lwn",
        "network:type": "Local",
        "operator": "Western Carolina University - Campus Recreation and Wellness",
        "roundtrip": "yes",
        "route": "hiking",
        "type": "route",
        "@geometry": "center"
      },
      "geometry": {
        "type": "Point",
        "coordinates": [
          -83.2098094,
          35.3051913
        ]
      },
      "id": "relation/13938077"
    },
    {
      "type": "Feature",
      "properties": {
        "@id": "relation/13938078",
        "colour": "#33a02c",
        "name": "Little Savannah Connector",
        "network": "lwn",
        "operator": "Western Carolina University - Campus Recreation and Wellness",
        "roundtrip": "no",
        "route": "hiking",
        "type": "route",
        "@geometry": "center"
      },
      "geometry": {
        "type": "Point",
        "coordinates": [
          -83.2069398,
          35.3060333
        ]
      },
      "id": "relation/13938078"
    },
    {
      "type": "Feature",
      "properties": {
        "@id": "relation/13938079",
        "colour": "#ff0909",
        "name": "Upper Long Branch",
        "network": "lwn",
        "operator": "Western Carolina University - Campus Recreation and Wellness",
        "roundtrip": "no",
        "route": "hiking",
        "type": "route",
        "@geometry": "center"
      },
      "geometry": {
        "type": "Point",
        "coordinates": [
          -83.2010849,
          35.3091511
        ]
      },
      "id": "relation/13938079"
    },
    {
      "type": "Feature",
      "properties": {
        "@id": "relation/13938080",
        "colour": "#0146b6",
        "name": "Lower Long Branch",
        "network": "lwn",
        "operator": "Western Carolina University - Campus Recreation and Wellness",
        "roundtrip": "no",
        "route": "hiking",
        "type": "route",
        "@geometry": "center"
      },
      "geometry": {
        "type": "Point",
        "coordinates": [
          -83.2010774,
          35.3088214
        ]
      },
      "id": "relation/13938080"
    },
    {
      "type": "Feature",
      "properties": {
        "@id": "relation/13938081",
        "colour": "#ffc72c",
        "name": "Cullowhee Connector",
        "network": "lwn",
        "operator": "Western Carolina University - Campus Recreation and Wellness",
        "roundtrip": "no",
        "route": "hiking",
        "type": "route",
        "@geometry": "center"
      },
      "geometry": {
        "type": "Point",
        "coordinates": [
          -83.1926313,
          35.3107435
        ]
      },
      "id": "relation/13938081"
    },
    {
      "type": "Feature",
      "properties": {
        "@id": "relation/13961165",
        "fixme": "probably wrong, especially near Chattanooga, but might not be signed and easy to verify. I'm not native to this area so it may be some time before I can conduct a detailed survey.",
        "name": "Great Eastern Trail - Lookout Mountain",
        "network": "lwn",
        "ref": "GET-LM",
        "route": "hiking",
        "type": "route",
        "@geometry": "center"
      },
      "geometry": {
        "type": "Point",
        "coordinates": [
          -85.4048183,
          34.9198296
        ]
      },
      "id": "relation/13961165"
    },
    {
      "type": "Feature",
      "properties": {
        "@id": "relation/13968933",
        "colour": "White",
        "distance": "~300 miles",
        "from": "Cumberland Gap",
        "name": "Cumberland Trail",
        "network": "rwn",
        "network:type": "rwn",
        "operator": "Tennessee State Parks",
        "ref": "CT",
        "route": "hiking",
        "to": "Signal Point",
        "type": "route",
        "website": "https://tnstateparks.com/parks/cumberland-trail",
        "wikidata": "Q5193972",
        "wikipedia": "en:Justin P. Wilson Cumberland Trail State Park",
        "@geometry": "center"
      },
      "geometry": {
        "type": "Point",
        "coordinates": [
          -84.5480707,
          35.8599887
        ]
      },
      "id": "relation/13968933"
    },
    {
      "type": "Feature",
      "properties": {
        "@id": "relation/14134089",
        "name": "Walls Of Jericho Trail",
        "network": "lwn",
        "route": "hiking",
        "type": "route",
        "@geometry": "center"
      },
      "geometry": {
        "type": "Point",
        "coordinates": [
          -86.0922752,
          34.9839933
        ]
      },
      "id": "relation/14134089"
    },
    {
      "type": "Feature",
      "properties": {
        "@id": "relation/14140914",
        "name": "Wolf Pit Trail",
        "route": "hiking",
        "type": "route",
        "@geometry": "center"
      },
      "geometry": {
        "type": "Point",
        "coordinates": [
          -81.8920429,
          35.8230981
        ]
      },
      "id": "relation/14140914"
    },
    {
      "type": "Feature",
      "properties": {
        "@id": "relation/14140915",
        "name": "Faulkner Flats",
        "route": "hiking",
        "type": "route",
        "@geometry": "center"
      },
      "geometry": {
        "type": "Point",
        "coordinates": [
          -81.8920429,
          35.8230981
        ]
      },
      "id": "relation/14140915"
    },
    {
      "type": "Feature",
      "properties": {
        "@id": "relation/14140979",
        "name": "Wolf Pit Trail",
        "route": "hiking",
        "type": "route",
        "@geometry": "center"
      },
      "geometry": {
        "type": "Point",
        "coordinates": [
          -81.8980345,
          35.828385
        ]
      },
      "id": "relation/14140979"
    },
    {
      "type": "Feature",
      "properties": {
        "@id": "relation/14140980",
        "name": "Jeep",
        "route": "hiking",
        "type": "route",
        "@geometry": "center"
      },
      "geometry": {
        "type": "Point",
        "coordinates": [
          -81.8980345,
          35.828385
        ]
      },
      "id": "relation/14140980"
    },
    {
      "type": "Feature",
      "properties": {
        "@id": "relation/14256998",
        "name": "Great Eastern Trail - Pine Mountain Link",
        "network": "rwn",
        "ref": "PMT",
        "route": "hiking",
        "type": "route",
        "@geometry": "center"
      },
      "geometry": {
        "type": "Point",
        "coordinates": [
          -83.4541195,
          36.7497166
        ]
      },
      "id": "relation/14256998"
    },
    {
      "type": "Feature",
      "properties": {
        "@id": "relation/14314046",
        "name": "Upper Boone Fork Trail",
        "network": "lwn",
        "operator": "National Park Service",
        "route": "hiking",
        "type": "route",
        "@geometry": "center"
      },
      "geometry": {
        "type": "Point",
        "coordinates": [
          -81.7795874,
          36.120265
        ]
      },
      "id": "relation/14314046"
    },
    {
      "type": "Feature",
      "properties": {
        "@id": "relation/14314047",
        "name": "Beacon Heights Trail",
        "network": "lwn",
        "operator": "National Park Service",
        "route": "hiking",
        "type": "route",
        "@geometry": "center"
      },
      "geometry": {
        "type": "Point",
        "coordinates": [
          -81.8293079,
          36.0828303
        ]
      },
      "id": "relation/14314047"
    },
    {
      "type": "Feature",
      "properties": {
        "@id": "relation/14314048",
        "name": "Bridge Trail",
        "network": "lwn",
        "route": "hiking",
        "type": "route",
        "@geometry": "center"
      },
      "geometry": {
        "type": "Point",
        "coordinates": [
          -81.8310305,
          36.0949294
        ]
      },
      "id": "relation/14314048"
    },
    {
      "type": "Feature",
      "properties": {
        "@id": "relation/14314049",
        "name": "Underwood Trail",
        "network": "lwn",
        "operator": "North Carolina Division of Parks & Recreation",
        "route": "hiking",
        "symbol": "yellow diamond",
        "type": "route",
        "@geometry": "center"
      },
      "geometry": {
        "type": "Point",
        "coordinates": [
          -81.8242324,
          36.1014334
        ]
      },
      "id": "relation/14314049"
    },
    {
      "type": "Feature",
      "properties": {
        "@id": "relation/14314050",
        "name": "Cragway Loop",
        "network": "lwn",
        "route": "hiking",
        "type": "route",
        "@geometry": "center"
      },
      "geometry": {
        "type": "Point",
        "coordinates": [
          -81.787166,
          36.1148087
        ]
      },
      "id": "relation/14314050"
    },
    {
      "type": "Feature",
      "properties": {
        "@id": "relation/14314051",
        "name": "Asutsi Trail",
        "network": "lwn",
        "operator": "National Park Service",
        "route": "hiking",
        "type": "route",
        "@geometry": "center"
      },
      "geometry": {
        "type": "Point",
        "coordinates": [
          -81.7799544,
          36.1175701
        ]
      },
      "id": "relation/14314051"
    },
    {
      "type": "Feature",
      "properties": {
        "@id": "relation/14314052",
        "name": "Cragway Trail",
        "network": "lwn",
        "operator": "North Carolina Division of Parks & Recreation",
        "route": "hiking",
        "symbol": "orange dots",
        "type": "route",
        "@geometry": "center"
      },
      "geometry": {
        "type": "Point",
        "coordinates": [
          -81.7914303,
          36.1149005
        ]
      },
      "id": "relation/14314052"
    },
    {
      "type": "Feature",
      "properties": {
        "@id": "relation/14314053",
        "name": "Nuwati Trail",
        "network": "lwn",
        "operator": "North Carolina Division of Parks & Recreation",
        "route": "hiking",
        "symbol": "blue dots",
        "type": "route",
        "@geometry": "center"
      },
      "geometry": {
        "type": "Point",
        "coordinates": [
          -81.7881922,
          36.1183032
        ]
      },
      "id": "relation/14314053"
    },
    {
      "type": "Feature",
      "properties": {
        "@id": "relation/14314054",
        "name": "Black Rock Trail",
        "network": "lwn",
        "operator": "North Carolina Division of Parks & Recreation",
        "route": "hiking",
        "symbol": "gold dots",
        "type": "route",
        "@geometry": "center"
      },
      "geometry": {
        "type": "Point",
        "coordinates": [
          -81.8229326,
          36.0955509
        ]
      },
      "id": "relation/14314054"
    },
    {
      "type": "Feature",
      "properties": {
        "@id": "relation/14314055",
        "name": "Grandfather Extension Trail",
        "network": "lwn",
        "operator": "North Carolina Division of Parks & Recreation",
        "route": "hiking",
        "symbol": "red diamond",
        "type": "route",
        "@geometry": "center"
      },
      "geometry": {
        "type": "Point",
        "coordinates": [
          -81.8276436,
          36.0969931
        ]
      },
      "id": "relation/14314055"
    },
    {
      "type": "Feature",
      "properties": {
        "@id": "relation/14314056",
        "name": "Grandfather Trail",
        "network": "lwn",
        "operator": "North Carolina Division of Parks & Recreation",
        "route": "hiking",
        "symbol": "blue diamond",
        "type": "route",
        "@geometry": "center"
      },
      "geometry": {
        "type": "Point",
        "coordinates": [
          -81.8210037,
          36.1039235
        ]
      },
      "id": "relation/14314056"
    },
    {
      "type": "Feature",
      "properties": {
        "@id": "relation/14314057",
        "name": "Profile Connector Trail",
        "network": "lwn",
        "operator": "North Carolina Division of Parks & Recreation",
        "route": "hiking",
        "symbol": "red dot",
        "type": "route",
        "@geometry": "center"
      },
      "geometry": {
        "type": "Point",
        "coordinates": [
          -81.8255122,
          36.122191
        ]
      },
      "id": "relation/14314057"
    },
    {
      "type": "Feature",
      "properties": {
        "@id": "relation/14314058",
        "name": "Profile Trail",
        "network": "lwn",
        "operator": "North Carolina Division of Parks & Recreation",
        "route": "hiking",
        "symbol": "orange diamond",
        "type": "route",
        "@geometry": "center"
      },
      "geometry": {
        "type": "Point",
        "coordinates": [
          -81.8235336,
          36.1172462
        ]
      },
      "id": "relation/14314058"
    },
    {
      "type": "Feature",
      "properties": {
        "@id": "relation/14314059",
        "name": "Daniel Boone Scout Trail",
        "network": "lwn",
        "operator": "North Carolina Division of Parks & Recreation",
        "route": "hiking",
        "symbol": "white diamond",
        "type": "route",
        "@geometry": "center"
      },
      "geometry": {
        "type": "Point",
        "coordinates": [
          -81.7955776,
          36.1121522
        ]
      },
      "id": "relation/14314059"
    },
    {
      "type": "Feature",
      "properties": {
        "@id": "relation/14760375",
        "colour": "blue",
        "name": "Strawberry Gap Trail",
        "osmc:symbol": "blue",
        "route": "hiking",
        "type": "route",
        "@geometry": "center"
      },
      "geometry": {
        "type": "Point",
        "coordinates": [
          -82.3642603,
          35.4820993
        ]
      },
      "id": "relation/14760375"
    },
    {
      "type": "Feature",
      "properties": {
        "@id": "relation/15067910",
        "colour": "red",
        "name": "Panthertown Valley Trail",
        "osmc:symbol": "red",
        "route": "hiking",
        "type": "route",
        "@geometry": "center"
      },
      "geometry": {
        "type": "Point",
        "coordinates": [
          -83.0195364,
          35.163041
        ]
      },
      "id": "relation/15067910"
    },
    {
      "type": "Feature",
      "properties": {
        "@id": "relation/15337662",
        "name": "Mountain Laurel Trail",
        "route": "hiking",
        "type": "route",
        "@geometry": "center"
      },
      "geometry": {
        "type": "Point",
        "coordinates": [
          -82.7117289,
          35.0295192
        ]
      },
      "id": "relation/15337662"
    },
    {
      "type": "Feature",
      "properties": {
        "@id": "relation/15400609",
        "name": "Triple Falls Trail",
        "route": "hiking",
        "type": "route",
        "@geometry": "center"
      },
      "geometry": {
        "type": "Point",
        "coordinates": [
          -82.6184626,
          35.1968501
        ]
      },
      "id": "relation/15400609"
    },
    {
      "type": "Feature",
      "properties": {
        "@id": "relation/15400610",
        "name": "High Falls Trail",
        "route": "hiking",
        "type": "route",
        "@geometry": "center"
      },
      "geometry": {
        "type": "Point",
        "coordinates": [
          -82.6179577,
          35.1953479
        ]
      },
      "id": "relation/15400610"
    },
    {
      "type": "Feature",
      "properties": {
        "@id": "relation/15700192",
        "distance": "14.645",
        "name": "Mysterious Cabin Loop",
        "network": "lwn",
        "operator": "United States Forest Service",
        "route": "hiking",
        "type": "route",
        "@geometry": "center"
      },
      "geometry": {
        "type": "Point",
        "coordinates": [
          -83.0939532,
          35.3418693
        ]
      },
      "id": "relation/15700192"
    },
    {
      "type": "Feature",
      "properties": {
        "@id": "relation/15700193",
        "distance": "15.64",
        "name": "Moses Creek Road",
        "network": "lwn",
        "operator": "United States Forest Service",
        "route": "hiking",
        "type": "route",
        "@geometry": "center"
      },
      "geometry": {
        "type": "Point",
        "coordinates": [
          -83.0968357,
          35.345511
        ]
      },
      "id": "relation/15700193"
    },
    {
      "type": "Feature",
      "properties": {
        "@id": "relation/15700321",
        "name": "Pinnacle Trail",
        "network": "lwn",
        "operator": "Town of Sylva Parks & Recreation",
        "route": "hiking",
        "type": "route",
        "@geometry": "center"
      },
      "geometry": {
        "type": "Point",
        "coordinates": [
          -83.1951716,
          35.435445
        ]
      },
      "id": "relation/15700321"
    },
    {
      "type": "Feature",
      "properties": {
        "@id": "relation/15700322",
        "name": "Pinnacle Park Tour",
        "network": "lwn",
        "operator": "Town of Sylva Parks & Recreation",
        "route": "hiking",
        "type": "route",
        "@geometry": "center"
      },
      "geometry": {
        "type": "Point",
        "coordinates": [
          -83.1881654,
          35.4325158
        ]
      },
      "id": "relation/15700322"
    },
    {
      "type": "Feature",
      "properties": {
        "@id": "relation/15718141",
        "name": "Woodchuck Hollow Trail",
        "network": "rwn",
        "route": "hiking",
        "type": "route",
        "@geometry": "center"
      },
      "geometry": {
        "type": "Point",
        "coordinates": [
          -86.3557292,
          36.3759348
        ]
      },
      "id": "relation/15718141"
    },
    {
      "type": "Feature",
      "properties": {
        "@id": "relation/15718142",
        "name": "Birdsong Trail",
        "network": "rwn",
        "route": "hiking",
        "type": "route",
        "@geometry": "center"
      },
      "geometry": {
        "type": "Point",
        "coordinates": [
          -86.3603377,
          36.3757483
        ]
      },
      "id": "relation/15718142"
    },
    {
      "type": "Feature",
      "properties": {
        "@id": "relation/15718143",
        "name": "Shoreline Trail",
        "network": "rwn",
        "route": "hiking",
        "type": "route",
        "@geometry": "center"
      },
      "geometry": {
        "type": "Point",
        "coordinates": [
          -86.3557403,
          36.3778651
        ]
      },
      "id": "relation/15718143"
    },
    {
      "type": "Feature",
      "properties": {
        "@id": "relation/15718144",
        "name": "Mayo Wix Trail",
        "network": "rwn",
        "route": "hiking",
        "type": "route",
        "@geometry": "center"
      },
      "geometry": {
        "type": "Point",
        "coordinates": [
          -86.3608243,
          36.3778558
        ]
      },
      "id": "relation/15718144"
    },
    {
      "type": "Feature",
      "properties": {
        "@id": "relation/15718145",
        "name": "Owl Ridge Trail",
        "network": "rwn",
        "route": "hiking",
        "type": "route",
        "@geometry": "center"
      },
      "geometry": {
        "type": "Point",
        "coordinates": [
          -86.3541654,
          36.3779654
        ]
      },
      "id": "relation/15718145"
    },
    {
      "type": "Feature",
      "properties": {
        "@id": "relation/15718146",
        "name": "High Ridge Trail",
        "network": "rwn",
        "route": "hiking",
        "type": "route",
        "@geometry": "center"
      },
      "geometry": {
        "type": "Point",
        "coordinates": [
          -86.3561162,
          36.3803186
        ]
      },
      "id": "relation/15718146"
    },
    {
      "type": "Feature",
      "properties": {
        "@id": "relation/15718147",
        "name": "Tennessee History Trail",
        "network": "rwn",
        "route": "hiking",
        "type": "route",
        "@geometry": "center"
      },
      "geometry": {
        "type": "Point",
        "coordinates": [
          -86.3554494,
          36.3783047
        ]
      },
      "id": "relation/15718147"
    },
    {
      "type": "Feature",
      "properties": {
        "@id": "relation/15728817",
        "colour": "blue",
        "name": "Gum Gap Trail",
        "osmc:symbol": "blue",
        "route": "hiking",
        "type": "route",
        "@geometry": "center"
      },
      "geometry": {
        "type": "Point",
        "coordinates": [
          -82.6638422,
          35.1095033
        ]
      },
      "id": "relation/15728817"
    },
    {
      "type": "Feature",
      "properties": {
        "@id": "relation/15728887",
        "colour": "pink",
        "name": "Naturaland Trust Trail",
        "osmc:symbol": "pink",
        "route": "hiking",
        "type": "route",
        "@geometry": "center"
      },
      "geometry": {
        "type": "Point",
        "coordinates": [
          -82.6557234,
          35.1042153
        ]
      },
      "id": "relation/15728887"
    },
    {
      "type": "Feature",
      "properties": {
        "@id": "relation/15809354",
        "cycleway": "yes",
        "name": "Airstrip Trail",
        "route": "hiking",
        "type": "route",
        "@geometry": "center"
      },
      "geometry": {
        "type": "Point",
        "coordinates": [
          -82.6120265,
          35.1718145
        ]
      },
      "id": "relation/15809354"
    },
    {
      "type": "Feature",
      "properties": {
        "@id": "relation/16118219",
        "ascent": "14",
        "bicycle": "designated",
        "description": "Paved Walk and Cycle route",
        "distance": "9.5",
        "foot": "designated",
        "name": "Ducks Unlimited Park Loop",
        "network": "lwn",
        "route": "hiking",
        "type": "route",
        "website": "https://www.alltrails.com/en-gb/trail/us/arkansas/ducks-unlimited-park-loop?u=m",
        "@geometry": "center"
      },
      "geometry": {
        "type": "Point",
        "coordinates": [
          -90.0819951,
          35.1466219
        ]
      },
      "id": "relation/16118219"
    },
    {
      "type": "Feature",
      "properties": {
        "@id": "relation/16153639",
        "name": "Palmetto Trail: Peach Country Passage",
        "network": "rwn",
        "network:type": "rwn",
        "route": "hiking",
        "type": "route",
        "website": "https://palmettoconservation.org/passage/peach-country-passage/",
        "@geometry": "center"
      },
      "geometry": {
        "type": "Point",
        "coordinates": [
          -82.1331504,
          35.1109169
        ]
      },
      "id": "relation/16153639"
    },
    {
      "type": "Feature",
      "properties": {
        "@id": "relation/16382427",
        "name": "Green River Cove Trail",
        "route": "hiking",
        "type": "route",
        "@geometry": "center"
      },
      "geometry": {
        "type": "Point",
        "coordinates": [
          -82.3240957,
          35.2706246
        ]
      },
      "id": "relation/16382427"
    },
    {
      "type": "Feature",
      "properties": {
        "@id": "relation/16408737",
        "colour": "white",
        "name": "Bishop Branch Trail",
        "osmc:symbol": "white",
        "route": "hiking",
        "type": "route",
        "@geometry": "center"
      },
      "geometry": {
        "type": "Point",
        "coordinates": [
          -82.3275987,
          35.2823637
        ]
      },
      "id": "relation/16408737"
    },
    {
      "type": "Feature",
      "properties": {
        "@id": "relation/16408838",
        "name": "Stair Steps Falls",
        "route": "hiking",
        "type": "route",
        "@geometry": "center"
      },
      "geometry": {
        "type": "Point",
        "coordinates": [
          -82.3212518,
          35.2744656
        ]
      },
      "id": "relation/16408838"
    },
    {
      "type": "Feature",
      "properties": {
        "@id": "relation/16408839",
        "name": "Turkey Gut Trail",
        "route": "hiking",
        "type": "route",
        "@geometry": "center"
      },
      "geometry": {
        "type": "Point",
        "coordinates": [
          -82.3143879,
          35.2802345
        ]
      },
      "id": "relation/16408839"
    },
    {
      "type": "Feature",
      "properties": {
        "@id": "relation/16478144",
        "colour": "purple",
        "name": "Chestnut Ridge Trail",
        "osmc:symbol": "purple",
        "route": "hiking",
        "type": "route",
        "@geometry": "center"
      },
      "geometry": {
        "type": "Point",
        "coordinates": [
          -82.2812821,
          35.1408958
        ]
      },
      "id": "relation/16478144"
    },
    {
      "type": "Feature",
      "properties": {
        "@id": "relation/16478145",
        "colour": "green",
        "name": "Green",
        "osmc:symbol": "green",
        "route": "hiking",
        "type": "route",
        "@geometry": "center"
      },
      "geometry": {
        "type": "Point",
        "coordinates": [
          -82.2742139,
          35.1403379
        ]
      },
      "id": "relation/16478145"
    },
    {
      "type": "Feature",
      "properties": {
        "@id": "relation/16478186",
        "colour": "red",
        "name": "Red",
        "osmc:symbol": "red",
        "route": "hiking",
        "type": "route",
        "@geometry": "center"
      },
      "geometry": {
        "type": "Point",
        "coordinates": [
          -82.2828286,
          35.1380949
        ]
      },
      "id": "relation/16478186"
    },
    {
      "type": "Feature",
      "properties": {
        "@id": "relation/16478187",
        "colour": "blue",
        "name": "Blue",
        "osmc:symbol": "blue",
        "route": "hiking",
        "type": "route",
        "@geometry": "center"
      },
      "geometry": {
        "type": "Point",
        "coordinates": [
          -82.2884275,
          35.1478931
        ]
      },
      "id": "relation/16478187"
    },
    {
      "type": "Feature",
      "properties": {
        "@id": "relation/16478188",
        "colour": "#7393B3",
        "name": "Blue Gray",
        "route": "hiking",
        "type": "route",
        "@geometry": "center"
      },
      "geometry": {
        "type": "Point",
        "coordinates": [
          -82.2844482,
          35.1454049
        ]
      },
      "id": "relation/16478188"
    },
    {
      "type": "Feature",
      "properties": {
        "@id": "relation/16478193",
        "name": "River Road",
        "route": "hiking",
        "type": "route",
        "@geometry": "center"
      },
      "geometry": {
        "type": "Point",
        "coordinates": [
          -82.2759088,
          35.1497779
        ]
      },
      "id": "relation/16478193"
    },
    {
      "type": "Feature",
      "properties": {
        "@id": "relation/16498216",
        "name": "Lewellyn Cove Nature Trail",
        "network": "lwn",
        "operator": "Fontana Resort",
        "route": "hiking",
        "type": "route",
        "@geometry": "center"
      },
      "geometry": {
        "type": "Point",
        "coordinates": [
          -83.8067229,
          35.4400305
        ]
      },
      "id": "relation/16498216"
    },
    {
      "type": "Feature",
      "properties": {
        "@id": "relation/16504583",
        "name": "Wattacoo Pond Loop Trail",
        "route": "hiking",
        "type": "route",
        "@geometry": "center"
      },
      "geometry": {
        "type": "Point",
        "coordinates": [
          -82.5819809,
          35.0840764
        ]
      },
      "id": "relation/16504583"
    },
    {
      "type": "Feature",
      "properties": {
        "@id": "relation/16786044",
        "colour": "red",
        "name": "Little Bradley Falls Trail",
        "osmc:symbol": "red:white:red_bar",
        "route": "hiking",
        "type": "route",
        "@geometry": "center"
      },
      "geometry": {
        "type": "Point",
        "coordinates": [
          -82.2897297,
          35.2584022
        ]
      },
      "id": "relation/16786044"
    },
    {
      "type": "Feature",
      "properties": {
        "@id": "relation/16786045",
        "colour": "blue",
        "name": "Big Bradley Falls Overlook Trail",
        "route": "hiking",
        "type": "route",
        "@geometry": "center"
      },
      "geometry": {
        "type": "Point",
        "coordinates": [
          -82.2880299,
          35.2656766
        ]
      },
      "id": "relation/16786045"
    },
    {
      "type": "Feature",
      "properties": {
        "@id": "relation/16807600",
        "colour": "blue",
        "from": "Sassafras Mountain",
        "name": "Sassafras to Caeser's Head Spur Trail",
        "operator": "Foothills Trail Conservancy",
        "osmc:symbol": "blue",
        "route": "hiking",
        "to": "Caeser's Head State Park",
        "type": "route",
        "@geometry": "center"
      },
      "geometry": {
        "type": "Point",
        "coordinates": [
          -82.7071941,
          35.0901018
        ]
      },
      "id": "relation/16807600"
    },
    {
      "type": "Feature",
      "properties": {
        "@id": "relation/16812372",
        "colour": "blue",
        "osmc:symbol": "blue:white:blue_triangle",
        "route": "hiking",
        "type": "route",
        "@geometry": "center"
      },
      "geometry": {
        "type": "Point",
        "coordinates": [
          -82.5862611,
          35.1327195
        ]
      },
      "id": "relation/16812372"
    },
    {
      "type": "Feature",
      "properties": {
        "@id": "relation/17175290",
        "name": "Turkey Knob Trail",
        "route": "hiking",
        "type": "route",
        "@geometry": "center"
      },
      "geometry": {
        "type": "Point",
        "coordinates": [
          -82.5822356,
          35.1764976
        ]
      },
      "id": "relation/17175290"
    },
    {
      "type": "Feature",
      "properties": {
        "@id": "relation/17415050",
        "name": "Sassafras Mountain Trail",
        "network": "lwn",
        "operator": "Headwaters State Forest",
        "route": "hiking",
        "type": "route",
        "@geometry": "center"
      },
      "geometry": {
        "type": "Point",
        "coordinates": [
          -82.7690947,
          35.072802
        ]
      },
      "id": "relation/17415050"
    },
    {
      "type": "Feature",
      "properties": {
        "@id": "relation/17581702",
        "name": "Grassy Creek Trail",
        "route": "hiking",
        "type": "route",
        "@geometry": "center"
      },
      "geometry": {
        "type": "Point",
        "coordinates": [
          -82.583562,
          35.1925397
        ]
      },
      "id": "relation/17581702"
    },
    {
      "type": "Feature",
      "properties": {
        "@id": "relation/17688404",
        "name": "Ruffed Grouse Trail",
        "route": "hiking",
        "type": "route",
        "@geometry": "center"
      },
      "geometry": {
        "type": "Point",
        "coordinates": [
          -82.5902514,
          35.2183206
        ]
      },
      "id": "relation/17688404"
    },
    {
      "type": "Feature",
      "properties": {
        "@id": "relation/17730272",
        "colour": "blue",
        "name": "Blue Trail",
        "osmc:symbol": "blue",
        "route": "hiking",
        "type": "route",
        "@geometry": "center"
      },
      "geometry": {
        "type": "Point",
        "coordinates": [
          -81.8666947,
          34.9927012
        ]
      },
      "id": "relation/17730272"
    },
    {
      "type": "Feature",
      "properties": {
        "@id": "relation/17730273",
        "colour": "red",
        "name": "Red Trail",
        "osmc:symbol": "red",
        "route": "hiking",
        "type": "route",
        "@geometry": "center"
      },
      "geometry": {
        "type": "Point",
        "coordinates": [
          -81.8666364,
          34.9968368
        ]
      },
      "id": "relation/17730273"
    },
    {
      "type": "Feature",
      "properties": {
        "@id": "relation/17730298",
        "colour": "orange",
        "name": "Orange Trail",
        "osmc:symbol": "oragne",
        "route": "hiking",
        "type": "route",
        "@geometry": "center"
      },
      "geometry": {
        "type": "Point",
        "coordinates": [
          -81.8655223,
          34.9930607
        ]
      },
      "id": "relation/17730298"
    },
    {
      "type": "Feature",
      "properties": {
        "@id": "relation/17730353",
        "colour": "yellow",
        "name": "Yellow Trail",
        "osmc:symbol": "yellow",
        "route": "hiking",
        "type": "route",
        "@geometry": "center"
      },
      "geometry": {
        "type": "Point",
        "coordinates": [
          -81.8630467,
          34.9931368
        ]
      },
      "id": "relation/17730353"
    },
    {
      "type": "Feature",
      "properties": {
        "@id": "relation/17730354",
        "colour": "green",
        "name": "Green Trail",
        "osmc:symbol": "green",
        "route": "hiking",
        "type": "route",
        "@geometry": "center"
      },
      "geometry": {
        "type": "Point",
        "coordinates": [
          -81.864325,
          34.9881617
        ]
      },
      "id": "relation/17730354"
    },
    {
      "type": "Feature",
      "properties": {
        "@id": "relation/17730385",
        "colour": "pink",
        "name": "Pink Trail",
        "osmc:symbol": "pink",
        "route": "hiking",
        "type": "route",
        "@geometry": "center"
      },
      "geometry": {
        "type": "Point",
        "coordinates": [
          -81.8631865,
          34.9928219
        ]
      },
      "id": "relation/17730385"
    },
    {
      "type": "Feature",
      "properties": {
        "@id": "relation/17858583",
        "from": "Lyn Lowry memorial",
        "name": "Plott Balsam Trail",
        "network": "lwn",
        "route": "hiking",
        "to": "Plott Balsam summit",
        "type": "route",
        "@geometry": "center"
      },
      "geometry": {
        "type": "Point",
        "coordinates": [
          -83.0986966,
          35.472193
        ]
      },
      "id": "relation/17858583"
    },
    {
      "type": "Feature",
      "properties": {
        "@id": "relation/17858649",
        "from": "Browning Knob",
        "name": "Lyn Lowry Trail",
        "network": "lwn",
        "route": "hiking",
        "to": "Lyn Lowry Cross",
        "type": "route",
        "@geometry": "center"
      },
      "geometry": {
        "type": "Point",
        "coordinates": [
          -83.1206557,
          35.4642439
        ]
      },
      "id": "relation/17858649"
    },
    {
      "type": "Feature",
      "properties": {
        "@id": "relation/17858650",
        "name": "Waterrock Knob Trail",
        "network": "lwn",
        "network:type": "lwn",
        "route": "hiking",
        "type": "route",
        "@geometry": "center"
      },
      "geometry": {
        "type": "Point",
        "coordinates": [
          -83.1391518,
          35.4623301
        ]
      },
      "id": "relation/17858650"
    },
    {
      "type": "Feature",
      "properties": {
        "@id": "relation/17963170",
        "colour": "red",
        "name": "Catawba Falls Wildflower Trail",
        "osmc:symbol": "red:red_diamond",
        "route": "hiking",
        "type": "route",
        "@geometry": "center"
      },
      "geometry": {
        "type": "Point",
        "coordinates": [
          -82.2434219,
          35.6070288
        ]
      },
      "id": "relation/17963170"
    },
    {
      "type": "Feature",
      "properties": {
        "@id": "relation/17963194",
        "colour": "purple",
        "name": "Catawba Falls Ridge Trail",
        "osmc:symbol": "purple:purple_diamond",
        "route": "hiking",
        "type": "route",
        "@geometry": "center"
      },
      "geometry": {
        "type": "Point",
        "coordinates": [
          -82.238163,
          35.6076649
        ]
      },
      "id": "relation/17963194"
    },
    {
      "type": "Feature",
      "properties": {
        "@id": "relation/18319351",
        "blaze": "white",
        "description": "Appalachian Trail - North Carolina & Tennessee",
        "direction": "both",
        "name": "Appalachian Trail",
        "network": "nwn",
        "network:type": "US:NST",
        "osmc:symbol": "white::white_stripe",
        "ref": "AT",
        "route": "hiking",
        "type": "route",
        "wikidata": "Q134446292",
        "wikipedia": "en:Appalachian Trail",
        "@geometry": "center"
      },
      "geometry": {
        "type": "Point",
        "coordinates": [
          -82.8232273,
          35.803407
        ]
      },
      "id": "relation/18319351"
    },
    {
      "type": "Feature",
      "properties": {
        "@id": "relation/18321044",
        "blaze": "white",
        "description": "Appalachian Trail - Virginia",
        "direction": "both",
        "name": "Appalachian Trail",
        "network": "nwn",
        "network:type": "US:NST",
        "osmc:symbol": "white::white_stripe",
        "ref": "AT",
        "route": "hiking",
        "type": "route",
        "wikidata": "Q134446294",
        "wikipedia": "en:Appalachian Trail",
        "@geometry": "center"
      },
      "geometry": {
        "type": "Point",
        "coordinates": [
          -79.8326471,
          37.8773749
        ]
      },
      "id": "relation/18321044"
    },
    {
      "type": "Feature",
      "properties": {
        "@id": "relation/18466051",
        "colour": "blue",
        "name": "Overlook Trail",
        "osmc:symbol": "blue",
        "route": "hiking",
        "type": "route",
        "@geometry": "center"
      },
      "geometry": {
        "type": "Point",
        "coordinates": [
          -82.3927361,
          35.2354735
        ]
      },
      "id": "relation/18466051"
    },
    {
      "type": "Feature",
      "properties": {
        "@id": "relation/18498969",
        "colour": "red",
        "name": "Nature Trail Connector",
        "osmc:symbol": "red",
        "route": "hiking",
        "type": "route",
        "@geometry": "center"
      },
      "geometry": {
        "type": "Point",
        "coordinates": [
          -82.3922524,
          35.2358961
        ]
      },
      "id": "relation/18498969"
    },
    {
      "type": "Feature",
      "properties": {
        "@id": "relation/18498970",
        "colour": "red",
        "name": "Nature Trail Big Loop",
        "osmc:symbol": "red",
        "route": "hiking",
        "type": "route",
        "@geometry": "center"
      },
      "geometry": {
        "type": "Point",
        "coordinates": [
          -82.3906418,
          35.2363102
        ]
      },
      "id": "relation/18498970"
    },
    {
      "type": "Feature",
      "properties": {
        "@id": "relation/18498971",
        "colour": "red",
        "name": "Nature Trail Small Loop",
        "osmc:symbol": "red",
        "route": "hiking",
        "type": "route",
        "@geometry": "center"
      },
      "geometry": {
        "type": "Point",
        "coordinates": [
          -82.3903578,
          35.2381978
        ]
      },
      "id": "relation/18498971"
    },
    {
      "type": "Feature",
      "properties": {
        "@id": "relation/18499407",
        "colour": "red",
        "name": "Nature Trail",
        "operator": "Conserving Carolina",
        "osmc:symbol": "red",
        "route": "hiking",
        "type": "route",
        "@geometry": "center"
      },
      "geometry": {
        "type": "Point",
        "coordinates": [
          -82.3908614,
          35.2368221
        ]
      },
      "id": "relation/18499407"
    },
    {
      "type": "Feature",
      "properties": {
        "@id": "relation/18963599",
        "name": "Natchez Trace Trail - Highland Rim Section",
        "network": "nwn",
        "operator": "United States National Park Service",
        "route": "hiking",
        "type": "route",
        "website": "https://www.nps.gov/natt/index.htm",
        "wikipedia": "en:Natchez Trace Trail",
        "@geometry": "center"
      },
      "geometry": {
        "type": "Point",
        "coordinates": [
          -87.1892005,
          35.7957786
        ]
      },
      "id": "relation/18963599"
    },
    {
      "type": "Feature",
      "properties": {
        "@id": "relation/18980841",
        "name": "Laurel Ridge Trail",
        "route": "hiking",
        "type": "route",
        "@geometry": "center"
      },
      "geometry": {
        "type": "Point",
        "coordinates": [
          -82.6185464,
          35.1685164
        ]
      },
      "id": "relation/18980841"
    },
    {
      "type": "Feature",
      "properties": {
        "@id": "relation/19167234",
        "colour": "blue",
        "osmc:symbol": "blue_bar",
        "route": "hiking",
        "type": "route",
        "@geometry": "center"
      },
      "geometry": {
        "type": "Point",
        "coordinates": [
          -82.6158295,
          35.0843823
        ]
      },
      "id": "relation/19167234"
    },
    {
      "type": "Feature",
      "properties": {
        "@id": "relation/19383049",
        "name": "Upper Chinquapin Greenway",
        "operator": "SPACE",
        "route": "hiking",
        "type": "route",
        "@geometry": "center"
      },
      "geometry": {
        "type": "Point",
        "coordinates": [
          -81.9587412,
          34.9828957
        ]
      },
      "id": "relation/19383049"
    },
    {
      "type": "Feature",
      "properties": {
        "@id": "relation/19722279",
        "name": "Stool Mountain Trail",
        "osmc:symbol": "blue:white:blue_bar:white_bar",
        "route": "hiking",
        "type": "route",
        "@geometry": "center"
      },
      "geometry": {
        "type": "Point",
        "coordinates": [
          -82.6970907,
          35.0435858
        ]
      },
      "id": "relation/19722279"
    },
    {
      "type": "Feature",
      "properties": {
        "@id": "relation/19722319",
        "name": "White Oaks Trail",
        "route": "hiking",
        "type": "route",
        "@geometry": "center"
      },
      "geometry": {
        "type": "Point",
        "coordinates": [
          -82.6929535,
          35.0388799
        ]
      },
      "id": "relation/19722319"
    },
    {
      "type": "Feature",
      "properties": {
        "@id": "relation/19915724",
        "name": "Wilkie Trail",
        "route": "hiking",
        "type": "route",
        "@geometry": "center"
      },
      "geometry": {
        "type": "Point",
        "coordinates": [
          -82.6443269,
          35.1754183
        ]
      },
      "id": "relation/19915724"
    },
    {
      "type": "Feature",
      "properties": {
        "@id": "relation/20123739",
        "name": "Naked Widow Loop Trail",
        "network": "lwn",
        "network:type": "local",
        "operator": "US Forest Service",
        "ref": "387",
        "roundtrip": "yes",
        "route": "hiking",
        "type": "route",
        "@geometry": "center"
      },
      "geometry": {
        "type": "Point",
        "coordinates": [
          -84.6092338,
          35.1440727
        ]
      },
      "id": "relation/20123739"
    },
    {
      "type": "Feature",
      "properties": {
        "@id": "relation/20123740",
        "length": "1.5 miles",
        "name": "Benton Falls Trail",
        "network": "lwn",
        "network:type": "local",
        "operator": "US Forest Service",
        "ref": "131",
        "roundtrip": "no",
        "route": "hiking",
        "type": "route",
        "@geometry": "center"
      },
      "geometry": {
        "type": "Point",
        "coordinates": [
          -84.6024297,
          35.1455068
        ]
      },
      "id": "relation/20123740"
    },
    {
      "type": "Feature",
      "properties": {
        "@id": "relation/20123749",
        "length": "3 miles",
        "name": "Slickrock Loop Trail",
        "network": "lwn",
        "network:type": "local",
        "operator": "US Forest Service",
        "ref": "385",
        "roundtrip": "yes",
        "route": "hiking",
        "type": "route",
        "@geometry": "center"
      },
      "geometry": {
        "type": "Point",
        "coordinates": [
          -84.6135877,
          35.1348044
        ]
      },
      "id": "relation/20123749"
    },
    {
      "type": "Feature",
      "properties": {
        "@id": "relation/20123901",
        "length": "3.15 miles",
        "name": "Laurel Loop Trail",
        "network": "lwn",
        "network:type": "local",
        "operator": "US Forest Service",
        "ref": "388",
        "roundtrip": "yes",
        "route": "hiking",
        "type": "route",
        "@geometry": "center"
      },
      "geometry": {
        "type": "Point",
        "coordinates": [
          -84.6019415,
          35.1343439
        ]
      },
      "id": "relation/20123901"
    },
    {
      "type": "Feature",
      "properties": {
        "@id": "relation/20123902",
        "length": "4.35 miles",
        "name": "Clemmer Trail",
        "network": "lwn",
        "network:type": "local",
        "operator": "US Forest Service",
        "ref": "302",
        "roundtrip": "no",
        "route": "hiking",
        "type": "route",
        "@geometry": "center"
      },
      "geometry": {
        "type": "Point",
        "coordinates": [
          -84.5905543,
          35.1281773
        ]
      },
      "id": "relation/20123902"
    },
    {
      "type": "Feature",
      "properties": {
        "@id": "relation/20124210",
        "distance": "2.1 miles",
        "name": "Clemmer Spur Trail",
        "network": "lwn",
        "network:type": "local",
        "operator": "US Forest Service",
        "ref": "386",
        "roundtrip": "no",
        "route": "hiking",
        "type": "route",
        "@geometry": "center"
      },
      "geometry": {
        "type": "Point",
        "coordinates": [
          -84.5775007,
          35.1209777
        ]
      },
      "id": "relation/20124210"
    },
    {
      "type": "Feature",
      "properties": {
        "@id": "relation/20151075",
        "distance": "1.65 Miles",
        "name": "Azalea Trail",
        "network": "lwn",
        "operator": "US Forest Service",
        "ref": "140",
        "roundtrip": "no",
        "route": "hiking",
        "type": "route",
        "@geometry": "center"
      },
      "geometry": {
        "type": "Point",
        "coordinates": [
          -84.6026413,
          35.1547095
        ]
      },
      "id": "relation/20151075"
    },
    {
      "type": "Feature",
      "properties": {
        "@id": "relation/20151104",
        "distance": "5.1 Miles",
        "name": "Clear Creek Trail",
        "network": "lwn",
        "operator": "US Forest Service",
        "ref": "379",
        "roundtrip": "no",
        "route": "hiking",
        "type": "route",
        "@geometry": "center"
      },
      "geometry": {
        "type": "Point",
        "coordinates": [
          -84.5856661,
          35.1359893
        ]
      },
      "id": "relation/20151104"
    },
    {
      "type": "Feature",
      "properties": {
        "@id": "relation/20157273",
        "name": "Slickrock Branch Road",
        "network": "lwn",
        "operator": "US Forest Service",
        "ref": "5050",
        "route": "hiking",
        "type": "route",
        "@geometry": "center"
      },
      "geometry": {
        "type": "Point",
        "coordinates": [
          -84.609709,
          35.1224825
        ]
      },
      "id": "relation/20157273"
    },
    {
      "type": "Feature",
      "properties": {
        "@id": "relation/20178485",
        "name": "Mulepen Branch Track",
        "network": "lwn",
        "operator": "US Forest Service",
        "ref": "33571",
        "route": "hiking",
        "type": "route",
        "@geometry": "center"
      },
      "geometry": {
        "type": "Point",
        "coordinates": [
          -84.5927508,
          35.1519631
        ]
      },
      "id": "relation/20178485"
    },
    {
      "type": "Feature",
      "properties": {
        "@id": "relation/20195155",
        "name": "Leroy Smith Nature Trail",
        "route": "hiking",
        "type": "route",
        "@geometry": "center"
      },
      "geometry": {
        "type": "Point",
        "coordinates": [
          -82.4792218,
          35.0881566
        ]
      },
      "id": "relation/20195155"
    },
    {
      "type": "Feature",
      "properties": {
        "@id": "relation/20258931",
        "name": "Pole Road Creek Trail",
        "network": "rhn",
        "route": "hiking",
        "type": "route",
        "@geometry": "center"
      },
      "geometry": {
        "type": "Point",
        "coordinates": [
          -83.438137,
          35.5349874
        ]
      },
      "id": "relation/20258931"
    },
    {
      "type": "Feature",
      "properties": {
        "@id": "relation/20270875",
        "name": "Mine Mountain Trail",
        "route": "hiking",
        "type": "route",
        "@geometry": "center"
      },
      "geometry": {
        "type": "Point",
        "coordinates": [
          -82.6109824,
          35.163348
        ]
      },
      "id": "relation/20270875"
    },
    {
      "type": "Feature",
      "properties": {
        "@id": "relation/20575930",
        "colour": "yellow",
        "name": "Salamander Spur Trail",
        "osmc:symbol": "yellow::yellow_diamond",
        "route": "hiking",
        "type": "route",
        "@geometry": "center"
      },
      "geometry": {
        "type": "Point",
        "coordinates": [
          -82.5778092,
          35.2375894
        ]
      },
      "id": "relation/20575930"
    },
    {
      "type": "Feature",
      "properties": {
        "@id": "relation/20575932",
        "colour": "red",
        "name": "Demonstration Trail",
        "osmc:symbol": "red::red_diamond",
        "route": "hiking",
        "type": "route",
        "@geometry": "center"
      },
      "geometry": {
        "type": "Point",
        "coordinates": [
          -82.5789392,
          35.2343852
        ]
      },
      "id": "relation/20575932"
    },
    {
      "type": "Feature",
      "properties": {
        "@id": "relation/20575995",
        "colour": "green",
        "name": "Talking Tree Trail",
        "osmc:symbol": "green",
        "route": "hiking",
        "type": "route",
        "@geometry": "center"
      },
      "geometry": {
        "type": "Point",
        "coordinates": [
          -82.5795464,
          35.2377262
        ]
      },
      "id": "relation/20575995"
    },
    {
      "type": "Feature",
      "properties": {
        "@id": "relation/20729976",
        "colour": "orange",
        "name": "Volunteer Loop Trail",
        "operator": "Cove Lake State Park",
        "roundtrip": "yes",
        "route": "hiking",
        "type": "route",
        "@geometry": "center"
      },
      "geometry": {
        "type": "Point",
        "coordinates": [
          -84.2296042,
          36.309689
        ]
      },
      "id": "relation/20729976"
    }
  ]
}