{
  "type": "FeatureCollection",
  "generator": "overpass-turbo",
  "copyright": "The data included in this document is from www.openstreetmap.org. The data is made available under ODbL.",
  "timestamp": "2026-06-28T00:57:51Z",
  "features": [
    {
      "type": "Feature",
      "properties": {
        "@id": "relation/60223",
        "ele": "6",
        "gnis:feature_id": "1502102",
        "name": "Lake Prince",
        "natural": "water",
        "type": "multipolygon",
        "water": "reservoir",
        "@geometry": "center"
      },
      "geometry": {
        "type": "Point",
        "coordinates": [
          -76.6534302,
          36.8061179
        ]
      },
      "id": "relation/60223"
    },
    {
      "type": "Feature",
      "properties": {
        "@id": "relation/109844",
        "name": "Mary Elmer Lake",
        "natural": "water",
        "type": "multipolygon",
        "water": "lake",
        "wikidata": "Q6779475",
        "@geometry": "center"
      },
      "geometry": {
        "type": "Point",
        "coordinates": [
          -75.2506298,
          39.4468899
        ]
      },
      "id": "relation/109844"
    },
    {
      "type": "Feature",
      "properties": {
        "@id": "relation/168709",
        "intermittent": "no",
        "name": "Burke Lake",
        "natural": "water",
        "operator": "Virginia Department of Game and Inland Fisheries",
        "type": "multipolygon",
        "water": "reservoir",
        "wikidata": "Q4998945",
        "wikipedia": "en:Burke Lake",
        "@geometry": "center"
      },
      "geometry": {
        "type": "Point",
        "coordinates": [
          -77.3010151,
          38.7626657
        ]
      },
      "id": "relation/168709"
    },
    {
      "type": "Feature",
      "properties": {
        "@id": "relation/177702",
        "NHD:ComID": "8466167",
        "NHD:FCode": "39004",
        "NHD:FDate": "1999/08/13",
        "NHD:FTYPE": "LakePond",
        "NHD:GNIS_Name": "Lake of the Woods",
        "NHD:RESOLUTION": "Medium",
        "NHD:ReachCode": "02080103001396",
        "gnis:feature_id": "1492122",
        "name": "Lake Of The Woods",
        "natural": "water",
        "type": "multipolygon",
        "water": "reservoir",
        "@geometry": "center"
      },
      "geometry": {
        "type": "Point",
        "coordinates": [
          -77.7659304,
          38.3366751
        ]
      },
      "id": "relation/177702"
    },
    {
      "type": "Feature",
      "properties": {
        "@id": "relation/177704",
        "NHD:ComID": "8488868",
        "NHD:FCode": "39004",
        "NHD:FDate": "1999/08/13",
        "NHD:FTYPE": "LakePond",
        "NHD:RESOLUTION": "Medium",
        "NHD:ReachCode": "02080105001454",
        "gnis:feature_id": "1490890",
        "name": "Cool Spring Lake",
        "natural": "water",
        "type": "multipolygon",
        "water": "reservoir",
        "@geometry": "center"
      },
      "geometry": {
        "type": "Point",
        "coordinates": [
          -77.6534485,
          38.298951
        ]
      },
      "id": "relation/177704"
    },
    {
      "type": "Feature",
      "properties": {
        "@id": "relation/177708",
        "ele": "105",
        "gnis:feature_id": "1489519",
        "name": "Brandy Rock Farm Lake",
        "natural": "water",
        "type": "multipolygon",
        "water": "reservoir",
        "@geometry": "center"
      },
      "geometry": {
        "type": "Point",
        "coordinates": [
          -77.9034466,
          38.5421038
        ]
      },
      "id": "relation/177708"
    },
    {
      "type": "Feature",
      "properties": {
        "@id": "relation/216178",
        "NHD:ComID": "44343014",
        "NHD:Elevation": "1170.00000000000",
        "NHD:FCode": "43613",
        "NHD:FDate": "2002/07/02",
        "NHD:FTYPE": "Reservoir",
        "NHD:RESOLUTION": "High",
        "NHD:ReachCode": "03010101003097",
        "gnis:feature_id": "1489252",
        "name": "Carvins Cove Reservoir",
        "natural": "water",
        "source": "National Hydrography Dataset (http://nhd.usgs.gov/)",
        "type": "multipolygon",
        "water": "reservoir",
        "@geometry": "center"
      },
      "geometry": {
        "type": "Point",
        "coordinates": [
          -79.9614754,
          37.3871764
        ]
      },
      "id": "relation/216178"
    },
    {
      "type": "Feature",
      "properties": {
        "@id": "relation/216473",
        "NHD:ComID": "44342257",
        "NHD:Elevation": "878.00000000000",
        "NHD:FCode": "39009",
        "NHD:FDate": "2005/08/26",
        "NHD:FTYPE": "LakePond",
        "NHD:RESOLUTION": "High",
        "NHD:ReachCode": "03010101003082",
        "ele": "268",
        "gnis:feature_id": "1502095",
        "name": "Pine Lake",
        "natural": "water",
        "source": "National Hydrography Dataset (http://nhd.usgs.gov/)",
        "type": "multipolygon",
        "water": "reservoir",
        "@geometry": "center"
      },
      "geometry": {
        "type": "Point",
        "coordinates": [
          -79.1733318,
          37.3238912
        ]
      },
      "id": "relation/216473"
    },
    {
      "type": "Feature",
      "properties": {
        "@id": "relation/216474",
        "NHD:ComID": "44341995",
        "NHD:Elevation": "2494.00000000000",
        "NHD:FCode": "39009",
        "NHD:FDate": "2002/07/02",
        "NHD:FTYPE": "LakePond",
        "NHD:GNIS_Name": "Peaks of Otter Lake",
        "NHD:RESOLUTION": "High",
        "NHD:ReachCode": "03010101003073",
        "ele": "755",
        "gnis:feature_id": "1489220",
        "name": "Abbott Lake",
        "natural": "water",
        "source": "National Hydrography Dataset (http://nhd.usgs.gov/)",
        "type": "multipolygon",
        "water": "reservoir",
        "wikidata": "Q47467759",
        "@geometry": "center"
      },
      "geometry": {
        "type": "Point",
        "coordinates": [
          -79.6047305,
          37.4462527
        ]
      },
      "id": "relation/216474"
    },
    {
      "type": "Feature",
      "properties": {
        "@id": "relation/216476",
        "NHD:ComID": "44348514",
        "NHD:Elevation": "604.00000000000",
        "NHD:FCode": "39009",
        "NHD:FDate": "2002/07/02",
        "NHD:FTYPE": "LakePond",
        "NHD:RESOLUTION": "High",
        "NHD:ReachCode": "03010101009926",
        "ele": "186",
        "gnis:feature_id": "1490560",
        "name": "Leesville Lake",
        "natural": "water",
        "source": "National Hydrography Dataset (http://nhd.usgs.gov/)",
        "type": "multipolygon",
        "water": "reservoir",
        "wikidata": "Q7348242",
        "@geometry": "center"
      },
      "geometry": {
        "type": "Point",
        "coordinates": [
          -79.4632903,
          37.0390343
        ]
      },
      "id": "relation/216476"
    },
    {
      "type": "Feature",
      "properties": {
        "@id": "relation/223196",
        "ele": "167",
        "gnis:feature_id": "1489141",
        "name": "Reusens Reservoir",
        "natural": "water",
        "type": "multipolygon",
        "water": "reservoir",
        "@geometry": "center"
      },
      "geometry": {
        "type": "Point",
        "coordinates": [
          -79.2246726,
          37.4869648
        ]
      },
      "id": "relation/223196"
    },
    {
      "type": "Feature",
      "properties": {
        "@id": "relation/223706",
        "NHD:ComID": "150401546",
        "NHD:Elevation": "127.40000000000",
        "NHD:FCode": "39009",
        "NHD:FDate": "2006/08/29",
        "NHD:FTYPE": "LakePond",
        "NHD:RESOLUTION": "High",
        "NHD:ReachCode": "03010102002685",
        "ele": "131",
        "gnis:feature_id": "1489410",
        "name": "Roanoke Creek Site 35-A Lake",
        "natural": "water",
        "source": "NHD",
        "type": "multipolygon",
        "water": "reservoir",
        "@geometry": "center"
      },
      "geometry": {
        "type": "Point",
        "coordinates": [
          -78.6383682,
          37.0358754
        ]
      },
      "id": "relation/223706"
    },
    {
      "type": "Feature",
      "properties": {
        "@id": "relation/223799",
        "NHD:ComID": "150403637",
        "NHD:Elevation": "77.70000000000",
        "NHD:FCode": "39009",
        "NHD:FDate": "2006/08/29",
        "NHD:FTYPE": "LakePond",
        "NHD:ReachCode": "03010102002860",
        "ele": "87",
        "gnis:feature_id": "1024053",
        "name": "Island Creek Reservoir",
        "natural": "water",
        "source": "NHD",
        "type": "multipolygon",
        "water": "reservoir",
        "wikidata": "Q1674189",
        "@geometry": "center"
      },
      "geometry": {
        "type": "Point",
        "coordinates": [
          -78.4592375,
          36.5437372
        ]
      },
      "id": "relation/223799"
    },
    {
      "type": "Feature",
      "properties": {
        "@id": "relation/223999",
        "NHD:ComID": "150404345",
        "NHD:Elevation": "91.40000000000",
        "NHD:FCode": "39009",
        "NHD:FDate": "2006/08/30",
        "NHD:FTYPE": "LakePond",
        "NHD:ReachCode": "03010102003081",
        "alt_name": "Buggs Island Lake;Bugg’s Island Lake;Kerr Reservoir",
        "gnis:feature_id": "1501629",
        "loc_name": "Buggs Island Lake;Kerr Lake",
        "name": "Kerr Lake;Buggs Island Lake",
        "name:en": "Kerr Lake;Buggs Island Lake",
        "name:en-u-sd-usnc": "Kerr Lake",
        "name:en-u-sd-usva": "Buggs Island Lake",
        "nat_name": "John H. Kerr Reservoir",
        "natural": "water",
        "official_name": "John H. Kerr Reservoir",
        "reg_name": "Buggs Island Lake;Kerr Lake",
        "reg_name:en-u-sd-usnc": "Kerr Lake",
        "reg_name:en-u-sd-usva": "Buggs Island Lake",
        "source": "NHD",
        "type": "multipolygon",
        "water": "reservoir",
        "wikidata": "Q1700320",
        "@geometry": "center"
      },
      "geometry": {
        "type": "Point",
        "coordinates": [
          -78.5093873,
          36.5588978
        ]
      },
      "id": "relation/223999"
    },
    {
      "type": "Feature",
      "properties": {
        "@id": "relation/226905",
        "NHD:ComID": "136642588",
        "NHD:Elevation": "296.90000000000",
        "NHD:FCode": "39009",
        "NHD:FDate": "2005/06/30",
        "NHD:FTYPE": "LakePond",
        "NHD:RESOLUTION": "High",
        "NHD:ReachCode": "03010103002650",
        "gnis:feature_id": "1488948",
        "name": "Philpott Lake",
        "natural": "water",
        "source": "National Hydrography Dataset (http://nhd.usgs.gov/)",
        "type": "multipolygon",
        "water": "reservoir",
        "wikidata": "Q7186307",
        "wikipedia": "en:Philpott Lake",
        "@geometry": "center"
      },
      "geometry": {
        "type": "Point",
        "coordinates": [
          -80.0796335,
          36.8164478
        ]
      },
      "id": "relation/226905"
    },
    {
      "type": "Feature",
      "properties": {
        "@id": "relation/232910",
        "NHD:ComID": "150486539",
        "NHD:Elevation": "61.00000000000",
        "NHD:FCode": "39009",
        "NHD:FDate": "2009/01/23",
        "NHD:FTYPE": "LakePond",
        "NHD:RESOLUTION": "High",
        "NHD:ReachCode": "03010106003784",
        "ele": "61",
        "fixme": "correct feature outline",
        "gnis:feature_id": "985605",
        "name": "Lake Gaston",
        "natural": "water",
        "source": "National Hydrography Dataset (http://nhd.usgs.gov/)",
        "type": "multipolygon",
        "water": "reservoir",
        "wikidata": "Q732199",
        "wikipedia": "en:Lake Gaston",
        "@geometry": "center"
      },
      "geometry": {
        "type": "Point",
        "coordinates": [
          -78.0553223,
          36.5441206
        ]
      },
      "id": "relation/232910"
    },
    {
      "type": "Feature",
      "properties": {
        "@id": "relation/271304",
        "name": "Paint Creek Lake",
        "natural": "water",
        "type": "multipolygon",
        "water": "reservoir",
        "@geometry": "center"
      },
      "geometry": {
        "type": "Point",
        "coordinates": [
          -83.3967023,
          39.2688141
        ]
      },
      "id": "relation/271304"
    },
    {
      "type": "Feature",
      "properties": {
        "@id": "relation/273118",
        "NHD:ComID": "135975864",
        "NHD:Elevation": "117.00000000000",
        "NHD:FCode": "39009",
        "NHD:FDate": "2005/06/03",
        "NHD:FTYPE": "LakePond",
        "NHD:RESOLUTION": "High",
        "NHD:ReachCode": "03010201002690",
        "ele": "35",
        "gnis:feature_id": "1502128",
        "name": "Slagles Lake",
        "natural": "water",
        "source": "National Hydrography Dataset (http://nhd.usgs.gov/)",
        "type": "multipolygon",
        "water": "reservoir",
        "wikidata": "Q49702676",
        "@geometry": "center"
      },
      "geometry": {
        "type": "Point",
        "coordinates": [
          -77.5284144,
          36.7590539
        ]
      },
      "id": "relation/273118"
    },
    {
      "type": "Feature",
      "properties": {
        "@id": "relation/273135",
        "alt_name": "Fort Pickett Resevoir",
        "ele": "75",
        "gnis:feature_id": "1471680",
        "name": "Nottoway Reservoir",
        "natural": "water",
        "type": "multipolygon",
        "water": "reservoir",
        "@geometry": "center"
      },
      "geometry": {
        "type": "Point",
        "coordinates": [
          -77.9814785,
          36.9999451
        ]
      },
      "id": "relation/273135"
    },
    {
      "type": "Feature",
      "properties": {
        "@id": "relation/273138",
        "NHD:ComID": "135964325",
        "NHD:Elevation": "59.00000000000",
        "NHD:FCode": "39009",
        "NHD:FDate": "2005/06/03",
        "NHD:FTYPE": "LakePond",
        "NHD:RESOLUTION": "High",
        "NHD:ReachCode": "03010201002396",
        "ele": "17",
        "gnis:feature_id": "1502079",
        "name": "Nebletts Millpond",
        "natural": "water",
        "source": "National Hydrography Dataset (http://nhd.usgs.gov/)",
        "type": "multipolygon",
        "water": "reservoir",
        "@geometry": "center"
      },
      "geometry": {
        "type": "Point",
        "coordinates": [
          -77.2194305,
          37.007941
        ]
      },
      "id": "relation/273138"
    },
    {
      "type": "Feature",
      "properties": {
        "@id": "relation/274217",
        "NHD:ComID": "155802623",
        "NHD:Elevation": "63.10000000000",
        "NHD:FCode": "39009",
        "NHD:FDate": "2007/05/14",
        "NHD:FTYPE": "LakePond",
        "NHD:RESOLUTION": "High",
        "NHD:ReachCode": "03010204002048",
        "ele": "65",
        "gnis:feature_id": "1489256",
        "name": "Brunswick County Lake",
        "natural": "water",
        "source": "National Hydrography Dataset (http://nhd.usgs.gov/)",
        "type": "multipolygon",
        "water": "reservoir",
        "wikidata": "Q49700122",
        "@geometry": "center"
      },
      "geometry": {
        "type": "Point",
        "coordinates": [
          -77.7383061,
          36.7902153
        ]
      },
      "id": "relation/274217"
    },
    {
      "type": "Feature",
      "properties": {
        "@id": "relation/274358",
        "NHD:ComID": "155803700",
        "NHD:Elevation": "18.60000000000",
        "NHD:FCode": "39009",
        "NHD:FDate": "2007/05/14",
        "NHD:FTYPE": "LakePond",
        "NHD:RESOLUTION": "High",
        "NHD:ReachCode": "03010204002177",
        "ele": "18",
        "gnis:feature_id": "1489950",
        "name": "Bryants Millpond",
        "natural": "water",
        "source": "National Hydrography Dataset (http://nhd.usgs.gov/)",
        "type": "multipolygon",
        "water": "reservoir",
        "@geometry": "center"
      },
      "geometry": {
        "type": "Point",
        "coordinates": [
          -77.44884,
          36.5789903
        ]
      },
      "id": "relation/274358"
    },
    {
      "type": "Feature",
      "properties": {
        "@id": "relation/274856",
        "ele": "2",
        "gnis:feature_id": "1502140",
        "name": "Stumpy Lake",
        "natural": "water",
        "reservoir_type": "water_storage",
        "source": "NHD",
        "type": "multipolygon",
        "water": "reservoir",
        "@geometry": "center"
      },
      "geometry": {
        "type": "Point",
        "coordinates": [
          -76.1552952,
          36.7660714
        ]
      },
      "id": "relation/274856"
    },
    {
      "type": "Feature",
      "properties": {
        "@id": "relation/304898",
        "NHD:ComID": "49115374",
        "NHD:FCode": "39004",
        "NHD:FDate": "2004/11/19",
        "NHD:FTYPE": "LakePond",
        "NHD:RESOLUTION": "High",
        "NHD:ReachCode": "05050001002791",
        "gnis:feature_id": "1501983",
        "name": "Claytor Lake",
        "natural": "water",
        "source": "National Hydrography Dataset (http://nhd.usgs.gov/)",
        "type": "multipolygon",
        "water": "reservoir",
        "wikidata": "Q5130389",
        "wikipedia": "en:Claytor Lake",
        "@geometry": "center"
      },
      "geometry": {
        "type": "Point",
        "coordinates": [
          -80.6666099,
          37.0244367
        ]
      },
      "id": "relation/304898"
    },
    {
      "type": "Feature",
      "properties": {
        "@id": "relation/383766",
        "name": "Georgetown Reservoir",
        "natural": "water",
        "type": "multipolygon",
        "water": "reservoir",
        "wikidata": "Q7336467",
        "@geometry": "center"
      },
      "geometry": {
        "type": "Point",
        "coordinates": [
          -77.0930566,
          38.912487
        ]
      },
      "id": "relation/383766"
    },
    {
      "type": "Feature",
      "properties": {
        "@id": "relation/934535",
        "ele": "7",
        "gnis:feature_id": "594474",
        "name": "Pond Number Three",
        "natural": "water",
        "type": "multipolygon",
        "water": "reservoir",
        "wikidata": "Q34915664",
        "@geometry": "center"
      },
      "geometry": {
        "type": "Point",
        "coordinates": [
          -76.4258256,
          38.2671928
        ]
      },
      "id": "relation/934535"
    },
    {
      "type": "Feature",
      "properties": {
        "@id": "relation/1278447",
        "ele": "42",
        "gnis:feature_id": "1710565",
        "name": "Burba Lake",
        "natural": "water",
        "source": "yahoo_wms",
        "type": "multipolygon",
        "water": "reservoir",
        "@geometry": "center"
      },
      "geometry": {
        "type": "Point",
        "coordinates": [
          -76.7348979,
          39.0955669
        ]
      },
      "id": "relation/1278447"
    },
    {
      "type": "Feature",
      "properties": {
        "@id": "relation/1283958",
        "name": "Liberty Reservoir",
        "natural": "water",
        "type": "multipolygon",
        "water": "reservoir",
        "wikidata": "Q6541929",
        "wikipedia": "en:Liberty Reservoir",
        "@geometry": "center"
      },
      "geometry": {
        "type": "Point",
        "coordinates": [
          -76.9078023,
          39.4375766
        ]
      },
      "id": "relation/1283958"
    },
    {
      "type": "Feature",
      "properties": {
        "@id": "relation/1319505",
        "name": "Boat Lake",
        "natural": "water",
        "type": "multipolygon",
        "water": "lake",
        "@geometry": "center"
      },
      "geometry": {
        "type": "Point",
        "coordinates": [
          -76.6471902,
          39.3211915
        ]
      },
      "id": "relation/1319505"
    },
    {
      "type": "Feature",
      "properties": {
        "@id": "relation/1351324",
        "boat": "designated",
        "ele": "75",
        "gnis:feature_id": "598364",
        "name": "Lake Roland",
        "natural": "water",
        "source": "USGS Ortho",
        "type": "multipolygon",
        "water": "reservoir",
        "wikidata": "Q6477540",
        "wikipedia": "en:Lake Roland (Maryland)",
        "@geometry": "center"
      },
      "geometry": {
        "type": "Point",
        "coordinates": [
          -76.6421649,
          39.3844826
        ]
      },
      "id": "relation/1351324"
    },
    {
      "type": "Feature",
      "properties": {
        "@id": "relation/1401089",
        "fishing": "no",
        "name": "Centennial Lake",
        "natural": "water",
        "type": "multipolygon",
        "water": "lake",
        "wikidata": "Q7351785",
        "wikipedia": "en:Lake Centennial (Maryland)",
        "@geometry": "center"
      },
      "geometry": {
        "type": "Point",
        "coordinates": [
          -76.8602303,
          39.2425877
        ]
      },
      "id": "relation/1401089"
    },
    {
      "type": "Feature",
      "properties": {
        "@id": "relation/1870168",
        "fishing": "yes",
        "intermittent": "no",
        "name": "Kingman Lake",
        "natural": "water",
        "source": "USGS Ortho",
        "type": "multipolygon",
        "water": "reservoir",
        "wikidata": "Q6412820",
        "wikipedia": "en:Kingman Lake",
        "@geometry": "center"
      },
      "geometry": {
        "type": "Point",
        "coordinates": [
          -76.9640615,
          38.89611
        ]
      },
      "id": "relation/1870168"
    },
    {
      "type": "Feature",
      "properties": {
        "@id": "relation/1906616",
        "gnis:feature_id": "1502086",
        "name": "Occoquan Reservoir",
        "natural": "water",
        "type": "multipolygon",
        "water": "reservoir",
        "wikidata": "Q7075727",
        "@geometry": "center"
      },
      "geometry": {
        "type": "Point",
        "coordinates": [
          -77.3441826,
          38.717312
        ]
      },
      "id": "relation/1906616"
    },
    {
      "type": "Feature",
      "properties": {
        "@id": "relation/2021699",
        "gnis:feature_id": "1559063",
        "name": "Doctor Daniel Hale Lake",
        "natural": "water",
        "type": "multipolygon",
        "water": "reservoir",
        "@geometry": "center"
      },
      "geometry": {
        "type": "Point",
        "coordinates": [
          -81.1868623,
          37.3188471
        ]
      },
      "id": "relation/2021699"
    },
    {
      "type": "Feature",
      "properties": {
        "@id": "relation/2021701",
        "ele": "816",
        "gnis:feature_id": "1559078",
        "name": "Ada Lake",
        "natural": "water",
        "type": "multipolygon",
        "water": "reservoir",
        "@geometry": "center"
      },
      "geometry": {
        "type": "Point",
        "coordinates": [
          -81.1506134,
          37.2810794
        ]
      },
      "id": "relation/2021701"
    },
    {
      "type": "Feature",
      "properties": {
        "@id": "relation/2021731",
        "ele": "739",
        "gnis:feature_id": "1559080",
        "name": "Horton Lake",
        "natural": "water",
        "type": "multipolygon",
        "water": "reservoir",
        "@geometry": "center"
      },
      "geometry": {
        "type": "Point",
        "coordinates": [
          -81.1765795,
          37.2772529
        ]
      },
      "id": "relation/2021731"
    },
    {
      "type": "Feature",
      "properties": {
        "@id": "relation/2023902",
        "gnis:feature_id": "1549549",
        "name": "R. D. Bailey Lake",
        "natural": "water",
        "type": "multipolygon",
        "water": "reservoir",
        "wikidata": "Q7273557",
        "wikipedia": "en:R. D. Bailey Lake",
        "@geometry": "center"
      },
      "geometry": {
        "type": "Point",
        "coordinates": [
          -81.788417,
          37.6108994
        ]
      },
      "id": "relation/2023902"
    },
    {
      "type": "Feature",
      "properties": {
        "@id": "relation/2067206",
        "intermittent": "no",
        "name": "Laurel Lake",
        "natural": "water",
        "type": "multipolygon",
        "water": "reservoir",
        "@geometry": "center"
      },
      "geometry": {
        "type": "Point",
        "coordinates": [
          -82.295491,
          37.2889831
        ]
      },
      "id": "relation/2067206"
    },
    {
      "type": "Feature",
      "properties": {
        "@id": "relation/2175169",
        "gnis:feature_id": "584060",
        "name": "Deep Creek Lake",
        "natural": "water",
        "tidal": "no",
        "type": "multipolygon",
        "water": "reservoir",
        "wikidata": "Q14213258",
        "wikipedia": "en:Deep Creek Lake",
        "@geometry": "center"
      },
      "geometry": {
        "type": "Point",
        "coordinates": [
          -79.3209952,
          39.5039149
        ]
      },
      "id": "relation/2175169"
    },
    {
      "type": "Feature",
      "properties": {
        "@id": "relation/2325291",
        "gnis:feature_id": "597978",
        "name": "Rocky Gorge Reservoir",
        "natural": "water",
        "type": "multipolygon",
        "water": "reservoir",
        "wikidata": "Q7350741",
        "wikipedia": "en:Rocky Gorge Reservoir",
        "@geometry": "center"
      },
      "geometry": {
        "type": "Point",
        "coordinates": [
          -76.9190502,
          39.1313485
        ]
      },
      "id": "relation/2325291"
    },
    {
      "type": "Feature",
      "properties": {
        "@id": "relation/2441329",
        "ele": "111",
        "gnis:feature_id": "594227",
        "name": "Triadelphia Reservoir",
        "natural": "water",
        "type": "multipolygon",
        "water": "reservoir",
        "wikidata": "Q7350748",
        "wikipedia": "en:Triadelphia Reservoir",
        "@geometry": "center"
      },
      "geometry": {
        "type": "Point",
        "coordinates": [
          -77.022925,
          39.2204693
        ]
      },
      "id": "relation/2441329"
    },
    {
      "type": "Feature",
      "properties": {
        "@id": "relation/2546761",
        "ele": "123",
        "gnis:feature_id": "1502014",
        "name": "Farmville Lake",
        "natural": "water",
        "type": "multipolygon",
        "water": "reservoir",
        "@geometry": "center"
      },
      "geometry": {
        "type": "Point",
        "coordinates": [
          -78.4224373,
          37.2420274
        ]
      },
      "id": "relation/2546761"
    },
    {
      "type": "Feature",
      "properties": {
        "@id": "relation/2558966",
        "name": "Patterson Park Boat Lake",
        "natural": "water",
        "start_date": "1874",
        "type": "multipolygon",
        "water": "lake",
        "@geometry": "center"
      },
      "geometry": {
        "type": "Point",
        "coordinates": [
          -76.5808916,
          39.2879636
        ]
      },
      "id": "relation/2558966"
    },
    {
      "type": "Feature",
      "properties": {
        "@id": "relation/2581860",
        "name": "Staunton Reservoir",
        "natural": "water",
        "type": "multipolygon",
        "water": "reservoir",
        "@geometry": "center"
      },
      "geometry": {
        "type": "Point",
        "coordinates": [
          -79.208184,
          38.331428
        ]
      },
      "id": "relation/2581860"
    },
    {
      "type": "Feature",
      "properties": {
        "@id": "relation/2768048",
        "description": "Known as Mirror Lake. Last tidal pond before the Silver Lake Dam.",
        "intermittent": "no",
        "name": "Mirror Lake",
        "natural": "water",
        "type": "multipolygon",
        "water": "lake",
        "@geometry": "center"
      },
      "geometry": {
        "type": "Point",
        "coordinates": [
          -75.519431,
          39.160055
        ]
      },
      "id": "relation/2768048"
    },
    {
      "type": "Feature",
      "properties": {
        "@id": "relation/2847011",
        "name": "Lake Anna",
        "natural": "water",
        "salt": "no",
        "type": "multipolygon",
        "water": "reservoir",
        "wikidata": "Q6474784",
        "wikipedia": "en:Lake Anna",
        "@geometry": "center"
      },
      "geometry": {
        "type": "Point",
        "coordinates": [
          -77.8414001,
          38.0727468
        ]
      },
      "id": "relation/2847011"
    },
    {
      "type": "Feature",
      "properties": {
        "@id": "relation/2868693",
        "boat": "no",
        "name": "Lake Ashby",
        "natural": "water",
        "source": "bing",
        "type": "multipolygon",
        "water": "lake",
        "@geometry": "center"
      },
      "geometry": {
        "type": "Point",
        "coordinates": [
          -77.6988049,
          38.7431351
        ]
      },
      "id": "relation/2868693"
    },
    {
      "type": "Feature",
      "properties": {
        "@id": "relation/2915829",
        "name": "Cranks Creek Lake",
        "natural": "water",
        "start_date": "1963",
        "type": "multipolygon",
        "water": "reservoir",
        "wikidata": "Q5182193",
        "wikipedia": "en:Cranks Creek Lake",
        "@geometry": "center"
      },
      "geometry": {
        "type": "Point",
        "coordinates": [
          -83.2250329,
          36.7440662
        ]
      },
      "id": "relation/2915829"
    },
    {
      "type": "Feature",
      "properties": {
        "@id": "relation/3144451",
        "ele": "43",
        "gnis:feature_id": "1502141",
        "name": "Swift Creek Lake",
        "natural": "water",
        "type": "multipolygon",
        "water": "reservoir",
        "wikidata": "Q49702862",
        "@geometry": "center"
      },
      "geometry": {
        "type": "Point",
        "coordinates": [
          -77.5594736,
          37.3871549
        ]
      },
      "id": "relation/3144451"
    },
    {
      "type": "Feature",
      "properties": {
        "@id": "relation/3223048",
        "alt_name": "Lakeview Lake",
        "ele": "15",
        "gnis:feature_id": "1739849;1489469",
        "name": "Swift Creek Lake",
        "natural": "water",
        "type": "multipolygon",
        "water": "reservoir",
        "@geometry": "center"
      },
      "geometry": {
        "type": "Point",
        "coordinates": [
          -77.4248511,
          37.2733869
        ]
      },
      "id": "relation/3223048"
    },
    {
      "type": "Feature",
      "properties": {
        "@id": "relation/3238905",
        "name": "Buckhorn Lake",
        "natural": "water",
        "type": "multipolygon",
        "water": "reservoir",
        "wikidata": "Q4983157",
        "wikipedia": "en:Buckhorn Lake (Kentucky)",
        "@geometry": "center"
      },
      "geometry": {
        "type": "Point",
        "coordinates": [
          -83.4216215,
          37.3029438
        ]
      },
      "id": "relation/3238905"
    },
    {
      "type": "Feature",
      "properties": {
        "@id": "relation/3239080",
        "name": "John W. Flannagan Reservoir",
        "natural": "water",
        "type": "multipolygon",
        "water": "reservoir",
        "@geometry": "center"
      },
      "geometry": {
        "type": "Point",
        "coordinates": [
          -82.3925567,
          37.2052345
        ]
      },
      "id": "relation/3239080"
    },
    {
      "type": "Feature",
      "properties": {
        "@id": "relation/3243311",
        "name": "Paintsville Lake",
        "natural": "water",
        "type": "multipolygon",
        "water": "lake",
        "wikidata": "Q7125102",
        "wikipedia": "en:Paintsville Lake",
        "@geometry": "center"
      },
      "geometry": {
        "type": "Point",
        "coordinates": [
          -82.9397135,
          37.8860441
        ]
      },
      "id": "relation/3243311"
    },
    {
      "type": "Feature",
      "properties": {
        "@id": "relation/3252130",
        "ele": "215",
        "gnis:feature_id": "493224",
        "name": "Grayson Lake",
        "natural": "water",
        "type": "multipolygon",
        "water": "lake",
        "wikidata": "Q5598412",
        "wikipedia": "en:Grayson Lake",
        "@geometry": "center"
      },
      "geometry": {
        "type": "Point",
        "coordinates": [
          -83.0297532,
          38.1881487
        ]
      },
      "id": "relation/3252130"
    },
    {
      "type": "Feature",
      "properties": {
        "@id": "relation/3252279",
        "name": "Cave Run Lake",
        "natural": "water",
        "type": "multipolygon",
        "water": "reservoir",
        "wikidata": "Q5054916",
        "wikipedia": "en:Cave Run Lake",
        "@geometry": "center"
      },
      "geometry": {
        "type": "Point",
        "coordinates": [
          -83.4525857,
          38.0364481
        ]
      },
      "id": "relation/3252279"
    },
    {
      "type": "Feature",
      "properties": {
        "@id": "relation/3295442",
        "NHD:ComID": "8467729",
        "NHD:FCode": "39004",
        "NHD:FDate": "1999/09/02",
        "NHD:FTYPE": "LakePond",
        "NHD:RESOLUTION": "Medium",
        "NHD:ReachCode": "02080103001361",
        "gnis:feature_id": "1472179",
        "name": "Lake Culpeper",
        "natural": "water",
        "type": "multipolygon",
        "water": "lake",
        "@geometry": "center"
      },
      "geometry": {
        "type": "Point",
        "coordinates": [
          -78.0319048,
          38.4650044
        ]
      },
      "id": "relation/3295442"
    },
    {
      "type": "Feature",
      "properties": {
        "@id": "relation/3365022",
        "ele": "47",
        "gnis:feature_id": "1502003;1465920",
        "landuse": "reservoir",
        "name": "Dover Lake",
        "natural": "water",
        "type": "multipolygon",
        "water": "lake",
        "@geometry": "center"
      },
      "geometry": {
        "type": "Point",
        "coordinates": [
          -77.7416632,
          37.62915
        ]
      },
      "id": "relation/3365022"
    },
    {
      "type": "Feature",
      "properties": {
        "@id": "relation/3373880",
        "ele": "53",
        "gnis:feature_id": "1489896",
        "landuse": "reservoir",
        "name": "Richmonds Pond",
        "natural": "water",
        "type": "multipolygon",
        "water": "lake",
        "@geometry": "center"
      },
      "geometry": {
        "type": "Point",
        "coordinates": [
          -77.8151324,
          37.647816
        ]
      },
      "id": "relation/3373880"
    },
    {
      "type": "Feature",
      "properties": {
        "@id": "relation/3375207",
        "description": "Man made lake for fishing, boating, and swimming",
        "fishing": "private",
        "intermittent": "no",
        "name": "Lake Dillon",
        "natural": "water",
        "salt": "no",
        "tidal": "no",
        "type": "multipolygon",
        "water": "lake",
        "@geometry": "center"
      },
      "geometry": {
        "type": "Point",
        "coordinates": [
          -77.8617042,
          37.678887
        ]
      },
      "id": "relation/3375207"
    },
    {
      "type": "Feature",
      "properties": {
        "@id": "relation/3467934",
        "ele": "68",
        "gnis:feature_id": "597348",
        "intermittent": "no",
        "name": "Druid Lake",
        "natural": "water",
        "source": "Yahoo aerial imagery",
        "start_date": "1871",
        "type": "multipolygon",
        "water": "reservoir",
        "wikidata": "Q105762253",
        "wikimedia_commons": "File:View from north side of Druid Lake towards Reservoir Hill, Druid Hill Park, 900 Druid Park Lake Drive, Baltimore, MD 21217 (36403063636).jpg",
        "wikipedia": "de:Druid Lake",
        "@geometry": "center"
      },
      "geometry": {
        "type": "Point",
        "coordinates": [
          -76.6353431,
          39.3181486
        ]
      },
      "id": "relation/3467934"
    },
    {
      "type": "Feature",
      "properties": {
        "@id": "relation/3539156",
        "name": "Yatesville Lake",
        "natural": "water",
        "note": "http://www.lrh-wc.usace.army.mil/wm/?basin/bsa/ybc",
        "type": "multipolygon",
        "water": "reservoir",
        "wikidata": "Q8050224",
        "wikipedia": "en:Yatesville Dam",
        "@geometry": "center"
      },
      "geometry": {
        "type": "Point",
        "coordinates": [
          -82.7304425,
          38.085199
        ]
      },
      "id": "relation/3539156"
    },
    {
      "type": "Feature",
      "properties": {
        "@id": "relation/3551641",
        "ele": "44",
        "intermittent": "no",
        "name": "Westhampton Lake",
        "natural": "water",
        "salt": "no",
        "tidal": "no",
        "type": "multipolygon",
        "water": "lake",
        "wikidata": "Q49703142",
        "@geometry": "center"
      },
      "geometry": {
        "type": "Point",
        "coordinates": [
          -77.5410107,
          37.5776864
        ]
      },
      "id": "relation/3551641"
    },
    {
      "type": "Feature",
      "properties": {
        "@id": "relation/3643184",
        "ele": "62",
        "gnis:feature_id": "1490013",
        "name": "Lucks Pond",
        "natural": "water",
        "type": "multipolygon",
        "water": "reservoir",
        "@geometry": "center"
      },
      "geometry": {
        "type": "Point",
        "coordinates": [
          -77.5053209,
          37.7720401
        ]
      },
      "id": "relation/3643184"
    },
    {
      "type": "Feature",
      "properties": {
        "@id": "relation/3655208",
        "name": "Piney Run Reservoir",
        "natural": "water",
        "type": "multipolygon",
        "water": "reservoir",
        "@geometry": "center"
      },
      "geometry": {
        "type": "Point",
        "coordinates": [
          -76.9852581,
          39.3971035
        ]
      },
      "id": "relation/3655208"
    },
    {
      "type": "Feature",
      "properties": {
        "@id": "relation/3823385",
        "ele": "88",
        "gnis:feature_id": "1462825",
        "name": "Bass Pond",
        "natural": "water",
        "type": "multipolygon",
        "water": "reservoir",
        "@geometry": "center"
      },
      "geometry": {
        "type": "Point",
        "coordinates": [
          -78.009436,
          37.5423533
        ]
      },
      "id": "relation/3823385"
    },
    {
      "type": "Feature",
      "properties": {
        "@id": "relation/3867528",
        "ele": "500",
        "gnis:feature_id": "1553142",
        "name": "Summersville Lake",
        "natural": "water",
        "source": "Yahoo",
        "type": "multipolygon",
        "water": "reservoir",
        "wikidata": "Q7637679",
        "@geometry": "center"
      },
      "geometry": {
        "type": "Point",
        "coordinates": [
          -80.8601341,
          38.2471308
        ]
      },
      "id": "relation/3867528"
    },
    {
      "type": "Feature",
      "properties": {
        "@id": "relation/3881986",
        "gnis:feature_id": "1539425",
        "name": "Glade Creek Reservoir",
        "natural": "water",
        "type": "multipolygon",
        "water": "reservoir",
        "@geometry": "center"
      },
      "geometry": {
        "type": "Point",
        "coordinates": [
          -81.0512034,
          37.6902973
        ]
      },
      "id": "relation/3881986"
    },
    {
      "type": "Feature",
      "properties": {
        "@id": "relation/3970889",
        "gnis:feature_id": "1489886",
        "name": "Broad Branch Lake",
        "natural": "water",
        "type": "multipolygon",
        "water": "reservoir",
        "@geometry": "center"
      },
      "geometry": {
        "type": "Point",
        "coordinates": [
          -77.7083415,
          37.6477063
        ]
      },
      "id": "relation/3970889"
    },
    {
      "type": "Feature",
      "properties": {
        "@id": "relation/3971084",
        "boat": "no",
        "golf": "water_hazard",
        "name": "Lake Manassas",
        "natural": "water",
        "type": "multipolygon",
        "water": "reservoir",
        "wikidata": "Q14712684",
        "wikipedia": "en:Lake Manassas",
        "@geometry": "center"
      },
      "geometry": {
        "type": "Point",
        "coordinates": [
          -77.6463643,
          38.7733698
        ]
      },
      "id": "relation/3971084"
    },
    {
      "type": "Feature",
      "properties": {
        "@id": "relation/4003368",
        "name": "South Holston Lake",
        "natural": "water",
        "type": "multipolygon",
        "water": "reservoir",
        "wikidata": "Q7334967",
        "wikipedia": "en:South Holston Lake",
        "@geometry": "center"
      },
      "geometry": {
        "type": "Point",
        "coordinates": [
          -82.0041528,
          36.5700171
        ]
      },
      "id": "relation/4003368"
    },
    {
      "type": "Feature",
      "properties": {
        "@id": "relation/4010071",
        "NHD:ComID": "8488866",
        "NHD:FCode": "39004",
        "NHD:FDate": "1999/08/13",
        "NHD:FTYPE": "LakePond",
        "NHD:RESOLUTION": "Medium",
        "NHD:ReachCode": "02080105001453",
        "ele": "92",
        "gnis:feature_id": "1490892",
        "name": "Hazel Grove Lake",
        "natural": "water",
        "type": "multipolygon",
        "water": "reservoir",
        "@geometry": "center"
      },
      "geometry": {
        "type": "Point",
        "coordinates": [
          -77.6652373,
          38.3041549
        ]
      },
      "id": "relation/4010071"
    },
    {
      "type": "Feature",
      "properties": {
        "@id": "relation/4012061",
        "NHD:ComID": "8466195",
        "NHD:FCode": "39004",
        "NHD:FDate": "1999/08/13",
        "NHD:FTYPE": "LakePond",
        "NHD:RESOLUTION": "Medium",
        "NHD:ReachCode": "02080103001404",
        "ele": "101",
        "gnis:feature_id": "1502028;1502028",
        "name": "Grant Lake",
        "natural": "water",
        "type": "multipolygon",
        "water": "reservoir",
        "@geometry": "center"
      },
      "geometry": {
        "type": "Point",
        "coordinates": [
          -77.7299661,
          38.299738
        ]
      },
      "id": "relation/4012061"
    },
    {
      "type": "Feature",
      "properties": {
        "@id": "relation/4012062",
        "NHD:ComID": "8466183",
        "NHD:FCode": "39004",
        "NHD:FDate": "1999/08/13",
        "NHD:FTYPE": "LakePond",
        "NHD:RESOLUTION": "Medium",
        "NHD:ReachCode": "02080103001402",
        "ele": "85",
        "gnis:feature_id": "1502161",
        "name": "Wilderness Run Lake",
        "natural": "water",
        "type": "multipolygon",
        "water": "reservoir",
        "@geometry": "center"
      },
      "geometry": {
        "type": "Point",
        "coordinates": [
          -77.7393923,
          38.3063085
        ]
      },
      "id": "relation/4012062"
    },
    {
      "type": "Feature",
      "properties": {
        "@id": "relation/4051773",
        "ele": "448",
        "gnis:feature_id": "1502172",
        "name": "Lake Moomaw",
        "natural": "water",
        "type": "multipolygon",
        "water": "reservoir",
        "wikidata": "Q6476990",
        "@geometry": "center"
      },
      "geometry": {
        "type": "Point",
        "coordinates": [
          -79.9526831,
          37.9777187
        ]
      },
      "id": "relation/4051773"
    },
    {
      "type": "Feature",
      "properties": {
        "@id": "relation/4054662",
        "name": "South Fork Rivanna Reservoir",
        "natural": "water",
        "type": "multipolygon",
        "water": "reservoir",
        "@geometry": "center"
      },
      "geometry": {
        "type": "Point",
        "coordinates": [
          -78.4910862,
          38.1103289
        ]
      },
      "id": "relation/4054662"
    },
    {
      "type": "Feature",
      "properties": {
        "@id": "relation/4054663",
        "ele": "60",
        "gnis:feature_id": "1489873",
        "name": "Picketts Creek Reservoir",
        "natural": "water",
        "type": "multipolygon",
        "water": "reservoir",
        "@geometry": "center"
      },
      "geometry": {
        "type": "Point",
        "coordinates": [
          -78.0471538,
          37.6655466
        ]
      },
      "id": "relation/4054663"
    },
    {
      "type": "Feature",
      "properties": {
        "@id": "relation/4054665",
        "ele": "96",
        "gnis:feature_id": "1502075",
        "name": "Lake Monticello",
        "natural": "water",
        "type": "multipolygon",
        "water": "reservoir",
        "@geometry": "center"
      },
      "geometry": {
        "type": "Point",
        "coordinates": [
          -78.3170559,
          37.917129
        ]
      },
      "id": "relation/4054665"
    },
    {
      "type": "Feature",
      "properties": {
        "@id": "relation/4054699",
        "ele": "63",
        "gnis:feature_id": "1501947",
        "intermittent": "no",
        "name": "Lake Barcroft",
        "natural": "water",
        "type": "multipolygon",
        "water": "reservoir",
        "@geometry": "center"
      },
      "geometry": {
        "type": "Point",
        "coordinates": [
          -77.1569356,
          38.8483445
        ]
      },
      "id": "relation/4054699"
    },
    {
      "type": "Feature",
      "properties": {
        "@id": "relation/4054700",
        "canoe": "designated",
        "fishing": "permit",
        "intermittent": "no",
        "name": "Silver Lake",
        "natural": "water",
        "salt": "no",
        "source": "local knowledge",
        "type": "multipolygon",
        "water": "lake",
        "@geometry": "center"
      },
      "geometry": {
        "type": "Point",
        "coordinates": [
          -77.6656778,
          38.8439573
        ]
      },
      "id": "relation/4054700"
    },
    {
      "type": "Feature",
      "properties": {
        "@id": "relation/4073639",
        "name": "John L Lewis Lake",
        "natural": "water",
        "type": "multipolygon",
        "water": "lake",
        "@geometry": "center"
      },
      "geometry": {
        "type": "Point",
        "coordinates": [
          -77.9065128,
          37.5404705
        ]
      },
      "id": "relation/4073639"
    },
    {
      "type": "Feature",
      "properties": {
        "@id": "relation/4482805",
        "ele": "120",
        "gnis:feature_id": "594259",
        "name": "Lake Linganore",
        "natural": "water",
        "type": "multipolygon",
        "water": "reservoir",
        "@geometry": "center"
      },
      "geometry": {
        "type": "Point",
        "coordinates": [
          -77.3055804,
          39.4145224
        ]
      },
      "id": "relation/4482805"
    },
    {
      "type": "Feature",
      "properties": {
        "@id": "relation/4770019",
        "ele": "209",
        "gnis:feature_id": "1537225",
        "name": "Lake Chaweva",
        "natural": "water",
        "source:position": "Bing",
        "source:tracer": "scanaerial",
        "source:zoomlevel": "17",
        "type": "multipolygon",
        "water": "reservoir",
        "@geometry": "center"
      },
      "geometry": {
        "type": "Point",
        "coordinates": [
          -81.7890937,
          38.4153016
        ]
      },
      "id": "relation/4770019"
    },
    {
      "type": "Feature",
      "properties": {
        "@id": "relation/5329339",
        "name": "Harwoods Mill Resevoir",
        "natural": "water",
        "type": "multipolygon",
        "water": "reservoir",
        "wikidata": "Q1587961",
        "@geometry": "center"
      },
      "geometry": {
        "type": "Point",
        "coordinates": [
          -76.4705635,
          37.1490541
        ]
      },
      "id": "relation/5329339"
    },
    {
      "type": "Feature",
      "properties": {
        "@id": "relation/5393881",
        "name": "Skiffes Creek Resevoir",
        "natural": "water",
        "type": "multipolygon",
        "water": "reservoir",
        "@geometry": "center"
      },
      "geometry": {
        "type": "Point",
        "coordinates": [
          -76.5909654,
          37.2067508
        ]
      },
      "id": "relation/5393881"
    },
    {
      "type": "Feature",
      "properties": {
        "@id": "relation/5563177",
        "name": "Airlie Lake",
        "natural": "water",
        "type": "multipolygon",
        "water": "reservoir",
        "@geometry": "center"
      },
      "geometry": {
        "type": "Point",
        "coordinates": [
          -77.7897787,
          38.7627828
        ]
      },
      "id": "relation/5563177"
    },
    {
      "type": "Feature",
      "properties": {
        "@id": "relation/5878155",
        "ele": "258",
        "gnis:feature_id": "1547782",
        "name": "Sutton Lake",
        "natural": "water",
        "type": "multipolygon",
        "water": "reservoir",
        "wikidata": "Q7338042",
        "wikipedia": "en:Sutton Lake (West Virginia)",
        "@geometry": "center"
      },
      "geometry": {
        "type": "Point",
        "coordinates": [
          -80.6405403,
          38.6574611
        ]
      },
      "id": "relation/5878155"
    },
    {
      "type": "Feature",
      "properties": {
        "@id": "relation/6116724",
        "gnis:feature_id": "1560649",
        "name": "Burnsville Lake",
        "natural": "water",
        "type": "multipolygon",
        "water": "reservoir",
        "wikidata": "Q5000176",
        "wikipedia": "en:Burnsville Lake",
        "@geometry": "center"
      },
      "geometry": {
        "type": "Point",
        "coordinates": [
          -80.5854485,
          38.8055825
        ]
      },
      "id": "relation/6116724"
    },
    {
      "type": "Feature",
      "properties": {
        "@id": "relation/6198967",
        "ele": "219",
        "gnis:feature_id": "1077649",
        "name": "Caldwell Lake",
        "natural": "water",
        "type": "multipolygon",
        "water": "reservoir",
        "@geometry": "center"
      },
      "geometry": {
        "type": "Point",
        "coordinates": [
          -82.9520522,
          39.2288261
        ]
      },
      "id": "relation/6198967"
    },
    {
      "type": "Feature",
      "properties": {
        "@id": "relation/6289065",
        "name": "Fishouse Bay",
        "natural": "water",
        "type": "multipolygon",
        "water": "reservoir",
        "@geometry": "center"
      },
      "geometry": {
        "type": "Point",
        "coordinates": [
          -76.689624,
          37.1752776
        ]
      },
      "id": "relation/6289065"
    },
    {
      "type": "Feature",
      "properties": {
        "@id": "relation/6292465",
        "gnis:feature_id": "1489034",
        "name": "Greens Pond",
        "natural": "water",
        "type": "multipolygon",
        "water": "reservoir",
        "@geometry": "center"
      },
      "geometry": {
        "type": "Point",
        "coordinates": [
          -78.41135,
          38.1520177
        ]
      },
      "id": "relation/6292465"
    },
    {
      "type": "Feature",
      "properties": {
        "@id": "relation/6375548",
        "ele": "204",
        "gnis:feature_id": "1538510",
        "name": "East Lynn Lake",
        "natural": "water",
        "type": "multipolygon",
        "water": "reservoir",
        "wikidata": "Q5328898",
        "wikipedia": "en:East Lynn Lake",
        "@geometry": "center"
      },
      "geometry": {
        "type": "Point",
        "coordinates": [
          -82.3457221,
          38.1067344
        ]
      },
      "id": "relation/6375548"
    },
    {
      "type": "Feature",
      "properties": {
        "@id": "relation/6639002",
        "fishing": "yes",
        "name": "Lake Halcyon",
        "natural": "water",
        "type": "multipolygon",
        "water": "lake",
        "@geometry": "center"
      },
      "geometry": {
        "type": "Point",
        "coordinates": [
          -77.2189283,
          39.1201995
        ]
      },
      "id": "relation/6639002"
    },
    {
      "type": "Feature",
      "properties": {
        "@id": "relation/6706304",
        "name": "Little Creek Reservoir",
        "natural": "water",
        "type": "multipolygon",
        "water": "reservoir",
        "wikidata": "Q49701699",
        "@geometry": "center"
      },
      "geometry": {
        "type": "Point",
        "coordinates": [
          -76.8304739,
          37.3657982
        ]
      },
      "id": "relation/6706304"
    },
    {
      "type": "Feature",
      "properties": {
        "@id": "relation/6742466",
        "name": "Gunners Lake",
        "natural": "water",
        "type": "multipolygon",
        "water": "lake",
        "@geometry": "center"
      },
      "geometry": {
        "type": "Point",
        "coordinates": [
          -77.2555758,
          39.1648557
        ]
      },
      "id": "relation/6742466"
    },
    {
      "type": "Feature",
      "properties": {
        "@id": "relation/6762579",
        "name": "Montebello Wash Water Lake",
        "natural": "water",
        "type": "multipolygon",
        "water": "reservoir",
        "@geometry": "center"
      },
      "geometry": {
        "type": "Point",
        "coordinates": [
          -76.5844589,
          39.3373766
        ]
      },
      "id": "relation/6762579"
    },
    {
      "type": "Feature",
      "properties": {
        "@id": "relation/6797682",
        "ele": "1",
        "gnis:feature_id": "1468000",
        "name": "Hideaway Pond",
        "natural": "water",
        "type": "multipolygon",
        "water": "reservoir",
        "wikidata": "Q49701082",
        "@geometry": "center"
      },
      "geometry": {
        "type": "Point",
        "coordinates": [
          -77.0229604,
          38.3498158
        ]
      },
      "id": "relation/6797682"
    },
    {
      "type": "Feature",
      "properties": {
        "@id": "relation/6843604",
        "name": "Goose Dam",
        "natural": "water",
        "type": "multipolygon",
        "water": "reservoir",
        "@geometry": "center"
      },
      "geometry": {
        "type": "Point",
        "coordinates": [
          -76.2540731,
          38.4700083
        ]
      },
      "id": "relation/6843604"
    },
    {
      "type": "Feature",
      "properties": {
        "@id": "relation/6954034",
        "ele": "4",
        "gnis:feature_id": "2434933",
        "name": "Beaverdam Swamp Reservoir",
        "natural": "water",
        "type": "multipolygon",
        "water": "reservoir",
        "@geometry": "center"
      },
      "geometry": {
        "type": "Point",
        "coordinates": [
          -76.5452484,
          37.4586238
        ]
      },
      "id": "relation/6954034"
    },
    {
      "type": "Feature",
      "properties": {
        "@id": "relation/7001026",
        "name": "Loch Raven Reservoir",
        "natural": "water",
        "type": "multipolygon",
        "water": "reservoir",
        "@geometry": "center"
      },
      "geometry": {
        "type": "Point",
        "coordinates": [
          -76.5432213,
          39.4278446
        ]
      },
      "id": "relation/7001026"
    },
    {
      "type": "Feature",
      "properties": {
        "@id": "relation/7106395",
        "ele": "165",
        "name": "Edgeworth Farms Lake",
        "natural": "water",
        "type": "multipolygon",
        "water": "reservoir",
        "@geometry": "center"
      },
      "geometry": {
        "type": "Point",
        "coordinates": [
          -78.2602153,
          38.1043435
        ]
      },
      "id": "relation/7106395"
    },
    {
      "type": "Feature",
      "properties": {
        "@id": "relation/7124904",
        "ele": "816;814",
        "gnis:feature_id": "1558867;1551681",
        "name": "Lake Sherwood",
        "natural": "water",
        "type": "multipolygon",
        "water": "lake",
        "wikidata": "Q6477718",
        "@geometry": "center"
      },
      "geometry": {
        "type": "Point",
        "coordinates": [
          -80.0073966,
          38.0064422
        ]
      },
      "id": "relation/7124904"
    },
    {
      "type": "Feature",
      "properties": {
        "@id": "relation/7602313",
        "name": "Swan Lake",
        "natural": "water",
        "type": "multipolygon",
        "water": "lake",
        "@geometry": "center"
      },
      "geometry": {
        "type": "Point",
        "coordinates": [
          -77.4732923,
          37.5423069
        ]
      },
      "id": "relation/7602313"
    },
    {
      "type": "Feature",
      "properties": {
        "@id": "relation/7660770",
        "name": "Lake Conoy",
        "natural": "water",
        "type": "multipolygon",
        "water": "lake",
        "@geometry": "center"
      },
      "geometry": {
        "type": "Point",
        "coordinates": [
          -76.3402886,
          38.0577335
        ]
      },
      "id": "relation/7660770"
    },
    {
      "type": "Feature",
      "properties": {
        "@id": "relation/8010548",
        "ele": "3",
        "gnis:feature_id": "1502100",
        "name": "Lake Powell",
        "natural": "water",
        "note": "dam has been breached since 2006",
        "type": "multipolygon",
        "water": "reservoir",
        "wikidata": "Q6477427",
        "@geometry": "center"
      },
      "geometry": {
        "type": "Point",
        "coordinates": [
          -76.7441752,
          37.2351615
        ]
      },
      "id": "relation/8010548"
    },
    {
      "type": "Feature",
      "properties": {
        "@id": "relation/8311997",
        "name": "Western Branch Reservoir",
        "natural": "water",
        "type": "multipolygon",
        "water": "reservoir",
        "@geometry": "center"
      },
      "geometry": {
        "type": "Point",
        "coordinates": [
          -76.6054523,
          36.8159536
        ]
      },
      "id": "relation/8311997"
    },
    {
      "type": "Feature",
      "properties": {
        "@id": "relation/8313303",
        "ele": "7",
        "gnis:feature_id": "1501968",
        "name": "Lake Burnt Mills",
        "natural": "water",
        "reservoir_type": "water_storage",
        "source:position": "ESRI_World",
        "type": "multipolygon",
        "water": "reservoir",
        "@geometry": "center"
      },
      "geometry": {
        "type": "Point",
        "coordinates": [
          -76.6486944,
          36.8548417
        ]
      },
      "id": "relation/8313303"
    },
    {
      "type": "Feature",
      "properties": {
        "@id": "relation/8313437",
        "ele": "1",
        "gnis:feature_id": "1501726",
        "name": "Lake Meade",
        "natural": "water",
        "reservoir_type": "water_storage",
        "type": "multipolygon",
        "water": "reservoir",
        "@geometry": "center"
      },
      "geometry": {
        "type": "Point",
        "coordinates": [
          -76.6081012,
          36.745015
        ]
      },
      "id": "relation/8313437"
    },
    {
      "type": "Feature",
      "properties": {
        "@id": "relation/8428281",
        "name": "Lake Frasure",
        "natural": "water",
        "type": "multipolygon",
        "water": "reservoir",
        "@geometry": "center"
      },
      "geometry": {
        "type": "Point",
        "coordinates": [
          -83.0532688,
          38.9250225
        ]
      },
      "id": "relation/8428281"
    },
    {
      "type": "Feature",
      "properties": {
        "@id": "relation/8450515",
        "name": "Goodrich Lake - East",
        "natural": "water",
        "type": "multipolygon",
        "water": "reservoir",
        "@geometry": "center"
      },
      "geometry": {
        "type": "Point",
        "coordinates": [
          -81.1306258,
          37.9165416
        ]
      },
      "id": "relation/8450515"
    },
    {
      "type": "Feature",
      "properties": {
        "@id": "relation/8487753",
        "ele": "295",
        "intermittent": "no",
        "name": "Lake Thompson",
        "natural": "water",
        "type": "multipolygon",
        "water": "reservoir",
        "@geometry": "center"
      },
      "geometry": {
        "type": "Point",
        "coordinates": [
          -77.9932126,
          38.9567265
        ]
      },
      "id": "relation/8487753"
    },
    {
      "type": "Feature",
      "properties": {
        "@id": "relation/8623839",
        "ele": "33",
        "gnis:feature_id": "1474230",
        "name": "Lake Chesdin",
        "natural": "water",
        "type": "multipolygon",
        "water": "reservoir",
        "wikidata": "Q6475311",
        "@geometry": "center"
      },
      "geometry": {
        "type": "Point",
        "coordinates": [
          -77.6062946,
          37.262462
        ]
      },
      "id": "relation/8623839"
    },
    {
      "type": "Feature",
      "properties": {
        "@id": "relation/8648376",
        "name": "Lake Wahoo",
        "natural": "water",
        "type": "multipolygon",
        "water": "lake",
        "@geometry": "center"
      },
      "geometry": {
        "type": "Point",
        "coordinates": [
          -76.5711534,
          36.85066
        ]
      },
      "id": "relation/8648376"
    },
    {
      "type": "Feature",
      "properties": {
        "@id": "relation/8648377",
        "name": "Southern Lakes",
        "natural": "water",
        "type": "multipolygon",
        "water": "lake",
        "@geometry": "center"
      },
      "geometry": {
        "type": "Point",
        "coordinates": [
          -76.5664744,
          36.8502029
        ]
      },
      "id": "relation/8648377"
    },
    {
      "type": "Feature",
      "properties": {
        "@id": "relation/8840852",
        "name": "Lake Mooney",
        "natural": "water",
        "type": "multipolygon",
        "water": "reservoir",
        "wikidata": "Q85775654",
        "@geometry": "center"
      },
      "geometry": {
        "type": "Point",
        "coordinates": [
          -77.5481638,
          38.3485953
        ]
      },
      "id": "relation/8840852"
    },
    {
      "type": "Feature",
      "properties": {
        "@id": "relation/9106932",
        "gnis:feature_id": "1070894",
        "name": "Pike Lake",
        "natural": "water",
        "type": "multipolygon",
        "water": "reservoir",
        "wikidata": "Q113029833",
        "wikimedia_commons": "Category:Pike Lake (Pike County, Ohio)",
        "@geometry": "center"
      },
      "geometry": {
        "type": "Point",
        "coordinates": [
          -83.2200063,
          39.1608981
        ]
      },
      "id": "relation/9106932"
    },
    {
      "type": "Feature",
      "properties": {
        "@id": "relation/9159836",
        "ele": "1",
        "gnis:feature_id": "1790919",
        "name": "Lake Jean",
        "natural": "water",
        "reservoir_type": "water_storage",
        "type": "multipolygon",
        "water": "reservoir",
        "@geometry": "center"
      },
      "geometry": {
        "type": "Point",
        "coordinates": [
          -76.3781252,
          36.8443137
        ]
      },
      "id": "relation/9159836"
    },
    {
      "type": "Feature",
      "properties": {
        "@id": "relation/9273343",
        "ele": "6",
        "gnis:feature_id": "1502117",
        "name": "Lake Cohoon",
        "natural": "water",
        "reservoir_type": "water_storage",
        "type": "multipolygon",
        "water": "reservoir",
        "@geometry": "center"
      },
      "geometry": {
        "type": "Point",
        "coordinates": [
          -76.6436214,
          36.7591013
        ]
      },
      "id": "relation/9273343"
    },
    {
      "type": "Feature",
      "properties": {
        "@id": "relation/9294442",
        "ele": "48",
        "gnis:feature_id": "1489452",
        "name": "Rock Creek Park Lake",
        "natural": "water",
        "type": "multipolygon",
        "water": "reservoir",
        "wikidata": "Q1499687",
        "@geometry": "center"
      },
      "geometry": {
        "type": "Point",
        "coordinates": [
          -77.5425531,
          37.5081153
        ]
      },
      "id": "relation/9294442"
    },
    {
      "type": "Feature",
      "properties": {
        "@id": "relation/9715286",
        "name": "Rocky Fork Lake",
        "natural": "water",
        "type": "multipolygon",
        "water": "reservoir",
        "@geometry": "center"
      },
      "geometry": {
        "type": "Point",
        "coordinates": [
          -83.4822827,
          39.1862253
        ]
      },
      "id": "relation/9715286"
    },
    {
      "type": "Feature",
      "properties": {
        "@id": "relation/9715294",
        "gnis:feature_id": "1070992",
        "name": "Lake White",
        "natural": "water",
        "type": "multipolygon",
        "water": "reservoir",
        "@geometry": "center"
      },
      "geometry": {
        "type": "Point",
        "coordinates": [
          -83.0267608,
          39.1091173
        ]
      },
      "id": "relation/9715294"
    },
    {
      "type": "Feature",
      "properties": {
        "@id": "relation/9877602",
        "name": "Tickle Lake Echo",
        "natural": "water",
        "type": "multipolygon",
        "water": "lake",
        "@geometry": "center"
      },
      "geometry": {
        "type": "Point",
        "coordinates": [
          -81.1307992,
          37.9278765
        ]
      },
      "id": "relation/9877602"
    },
    {
      "type": "Feature",
      "properties": {
        "@id": "relation/10001372",
        "ele": "3",
        "gnis:feature_id": "1471919",
        "name": "Olssons Pond",
        "natural": "water",
        "type": "multipolygon",
        "water": "reservoir",
        "wikidata": "Q49702233",
        "@geometry": "center"
      },
      "geometry": {
        "type": "Point",
        "coordinates": [
          -76.8333202,
          37.5603904
        ]
      },
      "id": "relation/10001372"
    },
    {
      "type": "Feature",
      "properties": {
        "@id": "relation/10088677",
        "alt_name": "Williston Mill Pond",
        "gnis:feature_id": "588262",
        "name": "Williston Lake",
        "natural": "water",
        "type": "multipolygon",
        "water": "lake",
        "waterway:name": "Mill Creek",
        "@geometry": "center"
      },
      "geometry": {
        "type": "Point",
        "coordinates": [
          -75.8393587,
          38.8270371
        ]
      },
      "id": "relation/10088677"
    },
    {
      "type": "Feature",
      "properties": {
        "@id": "relation/10175132",
        "ele": "7",
        "gnis:feature_id": "594405",
        "name": "Lake Bonnie",
        "natural": "water",
        "type": "multipolygon",
        "water": "reservoir",
        "@geometry": "center"
      },
      "geometry": {
        "type": "Point",
        "coordinates": [
          -75.7758229,
          39.0228105
        ]
      },
      "id": "relation/10175132"
    },
    {
      "type": "Feature",
      "properties": {
        "@id": "relation/10184689",
        "name": "Mud Millpond",
        "natural": "water",
        "type": "multipolygon",
        "water": "lake",
        "wikidata": "Q34909097",
        "@geometry": "center"
      },
      "geometry": {
        "type": "Point",
        "coordinates": [
          -75.7400426,
          39.0711676
        ]
      },
      "id": "relation/10184689"
    },
    {
      "type": "Feature",
      "properties": {
        "@id": "relation/10260491",
        "ele": "3",
        "gnis:feature_id": "594456",
        "name": "Maryland Noname 3 Reservoir",
        "natural": "water",
        "type": "multipolygon",
        "water": "reservoir",
        "@geometry": "center"
      },
      "geometry": {
        "type": "Point",
        "coordinates": [
          -75.8842051,
          38.6747882
        ]
      },
      "id": "relation/10260491"
    },
    {
      "type": "Feature",
      "properties": {
        "@id": "relation/10268689",
        "ele": "2",
        "gnis:feature_id": "586811",
        "name": "Rewastico Pond",
        "natural": "water",
        "type": "multipolygon",
        "water": "reservoir",
        "@geometry": "center"
      },
      "geometry": {
        "type": "Point",
        "coordinates": [
          -75.750697,
          38.4129229
        ]
      },
      "id": "relation/10268689"
    },
    {
      "type": "Feature",
      "properties": {
        "@id": "relation/10308546",
        "ele": "11",
        "gnis:feature_id": "594440",
        "name": "Smithville Lake",
        "natural": "water",
        "type": "multipolygon",
        "water": "reservoir",
        "wikidata": "Q34924423",
        "@geometry": "center"
      },
      "geometry": {
        "type": "Point",
        "coordinates": [
          -75.7334923,
          38.7812107
        ]
      },
      "id": "relation/10308546"
    },
    {
      "type": "Feature",
      "properties": {
        "@id": "relation/10384408",
        "ele": "0",
        "gnis:feature_id": "585509",
        "name": "Little Savanna Lake",
        "natural": "water",
        "type": "multipolygon",
        "water": "reservoir",
        "@geometry": "center"
      },
      "geometry": {
        "type": "Point",
        "coordinates": [
          -75.9083785,
          38.3679572
        ]
      },
      "id": "relation/10384408"
    },
    {
      "type": "Feature",
      "properties": {
        "@id": "relation/10675356",
        "ele": "1079",
        "gnis:feature_id": "1490824",
        "name": "Laurel Bed Lake",
        "natural": "water",
        "type": "multipolygon",
        "water": "reservoir",
        "wikidata": "Q49701639",
        "@geometry": "center"
      },
      "geometry": {
        "type": "Point",
        "coordinates": [
          -81.8017774,
          36.9621396
        ]
      },
      "id": "relation/10675356"
    },
    {
      "type": "Feature",
      "properties": {
        "@id": "relation/11210749",
        "ele": "59",
        "gnis:feature_id": "1676911",
        "name": "Lambeth Hill Lake",
        "natural": "water",
        "type": "multipolygon",
        "water": "reservoir",
        "@geometry": "center"
      },
      "geometry": {
        "type": "Point",
        "coordinates": [
          -76.8832121,
          38.5971238
        ]
      },
      "id": "relation/11210749"
    },
    {
      "type": "Feature",
      "properties": {
        "@id": "relation/11479108",
        "ele": "3",
        "gnis:feature_id": "1478352",
        "name": "Cedar Lake",
        "natural": "water",
        "type": "multipolygon",
        "water": "reservoir",
        "@geometry": "center"
      },
      "geometry": {
        "type": "Point",
        "coordinates": [
          -76.5347663,
          36.7725015
        ]
      },
      "id": "relation/11479108"
    },
    {
      "type": "Feature",
      "properties": {
        "@id": "relation/11481732",
        "name": "Lake Susan Constant",
        "natural": "water",
        "tidal": "yes",
        "type": "multipolygon",
        "water": "lake",
        "@geometry": "center"
      },
      "geometry": {
        "type": "Point",
        "coordinates": [
          -75.997147,
          36.8870329
        ]
      },
      "id": "relation/11481732"
    },
    {
      "type": "Feature",
      "properties": {
        "@id": "relation/11489398",
        "ele": "5.18",
        "gnis:feature_id": "1478508",
        "name": "Lake Drummond",
        "natural": "water",
        "type": "multipolygon",
        "water": "lake",
        "wikidata": "Q383500",
        "wikipedia": "en:Lake Drummond",
        "@geometry": "center"
      },
      "geometry": {
        "type": "Point",
        "coordinates": [
          -76.4682286,
          36.6039181
        ]
      },
      "id": "relation/11489398"
    },
    {
      "type": "Feature",
      "properties": {
        "@id": "relation/11620770",
        "name": "Butler Lake",
        "natural": "water",
        "type": "multipolygon",
        "water": "lake",
        "@geometry": "center"
      },
      "geometry": {
        "type": "Point",
        "coordinates": [
          -76.5700762,
          36.86763
        ]
      },
      "id": "relation/11620770"
    },
    {
      "type": "Feature",
      "properties": {
        "@id": "relation/11620771",
        "name": "Crystal Lake",
        "natural": "water",
        "type": "multipolygon",
        "water": "lake",
        "@geometry": "center"
      },
      "geometry": {
        "type": "Point",
        "coordinates": [
          -76.5692025,
          36.8629217
        ]
      },
      "id": "relation/11620771"
    },
    {
      "type": "Feature",
      "properties": {
        "@id": "relation/11620772",
        "name": "Lake Annette",
        "natural": "water",
        "type": "multipolygon",
        "water": "lake",
        "@geometry": "center"
      },
      "geometry": {
        "type": "Point",
        "coordinates": [
          -76.5717757,
          36.8622692
        ]
      },
      "id": "relation/11620772"
    },
    {
      "type": "Feature",
      "properties": {
        "@id": "relation/11625059",
        "name": "Fingers Lake",
        "natural": "water",
        "type": "multipolygon",
        "water": "lake",
        "@geometry": "center"
      },
      "geometry": {
        "type": "Point",
        "coordinates": [
          -76.5740475,
          36.8775003
        ]
      },
      "id": "relation/11625059"
    },
    {
      "type": "Feature",
      "properties": {
        "@id": "relation/11625061",
        "name": "Crane Lake",
        "natural": "water",
        "type": "multipolygon",
        "water": "lake",
        "@geometry": "center"
      },
      "geometry": {
        "type": "Point",
        "coordinates": [
          -76.5767576,
          36.8747972
        ]
      },
      "id": "relation/11625061"
    },
    {
      "type": "Feature",
      "properties": {
        "@id": "relation/11643069",
        "ele": "3",
        "gnis:feature_id": "1502394",
        "name": "Godwins Millpond",
        "natural": "water",
        "type": "multipolygon",
        "water": "reservoir",
        "@geometry": "center"
      },
      "geometry": {
        "type": "Point",
        "coordinates": [
          -76.5858824,
          36.864077
        ]
      },
      "id": "relation/11643069"
    },
    {
      "type": "Feature",
      "properties": {
        "@id": "relation/11643996",
        "name": "Black Gut",
        "natural": "water",
        "type": "multipolygon",
        "water": "lake",
        "@geometry": "center"
      },
      "geometry": {
        "type": "Point",
        "coordinates": [
          -75.9545533,
          36.7511067
        ]
      },
      "id": "relation/11643996"
    },
    {
      "type": "Feature",
      "properties": {
        "@id": "relation/11703184",
        "name": "Lake Taylor",
        "natural": "water",
        "type": "multipolygon",
        "water": "reservoir",
        "@geometry": "center"
      },
      "geometry": {
        "type": "Point",
        "coordinates": [
          -76.1995792,
          36.8665796
        ]
      },
      "id": "relation/11703184"
    },
    {
      "type": "Feature",
      "properties": {
        "@id": "relation/11742266",
        "name": "Lee Hall Reservoir - upper basin",
        "natural": "water",
        "type": "multipolygon",
        "water": "reservoir",
        "@geometry": "center"
      },
      "geometry": {
        "type": "Point",
        "coordinates": [
          -76.5428275,
          37.1854124
        ]
      },
      "id": "relation/11742266"
    },
    {
      "type": "Feature",
      "properties": {
        "@id": "relation/11742375",
        "ele": "10",
        "gnis:feature_id": "1502166",
        "name": "Wormley Pond",
        "natural": "water",
        "type": "multipolygon",
        "water": "reservoir",
        "@geometry": "center"
      },
      "geometry": {
        "type": "Point",
        "coordinates": [
          -76.4954023,
          37.2167968
        ]
      },
      "id": "relation/11742375"
    },
    {
      "type": "Feature",
      "properties": {
        "@id": "relation/11788137",
        "ele": "476",
        "gnis:feature_id": "1327107",
        "landuse": "reservoir",
        "name": "Steele Creek Park Lake",
        "natural": "water",
        "type": "multipolygon",
        "water": "lake",
        "@geometry": "center"
      },
      "geometry": {
        "type": "Point",
        "coordinates": [
          -82.2308726,
          36.5704016
        ]
      },
      "id": "relation/11788137"
    },
    {
      "type": "Feature",
      "properties": {
        "@id": "relation/11905770",
        "ele": "35",
        "gnis:feature_id": "594337",
        "name": "Cosca Regional Park Lake",
        "natural": "water",
        "type": "multipolygon",
        "water": "reservoir",
        "@geometry": "center"
      },
      "geometry": {
        "type": "Point",
        "coordinates": [
          -76.9149004,
          38.7372733
        ]
      },
      "id": "relation/11905770"
    },
    {
      "type": "Feature",
      "properties": {
        "@id": "relation/11991978",
        "ele": "214",
        "gnis:feature_id": "503825",
        "name": "Smoky Valley Lake",
        "natural": "water",
        "type": "multipolygon",
        "water": "reservoir",
        "@geometry": "center"
      },
      "geometry": {
        "type": "Point",
        "coordinates": [
          -83.1254325,
          38.3667395
        ]
      },
      "id": "relation/11991978"
    },
    {
      "type": "Feature",
      "properties": {
        "@id": "relation/12122182",
        "name": "Little Seneca Lake",
        "natural": "water",
        "type": "multipolygon",
        "water": "reservoir",
        "wikidata": "Q6651884",
        "wikipedia": "en:Little Seneca Lake",
        "@geometry": "center"
      },
      "geometry": {
        "type": "Point",
        "coordinates": [
          -77.3011167,
          39.1964275
        ]
      },
      "id": "relation/12122182"
    },
    {
      "type": "Feature",
      "properties": {
        "@id": "relation/12207916",
        "ele": "6",
        "gnis:feature_id": "1465656",
        "name": "Davis Pond",
        "natural": "water",
        "type": "multipolygon",
        "water": "reservoir",
        "@geometry": "center"
      },
      "geometry": {
        "type": "Point",
        "coordinates": [
          -76.8201492,
          37.467502
        ]
      },
      "id": "relation/12207916"
    },
    {
      "type": "Feature",
      "properties": {
        "@id": "relation/12277666",
        "ele": "2",
        "gnis:feature_id": "1465760",
        "name": "Diascund Creek Reservoir",
        "natural": "water",
        "type": "multipolygon",
        "water": "reservoir",
        "@geometry": "center"
      },
      "geometry": {
        "type": "Point",
        "coordinates": [
          -76.9081811,
          37.4423512
        ]
      },
      "id": "relation/12277666"
    },
    {
      "type": "Feature",
      "properties": {
        "@id": "relation/12288161",
        "ele": "2",
        "gnis:feature_id": "1479882",
        "intermittent": "no",
        "name": "Lake Whitehurst",
        "natural": "water",
        "salt": "no",
        "type": "multipolygon",
        "water": "reservoir",
        "@geometry": "center"
      },
      "geometry": {
        "type": "Point",
        "coordinates": [
          -76.1959981,
          36.9066663
        ]
      },
      "id": "relation/12288161"
    },
    {
      "type": "Feature",
      "properties": {
        "@id": "relation/12326126",
        "name": "Swan Lake",
        "natural": "water",
        "salt": "no",
        "tidal": "no",
        "type": "multipolygon",
        "water": "lake",
        "@geometry": "center"
      },
      "geometry": {
        "type": "Point",
        "coordinates": [
          -78.491762,
          38.001978
        ]
      },
      "id": "relation/12326126"
    },
    {
      "type": "Feature",
      "properties": {
        "@id": "relation/12349718",
        "ele": "210",
        "gnis:feature_id": "1077736",
        "name": "Lake Alma",
        "natural": "water",
        "type": "multipolygon",
        "water": "reservoir",
        "@geometry": "center"
      },
      "geometry": {
        "type": "Point",
        "coordinates": [
          -82.5139343,
          39.1454746
        ]
      },
      "id": "relation/12349718"
    },
    {
      "type": "Feature",
      "properties": {
        "@id": "relation/12395452",
        "ele": "7",
        "gnis:feature_id": "594452",
        "intermittent": "no",
        "name": "Old Annapolis City Reservoir",
        "natural": "water",
        "type": "multipolygon",
        "water": "lake",
        "@geometry": "center"
      },
      "geometry": {
        "type": "Point",
        "coordinates": [
          -76.5672982,
          38.9912829
        ]
      },
      "id": "relation/12395452"
    },
    {
      "type": "Feature",
      "properties": {
        "@id": "relation/12462782",
        "ele": "253",
        "gnis:feature_id": "1489819",
        "name": "Lake Serene",
        "natural": "water",
        "type": "multipolygon",
        "water": "reservoir",
        "@geometry": "center"
      },
      "geometry": {
        "type": "Point",
        "coordinates": [
          -78.1952253,
          39.2654966
        ]
      },
      "id": "relation/12462782"
    },
    {
      "type": "Feature",
      "properties": {
        "@id": "relation/12574032",
        "ele": "27",
        "gnis:feature_id": "1490915",
        "name": "Averys Millpond",
        "natural": "water",
        "type": "multipolygon",
        "water": "reservoir",
        "wikidata": "Q49178850",
        "@geometry": "center"
      },
      "geometry": {
        "type": "Point",
        "coordinates": [
          -77.1030238,
          37.1211048
        ]
      },
      "id": "relation/12574032"
    },
    {
      "type": "Feature",
      "properties": {
        "@id": "relation/12574138",
        "NHD:ComID": "129538807",
        "NHD:Elevation": "73.00000000000",
        "NHD:FCode": "39009",
        "NHD:FDate": "2004/11/23",
        "NHD:FTYPE": "LakePond",
        "NHD:RESOLUTION": "High",
        "NHD:ReachCode": "03010202001028",
        "ele": "23",
        "gnis:feature_id": "1467769",
        "name": "Harrells Pond",
        "natural": "water",
        "type": "multipolygon",
        "water": "reservoir",
        "@geometry": "center"
      },
      "geometry": {
        "type": "Point",
        "coordinates": [
          -77.0750802,
          36.997894
        ]
      },
      "id": "relation/12574138"
    },
    {
      "type": "Feature",
      "properties": {
        "@id": "relation/12580263",
        "ele": "3",
        "gnis:feature_id": "1490206",
        "name": "Harrell Pond",
        "natural": "water",
        "type": "multipolygon",
        "water": "reservoir",
        "@geometry": "center"
      },
      "geometry": {
        "type": "Point",
        "coordinates": [
          -76.9120114,
          37.5732973
        ]
      },
      "id": "relation/12580263"
    },
    {
      "type": "Feature",
      "properties": {
        "@id": "relation/12580379",
        "ele": "6",
        "gnis:feature_id": "1501989",
        "name": "Cooks Millpond",
        "natural": "water",
        "type": "multipolygon",
        "water": "reservoir",
        "@geometry": "center"
      },
      "geometry": {
        "type": "Point",
        "coordinates": [
          -76.9125628,
          37.5286957
        ]
      },
      "id": "relation/12580379"
    },
    {
      "type": "Feature",
      "properties": {
        "@id": "relation/12580474",
        "ele": "3",
        "gnis:feature_id": "1465657",
        "name": "Davis Pond",
        "natural": "water",
        "type": "multipolygon",
        "water": "reservoir",
        "@geometry": "center"
      },
      "geometry": {
        "type": "Point",
        "coordinates": [
          -76.8305806,
          37.5105557
        ]
      },
      "id": "relation/12580474"
    },
    {
      "type": "Feature",
      "properties": {
        "@id": "relation/12594532",
        "ele": "4",
        "gnis:feature_id": "1501734",
        "name": "D-Pond",
        "natural": "water",
        "type": "multipolygon",
        "water": "reservoir",
        "@geometry": "center"
      },
      "geometry": {
        "type": "Point",
        "coordinates": [
          -76.8973089,
          36.5629639
        ]
      },
      "id": "relation/12594532"
    },
    {
      "type": "Feature",
      "properties": {
        "@id": "relation/12594535",
        "ele": "11",
        "gnis:feature_id": "1501732",
        "name": "C-Pond",
        "natural": "water",
        "type": "multipolygon",
        "water": "reservoir",
        "@geometry": "center"
      },
      "geometry": {
        "type": "Point",
        "coordinates": [
          -76.8758514,
          36.5793029
        ]
      },
      "id": "relation/12594535"
    },
    {
      "type": "Feature",
      "properties": {
        "@id": "relation/12598003",
        "NHD:ComID": "155781539",
        "NHD:FCode": "39004",
        "NHD:FDate": "2007/05/14",
        "NHD:FTYPE": "LakePond",
        "NHD:RESOLUTION": "High",
        "NHD:ReachCode": "03010203000777",
        "ele": "13",
        "gnis:feature_id": "1502082",
        "name": "Norfleet Pond",
        "natural": "water",
        "type": "multipolygon",
        "water": "reservoir",
        "wikidata": "Q49213812",
        "@geometry": "center"
      },
      "geometry": {
        "type": "Point",
        "coordinates": [
          -76.7106588,
          36.6489956
        ]
      },
      "id": "relation/12598003"
    },
    {
      "type": "Feature",
      "properties": {
        "@id": "relation/12598505",
        "ele": "471",
        "gnis:feature_id": "1489174",
        "name": "Falling Rocks Lake",
        "natural": "water",
        "type": "multipolygon",
        "water": "reservoir",
        "@geometry": "center"
      },
      "geometry": {
        "type": "Point",
        "coordinates": [
          -78.9462022,
          37.9640942
        ]
      },
      "id": "relation/12598505"
    },
    {
      "type": "Feature",
      "properties": {
        "@id": "relation/12622012",
        "ele": "0",
        "gnis:feature_id": "1478166",
        "name": "Beamon Pond",
        "natural": "water",
        "type": "multipolygon",
        "water": "reservoir",
        "@geometry": "center"
      },
      "geometry": {
        "type": "Point",
        "coordinates": [
          -76.536216,
          36.75554
        ]
      },
      "id": "relation/12622012"
    },
    {
      "type": "Feature",
      "properties": {
        "@id": "relation/12624958",
        "ele": "22",
        "gnis:feature_id": "1502096",
        "name": "Lake Pinewood",
        "natural": "water",
        "type": "multipolygon",
        "water": "reservoir",
        "@geometry": "center"
      },
      "geometry": {
        "type": "Point",
        "coordinates": [
          -77.4333975,
          37.8857201
        ]
      },
      "id": "relation/12624958"
    },
    {
      "type": "Feature",
      "properties": {
        "@id": "relation/12625087",
        "ele": "36",
        "gnis:feature_id": "597004",
        "name": "Allen Pond",
        "natural": "water",
        "type": "multipolygon",
        "water": "reservoir",
        "@geometry": "center"
      },
      "geometry": {
        "type": "Point",
        "coordinates": [
          -76.7402131,
          38.9334425
        ]
      },
      "id": "relation/12625087"
    },
    {
      "type": "Feature",
      "properties": {
        "@id": "relation/12625402",
        "ele": "51",
        "gnis:feature_id": "1739268",
        "name": "Ballard Pond",
        "natural": "water",
        "type": "multipolygon",
        "water": "reservoir",
        "@geometry": "center"
      },
      "geometry": {
        "type": "Point",
        "coordinates": [
          -77.2533813,
          37.7881984
        ]
      },
      "id": "relation/12625402"
    },
    {
      "type": "Feature",
      "properties": {
        "@id": "relation/12625574",
        "NHD:ComID": "8492068",
        "NHD:FCode": "39004",
        "NHD:FDate": "1999/10/04",
        "NHD:FTYPE": "LakePond",
        "NHD:RESOLUTION": "Medium",
        "NHD:ReachCode": "02080105001637",
        "ele": "14",
        "gnis:feature_id": "1502073",
        "name": "Mitchell Millpond",
        "natural": "water",
        "type": "multipolygon",
        "water": "reservoir",
        "@geometry": "center"
      },
      "geometry": {
        "type": "Point",
        "coordinates": [
          -77.167671,
          37.8310077
        ]
      },
      "id": "relation/12625574"
    },
    {
      "type": "Feature",
      "properties": {
        "@id": "relation/12625885",
        "NHD:FCode": "39004",
        "NHD:FTYPE": "LakePond",
        "NHD:RESOLUTION": "Medium",
        "ele": "12",
        "gnis:feature_id": "1468476",
        "name": "Indian Mound Ponds",
        "natural": "water",
        "type": "multipolygon",
        "water": "reservoir",
        "@geometry": "center"
      },
      "geometry": {
        "type": "Point",
        "coordinates": [
          -76.9561118,
          37.7338182
        ]
      },
      "id": "relation/12625885"
    },
    {
      "type": "Feature",
      "properties": {
        "@id": "relation/12626418",
        "ele": "13",
        "gnis:feature_id": "1471527",
        "name": "Newtons Pond",
        "natural": "water",
        "type": "multipolygon",
        "water": "reservoir",
        "wikidata": "Q49702142",
        "@geometry": "center"
      },
      "geometry": {
        "type": "Point",
        "coordinates": [
          -76.6468034,
          38.0566514
        ]
      },
      "id": "relation/12626418"
    },
    {
      "type": "Feature",
      "properties": {
        "@id": "relation/12628970",
        "NHD:ComID": "150400882",
        "NHD:Elevation": "157.90000000000",
        "NHD:FCode": "39009",
        "NHD:FDate": "2006/08/29",
        "NHD:FTYPE": "LakePond",
        "NHD:GNIS_Name": "Roanoke Creek Site 4a Lake",
        "NHD:RESOLUTION": "High",
        "NHD:ReachCode": "03010102002657",
        "ele": "158",
        "gnis:feature_id": "1489424",
        "name": "Roanoke Creek Site 4A Lake",
        "natural": "water",
        "type": "multipolygon",
        "water": "reservoir",
        "@geometry": "center"
      },
      "geometry": {
        "type": "Point",
        "coordinates": [
          -78.6919449,
          37.1605261
        ]
      },
      "id": "relation/12628970"
    },
    {
      "type": "Feature",
      "properties": {
        "@id": "relation/12639147",
        "ele": "4",
        "gnis:feature_id": "1502093",
        "name": "Lake Pasbehegh",
        "natural": "water",
        "type": "multipolygon",
        "water": "reservoir",
        "@geometry": "center"
      },
      "geometry": {
        "type": "Point",
        "coordinates": [
          -76.8046067,
          37.2402848
        ]
      },
      "id": "relation/12639147"
    },
    {
      "type": "Feature",
      "properties": {
        "@id": "relation/12643763",
        "NHD:ComID": "155803058",
        "NHD:Elevation": "33.80000000000",
        "NHD:FCode": "39009",
        "NHD:FDate": "2007/05/14",
        "NHD:FTYPE": "LakePond",
        "NHD:RESOLUTION": "High",
        "NHD:ReachCode": "03010204002105",
        "ele": "31",
        "gnis:feature_id": "1489947",
        "name": "Emporia Reservoir",
        "natural": "water",
        "type": "multipolygon",
        "water": "reservoir",
        "@geometry": "center"
      },
      "geometry": {
        "type": "Point",
        "coordinates": [
          -77.5695095,
          36.6976015
        ]
      },
      "id": "relation/12643763"
    },
    {
      "type": "Feature",
      "properties": {
        "@id": "relation/12644016",
        "NHD:ComID": "135960190",
        "NHD:FCode": "39004",
        "NHD:FDate": "2005/06/03",
        "NHD:FTYPE": "LakePond",
        "NHD:RESOLUTION": "High",
        "NHD:ReachCode": "03010201002575",
        "ele": "54",
        "gnis:feature_id": "1490953",
        "name": "Parsons Number Two Pond",
        "natural": "water",
        "type": "multipolygon",
        "water": "reservoir",
        "@geometry": "center"
      },
      "geometry": {
        "type": "Point",
        "coordinates": [
          -77.5630007,
          36.8939247
        ]
      },
      "id": "relation/12644016"
    },
    {
      "type": "Feature",
      "properties": {
        "@id": "relation/12647894",
        "ele": "42",
        "gnis:feature_id": "1476858",
        "name": "Winfields Millpond",
        "natural": "water",
        "type": "multipolygon",
        "water": "reservoir",
        "@geometry": "center"
      },
      "geometry": {
        "type": "Point",
        "coordinates": [
          -77.4992873,
          36.9491171
        ]
      },
      "id": "relation/12647894"
    },
    {
      "type": "Feature",
      "properties": {
        "@id": "relation/12647949",
        "NHD:ComID": "135959501",
        "NHD:Elevation": "114.00000000000",
        "NHD:FCode": "39009",
        "NHD:FDate": "2005/06/03",
        "NHD:FTYPE": "LakePond",
        "NHD:RESOLUTION": "High",
        "NHD:ReachCode": "03010201002378",
        "alt:gnis:feature_id": "1739907",
        "alt_name": "Laniers Millpond",
        "ele": "33",
        "gnis:feature_id": "1490701",
        "name": "Butterworth Pond",
        "natural": "water",
        "type": "multipolygon",
        "water": "reservoir",
        "@geometry": "center"
      },
      "geometry": {
        "type": "Point",
        "coordinates": [
          -77.3880293,
          37.0853314
        ]
      },
      "id": "relation/12647949"
    },
    {
      "type": "Feature",
      "properties": {
        "@id": "relation/12648177",
        "ele": "30",
        "gnis:feature_id": "1502160",
        "name": "Wilcox Lake",
        "natural": "water",
        "type": "multipolygon",
        "water": "reservoir",
        "@geometry": "center"
      },
      "geometry": {
        "type": "Point",
        "coordinates": [
          -77.4046375,
          37.1974975
        ]
      },
      "id": "relation/12648177"
    },
    {
      "type": "Feature",
      "properties": {
        "@id": "relation/12652665",
        "NHD:ComID": "49587278",
        "NHD:FCode": "39004",
        "NHD:FDate": "2002/08/07",
        "NHD:FTYPE": "LakePond",
        "NHD:ReachCode": "03010104001955",
        "ele": "235",
        "gnis:feature_id": "1490573",
        "name": "Deer Wood Springs Lake",
        "natural": "water",
        "type": "multipolygon",
        "water": "reservoir",
        "@geometry": "center"
      },
      "geometry": {
        "type": "Point",
        "coordinates": [
          -79.3838395,
          36.7165584
        ]
      },
      "id": "relation/12652665"
    },
    {
      "type": "Feature",
      "properties": {
        "@id": "relation/12652859",
        "NHD:ComID": "135962024",
        "NHD:Elevation": "275.00000000000",
        "NHD:FCode": "39009",
        "NHD:FDate": "2005/06/03",
        "NHD:FTYPE": "LakePond",
        "NHD:ReachCode": "03010201002609",
        "ele": "86",
        "gnis:feature_id": "1502066",
        "name": "Masons Mill Pond",
        "natural": "water",
        "type": "multipolygon",
        "water": "reservoir",
        "wikidata": "Q49701905",
        "@geometry": "center"
      },
      "geometry": {
        "type": "Point",
        "coordinates": [
          -77.8895829,
          36.9204695
        ]
      },
      "id": "relation/12652859"
    },
    {
      "type": "Feature",
      "properties": {
        "@id": "relation/12653477",
        "ele": "214",
        "gnis:feature_id": "1547950",
        "name": "Teays Valley Lakes",
        "natural": "water",
        "type": "multipolygon",
        "water": "lake",
        "@geometry": "center"
      },
      "geometry": {
        "type": "Point",
        "coordinates": [
          -81.9444594,
          38.4508101
        ]
      },
      "id": "relation/12653477"
    },
    {
      "type": "Feature",
      "properties": {
        "@id": "relation/12674673",
        "ele": "31",
        "gnis:feature_id": "1489462",
        "name": "Falling Creek Reservoir",
        "natural": "water",
        "type": "multipolygon",
        "water": "reservoir",
        "@geometry": "center"
      },
      "geometry": {
        "type": "Point",
        "coordinates": [
          -77.4795891,
          37.4597003
        ]
      },
      "id": "relation/12674673"
    },
    {
      "type": "Feature",
      "properties": {
        "@id": "relation/12675288",
        "NHD:FCode": "39004",
        "NHD:FDate": "2002/07/02",
        "NHD:FTYPE": "LakePond",
        "NHD:RESOLUTION": "High",
        "ele": "316",
        "gnis:feature_id": "1706530",
        "name": "Lake Spring",
        "natural": "water",
        "type": "multipolygon",
        "water": "reservoir",
        "@geometry": "center"
      },
      "geometry": {
        "type": "Point",
        "coordinates": [
          -80.070436,
          37.2913254
        ]
      },
      "id": "relation/12675288"
    },
    {
      "type": "Feature",
      "properties": {
        "@id": "relation/12686652",
        "ele": "1",
        "gnis:feature_id": "1473546",
        "name": "Rosegill Lake",
        "natural": "water",
        "type": "multipolygon",
        "water": "reservoir",
        "@geometry": "center"
      },
      "geometry": {
        "type": "Point",
        "coordinates": [
          -76.5616525,
          37.6255079
        ]
      },
      "id": "relation/12686652"
    },
    {
      "type": "Feature",
      "properties": {
        "@id": "relation/12686695",
        "ele": "182",
        "gnis:feature_id": "1540642",
        "name": "Hutchison Lake",
        "natural": "water",
        "type": "multipolygon",
        "water": "reservoir",
        "@geometry": "center"
      },
      "geometry": {
        "type": "Point",
        "coordinates": [
          -81.7711276,
          38.8248318
        ]
      },
      "id": "relation/12686695"
    },
    {
      "type": "Feature",
      "properties": {
        "@id": "relation/12686696",
        "ele": "180",
        "gnis:feature_id": "1546052",
        "name": "Rollins Lake",
        "natural": "water",
        "type": "multipolygon",
        "water": "lake",
        "@geometry": "center"
      },
      "geometry": {
        "type": "Point",
        "coordinates": [
          -81.7631762,
          38.824732
        ]
      },
      "id": "relation/12686696"
    },
    {
      "type": "Feature",
      "properties": {
        "@id": "relation/12702449",
        "ele": "14",
        "gnis:feature_id": "594263",
        "name": "Urieville Community Lake",
        "natural": "water",
        "type": "multipolygon",
        "water": "reservoir",
        "@geometry": "center"
      },
      "geometry": {
        "type": "Point",
        "coordinates": [
          -76.0240254,
          39.2855366
        ]
      },
      "id": "relation/12702449"
    },
    {
      "type": "Feature",
      "properties": {
        "@id": "relation/12704714",
        "ele": "763",
        "gnis:feature_id": "1552171",
        "name": "Moncove Lake",
        "natural": "water",
        "type": "multipolygon",
        "water": "reservoir",
        "wikidata": "Q34908046",
        "@geometry": "center"
      },
      "geometry": {
        "type": "Point",
        "coordinates": [
          -80.3490554,
          37.620333
        ]
      },
      "id": "relation/12704714"
    },
    {
      "type": "Feature",
      "properties": {
        "@id": "relation/12705676",
        "ele": "65",
        "gnis:feature_id": "1712341",
        "name": "Lily Pons Fish Ponds",
        "natural": "water",
        "type": "multipolygon",
        "water": "reservoir",
        "wikidata": "Q34902913",
        "@geometry": "center"
      },
      "geometry": {
        "type": "Point",
        "coordinates": [
          -77.4310658,
          39.2948301
        ]
      },
      "id": "relation/12705676"
    },
    {
      "type": "Feature",
      "properties": {
        "@id": "relation/12710941",
        "ele": "2",
        "gnis:feature_id": "1462401",
        "name": "Allegood Pond",
        "natural": "water",
        "type": "multipolygon",
        "water": "reservoir",
        "@geometry": "center"
      },
      "geometry": {
        "type": "Point",
        "coordinates": [
          -76.0145691,
          37.2397134
        ]
      },
      "id": "relation/12710941"
    },
    {
      "type": "Feature",
      "properties": {
        "@id": "relation/12714055",
        "ele": "324",
        "gnis:feature_id": "1483240",
        "name": "Edinburg Reservoir",
        "natural": "water",
        "type": "multipolygon",
        "water": "reservoir",
        "@geometry": "center"
      },
      "geometry": {
        "type": "Point",
        "coordinates": [
          -78.5643149,
          38.7944291
        ]
      },
      "id": "relation/12714055"
    },
    {
      "type": "Feature",
      "properties": {
        "@id": "relation/12725675",
        "ele": "53",
        "gnis:feature_id": "1489483",
        "name": "Nash Road Lake",
        "natural": "water",
        "type": "multipolygon",
        "water": "reservoir",
        "@geometry": "center"
      },
      "geometry": {
        "type": "Point",
        "coordinates": [
          -77.5465483,
          37.3559066
        ]
      },
      "id": "relation/12725675"
    },
    {
      "type": "Feature",
      "properties": {
        "@id": "relation/12745442",
        "ele": "174",
        "gnis:feature_id": "1559050",
        "name": "Pond Number Nine",
        "natural": "water",
        "type": "multipolygon",
        "water": "reservoir",
        "@geometry": "center"
      },
      "geometry": {
        "type": "Point",
        "coordinates": [
          -82.0674757,
          38.9080432
        ]
      },
      "id": "relation/12745442"
    },
    {
      "type": "Feature",
      "properties": {
        "@id": "relation/12745443",
        "name": "McClintic Pond Number 7A",
        "natural": "water",
        "type": "multipolygon",
        "water": "reservoir",
        "@geometry": "center"
      },
      "geometry": {
        "type": "Point",
        "coordinates": [
          -82.0649193,
          38.9127517
        ]
      },
      "id": "relation/12745443"
    },
    {
      "type": "Feature",
      "properties": {
        "@id": "relation/12752413",
        "alt_name": "Cushaw Reservoir",
        "ele": "191",
        "gnis:feature_id": "1489155;1489136",
        "name": "Bedford Municipal Lake",
        "natural": "water",
        "type": "multipolygon",
        "water": "reservoir",
        "wikidata": "Q48979895",
        "@geometry": "center"
      },
      "geometry": {
        "type": "Point",
        "coordinates": [
          -79.3789836,
          37.5838749
        ]
      },
      "id": "relation/12752413"
    },
    {
      "type": "Feature",
      "properties": {
        "@id": "relation/12752414",
        "ele": "206",
        "gnis:feature_id": "1489136",
        "name": "Cushaw Reservoir",
        "natural": "water",
        "type": "multipolygon",
        "water": "reservoir",
        "@geometry": "center"
      },
      "geometry": {
        "type": "Point",
        "coordinates": [
          -79.3932017,
          37.6005332
        ]
      },
      "id": "relation/12752414"
    },
    {
      "type": "Feature",
      "properties": {
        "@id": "relation/12752428",
        "ele": "171",
        "gnis:feature_id": "1489140",
        "name": "Colemans Fall Reservoir",
        "natural": "water",
        "type": "multipolygon",
        "water": "reservoir",
        "@geometry": "center"
      },
      "geometry": {
        "type": "Point",
        "coordinates": [
          -79.3267044,
          37.5174608
        ]
      },
      "id": "relation/12752428"
    },
    {
      "type": "Feature",
      "properties": {
        "@id": "relation/12752641",
        "ele": "226",
        "gnis:feature_id": "1489311",
        "name": "Lynch Lake",
        "natural": "water",
        "type": "multipolygon",
        "water": "reservoir",
        "@geometry": "center"
      },
      "geometry": {
        "type": "Point",
        "coordinates": [
          -79.0863906,
          37.2453085
        ]
      },
      "id": "relation/12752641"
    },
    {
      "type": "Feature",
      "properties": {
        "@id": "relation/12752905",
        "ele": "280",
        "gnis:feature_id": "1490539",
        "name": "Shenandoah Reservoir",
        "natural": "water",
        "type": "multipolygon",
        "water": "reservoir",
        "@geometry": "center"
      },
      "geometry": {
        "type": "Point",
        "coordinates": [
          -78.6224764,
          38.4747822
        ]
      },
      "id": "relation/12752905"
    },
    {
      "type": "Feature",
      "properties": {
        "@id": "relation/12756164",
        "ele": "393",
        "gnis:feature_id": "1501702",
        "name": "Newman Lake",
        "natural": "water",
        "type": "multipolygon",
        "water": "reservoir",
        "@geometry": "center"
      },
      "geometry": {
        "type": "Point",
        "coordinates": [
          -78.8749819,
          38.4335468
        ]
      },
      "id": "relation/12756164"
    },
    {
      "type": "Feature",
      "properties": {
        "@id": "relation/12760641",
        "ele": "222",
        "gnis:feature_id": "1490543",
        "name": "Luray Reservoir",
        "natural": "water",
        "type": "multipolygon",
        "water": "reservoir",
        "@geometry": "center"
      },
      "geometry": {
        "type": "Point",
        "coordinates": [
          -78.5127815,
          38.6767743
        ]
      },
      "id": "relation/12760641"
    },
    {
      "type": "Feature",
      "properties": {
        "@id": "relation/12810926",
        "ele": "634",
        "gnis:feature_id": "1489398",
        "name": "Byllesby Reservoir",
        "natural": "water",
        "type": "multipolygon",
        "water": "reservoir",
        "@geometry": "center"
      },
      "geometry": {
        "type": "Point",
        "coordinates": [
          -80.9404613,
          36.7707454
        ]
      },
      "id": "relation/12810926"
    },
    {
      "type": "Feature",
      "properties": {
        "@id": "relation/12811125",
        "ele": "613",
        "gnis:feature_id": "1489400",
        "name": "Buck Reservoir",
        "natural": "water",
        "type": "multipolygon",
        "water": "reservoir",
        "@geometry": "center"
      },
      "geometry": {
        "type": "Point",
        "coordinates": [
          -80.9299701,
          36.8066335
        ]
      },
      "id": "relation/12811125"
    },
    {
      "type": "Feature",
      "properties": {
        "@id": "relation/12811260",
        "name": "Fries Reservoir",
        "natural": "water",
        "type": "multipolygon",
        "water": "reservoir",
        "@geometry": "center"
      },
      "geometry": {
        "type": "Point",
        "coordinates": [
          -80.9947249,
          36.7090235
        ]
      },
      "id": "relation/12811260"
    },
    {
      "type": "Feature",
      "properties": {
        "@id": "relation/12838664",
        "intermittent": "no",
        "name": "Hunting Run Reservoir",
        "natural": "water",
        "operator": "Spotsylvania County",
        "type": "multipolygon",
        "water": "reservoir",
        "wikidata": "Q48990191",
        "@geometry": "center"
      },
      "geometry": {
        "type": "Point",
        "coordinates": [
          -77.6491855,
          38.3409453
        ]
      },
      "id": "relation/12838664"
    },
    {
      "type": "Feature",
      "properties": {
        "@id": "relation/13068107",
        "ele": "6",
        "gnis:feature_id": "1490107",
        "name": "Edwards Pond",
        "natural": "water",
        "type": "multipolygon",
        "water": "reservoir",
        "@geometry": "center"
      },
      "geometry": {
        "type": "Point",
        "coordinates": [
          -76.6296229,
          36.9258326
        ]
      },
      "id": "relation/13068107"
    },
    {
      "type": "Feature",
      "properties": {
        "@id": "relation/13083842",
        "ele": "5",
        "gnis:feature_id": "1490131",
        "name": "Smithfield Lake",
        "natural": "water",
        "reservoir_type": "water_storage",
        "type": "multipolygon",
        "water": "reservoir",
        "@geometry": "center"
      },
      "geometry": {
        "type": "Point",
        "coordinates": [
          -76.6692381,
          36.9748806
        ]
      },
      "id": "relation/13083842"
    },
    {
      "type": "Feature",
      "properties": {
        "@id": "relation/13218779",
        "ele": "15",
        "gnis:feature_id": "1490424",
        "name": "Grays Pond",
        "natural": "water",
        "type": "multipolygon",
        "water": "reservoir",
        "@geometry": "center"
      },
      "geometry": {
        "type": "Point",
        "coordinates": [
          -76.6108937,
          37.6041246
        ]
      },
      "id": "relation/13218779"
    },
    {
      "type": "Feature",
      "properties": {
        "@id": "relation/13272484",
        "name": "Lilly Pond",
        "natural": "water",
        "type": "multipolygon",
        "water": "reservoir",
        "@geometry": "center"
      },
      "geometry": {
        "type": "Point",
        "coordinates": [
          -77.6973375,
          39.0016132
        ]
      },
      "id": "relation/13272484"
    },
    {
      "type": "Feature",
      "properties": {
        "@id": "relation/13448937",
        "name": "Beckley Water Supply Number Two Lake",
        "natural": "water",
        "type": "multipolygon",
        "water": "reservoir",
        "@geometry": "center"
      },
      "geometry": {
        "type": "Point",
        "coordinates": [
          -81.0717765,
          37.6674224
        ]
      },
      "id": "relation/13448937"
    },
    {
      "type": "Feature",
      "properties": {
        "@id": "relation/13551813",
        "name": "Boley Lake",
        "natural": "water",
        "type": "multipolygon",
        "water": "reservoir",
        "@geometry": "center"
      },
      "geometry": {
        "type": "Point",
        "coordinates": [
          -80.9538921,
          37.975696
        ]
      },
      "id": "relation/13551813"
    },
    {
      "type": "Feature",
      "properties": {
        "@id": "relation/13895088",
        "intermittent": "no",
        "name": "Vista Lake",
        "natural": "water",
        "salt": "no",
        "type": "multipolygon",
        "water": "reservoir",
        "@geometry": "center"
      },
      "geometry": {
        "type": "Point",
        "coordinates": [
          -79.2583148,
          37.390187
        ]
      },
      "id": "relation/13895088"
    },
    {
      "type": "Feature",
      "properties": {
        "@id": "relation/14012933",
        "attribution": "W&M Center for Geospatial Analysis, Public Domain",
        "intermittent": "no",
        "name": "Lake Matoaka",
        "natural": "water",
        "source": "MassGIS OpenSpace (http://www.mass.gov/mgis/osp.htm)",
        "type": "multipolygon",
        "water": "lake",
        "wikidata": "Q110918535",
        "@geometry": "center"
      },
      "geometry": {
        "type": "Point",
        "coordinates": [
          -76.7253203,
          37.2691671
        ]
      },
      "id": "relation/14012933"
    },
    {
      "type": "Feature",
      "properties": {
        "@id": "relation/14043479",
        "ele": "0",
        "gnis:feature_id": "1475788",
        "name": "Lake Tormentor",
        "natural": "water",
        "type": "multipolygon",
        "water": "reservoir",
        "@geometry": "center"
      },
      "geometry": {
        "type": "Point",
        "coordinates": [
          -76.6153184,
          37.0231213
        ]
      },
      "id": "relation/14043479"
    },
    {
      "type": "Feature",
      "properties": {
        "@id": "relation/14043487",
        "ele": "0",
        "gnis:feature_id": "1490115",
        "name": "Aberdeen Pond",
        "natural": "water",
        "type": "multipolygon",
        "water": "lake",
        "@geometry": "center"
      },
      "geometry": {
        "type": "Point",
        "coordinates": [
          -76.5955189,
          37.0272712
        ]
      },
      "id": "relation/14043487"
    },
    {
      "type": "Feature",
      "properties": {
        "@id": "relation/14094560",
        "name": "Jim Berrier Memorial Lake",
        "natural": "water",
        "note": "Waterfowl Sanctuary\nIzaak Walton League of America - Rockville Chapter",
        "type": "multipolygon",
        "water": "lake",
        "@geometry": "center"
      },
      "geometry": {
        "type": "Point",
        "coordinates": [
          -77.2482906,
          39.1563474
        ]
      },
      "id": "relation/14094560"
    },
    {
      "type": "Feature",
      "properties": {
        "@id": "relation/14369555",
        "name": "O'Brien Lake",
        "natural": "water",
        "type": "multipolygon",
        "water": "lake",
        "@geometry": "center"
      },
      "geometry": {
        "type": "Point",
        "coordinates": [
          -81.6227009,
          38.7425945
        ]
      },
      "id": "relation/14369555"
    },
    {
      "type": "Feature",
      "properties": {
        "@id": "relation/14447928",
        "ele": "34",
        "gnis:feature_id": "1489474",
        "name": "Rieves Lake",
        "natural": "water",
        "type": "multipolygon",
        "water": "reservoir",
        "@geometry": "center"
      },
      "geometry": {
        "type": "Point",
        "coordinates": [
          -77.4503323,
          37.3428364
        ]
      },
      "id": "relation/14447928"
    },
    {
      "type": "Feature",
      "properties": {
        "@id": "relation/14473202",
        "ele": "204",
        "gnis:feature_id": "515611",
        "name": "Spring Grove Lakes",
        "natural": "water",
        "type": "multipolygon",
        "water": "reservoir",
        "@geometry": "center"
      },
      "geometry": {
        "type": "Point",
        "coordinates": [
          -83.5832544,
          38.1349148
        ]
      },
      "id": "relation/14473202"
    },
    {
      "type": "Feature",
      "properties": {
        "@id": "relation/14518586",
        "intermittent": "no",
        "name": "Hungry Mother Lake",
        "natural": "water",
        "salt": "no",
        "tidal": "no",
        "type": "multipolygon",
        "water": "reservoir",
        "website": "https://dwr.virginia.gov/waterbody/hungry-mother-lake/",
        "@geometry": "center"
      },
      "geometry": {
        "type": "Point",
        "coordinates": [
          -81.519284,
          36.8788993
        ]
      },
      "id": "relation/14518586"
    },
    {
      "type": "Feature",
      "properties": {
        "@id": "relation/14569299",
        "ele": "77",
        "gnis:feature_id": "1490618",
        "landuse": "reservoir",
        "name": "Upper Byers Lake",
        "natural": "water",
        "type": "multipolygon",
        "water": "lake",
        "wikidata": "Q49703013",
        "@geometry": "center"
      },
      "geometry": {
        "type": "Point",
        "coordinates": [
          -77.8268499,
          37.5632422
        ]
      },
      "id": "relation/14569299"
    },
    {
      "type": "Feature",
      "properties": {
        "@id": "relation/14898741",
        "ele": "341",
        "gnis:feature_id": "1490537",
        "name": "Lake Arrowhead",
        "natural": "water",
        "type": "multipolygon",
        "water": "reservoir",
        "@geometry": "center"
      },
      "geometry": {
        "type": "Point",
        "coordinates": [
          -78.3881369,
          38.6408287
        ]
      },
      "id": "relation/14898741"
    },
    {
      "type": "Feature",
      "properties": {
        "@id": "relation/15190487",
        "ele": "3",
        "gnis:feature_id": "1502168",
        "name": "Mathews Lake",
        "natural": "water",
        "type": "multipolygon",
        "water": "reservoir",
        "wikidata": "Q49701906",
        "@geometry": "center"
      },
      "geometry": {
        "type": "Point",
        "coordinates": [
          -76.4228827,
          36.8838097
        ]
      },
      "id": "relation/15190487"
    },
    {
      "type": "Feature",
      "properties": {
        "@id": "relation/15339982",
        "name": "Willow Lake",
        "natural": "water",
        "type": "multipolygon",
        "water": "lake",
        "@geometry": "center"
      },
      "geometry": {
        "type": "Point",
        "coordinates": [
          -77.5853916,
          38.9249485
        ]
      },
      "id": "relation/15339982"
    },
    {
      "type": "Feature",
      "properties": {
        "@id": "relation/15349873",
        "intermittent": "no",
        "name": "Girl Scout Lake",
        "natural": "water",
        "type": "multipolygon",
        "water": "lake",
        "@geometry": "center"
      },
      "geometry": {
        "type": "Point",
        "coordinates": [
          -77.5842502,
          37.5232946
        ]
      },
      "id": "relation/15349873"
    },
    {
      "type": "Feature",
      "properties": {
        "@id": "relation/15392681",
        "ele": "163",
        "gnis:feature_id": "1489746",
        "name": "Ardarra Farm Lake",
        "natural": "water",
        "type": "multipolygon",
        "water": "reservoir",
        "@geometry": "center"
      },
      "geometry": {
        "type": "Point",
        "coordinates": [
          -77.7638594,
          38.9536775
        ]
      },
      "id": "relation/15392681"
    },
    {
      "type": "Feature",
      "properties": {
        "@id": "relation/15487690",
        "ele": "50",
        "gnis:feature_id": "1490058",
        "name": "Westhaven Lake",
        "natural": "water",
        "type": "multipolygon",
        "water": "reservoir",
        "@geometry": "center"
      },
      "geometry": {
        "type": "Point",
        "coordinates": [
          -77.3066885,
          37.6142878
        ]
      },
      "id": "relation/15487690"
    },
    {
      "type": "Feature",
      "properties": {
        "@id": "relation/15511942",
        "intermittent": "no",
        "name": "Swift Creek Reservoir",
        "natural": "water",
        "type": "multipolygon",
        "water": "reservoir",
        "wikidata": "Q21197259",
        "@geometry": "center"
      },
      "geometry": {
        "type": "Point",
        "coordinates": [
          -77.6745217,
          37.4255146
        ]
      },
      "id": "relation/15511942"
    },
    {
      "type": "Feature",
      "properties": {
        "@id": "relation/15517449",
        "ele": "6",
        "gnis:feature_id": "1502117",
        "name": "Lake Cohoon",
        "natural": "water",
        "reservoir_type": "water_storage",
        "type": "multipolygon",
        "water": "reservoir",
        "@geometry": "center"
      },
      "geometry": {
        "type": "Point",
        "coordinates": [
          -76.6665674,
          36.7521321
        ]
      },
      "id": "relation/15517449"
    },
    {
      "type": "Feature",
      "properties": {
        "@id": "relation/15693389",
        "NHD:ComID": "8467749",
        "NHD:FCode": "39004",
        "NHD:FDate": "1999/09/02",
        "NHD:FTYPE": "LakePond",
        "NHD:RESOLUTION": "Medium",
        "NHD:ReachCode": "02080103001401",
        "ele": "178",
        "gnis:feature_id": "1502158",
        "name": "White Oak Lake",
        "natural": "water",
        "source": "NHD",
        "type": "multipolygon",
        "water": "reservoir",
        "@geometry": "center"
      },
      "geometry": {
        "type": "Point",
        "coordinates": [
          -78.3124536,
          38.3819712
        ]
      },
      "id": "relation/15693389"
    },
    {
      "type": "Feature",
      "properties": {
        "@id": "relation/15722466",
        "acres": "124",
        "ele": "118",
        "gnis:feature_id": "1471939",
        "intermittent": "no",
        "name": "Lake Orange",
        "natural": "water",
        "type": "multipolygon",
        "water": "reservoir",
        "website": "https://www.dgif.virginia.gov/waterbody/lake-orange/",
        "@geometry": "center"
      },
      "geometry": {
        "type": "Point",
        "coordinates": [
          -78.0189375,
          38.2271308
        ]
      },
      "id": "relation/15722466"
    },
    {
      "type": "Feature",
      "properties": {
        "@id": "relation/15743825",
        "ele": "89",
        "gnis:feature_id": "1469873",
        "name": "Lake Louisa",
        "natural": "water",
        "type": "multipolygon",
        "water": "reservoir",
        "@geometry": "center"
      },
      "geometry": {
        "type": "Point",
        "coordinates": [
          -78.0243201,
          38.1117452
        ]
      },
      "id": "relation/15743825"
    },
    {
      "type": "Feature",
      "properties": {
        "@id": "relation/15877534",
        "boat": "no",
        "name": "Pinewood Lake",
        "natural": "water",
        "source": "bing",
        "type": "multipolygon",
        "water": "lake",
        "@geometry": "center"
      },
      "geometry": {
        "type": "Point",
        "coordinates": [
          -77.1090363,
          38.7374585
        ]
      },
      "id": "relation/15877534"
    },
    {
      "type": "Feature",
      "properties": {
        "@id": "relation/16069747",
        "ele": "60",
        "gnis:feature_id": "1490745",
        "name": "Bagley Pond",
        "natural": "water",
        "type": "multipolygon",
        "water": "reservoir",
        "@geometry": "center"
      },
      "geometry": {
        "type": "Point",
        "coordinates": [
          -77.5757439,
          38.6415358
        ]
      },
      "id": "relation/16069747"
    },
    {
      "type": "Feature",
      "properties": {
        "@id": "relation/16116121",
        "ele": "172",
        "gnis:feature_id": "1489709",
        "name": "Kinloch Farm Pond",
        "natural": "water",
        "type": "multipolygon",
        "water": "reservoir",
        "@geometry": "center"
      },
      "geometry": {
        "type": "Point",
        "coordinates": [
          -77.7405184,
          38.8566331
        ]
      },
      "id": "relation/16116121"
    },
    {
      "type": "Feature",
      "properties": {
        "@id": "relation/16116728",
        "ele": "100",
        "gnis:feature_id": "1489713",
        "name": "Springhill Farm Pond",
        "natural": "water",
        "type": "multipolygon",
        "water": "reservoir",
        "@geometry": "center"
      },
      "geometry": {
        "type": "Point",
        "coordinates": [
          -77.717417,
          38.6760612
        ]
      },
      "id": "relation/16116728"
    },
    {
      "type": "Feature",
      "properties": {
        "@id": "relation/16215713",
        "name": "Shavers Lake",
        "natural": "water",
        "type": "multipolygon",
        "water": "lake",
        "@geometry": "center"
      },
      "geometry": {
        "type": "Point",
        "coordinates": [
          -79.9812854,
          38.4160538
        ]
      },
      "id": "relation/16215713"
    },
    {
      "type": "Feature",
      "properties": {
        "@id": "relation/16394105",
        "NHD:ComID": "8488888",
        "NHD:FCode": "39004",
        "NHD:FDate": "1999/08/13",
        "NHD:FTYPE": "LakePond",
        "NHD:RESOLUTION": "Medium",
        "NHD:ReachCode": "02080105001463",
        "name": "Ni River Reservoir",
        "natural": "water",
        "source": "NHD",
        "type": "multipolygon",
        "water": "reservoir",
        "@geometry": "center"
      },
      "geometry": {
        "type": "Point",
        "coordinates": [
          -77.6130312,
          38.2541657
        ]
      },
      "id": "relation/16394105"
    },
    {
      "type": "Feature",
      "properties": {
        "@id": "relation/16411540",
        "name": "Waltonian Pond",
        "natural": "water",
        "type": "multipolygon",
        "water": "reservoir",
        "@geometry": "center"
      },
      "geometry": {
        "type": "Point",
        "coordinates": [
          -77.6831774,
          38.2959246
        ]
      },
      "id": "relation/16411540"
    },
    {
      "type": "Feature",
      "properties": {
        "@id": "relation/16531127",
        "ele": "76",
        "gnis:feature_id": "1740288",
        "intermittent": "no",
        "name": "Harris Pond",
        "natural": "water",
        "salt": "no",
        "type": "multipolygon",
        "water": "reservoir",
        "@geometry": "center"
      },
      "geometry": {
        "type": "Point",
        "coordinates": [
          -77.9085659,
          38.1173244
        ]
      },
      "id": "relation/16531127"
    },
    {
      "type": "Feature",
      "properties": {
        "@id": "relation/16632712",
        "ele": "129",
        "gnis:feature_id": "1489507",
        "name": "Short Hill Farm Lake",
        "natural": "water",
        "type": "multipolygon",
        "water": "reservoir",
        "@geometry": "center"
      },
      "geometry": {
        "type": "Point",
        "coordinates": [
          -77.9642238,
          39.1073076
        ]
      },
      "id": "relation/16632712"
    },
    {
      "type": "Feature",
      "properties": {
        "@id": "relation/16740393",
        "ele": "61",
        "gnis:feature_id": "1489353",
        "name": "James Pond",
        "natural": "water",
        "type": "multipolygon",
        "water": "reservoir",
        "@geometry": "center"
      },
      "geometry": {
        "type": "Point",
        "coordinates": [
          -77.6388406,
          37.9963477
        ]
      },
      "id": "relation/16740393"
    },
    {
      "type": "Feature",
      "properties": {
        "@id": "relation/16795330",
        "ele": "80;82",
        "gnis:feature_id": "1490314;1475388",
        "name": "Swifts Millpondd",
        "natural": "water",
        "type": "multipolygon",
        "water": "reservoir",
        "@geometry": "center"
      },
      "geometry": {
        "type": "Point",
        "coordinates": [
          -77.8032472,
          37.9451145
        ]
      },
      "id": "relation/16795330"
    },
    {
      "type": "Feature",
      "properties": {
        "@id": "relation/16795332",
        "alt_name": "Goodwins Lake",
        "ele": "92",
        "gnis:feature_id": "1490316",
        "name": "Goodwin Lake",
        "natural": "water",
        "type": "multipolygon",
        "water": "reservoir",
        "@geometry": "center"
      },
      "geometry": {
        "type": "Point",
        "coordinates": [
          -77.8205358,
          37.9460467
        ]
      },
      "id": "relation/16795332"
    },
    {
      "type": "Feature",
      "properties": {
        "@id": "relation/16811889",
        "NHD:ComID": "8475532",
        "NHD:FCode": "39004",
        "NHD:FDate": "1999/08/13",
        "NHD:FTYPE": "LakePond",
        "NHD:RESOLUTION": "Medium",
        "NHD:ReachCode": "02080104001453",
        "ele": "24",
        "gnis:feature_id": "1502078",
        "name": "Motts Run Reservoir",
        "natural": "water",
        "source": "NHD",
        "type": "multipolygon",
        "water": "reservoir",
        "@geometry": "center"
      },
      "geometry": {
        "type": "Point",
        "coordinates": [
          -77.5542993,
          38.315678
        ]
      },
      "id": "relation/16811889"
    },
    {
      "type": "Feature",
      "properties": {
        "@id": "relation/16891869",
        "NHD:ComID": "8467739",
        "NHD:FCode": "39004",
        "NHD:FDate": "1999/09/02",
        "NHD:FTYPE": "LakePond",
        "NHD:RESOLUTION": "Medium",
        "NHD:ReachCode": "02080103001372",
        "gnis:feature_id": "1470369",
        "name": "Merrimac Lake",
        "natural": "water",
        "source": "NHD",
        "type": "multipolygon",
        "water": "reservoir",
        "@geometry": "center"
      },
      "geometry": {
        "type": "Point",
        "coordinates": [
          -78.0424081,
          38.4508527
        ]
      },
      "id": "relation/16891869"
    },
    {
      "type": "Feature",
      "properties": {
        "@id": "relation/16894064",
        "NHD:ComID": "8467725",
        "NHD:Elevation": "133.00000000000",
        "NHD:FCode": "39009",
        "NHD:FDate": "2008/07/22",
        "NHD:FTYPE": "LakePond",
        "NHD:RESOLUTION": "Medium",
        "NHD:ReachCode": "02080103001360",
        "ele": "133",
        "gnis:feature_id": "1471180;1471180",
        "name": "Mountain Run Lake",
        "natural": "water",
        "source": "NHD",
        "type": "multipolygon",
        "water": "reservoir",
        "@geometry": "center"
      },
      "geometry": {
        "type": "Point",
        "coordinates": [
          -78.0721771,
          38.4771112
        ]
      },
      "id": "relation/16894064"
    },
    {
      "type": "Feature",
      "properties": {
        "@id": "relation/16947020",
        "NHD:ComID": "120053453",
        "NHD:FCode": "39004",
        "NHD:FDate": "2004/03/16",
        "NHD:FTYPE": "LakePond",
        "NHD:RESOLUTION": "Medium",
        "NHD:ReachCode": "02080103001354",
        "ele": "146",
        "gnis:feature_id": "1464578",
        "name": "Caynor Lake",
        "natural": "water",
        "source": "NHD",
        "type": "multipolygon",
        "water": "reservoir",
        "@geometry": "center"
      },
      "geometry": {
        "type": "Point",
        "coordinates": [
          -78.0805899,
          38.4998728
        ]
      },
      "id": "relation/16947020"
    },
    {
      "type": "Feature",
      "properties": {
        "@id": "relation/17010440",
        "boat": "designated",
        "name": "Germantown Lake",
        "natural": "water",
        "type": "multipolygon",
        "water": "reservoir",
        "@geometry": "center"
      },
      "geometry": {
        "type": "Point",
        "coordinates": [
          -77.7280618,
          38.6208063
        ]
      },
      "id": "relation/17010440"
    },
    {
      "type": "Feature",
      "properties": {
        "@id": "relation/17015945",
        "name": "Lake Whetstone",
        "natural": "water",
        "type": "multipolygon",
        "water": "lake",
        "@geometry": "center"
      },
      "geometry": {
        "type": "Point",
        "coordinates": [
          -77.2012044,
          39.1655017
        ]
      },
      "id": "relation/17015945"
    },
    {
      "type": "Feature",
      "properties": {
        "@id": "relation/17036247",
        "ele": "251",
        "gnis:feature_id": "1077767",
        "name": "Badger Lake",
        "natural": "water",
        "type": "multipolygon",
        "water": "reservoir",
        "@geometry": "center"
      },
      "geometry": {
        "type": "Point",
        "coordinates": [
          -81.8135068,
          39.3045032
        ]
      },
      "id": "relation/17036247"
    },
    {
      "type": "Feature",
      "properties": {
        "@id": "relation/17072347",
        "ele": "144",
        "gnis:feature_id": "1489036",
        "name": "Bishops Lake",
        "natural": "water",
        "type": "multipolygon",
        "water": "reservoir",
        "@geometry": "center"
      },
      "geometry": {
        "type": "Point",
        "coordinates": [
          -78.388381,
          38.1922611
        ]
      },
      "id": "relation/17072347"
    },
    {
      "type": "Feature",
      "properties": {
        "@id": "relation/17076860",
        "NHD:ComID": "8467775",
        "NHD:FCode": "39004",
        "NHD:FDate": "1999/09/02",
        "NHD:FTYPE": "LakePond",
        "NHD:RESOLUTION": "Medium",
        "NHD:ReachCode": "02080103001429",
        "ele": "212",
        "gnis:feature_id": "1489921",
        "name": "Greene Acres Lake",
        "natural": "water",
        "official_name": "Greene Development Lake",
        "source": "NHD",
        "type": "multipolygon",
        "water": "reservoir",
        "@geometry": "center"
      },
      "geometry": {
        "type": "Point",
        "coordinates": [
          -78.4550051,
          38.3211772
        ]
      },
      "id": "relation/17076860"
    },
    {
      "type": "Feature",
      "properties": {
        "@id": "relation/17097793",
        "ele": "159",
        "gnis:feature_id": "1489070",
        "name": "Chisholm Lake Number One",
        "natural": "water",
        "type": "multipolygon",
        "water": "reservoir",
        "@geometry": "center"
      },
      "geometry": {
        "type": "Point",
        "coordinates": [
          -78.5165024,
          38.2074309
        ]
      },
      "id": "relation/17097793"
    },
    {
      "type": "Feature",
      "properties": {
        "@id": "relation/17100852",
        "ele": "168",
        "gnis:feature_id": "1489017",
        "name": "Wilsdorf Pond",
        "natural": "water",
        "type": "multipolygon",
        "water": "reservoir",
        "@geometry": "center"
      },
      "geometry": {
        "type": "Point",
        "coordinates": [
          -78.535773,
          38.2159263
        ]
      },
      "id": "relation/17100852"
    },
    {
      "type": "Feature",
      "properties": {
        "@id": "relation/17219845",
        "name": "Silver Lake",
        "natural": "water",
        "source": "Bing",
        "type": "multipolygon",
        "water": "reservoir",
        "@geometry": "center"
      },
      "geometry": {
        "type": "Point",
        "coordinates": [
          -75.701691,
          39.4364462
        ]
      },
      "id": "relation/17219845"
    },
    {
      "type": "Feature",
      "properties": {
        "@id": "relation/17238704",
        "ele": "109",
        "gnis:feature_id": "1490349",
        "name": "Woodfolk Brothers Pond Number Two",
        "natural": "water",
        "type": "multipolygon",
        "water": "reservoir",
        "@geometry": "center"
      },
      "geometry": {
        "type": "Point",
        "coordinates": [
          -77.9917221,
          37.9904459
        ]
      },
      "id": "relation/17238704"
    },
    {
      "type": "Feature",
      "properties": {
        "@id": "relation/17368420",
        "ele": "272",
        "gnis:feature_id": "1559135",
        "name": "Opekiska Pool",
        "natural": "water",
        "type": "multipolygon",
        "water": "reservoir",
        "waterway:alt_name:fr": "Monongahéla;Malangueulé;Mal-engueulée;Manangaîlé",
        "waterway:name": "Monongahela River",
        "waterway:name:es": "Río Monongahela",
        "waterway:name:fr": "Monongahela",
        "@geometry": "center"
      },
      "geometry": {
        "type": "Point",
        "coordinates": [
          -80.101881,
          39.514737
        ]
      },
      "id": "relation/17368420"
    },
    {
      "type": "Feature",
      "properties": {
        "@id": "relation/17643797",
        "name": "Stonewall Jackson Lake",
        "natural": "water",
        "type": "multipolygon",
        "water": "lake",
        "wikidata": "Q7337042",
        "@geometry": "center"
      },
      "geometry": {
        "type": "Point",
        "coordinates": [
          -80.4559103,
          38.9448385
        ]
      },
      "id": "relation/17643797"
    },
    {
      "type": "Feature",
      "properties": {
        "@id": "relation/17808827",
        "name": "Lake Bernard Frank",
        "natural": "water",
        "type": "multipolygon",
        "water": "reservoir",
        "wikidata": "Q6474971",
        "wikipedia": "en:Lake Bernard Frank",
        "@geometry": "center"
      },
      "geometry": {
        "type": "Point",
        "coordinates": [
          -77.1129391,
          39.1061693
        ]
      },
      "id": "relation/17808827"
    },
    {
      "type": "Feature",
      "properties": {
        "@id": "relation/18003004",
        "name": "Ivy Lake",
        "natural": "water",
        "source": "Yahoo",
        "type": "multipolygon",
        "water": "reservoir",
        "@geometry": "center"
      },
      "geometry": {
        "type": "Point",
        "coordinates": [
          -79.3133658,
          37.4007916
        ]
      },
      "id": "relation/18003004"
    },
    {
      "type": "Feature",
      "properties": {
        "@id": "relation/18019660",
        "ele": "188",
        "gnis:feature_id": "1490983",
        "name": "Lake of the Clouds",
        "natural": "water",
        "type": "multipolygon",
        "water": "reservoir",
        "@geometry": "center"
      },
      "geometry": {
        "type": "Point",
        "coordinates": [
          -78.0415721,
          38.9890874
        ]
      },
      "id": "relation/18019660"
    },
    {
      "type": "Feature",
      "properties": {
        "@id": "relation/18076830",
        "name": "North Bend Lake",
        "natural": "water",
        "type": "multipolygon",
        "water": "reservoir",
        "wikidata": "Q7054140",
        "@geometry": "center"
      },
      "geometry": {
        "type": "Point",
        "coordinates": [
          -81.0706858,
          39.2180634
        ]
      },
      "id": "relation/18076830"
    },
    {
      "type": "Feature",
      "properties": {
        "@id": "relation/18135182",
        "boat": "no",
        "fishing": "yes",
        "name": "Upper Occoquan Polish Pond",
        "natural": "water",
        "type": "multipolygon",
        "water": "reservoir",
        "@geometry": "center"
      },
      "geometry": {
        "type": "Point",
        "coordinates": [
          -77.4564331,
          38.8065368
        ]
      },
      "id": "relation/18135182"
    },
    {
      "type": "Feature",
      "properties": {
        "@id": "relation/18372898",
        "ele": "221",
        "gnis:feature_id": "1489050",
        "name": "Ruddocks Pond",
        "natural": "water",
        "type": "multipolygon",
        "water": "reservoir",
        "@geometry": "center"
      },
      "geometry": {
        "type": "Point",
        "coordinates": [
          -78.6975429,
          37.9165135
        ]
      },
      "id": "relation/18372898"
    },
    {
      "type": "Feature",
      "properties": {
        "@id": "relation/18434513",
        "ele": "257",
        "gnis:feature_id": "1489842",
        "name": "Lake Holiday",
        "natural": "water",
        "type": "multipolygon",
        "water": "reservoir",
        "wikidata": "Q7348508",
        "@geometry": "center"
      },
      "geometry": {
        "type": "Point",
        "coordinates": [
          -78.3245242,
          39.3113268
        ]
      },
      "id": "relation/18434513"
    },
    {
      "type": "Feature",
      "properties": {
        "@id": "relation/18438921",
        "ele": "145",
        "fishing": "licence",
        "intermittent": "no",
        "name": "Holliday Lake",
        "natural": "water",
        "type": "multipolygon",
        "water": "reservoir",
        "wikidata": "Q49701110",
        "@geometry": "center"
      },
      "geometry": {
        "type": "Point",
        "coordinates": [
          -78.6373299,
          37.3960634
        ]
      },
      "id": "relation/18438921"
    },
    {
      "type": "Feature",
      "properties": {
        "@id": "relation/18623998",
        "name": "Lake Thomas",
        "natural": "water",
        "type": "multipolygon",
        "water": "lake",
        "@geometry": "center"
      },
      "geometry": {
        "type": "Point",
        "coordinates": [
          -77.9735472,
          39.4631987
        ]
      },
      "id": "relation/18623998"
    },
    {
      "type": "Feature",
      "properties": {
        "@id": "relation/18876262",
        "NHD:ComID": "8488912",
        "NHD:FCode": "39004",
        "NHD:FDate": "1999/08/13",
        "NHD:FTYPE": "LakePond",
        "NHD:RESOLUTION": "Medium",
        "NHD:ReachCode": "02080105001473",
        "ele": "71",
        "gnis:feature_id": "1502121",
        "name": "Wrights Pond",
        "natural": "water",
        "source": "NHD",
        "type": "multipolygon",
        "water": "reservoir",
        "@geometry": "center"
      },
      "geometry": {
        "type": "Point",
        "coordinates": [
          -77.6713009,
          38.2182048
        ]
      },
      "id": "relation/18876262"
    },
    {
      "type": "Feature",
      "properties": {
        "@id": "relation/19126447",
        "alt_name": "Clark Chapel Acres Recreation Pond",
        "ele": "195",
        "gnis:feature_id": "1078115",
        "name": "Pine Acres Lake",
        "natural": "water",
        "type": "multipolygon",
        "water": "reservoir",
        "@geometry": "center"
      },
      "geometry": {
        "type": "Point",
        "coordinates": [
          -82.2788633,
          38.936818
        ]
      },
      "id": "relation/19126447"
    },
    {
      "type": "Feature",
      "properties": {
        "@id": "relation/19291726",
        "alt_name": "Rhema Lake; Sengers Mountain Lake",
        "ele": "486",
        "gnis:feature_id": "1489183",
        "name": "Stoney Creek Lake",
        "natural": "water",
        "type": "multipolygon",
        "water": "reservoir",
        "@geometry": "center"
      },
      "geometry": {
        "type": "Point",
        "coordinates": [
          -79.1215088,
          37.9899597
        ]
      },
      "id": "relation/19291726"
    },
    {
      "type": "Feature",
      "properties": {
        "@id": "relation/19521238",
        "alt_name": "Hocking Hills Reservoir",
        "ele": "261",
        "gnis:feature_id": "1078052",
        "name": "Rose Lake",
        "natural": "water",
        "note": "Swimming prohibited. Fishing permitted for holders of state fishing license.",
        "type": "multipolygon",
        "water": "reservoir",
        "wikidata": "Q5875767",
        "wikimedia_commons": "Category:Hocking Hills Reservoir",
        "wikipedia": "en:Hocking Hills Reservoir",
        "@geometry": "center"
      },
      "geometry": {
        "type": "Point",
        "coordinates": [
          -82.5367965,
          39.4279897
        ]
      },
      "id": "relation/19521238"
    },
    {
      "type": "Feature",
      "properties": {
        "@id": "relation/19535410",
        "ele": "608",
        "gnis:feature_id": "1488506",
        "intermittent": "yes",
        "name": "Bath County Pumped Storage Lake",
        "natural": "water",
        "type": "multipolygon",
        "water": "reservoir",
        "@geometry": "center"
      },
      "geometry": {
        "type": "Point",
        "coordinates": [
          -79.7970838,
          38.2115001
        ]
      },
      "id": "relation/19535410"
    },
    {
      "type": "Feature",
      "properties": {
        "@id": "relation/19554991",
        "ele": "313",
        "gnis:feature_id": "1502062",
        "name": "Lynchburg Reservoir",
        "natural": "water",
        "type": "multipolygon",
        "water": "reservoir",
        "wikidata": "Q49701837",
        "@geometry": "center"
      },
      "geometry": {
        "type": "Point",
        "coordinates": [
          -79.278745,
          37.6786272
        ]
      },
      "id": "relation/19554991"
    },
    {
      "type": "Feature",
      "properties": {
        "@id": "relation/19646015",
        "name": "Four Acre Lake",
        "natural": "water",
        "type": "multipolygon",
        "water": "lake",
        "@geometry": "center"
      },
      "geometry": {
        "type": "Point",
        "coordinates": [
          -79.1360924,
          37.8513009
        ]
      },
      "id": "relation/19646015"
    },
    {
      "type": "Feature",
      "properties": {
        "@id": "relation/19688290",
        "ele": "240",
        "gnis:feature_id": "1490999",
        "name": "Apple Mountain Lake",
        "natural": "water",
        "type": "multipolygon",
        "water": "reservoir",
        "@geometry": "center"
      },
      "geometry": {
        "type": "Point",
        "coordinates": [
          -78.1079797,
          38.9298782
        ]
      },
      "id": "relation/19688290"
    },
    {
      "type": "Feature",
      "properties": {
        "@id": "relation/19688291",
        "ele": "256",
        "gnis:feature_id": "1491003",
        "name": "Apple Mountain Upper Lake",
        "natural": "water",
        "type": "multipolygon",
        "water": "reservoir",
        "@geometry": "center"
      },
      "geometry": {
        "type": "Point",
        "coordinates": [
          -78.1089016,
          38.9286642
        ]
      },
      "id": "relation/19688291"
    },
    {
      "type": "Feature",
      "properties": {
        "@id": "relation/19876121",
        "gnis:feature_id": "597950",
        "name": "Lake Redington",
        "natural": "water",
        "type": "multipolygon",
        "water": "lake",
        "wikidata": "Q35098979",
        "@geometry": "center"
      },
      "geometry": {
        "type": "Point",
        "coordinates": [
          -76.7995157,
          39.0244903
        ]
      },
      "id": "relation/19876121"
    },
    {
      "type": "Feature",
      "properties": {
        "@id": "relation/19878877",
        "name": "Lake Mercer",
        "natural": "water",
        "type": "multipolygon",
        "water": "reservoir",
        "@geometry": "center"
      },
      "geometry": {
        "type": "Point",
        "coordinates": [
          -77.2594049,
          38.7398438
        ]
      },
      "id": "relation/19878877"
    },
    {
      "type": "Feature",
      "properties": {
        "@id": "relation/19950275",
        "ele": "453",
        "gnis:feature_id": "1489107",
        "name": "Clifton Forge Reservoir",
        "natural": "water",
        "type": "multipolygon",
        "water": "reservoir",
        "@geometry": "center"
      },
      "geometry": {
        "type": "Point",
        "coordinates": [
          -79.8420278,
          37.850386
        ]
      },
      "id": "relation/19950275"
    },
    {
      "type": "Feature",
      "properties": {
        "@id": "relation/20033368",
        "boat": "yes",
        "name": "Wilck's Lake",
        "natural": "water",
        "type": "multipolygon",
        "water": "reservoir",
        "@geometry": "center"
      },
      "geometry": {
        "type": "Point",
        "coordinates": [
          -78.4142279,
          37.304142
        ]
      },
      "id": "relation/20033368"
    },
    {
      "type": "Feature",
      "properties": {
        "@id": "relation/20054542",
        "ele": "139",
        "fishing": "licence",
        "gnis:feature_id": "1502024",
        "name": "Goodwin Lake",
        "natural": "water",
        "type": "multipolygon",
        "water": "reservoir",
        "@geometry": "center"
      },
      "geometry": {
        "type": "Point",
        "coordinates": [
          -78.2814499,
          37.1731313
        ]
      },
      "id": "relation/20054542"
    },
    {
      "type": "Feature",
      "properties": {
        "@id": "relation/20054635",
        "ele": "128",
        "fishing": "licence",
        "gnis:feature_id": "1502101",
        "name": "Prince Edward Lake",
        "natural": "water",
        "type": "multipolygon",
        "water": "reservoir",
        "@geometry": "center"
      },
      "geometry": {
        "type": "Point",
        "coordinates": [
          -78.2731007,
          37.1719734
        ]
      },
      "id": "relation/20054635"
    },
    {
      "type": "Feature",
      "properties": {
        "@id": "relation/20082792",
        "canoe": "designated",
        "ele": "85",
        "gnis:feature_id": "1462885",
        "intermittent": "no",
        "name": "Bear Creek Lake",
        "natural": "water",
        "reservoir_type": "water_storage",
        "type": "multipolygon",
        "water": "reservoir",
        "@geometry": "center"
      },
      "geometry": {
        "type": "Point",
        "coordinates": [
          -78.2718723,
          37.5283532
        ]
      },
      "id": "relation/20082792"
    },
    {
      "type": "Feature",
      "properties": {
        "@id": "relation/20137650",
        "covered": "no",
        "gnis:feature_id": "1761345",
        "name": "Lake Royal",
        "natural": "water",
        "type": "multipolygon",
        "water": "reservoir",
        "wikidata": "Q49701572",
        "@geometry": "center"
      },
      "geometry": {
        "type": "Point",
        "coordinates": [
          -77.2889624,
          38.8053679
        ]
      },
      "id": "relation/20137650"
    },
    {
      "type": "Feature",
      "properties": {
        "@id": "relation/20340367",
        "ele": "1",
        "gnis:feature_id": "1477021",
        "name": "Marumsco Acres Lake",
        "natural": "water",
        "type": "multipolygon",
        "water": "reservoir",
        "@geometry": "center"
      },
      "geometry": {
        "type": "Point",
        "coordinates": [
          -77.2535111,
          38.6409511
        ]
      },
      "id": "relation/20340367"
    },
    {
      "type": "Feature",
      "properties": {
        "@id": "relation/20668070",
        "ele": "16",
        "gnis:feature_id": "1491025",
        "name": "Marshall Creek Pond",
        "natural": "water",
        "type": "multipolygon",
        "water": "reservoir",
        "@geometry": "center"
      },
      "geometry": {
        "type": "Point",
        "coordinates": [
          -76.735943,
          38.0579025
        ]
      },
      "id": "relation/20668070"
    },
    {
      "type": "Feature",
      "properties": {
        "@id": "relation/20726332",
        "name": "Lake Jackson",
        "natural": "water",
        "source": "Bing",
        "type": "multipolygon",
        "water": "reservoir",
        "@geometry": "center"
      },
      "geometry": {
        "type": "Point",
        "coordinates": [
          -77.4613618,
          38.6926914
        ]
      },
      "id": "relation/20726332"
    },
    {
      "type": "Feature",
      "properties": {
        "@id": "relation/20732532",
        "name": "Rockcliff Lake",
        "natural": "water",
        "type": "multipolygon",
        "water": "reservoir",
        "@geometry": "center"
      },
      "geometry": {
        "type": "Point",
        "coordinates": [
          -78.7375686,
          38.9588452
        ]
      },
      "id": "relation/20732532"
    },
    {
      "type": "Feature",
      "properties": {
        "@id": "relation/20987534",
        "NHD:ComID": "44343752",
        "NHD:Elevation": "1670.00000000000",
        "NHD:FCode": "43613",
        "NHD:FDate": "2002/07/02",
        "NHD:FTYPE": "Reservoir",
        "NHD:RESOLUTION": "High",
        "NHD:ReachCode": "03010101003113",
        "ele": "509",
        "gnis:feature_id": "1502013",
        "name": "Falling Creek Reservoir",
        "natural": "water",
        "source": "National Hydrography Dataset (http://nhd.usgs.gov/)",
        "type": "multipolygon",
        "water": "reservoir",
        "@geometry": "center"
      },
      "geometry": {
        "type": "Point",
        "coordinates": [
          -79.8375915,
          37.3060042
        ]
      },
      "id": "relation/20987534"
    },
    {
      "type": "Feature",
      "properties": {
        "@id": "relation/20996150",
        "NHD:ComID": "44343548",
        "NHD:Elevation": "1925.00000000000",
        "NHD:FCode": "43613",
        "NHD:FDate": "2005/08/26",
        "NHD:FTYPE": "Reservoir",
        "NHD:RESOLUTION": "High",
        "NHD:ReachCode": "03010101003110",
        "ele": "587",
        "gnis:feature_id": "1501951",
        "name": "Beaverdam Reservoir",
        "natural": "water",
        "source": "National Hydrography Dataset (http://nhd.usgs.gov/)",
        "type": "multipolygon",
        "water": "reservoir",
        "@geometry": "center"
      },
      "geometry": {
        "type": "Point",
        "coordinates": [
          -79.8194477,
          37.3167604
        ]
      },
      "id": "relation/20996150"
    },
    {
      "type": "Feature",
      "properties": {
        "@id": "way/21441960",
        "ele": "5",
        "gnis:feature_id": "1501952",
        "name": "Big Bethel Reservoir",
        "natural": "water",
        "source": "PGS",
        "water": "reservoir",
        "@geometry": "center"
      },
      "geometry": {
        "type": "Point",
        "coordinates": [
          -76.4402921,
          37.0945349
        ]
      },
      "id": "way/21441960"
    },
    {
      "type": "Feature",
      "properties": {
        "@id": "way/21442820",
        "name": "Eustis Lake",
        "natural": "water",
        "source": "PGS",
        "water": "lake",
        "@geometry": "center"
      },
      "geometry": {
        "type": "Point",
        "coordinates": [
          -76.5973646,
          37.1614799
        ]
      },
      "id": "way/21442820"
    },
    {
      "type": "Feature",
      "properties": {
        "@id": "way/21444108",
        "ele": "0",
        "gnis:feature_id": "1466620",
        "name": "Fishpond",
        "natural": "water",
        "source": "PGS",
        "water": "reservoir",
        "@geometry": "center"
      },
      "geometry": {
        "type": "Point",
        "coordinates": [
          -77.2955145,
          37.3512056
        ]
      },
      "id": "way/21444108"
    },
    {
      "type": "Feature",
      "properties": {
        "@id": "way/26218465",
        "ele": "58",
        "gnis:feature_id": "1502074",
        "name": "Lake Montclair",
        "natural": "water",
        "operator": "Montclair Property Owners Association",
        "water": "reservoir",
        "@geometry": "center"
      },
      "geometry": {
        "type": "Point",
        "coordinates": [
          -77.3513836,
          38.6132274
        ]
      },
      "id": "way/26218465"
    },
    {
      "type": "Feature",
      "properties": {
        "@id": "way/26588925",
        "name": "Chrisman Lake",
        "natural": "water",
        "water": "lake",
        "@geometry": "center"
      },
      "geometry": {
        "type": "Point",
        "coordinates": [
          -76.4303546,
          37.0653929
        ]
      },
      "id": "way/26588925"
    },
    {
      "type": "Feature",
      "properties": {
        "@id": "way/26755238",
        "ele": "1",
        "gnis:feature_id": "531843",
        "intermittent": "no",
        "name": "Tidal Basin",
        "name:es": "Cuenca Tidal",
        "name:zh": "潮汐潭",
        "natural": "water",
        "tidal": "yes",
        "water": "reservoir",
        "wikidata": "Q956781",
        "wikimedia_commons": "Category:Tidal Basin",
        "wikipedia": "en:Tidal Basin",
        "@geometry": "center"
      },
      "geometry": {
        "type": "Point",
        "coordinates": [
          -77.0388045,
          38.8836407
        ]
      },
      "id": "way/26755238"
    },
    {
      "type": "Feature",
      "properties": {
        "@id": "way/27799638",
        "name": "Cheatham Lake",
        "natural": "water",
        "water": "lake",
        "wikidata": "Q49700249",
        "@geometry": "center"
      },
      "geometry": {
        "type": "Point",
        "coordinates": [
          -76.6178942,
          37.2918891
        ]
      },
      "id": "way/27799638"
    },
    {
      "type": "Feature",
      "properties": {
        "@id": "way/27873767",
        "name": "McMillan Reservoir",
        "natural": "water",
        "water": "reservoir",
        "wikidata": "Q7334070",
        "wikipedia": "en:McMillan Reservoir",
        "@geometry": "center"
      },
      "geometry": {
        "type": "Point",
        "coordinates": [
          -77.0166489,
          38.9250051
        ]
      },
      "id": "way/27873767"
    },
    {
      "type": "Feature",
      "properties": {
        "@id": "way/28288831",
        "gnis:feature_id": "2790999",
        "intermittent": "no",
        "name": "Lake Artemesia",
        "natural": "water",
        "source": "USGS Ortho",
        "water": "lake",
        "wikidata": "Q6474838",
        "wikipedia": "en:Lake Artemesia",
        "@geometry": "center"
      },
      "geometry": {
        "type": "Point",
        "coordinates": [
          -76.9222219,
          38.9870604
        ]
      },
      "id": "way/28288831"
    },
    {
      "type": "Feature",
      "properties": {
        "@id": "way/28863490",
        "ele": "207",
        "name": "Dow Lake",
        "natural": "water",
        "water": "reservoir",
        "@geometry": "center"
      },
      "geometry": {
        "type": "Point",
        "coordinates": [
          -82.0307648,
          39.3448984
        ]
      },
      "id": "way/28863490"
    },
    {
      "type": "Feature",
      "properties": {
        "@id": "way/31090224",
        "boat": "no",
        "canoe": "no",
        "motorboat": "no",
        "name": "Lake Montebello",
        "natural": "water",
        "ship": "no",
        "water": "reservoir",
        "@geometry": "center"
      },
      "geometry": {
        "type": "Point",
        "coordinates": [
          -76.5839263,
          39.3315882
        ]
      },
      "id": "way/31090224"
    },
    {
      "type": "Feature",
      "properties": {
        "@id": "way/31119504",
        "boat": "no",
        "canoe": "no",
        "motorboat": "no",
        "name": "Quarry Lake",
        "natural": "water",
        "ship": "no",
        "water": "lake",
        "wikidata": "Q14692354",
        "wikipedia": "en:Quarry Lake (Maryland)",
        "@geometry": "center"
      },
      "geometry": {
        "type": "Point",
        "coordinates": [
          -76.6906668,
          39.3827929
        ]
      },
      "id": "way/31119504"
    },
    {
      "type": "Feature",
      "properties": {
        "@id": "way/32432839",
        "ele": "112",
        "gnis:feature_id": "598362",
        "name": "Lake Ashburton",
        "natural": "water",
        "water": "reservoir",
        "@geometry": "center"
      },
      "geometry": {
        "type": "Point",
        "coordinates": [
          -76.6699009,
          39.3207667
        ]
      },
      "id": "way/32432839"
    },
    {
      "type": "Feature",
      "properties": {
        "@id": "way/32943812",
        "name": "Jeddy's Pond",
        "natural": "water",
        "water": "reservoir",
        "@geometry": "center"
      },
      "geometry": {
        "type": "Point",
        "coordinates": [
          -75.23983,
          39.4332259
        ]
      },
      "id": "way/32943812"
    },
    {
      "type": "Feature",
      "properties": {
        "@id": "way/32943814",
        "canoe": "yes",
        "intermittent": "no",
        "name": "Sunset Lake",
        "natural": "water",
        "salt": "no",
        "tidal": "no",
        "water": "reservoir",
        "wikidata": "Q7353695",
        "@geometry": "center"
      },
      "geometry": {
        "type": "Point",
        "coordinates": [
          -75.240036,
          39.4506752
        ]
      },
      "id": "way/32943814"
    },
    {
      "type": "Feature",
      "properties": {
        "@id": "way/36911069",
        "ele": "123",
        "gnis:feature_id": "594381",
        "name": "Lake Churchill",
        "natural": "water",
        "water": "reservoir",
        "@geometry": "center"
      },
      "geometry": {
        "type": "Point",
        "coordinates": [
          -77.2793771,
          39.1879668
        ]
      },
      "id": "way/36911069"
    },
    {
      "type": "Feature",
      "properties": {
        "@id": "way/36969064",
        "gnis:feature_id": "1712592",
        "intermittent": "no",
        "name": "Clopper Lake",
        "natural": "water",
        "water": "reservoir",
        "@geometry": "center"
      },
      "geometry": {
        "type": "Point",
        "coordinates": [
          -77.2491112,
          39.1422661
        ]
      },
      "id": "way/36969064"
    },
    {
      "type": "Feature",
      "properties": {
        "@id": "way/37391975",
        "name": "Lake Braddock",
        "natural": "water",
        "water": "lake",
        "wikidata": "Q6475052",
        "@geometry": "center"
      },
      "geometry": {
        "type": "Point",
        "coordinates": [
          -77.2709471,
          38.8022894
        ]
      },
      "id": "way/37391975"
    },
    {
      "type": "Feature",
      "properties": {
        "@id": "way/37734216",
        "covered": "no",
        "gnis:feature_id": "1761278",
        "name": "Lake Barton",
        "natural": "water",
        "water": "reservoir",
        "@geometry": "center"
      },
      "geometry": {
        "type": "Point",
        "coordinates": [
          -77.3099832,
          38.7952632
        ]
      },
      "id": "way/37734216"
    },
    {
      "type": "Feature",
      "properties": {
        "@id": "way/37749176",
        "ele": "107",
        "gnis:feature_id": "1489682",
        "name": "Woodover Farms Lake",
        "natural": "water",
        "water": "reservoir",
        "@geometry": "center"
      },
      "geometry": {
        "type": "Point",
        "coordinates": [
          -77.34314,
          38.7792502
        ]
      },
      "id": "way/37749176"
    },
    {
      "type": "Feature",
      "properties": {
        "@id": "way/37938352",
        "NHD:ComID": "120049849",
        "ele": "1",
        "gnis:feature_id": "1489636",
        "name": "Hundley Pond",
        "natural": "water",
        "source": "NHD",
        "water": "reservoir",
        "wikidata": "Q49701153",
        "@geometry": "center"
      },
      "geometry": {
        "type": "Point",
        "coordinates": [
          -76.9602972,
          38.0342931
        ]
      },
      "id": "way/37938352"
    },
    {
      "type": "Feature",
      "properties": {
        "@id": "way/37948893",
        "NHD:ComID": "8467755",
        "NHD:FCode": "39004",
        "NHD:FDate": "1999/09/02",
        "NHD:FTYPE": "LakePond",
        "NHD:RESOLUTION": "Medium",
        "NHD:ReachCode": "02080103001403",
        "ele": "132",
        "gnis:feature_id": "1490377",
        "name": "Malvern Lake",
        "natural": "water",
        "source": "NHD",
        "water": "reservoir",
        "@geometry": "center"
      },
      "geometry": {
        "type": "Point",
        "coordinates": [
          -78.2196608,
          38.3729286
        ]
      },
      "id": "way/37948893"
    },
    {
      "type": "Feature",
      "properties": {
        "@id": "way/37948894",
        "NHD:ComID": "8492000",
        "NHD:FCode": "39004",
        "NHD:FDate": "1999/10/04",
        "NHD:FTYPE": "LakePond",
        "NHD:RESOLUTION": "Medium",
        "NHD:ReachCode": "02080105001627",
        "ele": "31",
        "gnis:feature_id": "1472259",
        "name": "Phillips Pond",
        "natural": "water",
        "source": "NHD",
        "water": "reservoir",
        "@geometry": "center"
      },
      "geometry": {
        "type": "Point",
        "coordinates": [
          -77.3703281,
          37.8963031
        ]
      },
      "id": "way/37948894"
    },
    {
      "type": "Feature",
      "properties": {
        "@id": "way/37948896",
        "NHD:ComID": "8464613",
        "NHD:FCode": "39004",
        "NHD:FDate": "1999/08/11",
        "NHD:FTYPE": "LakePond",
        "NHD:RESOLUTION": "Medium",
        "NHD:ReachCode": "02080103001333",
        "ele": "102",
        "gnis:feature_id": "1489724",
        "name": "Danton Pond",
        "natural": "water",
        "source": "NHD",
        "water": "reservoir",
        "@geometry": "center"
      },
      "geometry": {
        "type": "Point",
        "coordinates": [
          -77.6976233,
          38.5089344
        ]
      },
      "id": "way/37948896"
    },
    {
      "type": "Feature",
      "properties": {
        "@id": "way/37948907",
        "ele": "24",
        "gnis:feature_id": "1502149",
        "name": "Walker Coleman Pond",
        "natural": "water",
        "water": "reservoir",
        "@geometry": "center"
      },
      "geometry": {
        "type": "Point",
        "coordinates": [
          -76.9277555,
          37.7433436
        ]
      },
      "id": "way/37948907"
    },
    {
      "type": "Feature",
      "properties": {
        "@id": "way/37948910",
        "NHD:ComID": "8467763",
        "NHD:FCode": "39004",
        "NHD:FDate": "1999/09/02",
        "NHD:FTYPE": "LakePond",
        "NHD:RESOLUTION": "Medium",
        "NHD:ReachCode": "02080103001407",
        "ele": "101",
        "gnis:feature_id": "1490379",
        "name": "Upper Lake",
        "natural": "water",
        "source": "NHD",
        "water": "reservoir",
        "@geometry": "center"
      },
      "geometry": {
        "type": "Point",
        "coordinates": [
          -78.1009149,
          38.3375529
        ]
      },
      "id": "way/37948910"
    },
    {
      "type": "Feature",
      "properties": {
        "@id": "way/37948911",
        "NHD:ComID": "8477622",
        "NHD:FCode": "39004",
        "NHD:FDate": "1999/08/13",
        "NHD:FTYPE": "LakePond",
        "NHD:RESOLUTION": "Medium",
        "NHD:ReachCode": "02080104001654",
        "ele": "6",
        "gnis:feature_id": "1475810",
        "name": "Town Bridge Pond",
        "natural": "water",
        "source": "NHD",
        "water": "reservoir",
        "@geometry": "center"
      },
      "geometry": {
        "type": "Point",
        "coordinates": [
          -76.6021838,
          37.6354609
        ]
      },
      "id": "way/37948911"
    },
    {
      "type": "Feature",
      "properties": {
        "@id": "way/37948914",
        "ele": "20",
        "gnis:feature_id": "1502042",
        "name": "Ice House Pond",
        "natural": "water",
        "water": "reservoir",
        "@geometry": "center"
      },
      "geometry": {
        "type": "Point",
        "coordinates": [
          -76.9318794,
          37.7516102
        ]
      },
      "id": "way/37948914"
    },
    {
      "type": "Feature",
      "properties": {
        "@id": "way/37948934",
        "NHD:ComID": "8467747",
        "NHD:FCode": "39004",
        "NHD:FDate": "1999/09/02",
        "NHD:FTYPE": "LakePond",
        "NHD:RESOLUTION": "Medium",
        "NHD:ReachCode": "02080103001386",
        "ele": "158",
        "gnis:feature_id": "1490381",
        "name": "Swain Lake",
        "natural": "water",
        "source": "NHD",
        "water": "reservoir",
        "@geometry": "center"
      },
      "geometry": {
        "type": "Point",
        "coordinates": [
          -78.1837241,
          38.4457062
        ]
      },
      "id": "way/37948934"
    },
    {
      "type": "Feature",
      "properties": {
        "@id": "way/37948942",
        "NHD:ComID": "8475646",
        "NHD:FCode": "39004",
        "NHD:FDate": "1999/08/13",
        "NHD:FTYPE": "LakePond",
        "NHD:RESOLUTION": "Medium",
        "NHD:ReachCode": "02080104001477",
        "ele": "15",
        "gnis:feature_id": "1489387",
        "name": "Moss Neck Manor Lake",
        "natural": "water",
        "source": "NHD",
        "water": "reservoir",
        "@geometry": "center"
      },
      "geometry": {
        "type": "Point",
        "coordinates": [
          -77.3138661,
          38.222715
        ]
      },
      "id": "way/37948942"
    },
    {
      "type": "Feature",
      "properties": {
        "@id": "way/37948949",
        "gnis:feature_id": "1502038",
        "name": "Hogans Millpond",
        "natural": "water",
        "source": "NHD",
        "water": "reservoir",
        "@geometry": "center"
      },
      "geometry": {
        "type": "Point",
        "coordinates": [
          -76.6595429,
          37.982817
        ]
      },
      "id": "way/37948949"
    },
    {
      "type": "Feature",
      "properties": {
        "@id": "way/37948989",
        "NHD:ComID": "8492046",
        "NHD:FCode": "39004",
        "NHD:FDate": "1999/10/04",
        "NHD:FTYPE": "LakePond",
        "NHD:RESOLUTION": "Medium",
        "NHD:ReachCode": "02080105001633",
        "ele": "26",
        "gnis:feature_id": "1502005",
        "name": "Dublin Millpond",
        "natural": "water",
        "water": "reservoir",
        "@geometry": "center"
      },
      "geometry": {
        "type": "Point",
        "coordinates": [
          -77.1983515,
          37.8478074
        ]
      },
      "id": "way/37948989"
    },
    {
      "type": "Feature",
      "properties": {
        "@id": "way/37948992",
        "NHD:ComID": "8474718",
        "NHD:FCode": "39004",
        "NHD:FDate": "1999/08/13",
        "NHD:FTYPE": "LakePond",
        "NHD:RESOLUTION": "Medium",
        "NHD:ReachCode": "02080104001504",
        "ele": "42",
        "gnis:feature_id": "1491030;1491030",
        "name": "Travis Pond",
        "natural": "water",
        "source": "NHD",
        "water": "reservoir",
        "@geometry": "center"
      },
      "geometry": {
        "type": "Point",
        "coordinates": [
          -76.8213782,
          38.0861683
        ]
      },
      "id": "way/37948992"
    },
    {
      "type": "Feature",
      "properties": {
        "@id": "way/37948993",
        "NHD:ComID": "8489062",
        "NHD:FCode": "39004",
        "NHD:FDate": "1999/08/13",
        "NHD:FTYPE": "LakePond",
        "NHD:RESOLUTION": "Medium",
        "NHD:ReachCode": "02080105001514",
        "ele": "64",
        "gnis:feature_id": "1476589",
        "name": "White Lake",
        "natural": "water",
        "source": "NHD",
        "water": "reservoir",
        "@geometry": "center"
      },
      "geometry": {
        "type": "Point",
        "coordinates": [
          -77.1869715,
          38.0477315
        ]
      },
      "id": "way/37948993"
    },
    {
      "type": "Feature",
      "properties": {
        "@id": "way/37949018",
        "NHD:ComID": "8477676",
        "NHD:FCode": "39004",
        "NHD:FDate": "2008/07/22",
        "NHD:FTYPE": "LakePond",
        "NHD:RESOLUTION": "Medium",
        "NHD:ReachCode": "02080104001669",
        "ele": "3",
        "gnis:feature_id": "1462814",
        "name": "Barricks Millpond",
        "natural": "water",
        "source": "NHD",
        "water": "reservoir",
        "@geometry": "center"
      },
      "geometry": {
        "type": "Point",
        "coordinates": [
          -76.4471999,
          37.5714813
        ]
      },
      "id": "way/37949018"
    },
    {
      "type": "Feature",
      "properties": {
        "@id": "way/37949035",
        "NHD:ComID": "8491846",
        "NHD:FCode": "39004",
        "NHD:FDate": "1999/10/04",
        "NHD:FTYPE": "LakePond",
        "NHD:RESOLUTION": "Medium",
        "NHD:ReachCode": "02080105001545",
        "ele": "34",
        "gnis:feature_id": "1502047",
        "name": "Jiles Millpond",
        "natural": "water",
        "source": "NHD",
        "water": "reservoir",
        "@geometry": "center"
      },
      "geometry": {
        "type": "Point",
        "coordinates": [
          -77.2109171,
          37.9936536
        ]
      },
      "id": "way/37949035"
    },
    {
      "type": "Feature",
      "properties": {
        "@id": "way/37949046",
        "ele": "26",
        "gnis:feature_id": "1474981",
        "name": "Spring Branch Pond",
        "natural": "water",
        "water": "reservoir",
        "@geometry": "center"
      },
      "geometry": {
        "type": "Point",
        "coordinates": [
          -76.9299093,
          37.7381158
        ]
      },
      "id": "way/37949046"
    },
    {
      "type": "Feature",
      "properties": {
        "@id": "way/37949075",
        "NHD:ComID": "8492206",
        "NHD:FCode": "39004",
        "NHD:FDate": "1999/10/04",
        "NHD:FTYPE": "LakePond",
        "NHD:RESOLUTION": "Medium",
        "NHD:ReachCode": "02080105001672",
        "ele": "6",
        "gnis:feature_id": "1502151",
        "name": "Walkerton Millpond",
        "natural": "water",
        "source": "NHD",
        "water": "reservoir",
        "@geometry": "center"
      },
      "geometry": {
        "type": "Point",
        "coordinates": [
          -77.0225621,
          37.7322559
        ]
      },
      "id": "way/37949075"
    },
    {
      "type": "Feature",
      "properties": {
        "@id": "way/37949078",
        "ele": "2",
        "gnis:feature_id": "1465246",
        "name": "Corbin Pond",
        "natural": "water",
        "source": "NHD",
        "water": "reservoir",
        "@geometry": "center"
      },
      "geometry": {
        "type": "Point",
        "coordinates": [
          -76.7571116,
          37.582582
        ]
      },
      "id": "way/37949078"
    },
    {
      "type": "Feature",
      "properties": {
        "@id": "way/37949082",
        "NHD:ComID": "8477496",
        "NHD:FCode": "39004",
        "NHD:FDate": "1999/08/13",
        "NHD:FTYPE": "LakePond",
        "NHD:RESOLUTION": "Medium",
        "NHD:ReachCode": "02080104001605",
        "ele": "30",
        "gnis:feature_id": "1502120",
        "name": "Wrights Millpond",
        "natural": "water",
        "source": "NHD",
        "water": "reservoir",
        "@geometry": "center"
      },
      "geometry": {
        "type": "Point",
        "coordinates": [
          -76.9529603,
          37.8367664
        ]
      },
      "id": "way/37949082"
    },
    {
      "type": "Feature",
      "properties": {
        "@id": "way/37949089",
        "NHD:ComID": "8475546",
        "NHD:FCode": "39004",
        "NHD:FDate": "1999/08/13",
        "NHD:FTYPE": "LakePond",
        "NHD:RESOLUTION": "Medium",
        "NHD:ReachCode": "02080104001449",
        "ele": "35",
        "gnis:feature_id": "1490193",
        "name": "Presidential Lake",
        "natural": "water",
        "source": "NHD",
        "water": "reservoir",
        "@geometry": "center"
      },
      "geometry": {
        "type": "Point",
        "coordinates": [
          -77.2427849,
          38.2924995
        ]
      },
      "id": "way/37949089"
    },
    {
      "type": "Feature",
      "properties": {
        "@id": "way/37949092",
        "NHD:ComID": "8464597",
        "NHD:FCode": "39004",
        "NHD:FDate": "1999/08/11",
        "NHD:FTYPE": "LakePond",
        "NHD:RESOLUTION": "Medium",
        "NHD:ReachCode": "02080103001344",
        "ele": "110",
        "gnis:feature_id": "1489523",
        "name": "Swan Dam",
        "natural": "water",
        "source": "NHD",
        "water": "reservoir",
        "@geometry": "center"
      },
      "geometry": {
        "type": "Point",
        "coordinates": [
          -77.9363803,
          38.5188191
        ]
      },
      "id": "way/37949092"
    },
    {
      "type": "Feature",
      "properties": {
        "@id": "way/37949099",
        "NHD:ComID": "8477538",
        "NHD:FCode": "39004",
        "NHD:FDate": "2008/07/22",
        "NHD:FTYPE": "LakePond",
        "NHD:RESOLUTION": "Medium",
        "NHD:ReachCode": "02080104001606",
        "alt_name": "Blackmore Millpond",
        "alt_name:1": "Blakemores Pond",
        "ele": "3",
        "gnis:feature_id": "1463549",
        "name": "Blakemore Millpond",
        "natural": "water",
        "source": "NHD",
        "water": "reservoir",
        "@geometry": "center"
      },
      "geometry": {
        "type": "Point",
        "coordinates": [
          -76.538729,
          37.7623367
        ]
      },
      "id": "way/37949099"
    },
    {
      "type": "Feature",
      "properties": {
        "@id": "way/37949104",
        "ele": "33",
        "gnis:feature_id": "1502089",
        "name": "Omohundra Millpond",
        "natural": "water",
        "water": "reservoir",
        "@geometry": "center"
      },
      "geometry": {
        "type": "Point",
        "coordinates": [
          -76.7798334,
          38.0443172
        ]
      },
      "id": "way/37949104"
    },
    {
      "type": "Feature",
      "properties": {
        "@id": "way/37949114",
        "NHD:ComID": "8489042",
        "NHD:FCode": "39004",
        "NHD:FDate": "1999/08/13",
        "NHD:FTYPE": "LakePond",
        "NHD:RESOLUTION": "Medium",
        "NHD:ReachCode": "02080105001505",
        "gnis:feature_id": "1468172",
        "name": "Holmes Pond",
        "natural": "water",
        "source": "NHD",
        "water": "reservoir",
        "@geometry": "center"
      },
      "geometry": {
        "type": "Point",
        "coordinates": [
          -77.2276412,
          38.075795
        ]
      },
      "id": "way/37949114"
    },
    {
      "type": "Feature",
      "properties": {
        "@id": "way/37949131",
        "NHD:ComID": "8477352",
        "NHD:FCode": "39004",
        "NHD:FDate": "1999/08/13",
        "NHD:FTYPE": "LakePond",
        "NHD:RESOLUTION": "Medium",
        "NHD:ReachCode": "02080104001552",
        "ele": "4",
        "gnis:feature_id": "1502020",
        "name": "Garlands Millpond",
        "natural": "water",
        "source": "NHD",
        "water": "reservoir",
        "wikidata": "Q49700833",
        "@geometry": "center"
      },
      "geometry": {
        "type": "Point",
        "coordinates": [
          -76.698593,
          37.9617572
        ]
      },
      "id": "way/37949131"
    },
    {
      "type": "Feature",
      "properties": {
        "@id": "way/37949150",
        "NHD:ComID": "8475574",
        "NHD:FCode": "39004",
        "NHD:FDate": "1999/08/13",
        "NHD:FTYPE": "LakePond",
        "NHD:RESOLUTION": "Medium",
        "NHD:ReachCode": "02080104001452",
        "ele": "35",
        "gnis:feature_id": "1490199",
        "name": "Lake Monroe",
        "natural": "water",
        "source": "NHD",
        "water": "reservoir",
        "@geometry": "center"
      },
      "geometry": {
        "type": "Point",
        "coordinates": [
          -77.2042146,
          38.2714311
        ]
      },
      "id": "way/37949150"
    },
    {
      "type": "Feature",
      "properties": {
        "@id": "way/37949157",
        "NHD:ComID": "120052307",
        "NHD:FCode": "39004",
        "NHD:FDate": "2004/03/16",
        "NHD:FTYPE": "LakePond",
        "NHD:RESOLUTION": "Medium",
        "NHD:ReachCode": "02080105001568",
        "ele": "43",
        "gnis:feature_id": "1489389",
        "name": "Boulwares Millpond",
        "natural": "water",
        "source": "NHD",
        "water": "reservoir",
        "@geometry": "center"
      },
      "geometry": {
        "type": "Point",
        "coordinates": [
          -77.4577176,
          38.0000562
        ]
      },
      "id": "way/37949157"
    },
    {
      "type": "Feature",
      "properties": {
        "@id": "way/37949171",
        "NHD:ComID": "8464417",
        "NHD:FCode": "39004",
        "NHD:FDate": "1999/08/11",
        "NHD:FTYPE": "LakePond",
        "NHD:RESOLUTION": "Medium",
        "NHD:ReachCode": "02080103001287",
        "ele": "217",
        "gnis:feature_id": "1489718;1489718",
        "name": "Johnsons Pond",
        "natural": "water",
        "source": "NHD",
        "water": "reservoir",
        "@geometry": "center"
      },
      "geometry": {
        "type": "Point",
        "coordinates": [
          -77.838701,
          38.7644648
        ]
      },
      "id": "way/37949171"
    },
    {
      "type": "Feature",
      "properties": {
        "@id": "way/37949198",
        "NHD:ComID": "8477412",
        "NHD:FCode": "39004",
        "NHD:FDate": "2008/07/22",
        "NHD:FTYPE": "LakePond",
        "NHD:RESOLUTION": "Medium",
        "NHD:ReachCode": "02080104001578",
        "ele": "3",
        "gnis:feature_id": "1502115",
        "name": "Scotts Millpond",
        "natural": "water",
        "source": "NHD",
        "water": "reservoir",
        "@geometry": "center"
      },
      "geometry": {
        "type": "Point",
        "coordinates": [
          -76.9128699,
          37.9265296
        ]
      },
      "id": "way/37949198"
    },
    {
      "type": "Feature",
      "properties": {
        "@id": "way/37949235",
        "NHD:ComID": "8477632",
        "NHD:FCode": "39004",
        "NHD:FDate": "1999/08/13",
        "NHD:FTYPE": "LakePond",
        "NHD:RESOLUTION": "Medium",
        "NHD:ReachCode": "02080104001656",
        "ele": "24",
        "gnis:feature_id": "1467149",
        "name": "Glebe Pond",
        "natural": "water",
        "source": "NHD",
        "water": "reservoir",
        "@geometry": "center"
      },
      "geometry": {
        "type": "Point",
        "coordinates": [
          -76.604574,
          37.6278433
        ]
      },
      "id": "way/37949235"
    },
    {
      "type": "Feature",
      "properties": {
        "@id": "way/37949276",
        "NHD:ComID": "8475576",
        "NHD:FCode": "39004",
        "NHD:FDate": "1999/08/13",
        "NHD:FTYPE": "LakePond",
        "NHD:RESOLUTION": "Medium",
        "NHD:ReachCode": "02080104001450",
        "ele": "41",
        "gnis:feature_id": "1490197",
        "name": "Lake Madison",
        "natural": "water",
        "source": "NHD",
        "water": "reservoir",
        "@geometry": "center"
      },
      "geometry": {
        "type": "Point",
        "coordinates": [
          -77.2161531,
          38.2723716
        ]
      },
      "id": "way/37949276"
    },
    {
      "type": "Feature",
      "properties": {
        "@id": "way/37949316",
        "NHD:ComID": "8477522",
        "NHD:FCode": "39004",
        "NHD:FDate": "2008/07/22",
        "NHD:FTYPE": "LakePond",
        "NHD:RESOLUTION": "Medium",
        "NHD:ReachCode": "02080104001593",
        "alt_name": "Davis Millpond",
        "ele": "19",
        "gnis:feature_id": "1490236",
        "name": "Twin Branch Millpond",
        "natural": "water",
        "source": "NHD",
        "source:alt_name": "USGS Topo",
        "water": "reservoir",
        "@geometry": "center"
      },
      "geometry": {
        "type": "Point",
        "coordinates": [
          -76.4461845,
          37.7976361
        ]
      },
      "id": "way/37949316"
    },
    {
      "type": "Feature",
      "properties": {
        "@id": "way/37949318",
        "NHD:ComID": "8466191",
        "NHD:FCode": "39004",
        "NHD:FDate": "1999/08/13",
        "NHD:FTYPE": "LakePond",
        "NHD:RESOLUTION": "Medium",
        "NHD:ReachCode": "02080103001400",
        "ele": "91",
        "gnis:feature_id": "1502055",
        "name": "Lee Lake",
        "natural": "water",
        "source": "NHD",
        "water": "reservoir",
        "@geometry": "center"
      },
      "geometry": {
        "type": "Point",
        "coordinates": [
          -77.7345414,
          38.3032973
        ]
      },
      "id": "way/37949318"
    },
    {
      "type": "Feature",
      "properties": {
        "@id": "way/37949329",
        "NHD:ComID": "120053454",
        "NHD:FCode": "39004",
        "NHD:FDate": "2004/03/16",
        "NHD:FTYPE": "LakePond",
        "NHD:RESOLUTION": "Medium",
        "NHD:ReachCode": "02080104001671",
        "ele": "15",
        "gnis:feature_id": "1465171",
        "name": "Connellee Millpond",
        "natural": "water",
        "source": "NHD",
        "water": "reservoir",
        "@geometry": "center"
      },
      "geometry": {
        "type": "Point",
        "coordinates": [
          -76.7693922,
          38.001166
        ]
      },
      "id": "way/37949329"
    },
    {
      "type": "Feature",
      "properties": {
        "@id": "way/37949347",
        "NHD:ComID": "8475912",
        "NHD:FCode": "39004",
        "NHD:FDate": "2008/07/22",
        "NHD:FTYPE": "LakePond",
        "NHD:GNIS_Name": "Taliaferro Pond",
        "NHD:RESOLUTION": "Medium",
        "NHD:ReachCode": "02080104001548",
        "ele": "20",
        "gnis:feature_id": "1475440;1489632",
        "name": "Taliaferro Millpond",
        "name_1": "Taliaferro Pond",
        "natural": "water",
        "source": "NHD",
        "water": "reservoir",
        "@geometry": "center"
      },
      "geometry": {
        "type": "Point",
        "coordinates": [
          -77.0564897,
          38.0272199
        ]
      },
      "id": "way/37949347"
    },
    {
      "type": "Feature",
      "properties": {
        "@id": "way/37949357",
        "NHD:ComID": "8465647",
        "NHD:FCode": "39004",
        "NHD:FDate": "1999/08/11",
        "NHD:FTYPE": "LakePond",
        "NHD:RESOLUTION": "Medium",
        "NHD:ReachCode": "02080103001304",
        "ele": "206",
        "gnis:feature_id": "1490777",
        "name": "Whippoorwill Pond",
        "natural": "water",
        "source": "NHD",
        "water": "reservoir",
        "@geometry": "center"
      },
      "geometry": {
        "type": "Point",
        "coordinates": [
          -78.1785977,
          38.7070968
        ]
      },
      "id": "way/37949357"
    },
    {
      "type": "Feature",
      "properties": {
        "@id": "way/37949360",
        "NHD:ComID": "8465605",
        "NHD:FCode": "39004",
        "NHD:FDate": "1999/08/11",
        "NHD:FTYPE": "LakePond",
        "NHD:RESOLUTION": "Medium",
        "NHD:ReachCode": "02080103001270",
        "ele": "309",
        "gnis:feature_id": "1489695;1489695",
        "name": "Digulin Pond",
        "natural": "water",
        "source": "NHD",
        "water": "reservoir",
        "@geometry": "center"
      },
      "geometry": {
        "type": "Point",
        "coordinates": [
          -78.0293166,
          38.8633792
        ]
      },
      "id": "way/37949360"
    },
    {
      "type": "Feature",
      "properties": {
        "@id": "way/37949369",
        "NHD:ComID": "8477596",
        "NHD:FCode": "39004",
        "NHD:FDate": "1999/08/13",
        "NHD:FTYPE": "LakePond",
        "NHD:RESOLUTION": "Medium",
        "NHD:ReachCode": "02080104001641",
        "ele": "3",
        "gnis:feature_id": "1464099",
        "name": "Burch Pond",
        "natural": "water",
        "source": "NHD",
        "water": "reservoir",
        "@geometry": "center"
      },
      "geometry": {
        "type": "Point",
        "coordinates": [
          -76.6480905,
          37.6858594
        ]
      },
      "id": "way/37949369"
    },
    {
      "type": "Feature",
      "properties": {
        "@id": "way/37949372",
        "ele": "20",
        "gnis:feature_id": "1490175",
        "name": "Powers Pond",
        "natural": "water",
        "water": "reservoir",
        "@geometry": "center"
      },
      "geometry": {
        "type": "Point",
        "coordinates": [
          -76.9035653,
          37.7336825
        ]
      },
      "id": "way/37949372"
    },
    {
      "type": "Feature",
      "properties": {
        "@id": "way/37949373",
        "NHD:ComID": "8467795",
        "NHD:FCode": "39004",
        "NHD:FDate": "1999/09/02",
        "NHD:FTYPE": "LakePond",
        "NHD:RESOLUTION": "Medium",
        "NHD:ReachCode": "02080103001425",
        "ele": "154",
        "gnis:feature_id": "1490529",
        "name": "Linden Pond",
        "natural": "water",
        "source": "NHD",
        "water": "reservoir",
        "@geometry": "center"
      },
      "geometry": {
        "type": "Point",
        "coordinates": [
          -78.0496967,
          38.2757053
        ]
      },
      "id": "way/37949373"
    },
    {
      "type": "Feature",
      "properties": {
        "@id": "way/37949405",
        "NHD:ComID": "8475718",
        "NHD:FCode": "39004",
        "NHD:FDate": "1999/08/13",
        "NHD:FTYPE": "LakePond",
        "NHD:GNIS_Name": "Travis Lake",
        "NHD:RESOLUTION": "Medium",
        "NHD:ReachCode": "02080104001511",
        "ele": "42",
        "gnis:feature_id": "1489344",
        "name": "Travis Lower Lake",
        "natural": "water",
        "source": "NHD",
        "water": "reservoir",
        "@geometry": "center"
      },
      "geometry": {
        "type": "Point",
        "coordinates": [
          -77.3262774,
          38.1509978
        ]
      },
      "id": "way/37949405"
    },
    {
      "type": "Feature",
      "properties": {
        "@id": "way/37949411",
        "NHD:ComID": "8477320",
        "NHD:FCode": "39004",
        "NHD:FDate": "1999/08/13",
        "NHD:FTYPE": "LakePond",
        "NHD:RESOLUTION": "Medium",
        "NHD:ReachCode": "02080104001553",
        "ele": "6",
        "gnis:feature_id": "1470802",
        "name": "Mount Airy Millpond",
        "natural": "water",
        "source": "NHD",
        "water": "reservoir",
        "@geometry": "center"
      },
      "geometry": {
        "type": "Point",
        "coordinates": [
          -76.7949477,
          37.9813008
        ]
      },
      "id": "way/37949411"
    },
    {
      "type": "Feature",
      "properties": {
        "@id": "way/37949437",
        "NHD:ComID": "8475742",
        "NHD:FCode": "39004",
        "NHD:FDate": "1999/08/13",
        "NHD:FTYPE": "LakePond",
        "NHD:RESOLUTION": "Medium",
        "NHD:ReachCode": "02080104001513",
        "ele": "17",
        "gnis:feature_id": "1502034",
        "name": "Herns Pond",
        "natural": "water",
        "source": "NHD",
        "water": "reservoir",
        "@geometry": "center"
      },
      "geometry": {
        "type": "Point",
        "coordinates": [
          -77.2400238,
          38.1416564
        ]
      },
      "id": "way/37949437"
    },
    {
      "type": "Feature",
      "properties": {
        "@id": "way/37949448",
        "NHD:ComID": "8489098",
        "NHD:FCode": "39004",
        "NHD:FDate": "2008/07/22",
        "NHD:FTYPE": "LakePond",
        "NHD:RESOLUTION": "Medium",
        "NHD:ReachCode": "02080105001527",
        "ele": "52",
        "gnis:feature_id": "1739357",
        "name": "Jones Pond",
        "natural": "water",
        "source": "NHD",
        "water": "reservoir",
        "@geometry": "center"
      },
      "geometry": {
        "type": "Point",
        "coordinates": [
          -77.1946155,
          38.032343
        ]
      },
      "id": "way/37949448"
    },
    {
      "type": "Feature",
      "properties": {
        "@id": "way/37949451",
        "NHD:ComID": "8464535",
        "NHD:FCode": "39004",
        "NHD:FDate": "1999/08/11",
        "NHD:FTYPE": "LakePond",
        "NHD:RESOLUTION": "Medium",
        "NHD:ReachCode": "02080103001305",
        "ele": "117",
        "gnis:feature_id": "1489527",
        "name": "South Wales Country Club Lake",
        "natural": "water",
        "source": "NHD",
        "water": "reservoir",
        "@geometry": "center"
      },
      "geometry": {
        "type": "Point",
        "coordinates": [
          -77.9163067,
          38.6620039
        ]
      },
      "id": "way/37949451"
    },
    {
      "type": "Feature",
      "properties": {
        "@id": "way/37949470",
        "NHD:ComID": "8477576",
        "NHD:FCode": "39004",
        "NHD:FDate": "1999/08/13",
        "NHD:FTYPE": "LakePond",
        "NHD:RESOLUTION": "Medium",
        "NHD:ReachCode": "02080104001628",
        "gnis:feature_id": "1490415",
        "name": "Beazley Pond",
        "natural": "water",
        "source": "NHD",
        "water": "reservoir",
        "@geometry": "center"
      },
      "geometry": {
        "type": "Point",
        "coordinates": [
          -76.6559868,
          37.7268385
        ]
      },
      "id": "way/37949470"
    },
    {
      "type": "Feature",
      "properties": {
        "@id": "way/37949472",
        "NHD:ComID": "8477546",
        "NHD:FCode": "39004",
        "NHD:FDate": "1999/08/13",
        "NHD:FTYPE": "LakePond",
        "NHD:RESOLUTION": "Medium",
        "NHD:ReachCode": "02080104001604",
        "ele": "4",
        "gnis:feature_id": "1501973",
        "name": "Camps Millpond",
        "natural": "water",
        "source": "NHD",
        "water": "reservoir",
        "wikidata": "Q49700178",
        "@geometry": "center"
      },
      "geometry": {
        "type": "Point",
        "coordinates": [
          -76.3928189,
          37.7499963
        ]
      },
      "id": "way/37949472"
    },
    {
      "type": "Feature",
      "properties": {
        "@id": "way/37949510",
        "NHD:ComID": "8467797",
        "NHD:FCode": "39004",
        "NHD:FDate": "1999/09/02",
        "NHD:FTYPE": "LakePond",
        "NHD:RESOLUTION": "Medium",
        "NHD:ReachCode": "02080103001423",
        "ele": "118",
        "gnis:feature_id": "1490533",
        "name": "Burrus Lake",
        "natural": "water",
        "source": "NHD",
        "water": "reservoir",
        "@geometry": "center"
      },
      "geometry": {
        "type": "Point",
        "coordinates": [
          -78.0140578,
          38.2773889
        ]
      },
      "id": "way/37949510"
    },
    {
      "type": "Feature",
      "properties": {
        "@id": "way/37949531",
        "NHD:ComID": "120053456",
        "NHD:FCode": "39004",
        "NHD:FDate": "2004/03/16",
        "NHD:FTYPE": "LakePond",
        "NHD:RESOLUTION": "Medium",
        "NHD:ReachCode": "02080104001583",
        "ele": "23",
        "gnis:feature_id": "1464761",
        "intermittent": "yes",
        "name": "Cheatwood Millpond",
        "natural": "water",
        "source": "NHD",
        "water": "reservoir",
        "@geometry": "center"
      },
      "geometry": {
        "type": "Point",
        "coordinates": [
          -76.9984225,
          37.9316221
        ]
      },
      "id": "way/37949531"
    },
    {
      "type": "Feature",
      "properties": {
        "@id": "way/37949539",
        "NHD:ComID": "8464363",
        "NHD:FCode": "39004",
        "NHD:FDate": "1999/08/11",
        "NHD:FTYPE": "LakePond",
        "NHD:RESOLUTION": "Medium",
        "NHD:ReachCode": "02080103001275",
        "ele": "178",
        "gnis:feature_id": "1489754;1489754",
        "name": "Hideaway Hills Lake",
        "natural": "water",
        "source": "NHD",
        "water": "reservoir",
        "@geometry": "center"
      },
      "geometry": {
        "type": "Point",
        "coordinates": [
          -77.8985256,
          38.8281643
        ]
      },
      "id": "way/37949539"
    },
    {
      "type": "Feature",
      "properties": {
        "@id": "way/37949554",
        "NHD:ComID": "8492114",
        "NHD:FCode": "39004",
        "NHD:FDate": "2008/07/22",
        "NHD:FTYPE": "LakePond",
        "NHD:RESOLUTION": "Medium",
        "NHD:ReachCode": "02080105001641",
        "ele": "30",
        "gnis:feature_id": "1466690;1466690",
        "name": "Fleets Millpond",
        "natural": "water",
        "source": "NHD",
        "water": "reservoir",
        "@geometry": "center"
      },
      "geometry": {
        "type": "Point",
        "coordinates": [
          -77.0154695,
          37.8002563
        ]
      },
      "id": "way/37949554"
    },
    {
      "type": "Feature",
      "properties": {
        "@id": "way/37949573",
        "NHD:ComID": "8489090",
        "NHD:FCode": "39004",
        "NHD:FDate": "2008/07/22",
        "NHD:FTYPE": "LakePond",
        "NHD:RESOLUTION": "Medium",
        "NHD:ReachCode": "02080105001543",
        "ele": "39",
        "gnis:feature_id": "1471843",
        "name": "Old Grays Millpond",
        "natural": "water",
        "source": "NHD",
        "water": "reservoir",
        "@geometry": "center"
      },
      "geometry": {
        "type": "Point",
        "coordinates": [
          -77.4225673,
          38.0295967
        ]
      },
      "id": "way/37949573"
    },
    {
      "type": "Feature",
      "properties": {
        "@id": "way/37949587",
        "NHD:ComID": "8491992",
        "NHD:FCode": "39004",
        "NHD:FDate": "1999/10/04",
        "NHD:FTYPE": "LakePond",
        "NHD:RESOLUTION": "Medium",
        "NHD:ReachCode": "02080105001622",
        "ele": "20",
        "gnis:feature_id": "1473122",
        "name": "Reedy Millpond",
        "natural": "water",
        "source": "NHD",
        "water": "reservoir",
        "@geometry": "center"
      },
      "geometry": {
        "type": "Point",
        "coordinates": [
          -77.3017515,
          37.9005292
        ]
      },
      "id": "way/37949587"
    },
    {
      "type": "Feature",
      "properties": {
        "@id": "way/37949604",
        "NHD:ComID": "8492162",
        "NHD:FCode": "39004",
        "NHD:FDate": "2008/07/22",
        "NHD:FTYPE": "LakePond",
        "NHD:RESOLUTION": "Medium",
        "NHD:ReachCode": "02080105001658",
        "ele": "23",
        "gnis:feature_id": "1462634",
        "name": "Aylett Pond",
        "natural": "water",
        "source": "NHD",
        "water": "reservoir",
        "@geometry": "center"
      },
      "geometry": {
        "type": "Point",
        "coordinates": [
          -77.091979,
          37.7682806
        ]
      },
      "id": "way/37949604"
    },
    {
      "type": "Feature",
      "properties": {
        "@id": "way/37949625",
        "NHD:ComID": "8491882",
        "NHD:FCode": "39004",
        "NHD:FDate": "1999/10/04",
        "NHD:FTYPE": "LakePond",
        "NHD:RESOLUTION": "Medium",
        "NHD:ReachCode": "02080105001553",
        "ele": "33",
        "gnis:feature_id": "1501971",
        "name": "Byrds Millpond",
        "natural": "water",
        "source": "NHD",
        "water": "reservoir",
        "@geometry": "center"
      },
      "geometry": {
        "type": "Point",
        "coordinates": [
          -77.1343927,
          37.9732335
        ]
      },
      "id": "way/37949625"
    },
    {
      "type": "Feature",
      "properties": {
        "@id": "way/37949627",
        "NHD:ComID": "8488876",
        "NHD:FCode": "39004",
        "NHD:FDate": "1999/08/13",
        "NHD:FTYPE": "LakePond",
        "NHD:RESOLUTION": "Medium",
        "NHD:ReachCode": "02080105001460",
        "ele": "97",
        "gnis:feature_id": "1490875",
        "name": "Ashbys Pond",
        "natural": "water",
        "source": "NHD",
        "water": "reservoir",
        "wikidata": "Q49699870",
        "@geometry": "center"
      },
      "geometry": {
        "type": "Point",
        "coordinates": [
          -77.6949112,
          38.2793541
        ]
      },
      "id": "way/37949627"
    },
    {
      "type": "Feature",
      "properties": {
        "@id": "way/37949651",
        "NHD:ComID": "8492076",
        "NHD:FCode": "39004",
        "NHD:FDate": "1999/10/04",
        "NHD:FTYPE": "LakePond",
        "NHD:RESOLUTION": "Medium",
        "NHD:ReachCode": "02080105001650",
        "ele": "30",
        "gnis:feature_id": "1470254",
        "name": "McGeorge Pond",
        "natural": "water",
        "water": "reservoir",
        "@geometry": "center"
      },
      "geometry": {
        "type": "Point",
        "coordinates": [
          -77.2123681,
          37.8161151
        ]
      },
      "id": "way/37949651"
    },
    {
      "type": "Feature",
      "properties": {
        "@id": "way/37949657",
        "NHD:ComID": "8491868",
        "NHD:FCode": "39004",
        "NHD:FDate": "2008/07/22",
        "NHD:FTYPE": "LakePond",
        "NHD:GNIS_Name": "Pitts Pond",
        "NHD:RESOLUTION": "Medium",
        "NHD:ReachCode": "02080105001559",
        "gnis:feature_id": "1739378",
        "name": "Lake Holly",
        "natural": "water",
        "source": "NHD",
        "water": "reservoir",
        "@geometry": "center"
      },
      "geometry": {
        "type": "Point",
        "coordinates": [
          -77.2590215,
          37.984247
        ]
      },
      "id": "way/37949657"
    },
    {
      "type": "Feature",
      "properties": {
        "@id": "way/37949667",
        "NHD:ComID": "8477574",
        "NHD:FCode": "39004",
        "NHD:FDate": "1999/08/13",
        "NHD:FTYPE": "LakePond",
        "NHD:RESOLUTION": "Medium",
        "NHD:ReachCode": "02080104001610",
        "ele": "4",
        "gnis:feature_id": "1471570",
        "name": "Norris Pond",
        "natural": "water",
        "source": "NHD",
        "water": "reservoir",
        "@geometry": "center"
      },
      "geometry": {
        "type": "Point",
        "coordinates": [
          -76.3897925,
          37.7327636
        ]
      },
      "id": "way/37949667"
    },
    {
      "type": "Feature",
      "properties": {
        "@id": "way/37949703",
        "gnis:feature_id": "1779026",
        "name": "Morattico Old Mill Pond",
        "natural": "water",
        "water": "reservoir",
        "@geometry": "center"
      },
      "geometry": {
        "type": "Point",
        "coordinates": [
          -76.5674776,
          37.8333294
        ]
      },
      "id": "way/37949703"
    },
    {
      "type": "Feature",
      "properties": {
        "@id": "way/37949729",
        "NHD:ComID": "8491856",
        "NHD:FCode": "39004",
        "NHD:FDate": "1999/10/04",
        "NHD:FTYPE": "LakePond",
        "NHD:RESOLUTION": "Medium",
        "NHD:ReachCode": "02080105001592",
        "name": "Ladysmith Lake",
        "natural": "water",
        "source": "NHD",
        "water": "lake",
        "@geometry": "center"
      },
      "geometry": {
        "type": "Point",
        "coordinates": [
          -77.5319197,
          37.9830402
        ]
      },
      "id": "way/37949729"
    },
    {
      "type": "Feature",
      "properties": {
        "@id": "way/37949741",
        "NHD:ComID": "8477606",
        "NHD:FCode": "39004",
        "NHD:FDate": "2008/07/22",
        "NHD:FTYPE": "LakePond",
        "NHD:RESOLUTION": "Medium",
        "NHD:ReachCode": "02080104001645",
        "ele": "3",
        "gnis:feature_id": "1490420",
        "name": "Corbin Hall Farm Pond",
        "natural": "water",
        "source": "NHD",
        "water": "reservoir",
        "@geometry": "center"
      },
      "geometry": {
        "type": "Point",
        "coordinates": [
          -76.5858783,
          37.6737782
        ]
      },
      "id": "way/37949741"
    },
    {
      "type": "Feature",
      "properties": {
        "@id": "way/37949816",
        "NHD:ComID": "8477614",
        "NHD:FCode": "39004",
        "NHD:FDate": "1999/08/13",
        "NHD:FTYPE": "LakePond",
        "NHD:RESOLUTION": "Medium",
        "NHD:ReachCode": "02080104001652",
        "ele": "2",
        "gnis:feature_id": "1468056",
        "name": "Hilliard Pond",
        "natural": "water",
        "source": "NHD",
        "water": "reservoir",
        "@geometry": "center"
      },
      "geometry": {
        "type": "Point",
        "coordinates": [
          -76.6407867,
          37.661404
        ]
      },
      "id": "way/37949816"
    },
    {
      "type": "Feature",
      "properties": {
        "@id": "way/37949832",
        "NHD:ComID": "8489028",
        "NHD:FCode": "39004",
        "NHD:FDate": "1999/08/13",
        "NHD:FTYPE": "LakePond",
        "NHD:RESOLUTION": "Medium",
        "NHD:ReachCode": "02080105001511",
        "gnis:feature_id": "1489372",
        "name": "Beaverdam Pond",
        "natural": "water",
        "source": "NHD",
        "water": "reservoir",
        "@geometry": "center"
      },
      "geometry": {
        "type": "Point",
        "coordinates": [
          -77.3312369,
          38.0870669
        ]
      },
      "id": "way/37949832"
    },
    {
      "type": "Feature",
      "properties": {
        "@id": "way/37950644",
        "NHD:ComID": "8466133",
        "NHD:FCode": "39004",
        "NHD:FDate": "1999/08/13",
        "NHD:FTYPE": "LakePond",
        "NHD:RESOLUTION": "Medium",
        "NHD:ReachCode": "02080103001380",
        "ele": "85",
        "gnis:feature_id": "1489536",
        "name": "Hawkins Lake",
        "natural": "water",
        "source": "NHD",
        "water": "reservoir",
        "@geometry": "center"
      },
      "geometry": {
        "type": "Point",
        "coordinates": [
          -77.8580757,
          38.4066591
        ]
      },
      "id": "way/37950644"
    },
    {
      "type": "Feature",
      "properties": {
        "@id": "way/37950672",
        "NHD:ComID": "8475552",
        "NHD:FCode": "39004",
        "NHD:FDate": "1999/08/13",
        "NHD:FTYPE": "LakePond",
        "NHD:RESOLUTION": "Medium",
        "NHD:ReachCode": "02080104001455",
        "ele": "27",
        "gnis:feature_id": "1501976",
        "name": "Lake Carroll",
        "natural": "water",
        "source": "NHD",
        "water": "reservoir",
        "@geometry": "center"
      },
      "geometry": {
        "type": "Point",
        "coordinates": [
          -77.4265415,
          38.2864166
        ]
      },
      "id": "way/37950672"
    },
    {
      "type": "Feature",
      "properties": {
        "@id": "way/37950681",
        "NHD:ComID": "8467771",
        "NHD:FCode": "39004",
        "NHD:FDate": "1999/09/02",
        "NHD:FTYPE": "LakePond",
        "NHD:RESOLUTION": "Medium",
        "NHD:ReachCode": "02080103001426",
        "ele": "175",
        "gnis:feature_id": "1489925",
        "name": "Greene Hills Lake",
        "natural": "water",
        "source": "NHD",
        "water": "reservoir",
        "@geometry": "center"
      },
      "geometry": {
        "type": "Point",
        "coordinates": [
          -78.3984583,
          38.3242231
        ]
      },
      "id": "way/37950681"
    },
    {
      "type": "Feature",
      "properties": {
        "@id": "way/37950738",
        "NHD:ComID": "8467731",
        "NHD:FCode": "39004",
        "NHD:FDate": "1999/09/02",
        "NHD:FTYPE": "LakePond",
        "NHD:RESOLUTION": "Medium",
        "NHD:ReachCode": "02080103001377",
        "ele": "196",
        "gnis:feature_id": "1490375",
        "name": "Hablutzel Lake",
        "natural": "water",
        "source": "NHD",
        "water": "reservoir",
        "@geometry": "center"
      },
      "geometry": {
        "type": "Point",
        "coordinates": [
          -78.2481111,
          38.4752946
        ]
      },
      "id": "way/37950738"
    },
    {
      "type": "Feature",
      "properties": {
        "@id": "way/37950929",
        "NHD:ComID": "8465645",
        "NHD:FCode": "39004",
        "NHD:FDate": "1999/08/11",
        "NHD:FTYPE": "LakePond",
        "NHD:RESOLUTION": "Medium",
        "NHD:ReachCode": "02080103001296",
        "ele": "122",
        "gnis:feature_id": "1470775",
        "name": "Lake Mosby",
        "natural": "water",
        "source": "NHD",
        "water": "reservoir",
        "@geometry": "center"
      },
      "geometry": {
        "type": "Point",
        "coordinates": [
          -78.0058401,
          38.7134727
        ]
      },
      "id": "way/37950929"
    },
    {
      "type": "Feature",
      "properties": {
        "@id": "way/37951019",
        "NHD:ComID": "8464375",
        "NHD:FCode": "39004",
        "NHD:FDate": "1999/08/11",
        "NHD:FTYPE": "LakePond",
        "NHD:RESOLUTION": "Medium",
        "NHD:ReachCode": "02080103001277",
        "ele": "306",
        "gnis:feature_id": "1489736;1489736",
        "name": "Merry Oak Lake",
        "natural": "water",
        "source": "NHD",
        "water": "reservoir",
        "@geometry": "center"
      },
      "geometry": {
        "type": "Point",
        "coordinates": [
          -77.840934,
          38.8030511
        ]
      },
      "id": "way/37951019"
    },
    {
      "type": "Feature",
      "properties": {
        "@id": "way/37951151",
        "NHD:ComID": "8465639",
        "NHD:FCode": "39004",
        "NHD:FDate": "1999/08/11",
        "NHD:FTYPE": "LakePond",
        "NHD:RESOLUTION": "Medium",
        "NHD:ReachCode": "02080103001290",
        "ele": "133",
        "gnis:feature_id": "1489716;1489716",
        "name": "Barr Pond",
        "natural": "water",
        "source": "NHD",
        "water": "reservoir",
        "@geometry": "center"
      },
      "geometry": {
        "type": "Point",
        "coordinates": [
          -78.0189812,
          38.783941
        ]
      },
      "id": "way/37951151"
    },
    {
      "type": "Feature",
      "properties": {
        "@id": "way/37951172",
        "NHD:ComID": "8464353",
        "NHD:FCode": "39004",
        "NHD:FDate": "1999/08/11",
        "NHD:FTYPE": "LakePond",
        "NHD:RESOLUTION": "Medium",
        "NHD:ReachCode": "02080103001272",
        "ele": "205",
        "gnis:feature_id": "1489756;1489756",
        "name": "Big Lake",
        "natural": "water",
        "source": "NHD",
        "water": "reservoir",
        "@geometry": "center"
      },
      "geometry": {
        "type": "Point",
        "coordinates": [
          -77.9703178,
          38.8462382
        ]
      },
      "id": "way/37951172"
    },
    {
      "type": "Feature",
      "properties": {
        "@id": "way/37951260",
        "NHD:ComID": "8465623",
        "NHD:FCode": "39004",
        "NHD:FDate": "1999/08/11",
        "NHD:FTYPE": "LakePond",
        "NHD:RESOLUTION": "Medium",
        "NHD:ReachCode": "02080103001279",
        "ele": "182",
        "gnis:feature_id": "1489697;1489697",
        "name": "Sawyer Pond",
        "natural": "water",
        "source": "NHD",
        "water": "reservoir",
        "@geometry": "center"
      },
      "geometry": {
        "type": "Point",
        "coordinates": [
          -78.021361,
          38.8247099
        ]
      },
      "id": "way/37951260"
    },
    {
      "type": "Feature",
      "properties": {
        "@id": "way/37952872",
        "name": "Lake Breezewood",
        "natural": "water",
        "water": "lake",
        "@geometry": "center"
      },
      "geometry": {
        "type": "Point",
        "coordinates": [
          -77.5106234,
          38.2441527
        ]
      },
      "id": "way/37952872"
    },
    {
      "type": "Feature",
      "properties": {
        "@id": "way/38028122",
        "ele": "2",
        "gnis:feature_id": "1502059",
        "name": "Little Creek Reservoir",
        "natural": "water",
        "water": "reservoir",
        "@geometry": "center"
      },
      "geometry": {
        "type": "Point",
        "coordinates": [
          -76.1672594,
          36.8999774
        ]
      },
      "id": "way/38028122"
    },
    {
      "type": "Feature",
      "properties": {
        "@id": "way/38054685",
        "name": "North Lake Holly",
        "natural": "water",
        "water": "lake",
        "@geometry": "center"
      },
      "geometry": {
        "type": "Point",
        "coordinates": [
          -75.9767456,
          36.8408843
        ]
      },
      "id": "way/38054685"
    },
    {
      "type": "Feature",
      "properties": {
        "@id": "way/38173937",
        "name": "Shields Lake",
        "natural": "water",
        "water": "lake",
        "@geometry": "center"
      },
      "geometry": {
        "type": "Point",
        "coordinates": [
          -77.4753251,
          37.5397304
        ]
      },
      "id": "way/38173937"
    },
    {
      "type": "Feature",
      "properties": {
        "@id": "way/39464073",
        "ele": "212",
        "gnis:feature_id": "1078504",
        "name": "Hammertown Lake",
        "natural": "water",
        "water": "reservoir",
        "@geometry": "center"
      },
      "geometry": {
        "type": "Point",
        "coordinates": [
          -82.6916537,
          39.0504787
        ]
      },
      "id": "way/39464073"
    },
    {
      "type": "Feature",
      "properties": {
        "@id": "way/39478280",
        "intermittent": "no",
        "name": "Hutter Lake",
        "natural": "water",
        "salt": "no",
        "water": "reservoir",
        "@geometry": "center"
      },
      "geometry": {
        "type": "Point",
        "coordinates": [
          -79.2567136,
          37.392634
        ]
      },
      "id": "way/39478280"
    },
    {
      "type": "Feature",
      "properties": {
        "@id": "way/39516668",
        "ele": "18",
        "gnis:feature_id": "1468961",
        "name": "Kent Lake",
        "natural": "water",
        "water": "reservoir",
        "@geometry": "center"
      },
      "geometry": {
        "type": "Point",
        "coordinates": [
          -77.123699,
          37.491658
        ]
      },
      "id": "way/39516668"
    },
    {
      "type": "Feature",
      "properties": {
        "@id": "way/39560985",
        "NHD:ComID": "44347628",
        "NHD:FCode": "39004",
        "NHD:FDate": "2005/08/26",
        "NHD:FTYPE": "LakePond",
        "NHD:RESOLUTION": "High",
        "NHD:ReachCode": "03010101003159",
        "ele": "308",
        "gnis:feature_id": "1475341",
        "name": "Sunset Lake",
        "natural": "water",
        "source": "National Hydrography Dataset  (http://nhd.usgs.gov/)",
        "water": "reservoir",
        "@geometry": "center"
      },
      "geometry": {
        "type": "Point",
        "coordinates": [
          -79.8151831,
          37.0938276
        ]
      },
      "id": "way/39560985"
    },
    {
      "type": "Feature",
      "properties": {
        "@id": "way/39561362",
        "NHD:ComID": "44344654",
        "NHD:Elevation": "901.00000000000",
        "NHD:FCode": "39009",
        "NHD:FDate": "2005/08/25",
        "NHD:FTYPE": "LakePond",
        "NHD:RESOLUTION": "High",
        "NHD:ReachCode": "03010101003120",
        "ele": "271",
        "gnis:feature_id": "1502136",
        "name": "Spring Lake",
        "natural": "water",
        "source": "National Hydrography Dataset (http://nhd.usgs.gov/)",
        "water": "reservoir",
        "@geometry": "center"
      },
      "geometry": {
        "type": "Point",
        "coordinates": [
          -79.6166091,
          37.2292236
        ]
      },
      "id": "way/39561362"
    },
    {
      "type": "Feature",
      "properties": {
        "@id": "way/39561364",
        "NHD:ComID": "44342093",
        "NHD:Elevation": "825.00000000000",
        "NHD:FCode": "39009",
        "NHD:FDate": "2002/07/02",
        "NHD:FTYPE": "LakePond",
        "NHD:RESOLUTION": "High",
        "NHD:ReachCode": "03010101003077",
        "gnis:feature_id": "1489227",
        "name": "Spring Hill Lake",
        "natural": "water",
        "source": "National Hydrography Dataset (http://nhd.usgs.gov/)",
        "water": "reservoir",
        "@geometry": "center"
      },
      "geometry": {
        "type": "Point",
        "coordinates": [
          -79.5082122,
          37.3997415
        ]
      },
      "id": "way/39561364"
    },
    {
      "type": "Feature",
      "properties": {
        "@id": "way/39561392",
        "NHD:ComID": "44346796",
        "NHD:FCode": "39004",
        "NHD:FDate": "2002/07/02",
        "NHD:FTYPE": "LakePond",
        "NHD:RESOLUTION": "High",
        "NHD:ReachCode": "03010101003145",
        "ele": "231",
        "gnis:feature_id": "1489242",
        "name": "Swine Lake",
        "natural": "water",
        "source": "National Hydrography Dataset (http://nhd.usgs.gov/)",
        "water": "reservoir",
        "@geometry": "center"
      },
      "geometry": {
        "type": "Point",
        "coordinates": [
          -79.4449161,
          37.0932403
        ]
      },
      "id": "way/39561392"
    },
    {
      "type": "Feature",
      "properties": {
        "@id": "way/39600409",
        "NHD:ComID": "44343224",
        "NHD:FCode": "39004",
        "NHD:FDate": "2002/07/02",
        "NHD:FTYPE": "LakePond",
        "NHD:RESOLUTION": "High",
        "NHD:ReachCode": "03010101009168",
        "ele": "365",
        "gnis:feature_id": "1706795",
        "name": "Plunkett Lake",
        "natural": "water",
        "source": "National Hydrography Dataset (http://nhd.usgs.gov/)",
        "water": "reservoir",
        "@geometry": "center"
      },
      "geometry": {
        "type": "Point",
        "coordinates": [
          -80.0522759,
          37.3666171
        ]
      },
      "id": "way/39600409"
    },
    {
      "type": "Feature",
      "properties": {
        "@id": "way/39600535",
        "NHD:ComID": "44346392",
        "NHD:FCode": "39004",
        "NHD:FDate": "2002/07/02",
        "NHD:FTYPE": "LakePond",
        "NHD:RESOLUTION": "High",
        "NHD:ReachCode": "03010101003142",
        "ele": "274",
        "gnis:feature_id": "1474828",
        "name": "Sounders Pond",
        "natural": "water",
        "source": "National Hydrography Dataset (http://nhd.usgs.gov/)",
        "water": "reservoir",
        "@geometry": "center"
      },
      "geometry": {
        "type": "Point",
        "coordinates": [
          -79.620344,
          37.1429921
        ]
      },
      "id": "way/39600535"
    },
    {
      "type": "Feature",
      "properties": {
        "@id": "way/39600875",
        "NHD:ComID": "44347074",
        "NHD:Elevation": "1130.00000000000",
        "NHD:FCode": "39009",
        "NHD:FDate": "2002/07/02",
        "NHD:FTYPE": "LakePond",
        "NHD:RESOLUTION": "High",
        "NHD:ReachCode": "03010101003152",
        "ele": "350",
        "gnis:feature_id": "1489805",
        "name": "Bowmans Pond",
        "natural": "water",
        "source": "National Hydrography Dataset (http://nhd.usgs.gov/)",
        "water": "reservoir",
        "@geometry": "center"
      },
      "geometry": {
        "type": "Point",
        "coordinates": [
          -79.9138006,
          37.1406884
        ]
      },
      "id": "way/39600875"
    },
    {
      "type": "Feature",
      "properties": {
        "@id": "way/39600923",
        "NHD:ComID": "44350544",
        "NHD:Elevation": "739.00000000000",
        "NHD:FCode": "39009",
        "NHD:FDate": "2002/07/02",
        "NHD:FTYPE": "LakePond",
        "NHD:RESOLUTION": "High",
        "NHD:ReachCode": "03010101003227",
        "ele": "225",
        "gnis:feature_id": "1501969",
        "name": "Burton Lake",
        "natural": "water",
        "source": "National Hydrography Dataset (http://nhd.usgs.gov/)",
        "water": "reservoir",
        "wikidata": "Q49700156",
        "@geometry": "center"
      },
      "geometry": {
        "type": "Point",
        "coordinates": [
          -79.5350121,
          36.8666074
        ]
      },
      "id": "way/39600923"
    },
    {
      "type": "Feature",
      "properties": {
        "@id": "way/39600931",
        "NHD:ComID": "44341977",
        "NHD:Elevation": "1370.00000000000",
        "NHD:FCode": "39009",
        "NHD:FDate": "2005/08/25",
        "NHD:FTYPE": "LakePond",
        "NHD:RESOLUTION": "High",
        "NHD:ReachCode": "03010101003072",
        "ele": "415",
        "gnis:feature_id": "1481582",
        "name": "Bedford Reservoir",
        "natural": "water",
        "source": "National Hydrography Dataset (http://nhd.usgs.gov/)",
        "water": "reservoir",
        "@geometry": "center"
      },
      "geometry": {
        "type": "Point",
        "coordinates": [
          -79.5463294,
          37.4457105
        ]
      },
      "id": "way/39600931"
    },
    {
      "type": "Feature",
      "properties": {
        "@id": "way/39601004",
        "NHD:ComID": "44348630",
        "NHD:FCode": "39004",
        "NHD:FDate": "2005/08/25",
        "NHD:FTYPE": "LakePond",
        "NHD:RESOLUTION": "High",
        "NHD:ReachCode": "03010101003169",
        "ele": "199",
        "gnis:feature_id": "1502017",
        "name": "Fuzzys Lake",
        "natural": "water",
        "source": "National Hydrography Dataset (http://nhd.usgs.gov/)",
        "water": "reservoir",
        "@geometry": "center"
      },
      "geometry": {
        "type": "Point",
        "coordinates": [
          -79.4998062,
          36.9761264
        ]
      },
      "id": "way/39601004"
    },
    {
      "type": "Feature",
      "properties": {
        "@id": "way/39601007",
        "NHD:ComID": "44342560",
        "NHD:FCode": "39004",
        "NHD:FDate": "2002/07/02",
        "NHD:FTYPE": "LakePond",
        "NHD:RESOLUTION": "High",
        "NHD:ReachCode": "03010101003092",
        "ele": "262",
        "gnis:feature_id": "1473402",
        "name": "Rockdale Lake",
        "natural": "water",
        "source": "NHD",
        "water": "reservoir",
        "@geometry": "center"
      },
      "geometry": {
        "type": "Point",
        "coordinates": [
          -79.1718699,
          37.2870238
        ]
      },
      "id": "way/39601007"
    },
    {
      "type": "Feature",
      "properties": {
        "@id": "way/39601413",
        "NHD:ComID": "44347452",
        "NHD:Elevation": "1170.00000000000",
        "NHD:FCode": "39009",
        "NHD:FDate": "2005/08/25",
        "NHD:FTYPE": "LakePond",
        "NHD:RESOLUTION": "High",
        "NHD:ReachCode": "03010101003155",
        "ele": "360",
        "gnis:feature_id": "1502069",
        "name": "Melody Lake",
        "natural": "water",
        "source": "National Hydrography Dataset (http://nhd.usgs.gov/)",
        "water": "reservoir",
        "@geometry": "center"
      },
      "geometry": {
        "type": "Point",
        "coordinates": [
          -79.9326348,
          37.1233355
        ]
      },
      "id": "way/39601413"
    },
    {
      "type": "Feature",
      "properties": {
        "@id": "way/39601414",
        "NHD:ComID": "44351248",
        "NHD:Elevation": "1038.00000000000",
        "NHD:FCode": "39009",
        "NHD:FDate": "2002/07/02",
        "NHD:FTYPE": "LakePond",
        "NHD:RESOLUTION": "High",
        "NHD:ReachCode": "03010101003244",
        "ele": "316",
        "gnis:feature_id": "1489809",
        "name": "Jones Pond",
        "natural": "water",
        "source": "National Hydrography Dataset  (http://nhd.usgs.gov/)",
        "water": "reservoir",
        "@geometry": "center"
      },
      "geometry": {
        "type": "Point",
        "coordinates": [
          -79.8476035,
          36.8645856
        ]
      },
      "id": "way/39601414"
    },
    {
      "type": "Feature",
      "properties": {
        "@id": "way/39601751",
        "NHD:ComID": "44342211",
        "NHD:FCode": "39004",
        "NHD:FDate": "2002/07/02",
        "NHD:FTYPE": "LakePond",
        "NHD:RESOLUTION": "High",
        "NHD:ReachCode": "03010101008860",
        "name": "Greenfield Lake",
        "natural": "water",
        "source": "National Hydrography Dataset (http://nhd.usgs.gov/)",
        "water": "lake",
        "@geometry": "center"
      },
      "geometry": {
        "type": "Point",
        "coordinates": [
          -79.9173515,
          37.4338317
        ]
      },
      "id": "way/39601751"
    },
    {
      "type": "Feature",
      "properties": {
        "@id": "way/39601985",
        "NHD:ComID": "44346894",
        "NHD:FCode": "39004",
        "NHD:FDate": "2002/07/02",
        "NHD:FTYPE": "LakePond",
        "NHD:RESOLUTION": "High",
        "NHD:ReachCode": "03010101009971",
        "ele": "267",
        "gnis:feature_id": "1489803",
        "name": "Hetrick Pond",
        "natural": "water",
        "source": "National Hydrography Dataset (http://nhd.usgs.gov/)",
        "water": "reservoir",
        "@geometry": "center"
      },
      "geometry": {
        "type": "Point",
        "coordinates": [
          -79.7472662,
          37.1291688
        ]
      },
      "id": "way/39601985"
    },
    {
      "type": "Feature",
      "properties": {
        "@id": "way/39602148",
        "NHD:ComID": "44344524",
        "NHD:FCode": "39004",
        "NHD:FDate": "2002/07/02",
        "NHD:FTYPE": "LakePond",
        "NHD:RESOLUTION": "High",
        "NHD:ReachCode": "03010101003119",
        "ele": "302",
        "gnis:feature_id": "1489232",
        "name": "Holdrens Pond",
        "natural": "water",
        "source": "National Hydrography Dataset (http://nhd.usgs.gov/)",
        "water": "reservoir",
        "@geometry": "center"
      },
      "geometry": {
        "type": "Point",
        "coordinates": [
          -79.7126708,
          37.2469563
        ]
      },
      "id": "way/39602148"
    },
    {
      "type": "Feature",
      "properties": {
        "@id": "way/39605364",
        "NHD:ComID": "44350724",
        "NHD:FCode": "39004",
        "NHD:FDate": "2002/07/02",
        "NHD:FTYPE": "LakePond",
        "NHD:GNIS_Name": "Adams Pond",
        "NHD:RESOLUTION": "High",
        "NHD:ReachCode": "03010101010819",
        "gnis:feature_id": "1489812",
        "name": "Adams Lake",
        "natural": "water",
        "source": "National Hydrography Dataset (http://nhd.usgs.gov/)",
        "water": "lake",
        "@geometry": "center"
      },
      "geometry": {
        "type": "Point",
        "coordinates": [
          -80.0223627,
          36.9262299
        ]
      },
      "id": "way/39605364"
    },
    {
      "type": "Feature",
      "properties": {
        "@id": "way/39605447",
        "NHD:ComID": "44344424",
        "NHD:FCode": "39004",
        "NHD:FDate": "2002/07/02",
        "NHD:FTYPE": "LakePond",
        "NHD:RESOLUTION": "High",
        "NHD:ReachCode": "03010101003116",
        "ele": "222",
        "gnis:feature_id": "1472780",
        "name": "Preston Millpond",
        "natural": "water",
        "source": "National Hydrography Dataset (http://nhd.usgs.gov/)",
        "water": "reservoir",
        "@geometry": "center"
      },
      "geometry": {
        "type": "Point",
        "coordinates": [
          -79.3846731,
          37.2058344
        ]
      },
      "id": "way/39605447"
    },
    {
      "type": "Feature",
      "properties": {
        "@id": "way/39605468",
        "NHD:ComID": "44342427",
        "NHD:Elevation": "814.00000000000",
        "NHD:FCode": "39009",
        "NHD:FDate": "2005/08/25",
        "NHD:FTYPE": "LakePond",
        "NHD:RESOLUTION": "High",
        "NHD:ReachCode": "03010101003086",
        "ele": "243",
        "gnis:feature_id": "1502143",
        "intermittent": "no",
        "name": "Timber Lake",
        "natural": "water",
        "source": "National Hydrography Dataset (http://nhd.usgs.gov/);gnis_data_from_former_node",
        "water": "reservoir",
        "@geometry": "center"
      },
      "geometry": {
        "type": "Point",
        "coordinates": [
          -79.2698405,
          37.3172091
        ]
      },
      "id": "way/39605468"
    },
    {
      "type": "Feature",
      "properties": {
        "@id": "way/39605474",
        "NHD:ComID": "44342245",
        "NHD:Elevation": "1304.00000000000",
        "NHD:FCode": "39009",
        "NHD:FDate": "2002/07/02",
        "NHD:FTYPE": "LakePond",
        "NHD:RESOLUTION": "High",
        "NHD:ReachCode": "03010101003081",
        "ele": "397",
        "gnis:feature_id": "1489254",
        "name": "Orchard Lake",
        "natural": "water",
        "source": "National Hydrography Dataset (http://nhd.usgs.gov/)",
        "water": "reservoir",
        "@geometry": "center"
      },
      "geometry": {
        "type": "Point",
        "coordinates": [
          -79.9208676,
          37.4288
        ]
      },
      "id": "way/39605474"
    },
    {
      "type": "Feature",
      "properties": {
        "@id": "way/39605821",
        "NHD:ComID": "44345440",
        "NHD:FCode": "39004",
        "NHD:FDate": "2002/07/02",
        "NHD:FTYPE": "LakePond",
        "NHD:RESOLUTION": "High",
        "NHD:ReachCode": "03010101009646",
        "ele": "324",
        "gnis:feature_id": "1706712",
        "name": "Kimble Lake",
        "natural": "water",
        "source": "National Hydrography Dataset (http://nhd.usgs.gov/)",
        "water": "reservoir",
        "@geometry": "center"
      },
      "geometry": {
        "type": "Point",
        "coordinates": [
          -80.0395997,
          37.2550921
        ]
      },
      "id": "way/39605821"
    },
    {
      "type": "Feature",
      "properties": {
        "@id": "way/39605877",
        "NHD:ComID": "44345382",
        "NHD:FCode": "39004",
        "NHD:FDate": "2002/07/02",
        "NHD:FTYPE": "LakePond",
        "NHD:RESOLUTION": "High",
        "NHD:ReachCode": "03010101003131",
        "ele": "316",
        "gnis:feature_id": "1501723",
        "name": "Spring Valley Lake",
        "natural": "water",
        "source": "National Hydrography Dataset (http://nhd.usgs.gov/)",
        "water": "reservoir",
        "@geometry": "center"
      },
      "geometry": {
        "type": "Point",
        "coordinates": [
          -80.0203295,
          37.2553042
        ]
      },
      "id": "way/39605877"
    },
    {
      "type": "Feature",
      "properties": {
        "@id": "way/39833566",
        "NHD:ComID": "150400782",
        "NHD:Elevation": "168.20000000000",
        "NHD:FCode": "39009",
        "NHD:FDate": "2006/08/29",
        "NHD:FTYPE": "LakePond",
        "NHD:RESOLUTION": "High",
        "NHD:ReachCode": "03010102002653",
        "ele": "300",
        "gnis:feature_id": "1489306",
        "landuse": "reservoir",
        "name": "Clearview Lake",
        "natural": "water",
        "source": "http://nhd.usgs.gov/",
        "water": "reservoir",
        "@geometry": "center"
      },
      "geometry": {
        "type": "Point",
        "coordinates": [
          -78.8588582,
          37.2104944
        ]
      },
      "id": "way/39833566"
    },
    {
      "type": "Feature",
      "properties": {
        "@id": "way/39833648",
        "NHD:ComID": "150400948",
        "NHD:Elevation": "135.60000000000",
        "NHD:FCode": "39009",
        "NHD:FDate": "2006/08/29",
        "NHD:FTYPE": "LakePond",
        "NHD:GNIS_Name": "Roanoke Creek Site 6a Lake",
        "NHD:RESOLUTION": "High",
        "NHD:ReachCode": "03010102002664",
        "ele": "148",
        "gnis:feature_id": "1489416",
        "name": "Roanoke Creek Site 6A Lake",
        "natural": "water",
        "source": "NHD",
        "water": "reservoir",
        "@geometry": "center"
      },
      "geometry": {
        "type": "Point",
        "coordinates": [
          -78.655833,
          37.1378247
        ]
      },
      "id": "way/39833648"
    },
    {
      "type": "Feature",
      "properties": {
        "@id": "way/39834386",
        "NHD:ComID": "150402068",
        "NHD:Elevation": "119.20000000000",
        "NHD:FCode": "39009",
        "NHD:FDate": "2006/08/29",
        "NHD:FTYPE": "LakePond",
        "NHD:GNIS_Name": "Roanoke Creek Site 49a Lake",
        "NHD:RESOLUTION": "High",
        "NHD:ReachCode": "03010102002707",
        "ele": "119",
        "gnis:feature_id": "1489418",
        "name": "Roanoke Creek Site 49A Lake",
        "natural": "water",
        "source": "NHD",
        "water": "reservoir",
        "wikidata": "Q49702486",
        "@geometry": "center"
      },
      "geometry": {
        "type": "Point",
        "coordinates": [
          -78.5956349,
          36.9124149
        ]
      },
      "id": "way/39834386"
    },
    {
      "type": "Feature",
      "properties": {
        "@id": "way/39834664",
        "NHD:ComID": "150401080",
        "NHD:Elevation": "131.10000000000",
        "NHD:FCode": "39009",
        "NHD:FDate": "2006/08/29",
        "NHD:FTYPE": "LakePond",
        "NHD:RESOLUTION": "High",
        "NHD:ReachCode": "03010102002669",
        "ele": "138",
        "gnis:feature_id": "1489412",
        "name": "Roanoke Creek Site 68 Lake",
        "natural": "water",
        "source": "NHD",
        "water": "reservoir",
        "wikidata": "Q49702492",
        "@geometry": "center"
      },
      "geometry": {
        "type": "Point",
        "coordinates": [
          -78.525657,
          37.0849204
        ]
      },
      "id": "way/39834664"
    },
    {
      "type": "Feature",
      "properties": {
        "@id": "way/39842478",
        "NHD:ComID": "150400543",
        "NHD:FCode": "39004",
        "NHD:FDate": "2006/08/29",
        "NHD:FTYPE": "LakePond",
        "NHD:RESOLUTION": "High",
        "NHD:ReachCode": "03010102002638",
        "ele": "229",
        "gnis:feature_id": "1472051",
        "name": "Paradise Lake",
        "natural": "water",
        "source": "National Hydrography Dataset (http://nhd.usgs.gov/)",
        "water": "reservoir",
        "@geometry": "center"
      },
      "geometry": {
        "type": "Point",
        "coordinates": [
          -78.9359094,
          37.3358228
        ]
      },
      "id": "way/39842478"
    },
    {
      "type": "Feature",
      "properties": {
        "@id": "way/39843275",
        "NHD:ComID": "150401898",
        "NHD:Elevation": "124.40000000000",
        "NHD:FCode": "39009",
        "NHD:FDate": "2006/08/29",
        "NHD:FTYPE": "LakePond",
        "NHD:RESOLUTION": "High",
        "NHD:ReachCode": "03010102002700",
        "ele": "124",
        "gnis:feature_id": "1468315",
        "name": "Horseshoe Lake",
        "natural": "water",
        "source": "NHD",
        "water": "reservoir",
        "@geometry": "center"
      },
      "geometry": {
        "type": "Point",
        "coordinates": [
          -78.5639926,
          36.9390856
        ]
      },
      "id": "way/39843275"
    },
    {
      "type": "Feature",
      "properties": {
        "@id": "way/39851425",
        "NHD:ComID": "150401728",
        "NHD:Elevation": "127.40000000000",
        "NHD:FCode": "39009",
        "NHD:FDate": "2006/08/29",
        "NHD:FTYPE": "LakePond",
        "NHD:RESOLUTION": "High",
        "NHD:ReachCode": "03010102002692",
        "name": "Drakes Lake",
        "natural": "water",
        "source": "National Hydrography Dataset  (http://nhd.usgs.gov/)",
        "water": "reservoir",
        "@geometry": "center"
      },
      "geometry": {
        "type": "Point",
        "coordinates": [
          -78.5498405,
          36.9889387
        ]
      },
      "id": "way/39851425"
    },
    {
      "type": "Feature",
      "properties": {
        "@id": "way/39851538",
        "NHD:ComID": "150401155",
        "NHD:FCode": "39004",
        "NHD:FDate": "2006/08/29",
        "NHD:FTYPE": "LakePond",
        "NHD:GNIS_Name": "Roanoke Creek Site 43a Lake",
        "NHD:RESOLUTION": "High",
        "NHD:ReachCode": "03010102010385",
        "ele": "135",
        "gnis:feature_id": "1489433",
        "name": "Roanoke Creek Site 43A Lake",
        "natural": "water",
        "source": "National Hydrography Dataset (http://nhd.usgs.gov/)",
        "water": "reservoir",
        "wikidata": "Q49702485",
        "@geometry": "center"
      },
      "geometry": {
        "type": "Point",
        "coordinates": [
          -78.6071082,
          37.0884564
        ]
      },
      "id": "way/39851538"
    },
    {
      "type": "Feature",
      "properties": {
        "@id": "way/39851927",
        "NHD:ComID": "150403128",
        "NHD:FCode": "39004",
        "NHD:FDate": "2006/08/29",
        "NHD:FTYPE": "LakePond",
        "NHD:RESOLUTION": "High",
        "NHD:ReachCode": "03010102002808",
        "ele": "122",
        "gnis:feature_id": "1490398",
        "name": "Willis Pond",
        "natural": "water",
        "source": "National Hydrography Dataset (http://nhd.usgs.gov/)",
        "water": "reservoir",
        "@geometry": "center"
      },
      "geometry": {
        "type": "Point",
        "coordinates": [
          -78.5074356,
          36.7066485
        ]
      },
      "id": "way/39851927"
    },
    {
      "type": "Feature",
      "properties": {
        "@id": "way/39852436",
        "NHD:ComID": "150400960",
        "NHD:FCode": "39004",
        "NHD:FDate": "2006/08/29",
        "NHD:FTYPE": "LakePond",
        "NHD:RESOLUTION": "High",
        "NHD:ReachCode": "03010102010205",
        "ele": "136",
        "gnis:feature_id": "1489428",
        "name": "Roanoke Creek Site 31b Lake",
        "natural": "water",
        "source": "NHD",
        "water": "reservoir",
        "@geometry": "center"
      },
      "geometry": {
        "type": "Point",
        "coordinates": [
          -78.6188883,
          37.1304293
        ]
      },
      "id": "way/39852436"
    },
    {
      "type": "Feature",
      "properties": {
        "@id": "way/39861239",
        "NHD:ComID": "150402523",
        "NHD:FCode": "39004",
        "NHD:FDate": "2006/08/29",
        "NHD:FTYPE": "LakePond",
        "NHD:RESOLUTION": "High",
        "NHD:ReachCode": "03010102002769",
        "ele": "173",
        "gnis:feature_id": "1468364",
        "name": "Hughs Lake",
        "natural": "water",
        "source": "National Hydrography Dataset (http://nhd.usgs.gov/)",
        "water": "reservoir",
        "@geometry": "center"
      },
      "geometry": {
        "type": "Point",
        "coordinates": [
          -78.4898901,
          36.8248281
        ]
      },
      "id": "way/39861239"
    },
    {
      "type": "Feature",
      "properties": {
        "@id": "way/39872183",
        "NHD:ComID": "150400909",
        "NHD:Elevation": "139.90000000000",
        "NHD:FCode": "39009",
        "NHD:FDate": "2006/08/29",
        "NHD:FTYPE": "LakePond",
        "NHD:GNIS_Name": "Roanoke Creek Site 5b Lake",
        "NHD:RESOLUTION": "High",
        "NHD:ReachCode": "03010102002662",
        "ele": "140",
        "gnis:feature_id": "1489414",
        "name": "Roanoke Creek Site 5B Lake",
        "natural": "water",
        "source": "NHD",
        "water": "reservoir",
        "@geometry": "center"
      },
      "geometry": {
        "type": "Point",
        "coordinates": [
          -78.6663593,
          37.148204
        ]
      },
      "id": "way/39872183"
    },
    {
      "type": "Feature",
      "properties": {
        "@id": "way/39872212",
        "NHD:ComID": "150400540",
        "NHD:FCode": "39004",
        "NHD:FDate": "2006/08/29",
        "NHD:FTYPE": "LakePond",
        "NHD:RESOLUTION": "High",
        "NHD:ReachCode": "03010102003071",
        "ele": "230",
        "gnis:feature_id": "1472266",
        "name": "Phoebe Lake",
        "natural": "water",
        "source": "National Hydrography Dataset (http://nhd.usgs.gov/)",
        "water": "reservoir",
        "@geometry": "center"
      },
      "geometry": {
        "type": "Point",
        "coordinates": [
          -78.9503232,
          37.3404409
        ]
      },
      "id": "way/39872212"
    },
    {
      "type": "Feature",
      "properties": {
        "@id": "way/39872244",
        "NHD:ComID": "150401133",
        "NHD:Elevation": "170.40000000000",
        "NHD:FCode": "39009",
        "NHD:FDate": "2006/08/29",
        "NHD:FTYPE": "LakePond",
        "NHD:RESOLUTION": "High",
        "NHD:ReachCode": "03010102002675",
        "ele": "170",
        "gnis:feature_id": "1502016",
        "name": "Four Locusts Lake",
        "natural": "water",
        "source": "National Hydrography Dataset (http://nhd.usgs.gov/)",
        "water": "reservoir",
        "@geometry": "center"
      },
      "geometry": {
        "type": "Point",
        "coordinates": [
          -78.4831871,
          37.0691624
        ]
      },
      "id": "way/39872244"
    },
    {
      "type": "Feature",
      "properties": {
        "@id": "way/39872258",
        "NHD:ComID": "150400983",
        "NHD:FCode": "39004",
        "NHD:FDate": "2006/08/29",
        "NHD:FTYPE": "LakePond",
        "NHD:RESOLUTION": "High",
        "NHD:ReachCode": "03010102010231",
        "ele": "133",
        "gnis:feature_id": "1489430",
        "name": "Roanoke Creek Site 54 Lake",
        "natural": "water",
        "source": "NHD",
        "water": "reservoir",
        "wikidata": "Q49702487",
        "@geometry": "center"
      },
      "geometry": {
        "type": "Point",
        "coordinates": [
          -78.5672196,
          37.1151159
        ]
      },
      "id": "way/39872258"
    },
    {
      "type": "Feature",
      "properties": {
        "@id": "way/39872403",
        "NHD:ComID": "150401872",
        "NHD:Elevation": "122.50000000000",
        "NHD:FCode": "39009",
        "NHD:FDate": "2006/08/29",
        "NHD:FTYPE": "LakePond",
        "NHD:GNIS_Name": "Roanoke Creek Site 61a Lake",
        "NHD:RESOLUTION": "High",
        "NHD:ReachCode": "03010102002696",
        "ele": "123",
        "gnis:feature_id": "1489426",
        "name": "Roanoke Creek Site 61A Lake",
        "natural": "water",
        "source": "NHD",
        "water": "reservoir",
        "wikidata": "Q49702489",
        "@geometry": "center"
      },
      "geometry": {
        "type": "Point",
        "coordinates": [
          -78.5695664,
          36.9480505
        ]
      },
      "id": "way/39872403"
    },
    {
      "type": "Feature",
      "properties": {
        "@id": "way/39872577",
        "NHD:ComID": "150400981",
        "NHD:Elevation": "134.40000000000",
        "NHD:FCode": "39009",
        "NHD:FDate": "2006/08/29",
        "NHD:FTYPE": "LakePond",
        "NHD:RESOLUTION": "High",
        "NHD:ReachCode": "03010102002665",
        "ele": "134",
        "gnis:feature_id": "1489422",
        "name": "Roanoke Creek Site 67 Lake",
        "natural": "water",
        "source": "NHD",
        "water": "reservoir",
        "wikidata": "Q49702490",
        "@geometry": "center"
      },
      "geometry": {
        "type": "Point",
        "coordinates": [
          -78.5316641,
          37.1100333
        ]
      },
      "id": "way/39872577"
    },
    {
      "type": "Feature",
      "properties": {
        "@id": "way/39872584",
        "NHD:ComID": "150400878",
        "NHD:FCode": "39004",
        "NHD:FDate": "2006/08/29",
        "NHD:FTYPE": "LakePond",
        "NHD:RESOLUTION": "High",
        "NHD:ReachCode": "03010102002660",
        "ele": "209",
        "gnis:feature_id": "1502027",
        "name": "Grandview Lake",
        "natural": "water",
        "source": "National Hydrography Dataset (http://nhd.usgs.gov/)",
        "water": "reservoir",
        "@geometry": "center"
      },
      "geometry": {
        "type": "Point",
        "coordinates": [
          -79.0509541,
          37.2108329
        ]
      },
      "id": "way/39872584"
    },
    {
      "type": "Feature",
      "properties": {
        "@id": "way/39872639",
        "NHD:ComID": "150401240",
        "NHD:Elevation": "151.80000000000",
        "NHD:FCode": "39009",
        "NHD:FDate": "2006/08/29",
        "NHD:FTYPE": "LakePond",
        "NHD:GNIS_Name": "Roanoke Creek Site 70-A Lake",
        "NHD:RESOLUTION": "High",
        "NHD:ReachCode": "03010102002681",
        "ele": "152",
        "gnis:feature_id": "1489407",
        "intermittent": "no",
        "name": "Keysville Lake",
        "natural": "water",
        "note": "Roanoke Creek Site 70-A Lake",
        "source": "National Hydrography Dataset (http://nhd.usgs.gov/)",
        "water": "reservoir",
        "@geometry": "center"
      },
      "geometry": {
        "type": "Point",
        "coordinates": [
          -78.4996378,
          37.0568863
        ]
      },
      "id": "way/39872639"
    },
    {
      "type": "Feature",
      "properties": {
        "@id": "way/40096964",
        "NHD:ComID": "136642598",
        "NHD:FCode": "39004",
        "NHD:FDate": "2005/06/30",
        "NHD:FTYPE": "LakePond",
        "NHD:RESOLUTION": "High",
        "NHD:ReachCode": "03010103010283",
        "ele": "317",
        "gnis:feature_id": "1488917",
        "name": "Bryant Lakes",
        "natural": "water",
        "source": "National Hydrography Dataset (http://nhd.usgs.gov/)",
        "water": "reservoir",
        "@geometry": "center"
      },
      "geometry": {
        "type": "Point",
        "coordinates": [
          -80.0612125,
          36.7620658
        ]
      },
      "id": "way/40096964"
    },
    {
      "type": "Feature",
      "properties": {
        "@id": "way/40097004",
        "NHD:ComID": "136643508",
        "NHD:Elevation": "228.90000000000",
        "NHD:FCode": "39009",
        "NHD:FDate": "2005/06/30",
        "NHD:FTYPE": "LakePond",
        "NHD:RESOLUTION": "High",
        "NHD:ReachCode": "03010103002836",
        "ele": "248",
        "gnis:feature_id": "1470107",
        "name": "Marrowbone Reservoir",
        "natural": "water",
        "source": "National Hydrography Dataset (http://nhd.usgs.gov/)",
        "water": "reservoir",
        "@geometry": "center"
      },
      "geometry": {
        "type": "Point",
        "coordinates": [
          -79.905727,
          36.5684805
        ]
      },
      "id": "way/40097004"
    },
    {
      "type": "Feature",
      "properties": {
        "@id": "way/40097578",
        "NHD:ComID": "136643010",
        "NHD:FCode": "39004",
        "NHD:FDate": "2005/06/30",
        "NHD:FTYPE": "LakePond",
        "NHD:ReachCode": "03010103002757",
        "ele": "203",
        "gnis:feature_id": "1502094",
        "name": "Pine Lake",
        "natural": "water",
        "source": "NHD",
        "water": "reservoir",
        "@geometry": "center"
      },
      "geometry": {
        "type": "Point",
        "coordinates": [
          -79.5439848,
          36.6201095
        ]
      },
      "id": "way/40097578"
    },
    {
      "type": "Feature",
      "properties": {
        "@id": "way/40098348",
        "NHD:ComID": "136643247",
        "NHD:FCode": "39004",
        "NHD:FDate": "2005/06/30",
        "NHD:FTYPE": "LakePond",
        "NHD:RESOLUTION": "High",
        "NHD:ReachCode": "03010103002786",
        "gnis:feature_id": "1476449",
        "name": "Wentz Lakes",
        "natural": "water",
        "source": "National Hydrography Dataset (http://nhd.usgs.gov/)",
        "water": "reservoir",
        "@geometry": "center"
      },
      "geometry": {
        "type": "Point",
        "coordinates": [
          -79.4743131,
          36.5738664
        ]
      },
      "id": "way/40098348"
    },
    {
      "type": "Feature",
      "properties": {
        "@id": "way/40098419",
        "NHD:ComID": "136642506",
        "NHD:Elevation": "227.10000000000",
        "NHD:FCode": "39009",
        "NHD:FDate": "2005/06/30",
        "NHD:FTYPE": "LakePond",
        "NHD:RESOLUTION": "High",
        "NHD:ReachCode": "03010103002668",
        "ele": "227",
        "gnis:feature_id": "1491231",
        "name": "Reservoir Number 3",
        "natural": "water",
        "source": "National Hydrography Dataset (http://nhd.usgs.gov/)",
        "water": "reservoir",
        "wikidata": "Q49702452",
        "@geometry": "center"
      },
      "geometry": {
        "type": "Point",
        "coordinates": [
          -79.7733638,
          36.7453119
        ]
      },
      "id": "way/40098419"
    },
    {
      "type": "Feature",
      "properties": {
        "@id": "way/40098760",
        "NHD:ComID": "136644191",
        "NHD:FCode": "39004",
        "NHD:FDate": "2005/06/30",
        "NHD:FTYPE": "LakePond",
        "NHD:RESOLUTION": "High",
        "NHD:ReachCode": "03010103011601",
        "ele": "331",
        "gnis:feature_id": "981385",
        "name": "Big Dan Lake",
        "natural": "water",
        "source": "National Hydrography Dataset (http://nhd.usgs.gov/)",
        "water": "lake",
        "@geometry": "center"
      },
      "geometry": {
        "type": "Point",
        "coordinates": [
          -80.3930771,
          36.5391191
        ]
      },
      "id": "way/40098760"
    },
    {
      "type": "Feature",
      "properties": {
        "@id": "way/40098838",
        "NHD:ComID": "136642747",
        "NHD:FCode": "39004",
        "NHD:FDate": "2005/06/30",
        "NHD:FTYPE": "LakePond",
        "NHD:RESOLUTION": "High",
        "NHD:ReachCode": "03010103002717",
        "ele": "286",
        "gnis:feature_id": "1490105",
        "name": "Robinson Lake",
        "natural": "water",
        "source": "National Hydrography Dataset (http://nhd.usgs.gov/)",
        "water": "reservoir",
        "@geometry": "center"
      },
      "geometry": {
        "type": "Point",
        "coordinates": [
          -79.7063286,
          36.6869038
        ]
      },
      "id": "way/40098838"
    },
    {
      "type": "Feature",
      "properties": {
        "@id": "way/40099008",
        "NHD:ComID": "136643147",
        "NHD:FCode": "39004",
        "NHD:FDate": "2005/06/30",
        "NHD:FTYPE": "LakePond",
        "NHD:RESOLUTION": "High",
        "NHD:ReachCode": "03010103002772",
        "gnis:feature_id": "1738330",
        "name": "Lake Heron",
        "natural": "water",
        "source": "National Hydrography Dataset (http://nhd.usgs.gov/)",
        "water": "reservoir",
        "@geometry": "center"
      },
      "geometry": {
        "type": "Point",
        "coordinates": [
          -79.4818956,
          36.5928777
        ]
      },
      "id": "way/40099008"
    },
    {
      "type": "Feature",
      "properties": {
        "@id": "way/40099034",
        "NHD:ComID": "136642566",
        "NHD:Elevation": "251.80000000000",
        "NHD:FCode": "39009",
        "NHD:FDate": "2005/06/30",
        "NHD:FTYPE": "LakePond",
        "NHD:RESOLUTION": "High",
        "NHD:ReachCode": "03010103002673",
        "ele": "252",
        "gnis:feature_id": "1502065",
        "name": "Martinsville Reservoir",
        "natural": "water",
        "source": "National Hydrography Dataset (http://nhd.usgs.gov/)",
        "water": "reservoir",
        "@geometry": "center"
      },
      "geometry": {
        "type": "Point",
        "coordinates": [
          -79.8654062,
          36.7495688
        ]
      },
      "id": "way/40099034"
    },
    {
      "type": "Feature",
      "properties": {
        "@id": "way/40099165",
        "NHD:ComID": "136643235",
        "NHD:FCode": "39004",
        "NHD:FDate": "2005/06/30",
        "NHD:FTYPE": "LakePond",
        "NHD:RESOLUTION": "High",
        "NHD:ReachCode": "03010103010800",
        "gnis:feature_id": "1476449",
        "name": "Wentz Lakes",
        "natural": "water",
        "source": "National Hydrography Dataset (http://nhd.usgs.gov/)",
        "water": "reservoir",
        "@geometry": "center"
      },
      "geometry": {
        "type": "Point",
        "coordinates": [
          -79.475439,
          36.5755269
        ]
      },
      "id": "way/40099165"
    },
    {
      "type": "Feature",
      "properties": {
        "@id": "way/40099248",
        "NHD:ComID": "136643166",
        "NHD:FCode": "39004",
        "NHD:FDate": "2005/06/30",
        "NHD:FTYPE": "LakePond",
        "NHD:ReachCode": "03010103002775",
        "name": "Boatwright Pond",
        "natural": "water",
        "source": "NHD",
        "water": "lake",
        "@geometry": "center"
      },
      "geometry": {
        "type": "Point",
        "coordinates": [
          -79.4818082,
          36.5901963
        ]
      },
      "id": "way/40099248"
    },
    {
      "type": "Feature",
      "properties": {
        "@id": "way/40099296",
        "NHD:ComID": "136642762",
        "NHD:Elevation": "216.70000000000",
        "NHD:FCode": "39009",
        "NHD:FDate": "2005/06/30",
        "NHD:FTYPE": "LakePond",
        "NHD:RESOLUTION": "High",
        "NHD:ReachCode": "03010103002719",
        "ele": "219",
        "gnis:feature_id": "1491234",
        "name": "Reservoir Number 6",
        "natural": "water",
        "source": "National Hydrography Dataset (http://nhd.usgs.gov/)",
        "water": "reservoir",
        "@geometry": "center"
      },
      "geometry": {
        "type": "Point",
        "coordinates": [
          -79.7974895,
          36.6960636
        ]
      },
      "id": "way/40099296"
    },
    {
      "type": "Feature",
      "properties": {
        "@id": "way/40099298",
        "NHD:ComID": "136642484",
        "NHD:Elevation": "301.10000000000",
        "NHD:FCode": "39009",
        "NHD:FDate": "2005/06/30",
        "NHD:FTYPE": "LakePond",
        "NHD:RESOLUTION": "High",
        "NHD:ReachCode": "03010103002660",
        "ele": "297",
        "gnis:feature_id": "1488924",
        "name": "Fairy Stone Lake",
        "natural": "water",
        "source": "National Hydrography Dataset (http://nhd.usgs.gov/)",
        "water": "reservoir",
        "@geometry": "center"
      },
      "geometry": {
        "type": "Point",
        "coordinates": [
          -80.1110642,
          36.7981228
        ]
      },
      "id": "way/40099298"
    },
    {
      "type": "Feature",
      "properties": {
        "@id": "way/40099458",
        "NHD:ComID": "136643416",
        "NHD:FCode": "39004",
        "NHD:FDate": "2005/06/30",
        "NHD:FTYPE": "LakePond",
        "NHD:RESOLUTION": "High",
        "NHD:ReachCode": "03010103010953",
        "ele": "775",
        "gnis:feature_id": "1490550",
        "name": "Squall Creek Pond",
        "natural": "water",
        "source": "National Hydrography Dataset (http://nhd.usgs.gov/)",
        "water": "reservoir",
        "@geometry": "center"
      },
      "geometry": {
        "type": "Point",
        "coordinates": [
          -80.4656284,
          36.6565478
        ]
      },
      "id": "way/40099458"
    },
    {
      "type": "Feature",
      "properties": {
        "@id": "way/40100059",
        "NHD:ComID": "136642543",
        "NHD:Elevation": "238.40000000000",
        "NHD:FCode": "39009",
        "NHD:FDate": "2005/06/30",
        "NHD:FTYPE": "LakePond",
        "NHD:RESOLUTION": "High",
        "NHD:ReachCode": "03010103002676",
        "ele": "238",
        "gnis:feature_id": "1491230",
        "name": "Reservoir Number 2",
        "natural": "water",
        "source": "National Hydrography Dataset (http://nhd.usgs.gov/)",
        "water": "reservoir",
        "@geometry": "center"
      },
      "geometry": {
        "type": "Point",
        "coordinates": [
          -79.8127894,
          36.7425009
        ]
      },
      "id": "way/40100059"
    },
    {
      "type": "Feature",
      "properties": {
        "@id": "way/40104517",
        "NHD:ComID": "136642522",
        "NHD:Elevation": "233.50000000000",
        "NHD:FCode": "39009",
        "NHD:FDate": "2005/06/30",
        "NHD:FTYPE": "LakePond",
        "NHD:RESOLUTION": "High",
        "NHD:ReachCode": "03010103002670",
        "ele": "233",
        "gnis:feature_id": "1491232",
        "name": "Reservoir Number 4",
        "natural": "water",
        "source": "National Hydrography Dataset (http://nhd.usgs.gov/)",
        "water": "reservoir",
        "@geometry": "center"
      },
      "geometry": {
        "type": "Point",
        "coordinates": [
          -79.7602651,
          36.7421228
        ]
      },
      "id": "way/40104517"
    },
    {
      "type": "Feature",
      "properties": {
        "@id": "way/40104686",
        "NHD:ComID": "136643318",
        "NHD:Elevation": "769.90000000000",
        "NHD:FCode": "39009",
        "NHD:FDate": "2005/06/30",
        "NHD:FTYPE": "LakePond",
        "NHD:RESOLUTION": "High",
        "NHD:ReachCode": "03010103002794",
        "ele": "736",
        "gnis:feature_id": "1490545",
        "name": "Talbott Reservoir",
        "natural": "water",
        "source": "National Hydrography Dataset (http://nhd.usgs.gov/)",
        "water": "reservoir",
        "@geometry": "center"
      },
      "geometry": {
        "type": "Point",
        "coordinates": [
          -80.3912629,
          36.6823871
        ]
      },
      "id": "way/40104686"
    },
    {
      "type": "Feature",
      "properties": {
        "@id": "way/40104747",
        "NHD:ComID": "136642533",
        "NHD:Elevation": "238.40000000000",
        "NHD:FCode": "39009",
        "NHD:FDate": "2005/06/30",
        "NHD:FTYPE": "LakePond",
        "NHD:RESOLUTION": "High",
        "NHD:ReachCode": "03010103002669",
        "ele": "241",
        "gnis:feature_id": "1491233",
        "name": "Reservoir Number 5",
        "natural": "water",
        "source": "National Hydrography Dataset (http://nhd.usgs.gov/)",
        "water": "reservoir",
        "@geometry": "center"
      },
      "geometry": {
        "type": "Point",
        "coordinates": [
          -79.7206581,
          36.7357366
        ]
      },
      "id": "way/40104747"
    },
    {
      "type": "Feature",
      "properties": {
        "@id": "way/40200562",
        "NHD:ComID": "49586766",
        "NHD:FCode": "39004",
        "NHD:FDate": "2002/08/07",
        "NHD:FTYPE": "LakePond",
        "NHD:RESOLUTION": "High",
        "NHD:ReachCode": "03010104001900",
        "ele": "177",
        "gnis:feature_id": "1489993",
        "name": "Five Oaks Pond",
        "natural": "water",
        "source": "National Hydrography Dataset (http://nhd.usgs.gov/)",
        "water": "reservoir",
        "@geometry": "center"
      },
      "geometry": {
        "type": "Point",
        "coordinates": [
          -79.0936738,
          36.742895
        ]
      },
      "id": "way/40200562"
    },
    {
      "type": "Feature",
      "properties": {
        "@id": "way/40202429",
        "NHD:ComID": "49587228",
        "NHD:Elevation": "113.70000000000",
        "NHD:FCode": "39009",
        "NHD:FDate": "2002/08/07",
        "NHD:FTYPE": "LakePond",
        "NHD:RESOLUTION": "High",
        "NHD:ReachCode": "03010104001949",
        "alt_name": "Temple Pond",
        "ele": "114",
        "gnis:feature_id": "1463370",
        "name": "Big Lake",
        "natural": "water",
        "source": "National Hydrography Dataset (http://nhd.usgs.gov/)",
        "water": "reservoir",
        "@geometry": "center"
      },
      "geometry": {
        "type": "Point",
        "coordinates": [
          -79.0900218,
          36.6819359
        ]
      },
      "id": "way/40202429"
    },
    {
      "type": "Feature",
      "properties": {
        "@id": "way/40204262",
        "NHD:ComID": "49587992",
        "NHD:Elevation": "132.60000000000",
        "NHD:FCode": "39009",
        "NHD:FDate": "2002/08/07",
        "NHD:FTYPE": "LakePond",
        "NHD:RESOLUTION": "High",
        "NHD:ReachCode": "03010104002384",
        "alt_name": "Blanes Mill Pond",
        "ele": "137",
        "gnis:feature_id": "1463558",
        "name": "Blanes Millpond",
        "natural": "water",
        "source": "NHD",
        "water": "reservoir",
        "@geometry": "center"
      },
      "geometry": {
        "type": "Point",
        "coordinates": [
          -78.9988694,
          36.609988
        ]
      },
      "id": "way/40204262"
    },
    {
      "type": "Feature",
      "properties": {
        "@id": "way/40281574",
        "NHD:ComID": "49588620",
        "NHD:FCode": "39004",
        "NHD:FDate": "2002/08/07",
        "NHD:FTYPE": "LakePond",
        "NHD:ReachCode": "03010104029454",
        "ele": "149",
        "gnis:feature_id": "1490575",
        "name": "Camp Shawnee Lake",
        "natural": "water",
        "source": "NHD",
        "water": "reservoir",
        "@geometry": "center"
      },
      "geometry": {
        "type": "Point",
        "coordinates": [
          -79.2749341,
          36.6040145
        ]
      },
      "id": "way/40281574"
    },
    {
      "type": "Feature",
      "properties": {
        "@id": "way/40299828",
        "NHD:ComID": "74033389",
        "NHD:Elevation": "155.40000000000",
        "NHD:FCode": "39009",
        "NHD:FDate": "2003/03/06",
        "NHD:FTYPE": "LakePond",
        "NHD:RESOLUTION": "High",
        "NHD:ReachCode": "03010105001148",
        "ele": "158",
        "gnis:feature_id": "1502009",
        "name": "Elkhorn Lake",
        "natural": "water",
        "source": "National Hydrography Dataset (http://nhd.usgs.gov/)",
        "water": "reservoir",
        "wikidata": "Q49700640",
        "@geometry": "center"
      },
      "geometry": {
        "type": "Point",
        "coordinates": [
          -79.1803485,
          36.8346603
        ]
      },
      "id": "way/40299828"
    },
    {
      "type": "Feature",
      "properties": {
        "@id": "way/40307145",
        "NHD:ComID": "74034419",
        "NHD:FCode": "39004",
        "NHD:FDate": "2003/03/06",
        "NHD:FTYPE": "LakePond",
        "NHD:RESOLUTION": "High",
        "NHD:ReachCode": "03010105003971",
        "ele": "188",
        "gnis:feature_id": "1490571",
        "name": "Hood Lake",
        "natural": "water",
        "source": "National Hydrography Dataset (http://nhd.usgs.gov/)",
        "water": "reservoir",
        "@geometry": "center"
      },
      "geometry": {
        "type": "Point",
        "coordinates": [
          -79.2778265,
          36.7563276
        ]
      },
      "id": "way/40307145"
    },
    {
      "type": "Feature",
      "properties": {
        "@id": "way/40307294",
        "NHD:ComID": "74033283",
        "NHD:FCode": "39004",
        "NHD:FDate": "2003/03/06",
        "NHD:FTYPE": "LakePond",
        "NHD:ReachCode": "03010105001143",
        "ele": "236",
        "gnis:feature_id": "1474161",
        "name": "Selfs Lake",
        "natural": "water",
        "source": "NHD",
        "water": "reservoir",
        "@geometry": "center"
      },
      "geometry": {
        "type": "Point",
        "coordinates": [
          -79.388705,
          36.8640271
        ]
      },
      "id": "way/40307294"
    },
    {
      "type": "Feature",
      "properties": {
        "@id": "way/40307402",
        "NHD:ComID": "74032417",
        "NHD:FCode": "39004",
        "NHD:FDate": "2003/03/06",
        "NHD:FTYPE": "LakePond",
        "NHD:RESOLUTION": "High",
        "NHD:ReachCode": "03010105003125",
        "ele": "249",
        "gnis:feature_id": "1490567",
        "name": "Gretna Lake",
        "natural": "water",
        "source": "National Hydrography Dataset (http://nhd.usgs.gov/)",
        "water": "reservoir",
        "@geometry": "center"
      },
      "geometry": {
        "type": "Point",
        "coordinates": [
          -79.3618277,
          36.9611212
        ]
      },
      "id": "way/40307402"
    },
    {
      "type": "Feature",
      "properties": {
        "@id": "way/40307473",
        "NHD:ComID": "74034841",
        "NHD:FCode": "39004",
        "NHD:FDate": "2003/03/06",
        "NHD:FTYPE": "LakePond",
        "NHD:ReachCode": "03010105001305",
        "ele": "198",
        "gnis:feature_id": "1493871",
        "name": "KOA Camp Lake",
        "natural": "water",
        "source": "NHD",
        "water": "reservoir",
        "@geometry": "center"
      },
      "geometry": {
        "type": "Point",
        "coordinates": [
          -79.3369364,
          36.7036994
        ]
      },
      "id": "way/40307473"
    },
    {
      "type": "Feature",
      "properties": {
        "@id": "way/40307667",
        "NHD:ComID": "74034279",
        "NHD:FCode": "39004",
        "NHD:FDate": "2003/03/06",
        "NHD:FTYPE": "LakePond",
        "NHD:ReachCode": "03010105001238",
        "ele": "206",
        "gnis:feature_id": "1490581",
        "name": "White Oak Mountain Lake",
        "natural": "water",
        "source": "NHD",
        "water": "reservoir",
        "@geometry": "center"
      },
      "geometry": {
        "type": "Point",
        "coordinates": [
          -79.3324028,
          36.7792965
        ]
      },
      "id": "way/40307667"
    },
    {
      "type": "Feature",
      "properties": {
        "@id": "way/40307860",
        "NHD:ComID": "74033631",
        "NHD:Elevation": "107.00000000000",
        "NHD:FCode": "39009",
        "NHD:FDate": "2003/03/06",
        "NHD:FTYPE": "LakePond",
        "NHD:RESOLUTION": "High",
        "NHD:ReachCode": "03010105001157",
        "gnis:feature_id": "1501946",
        "name": "Banister Lake",
        "natural": "water",
        "source": "National Hydrography Dataset (http://nhd.usgs.gov/)",
        "water": "reservoir",
        "wikidata": "Q49699909",
        "@geometry": "center"
      },
      "geometry": {
        "type": "Point",
        "coordinates": [
          -78.9448615,
          36.7825235
        ]
      },
      "id": "way/40307860"
    },
    {
      "type": "Feature",
      "properties": {
        "@id": "way/40307945",
        "NHD:ComID": "74034579",
        "NHD:FCode": "39004",
        "NHD:FDate": "2003/03/06",
        "NHD:FTYPE": "LakePond",
        "NHD:ReachCode": "03010105004040",
        "ele": "224",
        "gnis:feature_id": "1471997",
        "name": "Owens Fishing Lakes",
        "natural": "water",
        "source": "NHD",
        "water": "reservoir",
        "@geometry": "center"
      },
      "geometry": {
        "type": "Point",
        "coordinates": [
          -79.3622431,
          36.7479337
        ]
      },
      "id": "way/40307945"
    },
    {
      "type": "Feature",
      "properties": {
        "@id": "way/40307960",
        "NHD:ComID": "74033613",
        "NHD:FCode": "39004",
        "NHD:FDate": "2003/03/06",
        "NHD:FTYPE": "LakePond",
        "NHD:ReachCode": "03010105003643",
        "ele": "216",
        "gnis:feature_id": "1466475",
        "name": "Falls Lake",
        "natural": "water",
        "source": "NHD",
        "water": "reservoir",
        "@geometry": "center"
      },
      "geometry": {
        "type": "Point",
        "coordinates": [
          -79.4135016,
          36.8421128
        ]
      },
      "id": "way/40307960"
    },
    {
      "type": "Feature",
      "properties": {
        "@id": "way/40378956",
        "ele": "3",
        "gnis:feature_id": "875300",
        "name": "Cedar Lake",
        "natural": "water",
        "source": "NJ2002LULC",
        "water": "reservoir",
        "@geometry": "center"
      },
      "geometry": {
        "type": "Point",
        "coordinates": [
          -75.2001249,
          39.33601
        ]
      },
      "id": "way/40378956"
    },
    {
      "type": "Feature",
      "properties": {
        "@id": "way/40378958",
        "ele": "9",
        "gnis:feature_id": "877993",
        "name": "Lummis Lakes",
        "natural": "water",
        "source": "NJ2002LULC",
        "water": "reservoir",
        "@geometry": "center"
      },
      "geometry": {
        "type": "Point",
        "coordinates": [
          -75.1755539,
          39.3512303
        ]
      },
      "id": "way/40378958"
    },
    {
      "type": "Feature",
      "properties": {
        "@id": "way/40389541",
        "NHD:ComID": "150485866",
        "NHD:FCode": "39004",
        "NHD:FDate": "2006/08/30",
        "NHD:FTYPE": "LakePond",
        "NHD:RESOLUTION": "High",
        "NHD:ReachCode": "03010106003451",
        "ele": "112",
        "gnis:feature_id": "1500785",
        "name": "Pine Lake",
        "natural": "water",
        "source": "National Hydrography Dataset (http://nhd.usgs.gov/)",
        "water": "reservoir",
        "@geometry": "center"
      },
      "geometry": {
        "type": "Point",
        "coordinates": [
          -78.1431623,
          36.7104364
        ]
      },
      "id": "way/40389541"
    },
    {
      "type": "Feature",
      "properties": {
        "@id": "way/40389770",
        "NHD:ComID": "150486012",
        "NHD:Elevation": "75.60000000000",
        "NHD:FCode": "39009",
        "NHD:FDate": "2006/08/30",
        "NHD:FTYPE": "LakePond",
        "NHD:RESOLUTION": "High",
        "NHD:ReachCode": "03010106000698",
        "ele": "76",
        "gnis:feature_id": "1502026",
        "name": "Lake Gordon",
        "natural": "water",
        "source": "NHD",
        "water": "reservoir",
        "@geometry": "center"
      },
      "geometry": {
        "type": "Point",
        "coordinates": [
          -78.2117259,
          36.6968387
        ]
      },
      "id": "way/40389770"
    },
    {
      "type": "Feature",
      "properties": {
        "@id": "way/40392519",
        "NHD:ComID": "150486214",
        "NHD:FCode": "39004",
        "NHD:FDate": "2006/08/30",
        "NHD:FTYPE": "LakePond",
        "NHD:RESOLUTION": "High",
        "NHD:ReachCode": "03010106000712",
        "ele": "77",
        "gnis:feature_id": "1490388",
        "name": "Kidwell Pond",
        "natural": "water",
        "source": "National Hydrography Dataset (http://nhd.usgs.gov/)",
        "water": "reservoir",
        "@geometry": "center"
      },
      "geometry": {
        "type": "Point",
        "coordinates": [
          -78.2714698,
          36.6445624
        ]
      },
      "id": "way/40392519"
    },
    {
      "type": "Feature",
      "properties": {
        "@id": "way/40393222",
        "gnis:feature_id": "880549",
        "intermittent": "no",
        "name": "Sheppards Millpond",
        "natural": "water",
        "salt": "no",
        "source": "NJ2002LULC",
        "tidal": "no",
        "water": "reservoir",
        "wikidata": "Q34923152",
        "@geometry": "center"
      },
      "geometry": {
        "type": "Point",
        "coordinates": [
          -75.3177043,
          39.4151452
        ]
      },
      "id": "way/40393222"
    },
    {
      "type": "Feature",
      "properties": {
        "@id": "way/40417495",
        "ele": "5",
        "gnis:feature_id": "883107",
        "name": "Davis Millpond",
        "natural": "water",
        "source": "NJ2002LULC",
        "water": "reservoir",
        "wikidata": "Q34882718",
        "@geometry": "center"
      },
      "geometry": {
        "type": "Point",
        "coordinates": [
          -75.3624024,
          39.4258021
        ]
      },
      "id": "way/40417495"
    },
    {
      "type": "Feature",
      "properties": {
        "@id": "way/40467682",
        "ele": "273",
        "elevation": "273",
        "gnis:feature_id": "1502207",
        "name": "Lakeland Lake",
        "natural": "water",
        "source:geometry": "City of Lynchburg",
        "water": "reservoir",
        "@geometry": "center"
      },
      "geometry": {
        "type": "Point",
        "coordinates": [
          -79.2132663,
          37.3452061
        ]
      },
      "id": "way/40467682"
    },
    {
      "type": "Feature",
      "properties": {
        "@id": "way/40978591",
        "NHD:ComID": "112774752",
        "NHD:FCode": "39004",
        "NHD:FDate": "2003/12/02",
        "NHD:FTYPE": "LakePond",
        "NHD:RESOLUTION": "High",
        "NHD:ReachCode": "03040101003241",
        "ele": "347",
        "gnis:feature_id": "986100",
        "name": "Greenhill Lake",
        "natural": "water",
        "source": "National Hydrography Dataset (http://nhd.usgs.gov/)",
        "water": "reservoir",
        "@geometry": "center"
      },
      "geometry": {
        "type": "Point",
        "coordinates": [
          -80.6299494,
          36.5533033
        ]
      },
      "id": "way/40978591"
    },
    {
      "type": "Feature",
      "properties": {
        "@id": "way/41271497",
        "attribution": "W&M Center for Geospatial Analysis, Public Domain",
        "ele": "9",
        "gnis:feature_id": "1502152",
        "name": "Waller Mill Reservoir",
        "natural": "water",
        "source": "MassGIS OpenSpace (http://www.mass.gov/mgis/osp.htm)",
        "water": "reservoir",
        "@geometry": "center"
      },
      "geometry": {
        "type": "Point",
        "coordinates": [
          -76.7079997,
          37.3067975
        ]
      },
      "id": "way/41271497"
    },
    {
      "type": "Feature",
      "properties": {
        "@id": "way/41489100",
        "NHD:ComID": "135958271",
        "NHD:FCode": "39004",
        "NHD:FDate": "2005/06/03",
        "NHD:FTYPE": "LakePond",
        "NHD:RESOLUTION": "High",
        "NHD:ReachCode": "03010201014298",
        "ele": "104",
        "gnis:feature_id": "1490520",
        "name": "Pryor Road Reservoir",
        "natural": "water",
        "source": "National Hydrography Dataset (http://nhd.usgs.gov/)",
        "water": "reservoir",
        "@geometry": "center"
      },
      "geometry": {
        "type": "Point",
        "coordinates": [
          -77.9377401,
          37.1093378
        ]
      },
      "id": "way/41489100"
    },
    {
      "type": "Feature",
      "properties": {
        "@id": "way/41489343",
        "NHD:ComID": "135960246",
        "NHD:FCode": "39004",
        "NHD:FDate": "2005/06/03",
        "NHD:FTYPE": "LakePond",
        "NHD:RESOLUTION": "High",
        "NHD:ReachCode": "03010201002569",
        "ele": "47",
        "gnis:feature_id": "1490951",
        "name": "Parsons Number One Pond",
        "natural": "water",
        "source": "National Hydrography Dataset (http://nhd.usgs.gov/)",
        "water": "reservoir",
        "@geometry": "center"
      },
      "geometry": {
        "type": "Point",
        "coordinates": [
          -77.5493518,
          36.8940569
        ]
      },
      "id": "way/41489343"
    },
    {
      "type": "Feature",
      "properties": {
        "@id": "way/41489558",
        "NHD:ComID": "135958299",
        "NHD:FCode": "39004",
        "NHD:FDate": "2005/06/03",
        "NHD:FTYPE": "LakePond",
        "NHD:RESOLUTION": "High",
        "NHD:ReachCode": "03010201002491",
        "ele": "112",
        "gnis:feature_id": "1468857",
        "name": "Jones Pond",
        "natural": "water",
        "source": "National Hydrography Dataset (http://nhd.usgs.gov/)",
        "water": "reservoir",
        "@geometry": "center"
      },
      "geometry": {
        "type": "Point",
        "coordinates": [
          -77.9764771,
          37.0238458
        ]
      },
      "id": "way/41489558"
    },
    {
      "type": "Feature",
      "properties": {
        "@id": "way/41489754",
        "NHD:ComID": "135960252",
        "NHD:Elevation": "128.00000000000",
        "NHD:FCode": "39009",
        "NHD:FDate": "2005/06/03",
        "NHD:FTYPE": "LakePond",
        "NHD:RESOLUTION": "High",
        "NHD:ReachCode": "03010201002589",
        "ele": "43",
        "gnis:feature_id": "1490949",
        "name": "Mayes Pond",
        "natural": "water",
        "source": "National Hydrography Dataset (http://nhd.usgs.gov/)",
        "water": "reservoir",
        "@geometry": "center"
      },
      "geometry": {
        "type": "Point",
        "coordinates": [
          -77.5184521,
          36.8799193
        ]
      },
      "id": "way/41489754"
    },
    {
      "type": "Feature",
      "properties": {
        "@id": "way/41489787",
        "NHD:ComID": "135975919",
        "NHD:Elevation": "61.00000000000",
        "NHD:FCode": "39009",
        "NHD:FDate": "2005/06/03",
        "NHD:FTYPE": "LakePond",
        "NHD:RESOLUTION": "High",
        "NHD:ReachCode": "03010201002676",
        "ele": "19",
        "gnis:feature_id": "1502109",
        "name": "Rivers Pond",
        "natural": "water",
        "source": "National Hydrography Dataset (http://nhd.usgs.gov/)",
        "water": "reservoir",
        "@geometry": "center"
      },
      "geometry": {
        "type": "Point",
        "coordinates": [
          -77.3149805,
          36.7509742
        ]
      },
      "id": "way/41489787"
    },
    {
      "type": "Feature",
      "properties": {
        "@id": "way/41489852",
        "NHD:ComID": "135972970",
        "NHD:FCode": "39004",
        "NHD:FDate": "2005/06/03",
        "NHD:FTYPE": "LakePond",
        "NHD:RESOLUTION": "High",
        "NHD:ReachCode": "03010201002393",
        "ele": "29",
        "gnis:feature_id": "1490968",
        "name": "Johnsons Pond",
        "natural": "water",
        "source": "National Hydrography Dataset (http://nhd.usgs.gov/)",
        "water": "reservoir",
        "@geometry": "center"
      },
      "geometry": {
        "type": "Point",
        "coordinates": [
          -77.256562,
          37.0289081
        ]
      },
      "id": "way/41489852"
    },
    {
      "type": "Feature",
      "properties": {
        "@id": "way/41489911",
        "NHD:ComID": "135970808",
        "NHD:FCode": "39004",
        "NHD:FDate": "2005/06/03",
        "NHD:FTYPE": "LakePond",
        "NHD:RESOLUTION": "High",
        "NHD:ReachCode": "03010201002556",
        "ele": "33",
        "gnis:feature_id": "1490955",
        "name": "Lewis Pond",
        "natural": "water",
        "source": "National Hydrography Dataset (http://nhd.usgs.gov/)",
        "water": "reservoir",
        "@geometry": "center"
      },
      "geometry": {
        "type": "Point",
        "coordinates": [
          -77.4524131,
          36.8902181
        ]
      },
      "id": "way/41489911"
    },
    {
      "type": "Feature",
      "properties": {
        "@id": "way/41489938",
        "NHD:ComID": "135963616",
        "NHD:FCode": "39004",
        "NHD:FDate": "2005/06/03",
        "NHD:FTYPE": "LakePond",
        "NHD:RESOLUTION": "High",
        "NHD:ReachCode": "03010201002400",
        "ele": "42",
        "gnis:feature_id": "1473191",
        "name": "Richardsons Pond",
        "natural": "water",
        "source": "National Hydrography Dataset (http://nhd.usgs.gov/)",
        "water": "reservoir",
        "@geometry": "center"
      },
      "geometry": {
        "type": "Point",
        "coordinates": [
          -77.6081075,
          37.0680629
        ]
      },
      "id": "way/41489938"
    },
    {
      "type": "Feature",
      "properties": {
        "@id": "way/41489985",
        "NHD:ComID": "135958702",
        "NHD:FCode": "39004",
        "NHD:FDate": "2005/06/03",
        "NHD:FTYPE": "LakePond",
        "NHD:RESOLUTION": "High",
        "NHD:ReachCode": "03010201002481",
        "ele": "101",
        "gnis:feature_id": "1501941",
        "name": "Lake Amtoco",
        "natural": "water",
        "source": "National Hydrography Dataset (http://nhd.usgs.gov/)",
        "water": "reservoir",
        "@geometry": "center"
      },
      "geometry": {
        "type": "Point",
        "coordinates": [
          -78.0945249,
          37.0443024
        ]
      },
      "id": "way/41489985"
    },
    {
      "type": "Feature",
      "properties": {
        "@id": "way/41489990",
        "NHD:ComID": "135968199",
        "NHD:FCode": "39004",
        "NHD:FDate": "2005/06/03",
        "NHD:FTYPE": "LakePond",
        "NHD:RESOLUTION": "High",
        "NHD:ReachCode": "03010201002454",
        "ele": "142",
        "gnis:feature_id": "1492134",
        "name": "Blakenship Mill Pond",
        "natural": "water",
        "source": "National Hydrography Dataset (http://nhd.usgs.gov/)",
        "water": "reservoir",
        "@geometry": "center"
      },
      "geometry": {
        "type": "Point",
        "coordinates": [
          -78.2659381,
          37.0932457
        ]
      },
      "id": "way/41489990"
    },
    {
      "type": "Feature",
      "properties": {
        "@id": "way/41490119",
        "NHD:ComID": "135963663",
        "NHD:FCode": "39004",
        "NHD:FDate": "2005/06/03",
        "NHD:FTYPE": "LakePond",
        "NHD:RESOLUTION": "High",
        "NHD:ReachCode": "03010201002380",
        "ele": "38",
        "gnis:feature_id": "1476740",
        "name": "Wilkinson Pond",
        "natural": "water",
        "source": "National Hydrography Dataset (http://nhd.usgs.gov/)",
        "water": "reservoir",
        "@geometry": "center"
      },
      "geometry": {
        "type": "Point",
        "coordinates": [
          -77.5178342,
          37.1023364
        ]
      },
      "id": "way/41490119"
    },
    {
      "type": "Feature",
      "properties": {
        "@id": "way/41490145",
        "NHD:ComID": "135970571",
        "NHD:FCode": "39004",
        "NHD:FDate": "2005/06/03",
        "NHD:FTYPE": "LakePond",
        "NHD:RESOLUTION": "High",
        "NHD:ReachCode": "03010201002437",
        "ele": "38",
        "gnis:feature_id": "1490973",
        "name": "Morgans Pond",
        "natural": "water",
        "source": "National Hydrography Dataset (http://nhd.usgs.gov/)",
        "water": "reservoir",
        "@geometry": "center"
      },
      "geometry": {
        "type": "Point",
        "coordinates": [
          -77.427025,
          36.9752308
        ]
      },
      "id": "way/41490145"
    },
    {
      "type": "Feature",
      "properties": {
        "@id": "way/41490177",
        "NHD:ComID": "135967821",
        "NHD:Elevation": "249.00000000000",
        "NHD:FCode": "39009",
        "NHD:FDate": "2005/06/03",
        "NHD:FTYPE": "LakePond",
        "NHD:RESOLUTION": "High",
        "NHD:ReachCode": "03010201002507",
        "ele": "76",
        "gnis:feature_id": "1489616",
        "name": "Mckenney Hunt Club Lake",
        "natural": "water",
        "source": "National Hydrography Dataset (http://nhd.usgs.gov/)",
        "water": "reservoir",
        "@geometry": "center"
      },
      "geometry": {
        "type": "Point",
        "coordinates": [
          -77.6777641,
          36.9686463
        ]
      },
      "id": "way/41490177"
    },
    {
      "type": "Feature",
      "properties": {
        "@id": "way/41490199",
        "NHD:ComID": "135975956",
        "NHD:Elevation": "90.00000000000",
        "NHD:FCode": "39009",
        "NHD:FDate": "2005/06/03",
        "NHD:FTYPE": "LakePond",
        "NHD:RESOLUTION": "High",
        "NHD:ReachCode": "03010201002541",
        "ele": "27",
        "gnis:feature_id": "1490939",
        "name": "Rogers Pond",
        "natural": "water",
        "source": "National Hydrography Dataset (http://nhd.usgs.gov/)",
        "water": "reservoir",
        "@geometry": "center"
      },
      "geometry": {
        "type": "Point",
        "coordinates": [
          -77.289043,
          36.8740863
        ]
      },
      "id": "way/41490199"
    },
    {
      "type": "Feature",
      "properties": {
        "@id": "way/41490243",
        "NHD:ComID": "135965668",
        "NHD:Elevation": "117.00000000000",
        "NHD:FCode": "39009",
        "NHD:FDate": "2005/06/03",
        "NHD:FTYPE": "LakePond",
        "NHD:RESOLUTION": "High",
        "NHD:ReachCode": "03010201002674",
        "ele": "35",
        "gnis:feature_id": "1490943",
        "name": "Horne Pond",
        "natural": "water",
        "source": "National Hydrography Dataset (http://nhd.usgs.gov/)",
        "water": "reservoir",
        "@geometry": "center"
      },
      "geometry": {
        "type": "Point",
        "coordinates": [
          -77.4546586,
          36.7754023
        ]
      },
      "id": "way/41490243"
    },
    {
      "type": "Feature",
      "properties": {
        "@id": "way/41490282",
        "NHD:ComID": "135965214",
        "NHD:Elevation": "35.00000000000",
        "NHD:FCode": "39009",
        "NHD:FDate": "2005/06/03",
        "NHD:FTYPE": "LakePond",
        "NHD:RESOLUTION": "High",
        "NHD:ReachCode": "03010201002750",
        "ele": "9",
        "gnis:feature_id": "1490865",
        "name": "Cypress Cove Pond",
        "natural": "water",
        "source": "National Hydrography Dataset (http://nhd.usgs.gov/)",
        "water": "reservoir",
        "wikidata": "Q49700438",
        "@geometry": "center"
      },
      "geometry": {
        "type": "Point",
        "coordinates": [
          -76.9920317,
          36.7040838
        ]
      },
      "id": "way/41490282"
    },
    {
      "type": "Feature",
      "properties": {
        "@id": "way/41490288",
        "NHD:ComID": "135965584",
        "NHD:Elevation": "114.00000000000",
        "NHD:FCode": "39009",
        "NHD:FDate": "2005/06/03",
        "NHD:FTYPE": "LakePond",
        "NHD:RESOLUTION": "High",
        "NHD:ReachCode": "03010201002623",
        "ele": "36",
        "gnis:feature_id": "1490935",
        "name": "Creath Pond",
        "natural": "water",
        "source": "National Hydrography Dataset (http://nhd.usgs.gov/)",
        "water": "reservoir",
        "@geometry": "center"
      },
      "geometry": {
        "type": "Point",
        "coordinates": [
          -77.4193202,
          36.8341488
        ]
      },
      "id": "way/41490288"
    },
    {
      "type": "Feature",
      "properties": {
        "@id": "way/41490387",
        "NHD:ComID": "135965640",
        "NHD:FCode": "39004",
        "NHD:FDate": "2005/06/03",
        "NHD:FTYPE": "LakePond",
        "NHD:RESOLUTION": "High",
        "NHD:ReachCode": "03010201002627",
        "ele": "37",
        "gnis:feature_id": "1462692",
        "intermittent": "yes",
        "name": "Bailys Pond",
        "natural": "water",
        "source": "National Hydrography Dataset (http://nhd.usgs.gov/)",
        "water": "reservoir",
        "@geometry": "center"
      },
      "geometry": {
        "type": "Point",
        "coordinates": [
          -77.4668346,
          36.8348256
        ]
      },
      "id": "way/41490387"
    },
    {
      "type": "Feature",
      "properties": {
        "@id": "way/41490544",
        "NHD:ComID": "135959312",
        "NHD:FCode": "39004",
        "NHD:FDate": "2005/06/03",
        "NHD:FTYPE": "LakePond",
        "NHD:RESOLUTION": "High",
        "NHD:ReachCode": "03010201002729",
        "ele": "21",
        "gnis:feature_id": "1490859",
        "name": "Princes Pond",
        "natural": "water",
        "source": "National Hydrography Dataset (http://nhd.usgs.gov/)",
        "water": "reservoir",
        "@geometry": "center"
      },
      "geometry": {
        "type": "Point",
        "coordinates": [
          -77.1573523,
          36.6591797
        ]
      },
      "id": "way/41490544"
    },
    {
      "type": "Feature",
      "properties": {
        "@id": "way/41490683",
        "NHD:ComID": "135959493",
        "NHD:FCode": "39004",
        "NHD:FDate": "2005/06/03",
        "NHD:FTYPE": "LakePond",
        "NHD:RESOLUTION": "High",
        "NHD:ReachCode": "03010201002407",
        "ele": "34",
        "gnis:feature_id": "1490715",
        "name": "Indian Swamp Pond",
        "natural": "water",
        "source": "National Hydrography Dataset (http://nhd.usgs.gov/)",
        "water": "reservoir",
        "@geometry": "center"
      },
      "geometry": {
        "type": "Point",
        "coordinates": [
          -77.3784189,
          37.0257484
        ]
      },
      "id": "way/41490683"
    },
    {
      "type": "Feature",
      "properties": {
        "@id": "way/41491200",
        "NHD:ComID": "135958098",
        "NHD:FCode": "39004",
        "NHD:FDate": "2005/06/03",
        "NHD:FTYPE": "LakePond",
        "NHD:RESOLUTION": "High",
        "NHD:ReachCode": "03010201002716",
        "ele": "30",
        "gnis:feature_id": "1490963",
        "name": "Harrell Pond",
        "natural": "water",
        "source": "National Hydrography Dataset (http://nhd.usgs.gov/)",
        "water": "reservoir",
        "@geometry": "center"
      },
      "geometry": {
        "type": "Point",
        "coordinates": [
          -77.4471505,
          36.7249669
        ]
      },
      "id": "way/41491200"
    },
    {
      "type": "Feature",
      "properties": {
        "@id": "way/41491373",
        "NHD:ComID": "135967026",
        "NHD:Elevation": "75.00000000000",
        "NHD:FCode": "39009",
        "NHD:FDate": "2005/06/03",
        "NHD:FTYPE": "LakePond",
        "NHD:RESOLUTION": "High",
        "NHD:ReachCode": "03010201002444",
        "ele": "21",
        "gnis:feature_id": "1490966",
        "name": "Renney Pond",
        "natural": "water",
        "source": "National Hydrography Dataset (http://nhd.usgs.gov/)",
        "water": "reservoir",
        "@geometry": "center"
      },
      "geometry": {
        "type": "Point",
        "coordinates": [
          -77.1778567,
          36.9359671
        ]
      },
      "id": "way/41491373"
    },
    {
      "type": "Feature",
      "properties": {
        "@id": "way/41491560",
        "NHD:ComID": "135970275",
        "NHD:Elevation": "222.00000000000",
        "NHD:FCode": "39009",
        "NHD:FDate": "2005/06/03",
        "NHD:FTYPE": "LakePond",
        "NHD:RESOLUTION": "High",
        "NHD:ReachCode": "03010201002654",
        "ele": "78",
        "gnis:feature_id": "1489952",
        "name": "Spangler Lake",
        "natural": "water",
        "source": "National Hydrography Dataset (http://nhd.usgs.gov/)",
        "water": "reservoir",
        "@geometry": "center"
      },
      "geometry": {
        "type": "Point",
        "coordinates": [
          -77.6386133,
          36.8212301
        ]
      },
      "id": "way/41491560"
    },
    {
      "type": "Feature",
      "properties": {
        "@id": "way/41492689",
        "NHD:ComID": "135959543",
        "NHD:FCode": "39004",
        "NHD:FDate": "2005/06/03",
        "NHD:FTYPE": "LakePond",
        "NHD:RESOLUTION": "High",
        "NHD:ReachCode": "03010201014536",
        "ele": "40",
        "gnis:feature_id": "1463626",
        "name": "Bodlies Pond",
        "natural": "water",
        "source": "National Hydrography Dataset (http://nhd.usgs.gov/)",
        "water": "reservoir",
        "@geometry": "center"
      },
      "geometry": {
        "type": "Point",
        "coordinates": [
          -77.3986892,
          37.0601355
        ]
      },
      "id": "way/41492689"
    },
    {
      "type": "Feature",
      "properties": {
        "@id": "way/41492747",
        "NHD:ComID": "135968393",
        "NHD:FCode": "39004",
        "NHD:FDate": "2005/06/03",
        "NHD:FTYPE": "LakePond",
        "NHD:RESOLUTION": "High",
        "NHD:ReachCode": "03010201002361",
        "ele": "45",
        "gnis:feature_id": "1489627",
        "name": "Cernys Pond",
        "natural": "water",
        "source": "National Hydrography Dataset (http://nhd.usgs.gov/)",
        "water": "reservoir",
        "@geometry": "center"
      },
      "geometry": {
        "type": "Point",
        "coordinates": [
          -77.4215274,
          37.162108
        ]
      },
      "id": "way/41492747"
    },
    {
      "type": "Feature",
      "properties": {
        "@id": "way/41492819",
        "NHD:ComID": "135958717",
        "NHD:FCode": "39004",
        "NHD:FDate": "2005/06/03",
        "NHD:FTYPE": "LakePond",
        "NHD:RESOLUTION": "High",
        "NHD:ReachCode": "03010201002446",
        "ele": "88",
        "gnis:feature_id": "1490498",
        "name": "Williams Lake",
        "natural": "water",
        "source": "National Hydrography Dataset (http://nhd.usgs.gov/)",
        "water": "reservoir",
        "@geometry": "center"
      },
      "geometry": {
        "type": "Point",
        "coordinates": [
          -78.0256043,
          37.0629983
        ]
      },
      "id": "way/41492819"
    },
    {
      "type": "Feature",
      "properties": {
        "@id": "way/41492864",
        "NHD:ComID": "135972976",
        "NHD:FCode": "39004",
        "NHD:FDate": "2005/06/03",
        "NHD:FTYPE": "LakePond",
        "NHD:RESOLUTION": "High",
        "NHD:ReachCode": "03010201002404",
        "alt_name": "Bellches Millpond",
        "alt_name:1": "Bellches Pond",
        "ele": "17",
        "gnis:feature_id": "1463066",
        "name": "Belsches Millpond",
        "natural": "water",
        "source": "National Hydrography Dataset (http://nhd.usgs.gov/)",
        "water": "reservoir",
        "@geometry": "center"
      },
      "geometry": {
        "type": "Point",
        "coordinates": [
          -77.2751425,
          37.0087839
        ]
      },
      "id": "way/41492864"
    },
    {
      "type": "Feature",
      "properties": {
        "@id": "way/41492880",
        "NHD:ComID": "135965592",
        "NHD:FCode": "39004",
        "NHD:FDate": "2005/06/03",
        "NHD:FTYPE": "LakePond",
        "NHD:RESOLUTION": "High",
        "NHD:ReachCode": "03010201015383",
        "ele": "25",
        "gnis:feature_id": "1467768",
        "name": "Harrells Pond",
        "natural": "water",
        "source": "National Hydrography Dataset (http://nhd.usgs.gov/)",
        "water": "reservoir",
        "@geometry": "center"
      },
      "geometry": {
        "type": "Point",
        "coordinates": [
          -77.3918328,
          36.7758871
        ]
      },
      "id": "way/41492880"
    },
    {
      "type": "Feature",
      "properties": {
        "@id": "way/41492911",
        "NHD:ComID": "135958275",
        "NHD:FCode": "39004",
        "NHD:FDate": "2005/06/03",
        "NHD:FTYPE": "LakePond",
        "NHD:RESOLUTION": "High",
        "NHD:ReachCode": "03010201002430",
        "ele": "117",
        "gnis:feature_id": "1490503",
        "name": "Butterwood Lake",
        "natural": "water",
        "source": "National Hydrography Dataset (http://nhd.usgs.gov/)",
        "water": "reservoir",
        "@geometry": "center"
      },
      "geometry": {
        "type": "Point",
        "coordinates": [
          -77.9404875,
          37.0677813
        ]
      },
      "id": "way/41492911"
    },
    {
      "type": "Feature",
      "properties": {
        "@id": "way/41493020",
        "NHD:ComID": "135975758",
        "NHD:Elevation": "303.00000000000",
        "NHD:FCode": "39009",
        "NHD:FDate": "2005/06/03",
        "NHD:FTYPE": "LakePond",
        "NHD:RESOLUTION": "High",
        "NHD:ReachCode": "03010201002410",
        "ele": "98",
        "gnis:feature_id": "1465506",
        "name": "Crystal Lake",
        "natural": "water",
        "source": "National Hydrography Dataset (http://nhd.usgs.gov/)",
        "water": "reservoir",
        "@geometry": "center"
      },
      "geometry": {
        "type": "Point",
        "coordinates": [
          -78.0894887,
          37.1263904
        ]
      },
      "id": "way/41493020"
    },
    {
      "type": "Feature",
      "properties": {
        "@id": "way/41493059",
        "NHD:ComID": "135959296",
        "NHD:Elevation": "80.00000000000",
        "NHD:FCode": "39009",
        "NHD:FDate": "2005/06/03",
        "NHD:FTYPE": "LakePond",
        "NHD:RESOLUTION": "High",
        "NHD:ReachCode": "03010201002711",
        "ele": "24",
        "gnis:feature_id": "1490857",
        "name": "McGraphs Pond",
        "natural": "water",
        "source": "National Hydrography Dataset (http://nhd.usgs.gov/)",
        "water": "reservoir",
        "@geometry": "center"
      },
      "geometry": {
        "type": "Point",
        "coordinates": [
          -77.206025,
          36.6946247
        ]
      },
      "id": "way/41493059"
    },
    {
      "type": "Feature",
      "properties": {
        "@id": "way/41493333",
        "NHD:ComID": "135975847",
        "NHD:FCode": "39004",
        "NHD:FDate": "2005/06/03",
        "NHD:FTYPE": "LakePond",
        "NHD:RESOLUTION": "High",
        "NHD:ReachCode": "03010201002385",
        "ele": "22",
        "gnis:feature_id": "1490945",
        "name": "Josephs Mill Pond",
        "natural": "water",
        "source": "National Hydrography Dataset (http://nhd.usgs.gov/)",
        "water": "reservoir",
        "@geometry": "center"
      },
      "geometry": {
        "type": "Point",
        "coordinates": [
          -77.2426861,
          37.0414921
        ]
      },
      "id": "way/41493333"
    },
    {
      "type": "Feature",
      "properties": {
        "@id": "way/41493600",
        "NHD:ComID": "135972942",
        "NHD:Elevation": "85.00000000000",
        "NHD:FCode": "39009",
        "NHD:FDate": "2005/06/03",
        "NHD:FTYPE": "LakePond",
        "NHD:RESOLUTION": "High",
        "NHD:ReachCode": "03010201002395",
        "ele": "26",
        "gnis:feature_id": "1465283",
        "name": "Couches Pond",
        "natural": "water",
        "source": "National Hydrography Dataset (http://nhd.usgs.gov/)",
        "water": "reservoir",
        "@geometry": "center"
      },
      "geometry": {
        "type": "Point",
        "coordinates": [
          -77.2909863,
          37.0286755
        ]
      },
      "id": "way/41493600"
    },
    {
      "type": "Feature",
      "properties": {
        "@id": "way/41493903",
        "NHD:ComID": "135959500",
        "NHD:FCode": "39004",
        "NHD:FDate": "2005/06/03",
        "NHD:FTYPE": "LakePond",
        "NHD:RESOLUTION": "High",
        "NHD:ReachCode": "03010201002387",
        "ele": "30",
        "gnis:feature_id": "1472209",
        "name": "Perkins Pond",
        "natural": "water",
        "source": "National Hydrography Dataset (http://nhd.usgs.gov/)",
        "water": "reservoir",
        "wikidata": "Q49702304",
        "@geometry": "center"
      },
      "geometry": {
        "type": "Point",
        "coordinates": [
          -77.432704,
          37.069631
        ]
      },
      "id": "way/41493903"
    },
    {
      "type": "Feature",
      "properties": {
        "@id": "way/41516270",
        "NHD:ComID": "129539039",
        "NHD:Elevation": "65.00000000000",
        "NHD:FCode": "39009",
        "NHD:FDate": "2004/11/23",
        "NHD:FTYPE": "LakePond",
        "NHD:RESOLUTION": "High",
        "NHD:ReachCode": "03010202001037",
        "ele": "18",
        "gnis:feature_id": "1466879",
        "name": "Freemans Millpond",
        "natural": "water",
        "source": "National Hydrography Dataset (http://nhd.usgs.gov/)",
        "water": "reservoir",
        "@geometry": "center"
      },
      "geometry": {
        "type": "Point",
        "coordinates": [
          -76.9559537,
          36.9528346
        ]
      },
      "id": "way/41516270"
    },
    {
      "type": "Feature",
      "properties": {
        "@id": "way/41516720",
        "NHD:ComID": "129540500",
        "NHD:Elevation": "64.00000000000",
        "NHD:FCode": "39009",
        "NHD:FDate": "2004/11/23",
        "NHD:FTYPE": "LakePond",
        "NHD:RESOLUTION": "High",
        "NHD:ReachCode": "03010202001082",
        "gnis:feature_id": "1502159",
        "name": "Whitefields Millpond",
        "natural": "water",
        "source": "National Hydrography Dataset (http://nhd.usgs.gov/)",
        "water": "reservoir",
        "wikidata": "Q49703166",
        "@geometry": "center"
      },
      "geometry": {
        "type": "Point",
        "coordinates": [
          -76.9645757,
          36.8131164
        ]
      },
      "id": "way/41516720"
    },
    {
      "type": "Feature",
      "properties": {
        "@id": "way/41516783",
        "NHD:ComID": "129538820",
        "NHD:FCode": "39004",
        "NHD:FDate": "2004/11/23",
        "NHD:FTYPE": "LakePond",
        "NHD:RESOLUTION": "High",
        "NHD:ReachCode": "03010202001069",
        "ele": "30",
        "gnis:feature_id": "1470543",
        "name": "Mill Run Pond",
        "natural": "water",
        "source": "National Hydrography Dataset (http://nhd.usgs.gov/)",
        "water": "reservoir",
        "wikidata": "Q49701998",
        "@geometry": "center"
      },
      "geometry": {
        "type": "Point",
        "coordinates": [
          -77.0514108,
          36.8832326
        ]
      },
      "id": "way/41516783"
    },
    {
      "type": "Feature",
      "properties": {
        "@id": "way/41516855",
        "NHD:ComID": "129540447",
        "NHD:Elevation": "55.00000000000",
        "NHD:FCode": "39009",
        "NHD:FDate": "2004/11/23",
        "NHD:FTYPE": "LakePond",
        "NHD:RESOLUTION": "High",
        "NHD:ReachCode": "03010202001096",
        "gnis:feature_id": "1502048",
        "name": "Johnson Millpond",
        "natural": "water",
        "source": "National Hydrography Dataset (http://nhd.usgs.gov/)",
        "water": "reservoir",
        "wikidata": "Q49701257",
        "@geometry": "center"
      },
      "geometry": {
        "type": "Point",
        "coordinates": [
          -76.9868927,
          36.7976957
        ]
      },
      "id": "way/41516855"
    },
    {
      "type": "Feature",
      "properties": {
        "@id": "way/41520557",
        "NHD:ComID": "129543237",
        "NHD:FCode": "39004",
        "NHD:FDate": "2004/11/23",
        "NHD:FTYPE": "LakePond",
        "NHD:RESOLUTION": "High",
        "NHD:ReachCode": "03010202001114",
        "ele": "17",
        "gnis:feature_id": "1490129",
        "name": "Alemar Pond",
        "natural": "water",
        "source": "National Hydrography Dataset (http://nhd.usgs.gov/)",
        "water": "reservoir",
        "@geometry": "center"
      },
      "geometry": {
        "type": "Point",
        "coordinates": [
          -76.8328828,
          36.7299258
        ]
      },
      "id": "way/41520557"
    },
    {
      "type": "Feature",
      "properties": {
        "@id": "way/41520836",
        "alt_name": "Spring Hill Lake",
        "ele": "17",
        "gnis:feature_id": "1475007",
        "name": "Spring Hill Pond",
        "natural": "water",
        "source": "National Hydrography Dataset (http://nhd.usgs.gov/)",
        "water": "reservoir",
        "@geometry": "center"
      },
      "geometry": {
        "type": "Point",
        "coordinates": [
          -77.0011383,
          37.0238845
        ]
      },
      "id": "way/41520836"
    },
    {
      "type": "Feature",
      "properties": {
        "@id": "way/41521009",
        "NHD:ComID": "129536397",
        "NHD:FCode": "39004",
        "NHD:FDate": "2004/11/23",
        "NHD:FTYPE": "LakePond",
        "NHD:RESOLUTION": "High",
        "NHD:ReachCode": "03010202001006",
        "ele": "27",
        "gnis:feature_id": "1490705",
        "name": "Wright Pond",
        "natural": "water",
        "source": "National Hydrography Dataset (http://nhd.usgs.gov/)",
        "water": "reservoir",
        "wikidata": "Q49703243",
        "@geometry": "center"
      },
      "geometry": {
        "type": "Point",
        "coordinates": [
          -77.2372875,
          37.1093248
        ]
      },
      "id": "way/41521009"
    },
    {
      "type": "Feature",
      "properties": {
        "@id": "way/41521063",
        "NHD:ComID": "129538811",
        "NHD:Elevation": "75.00000000000",
        "NHD:FCode": "39009",
        "NHD:FDate": "2004/11/23",
        "NHD:FTYPE": "LakePond",
        "NHD:RESOLUTION": "High",
        "NHD:ReachCode": "03010202001034",
        "ele": "21",
        "gnis:feature_id": "1502365",
        "name": "Brittles Millpond",
        "natural": "water",
        "source": "National Hydrography Dataset (http://nhd.usgs.gov/)",
        "water": "reservoir",
        "@geometry": "center"
      },
      "geometry": {
        "type": "Point",
        "coordinates": [
          -77.0140731,
          36.969782
        ]
      },
      "id": "way/41521063"
    },
    {
      "type": "Feature",
      "properties": {
        "@id": "way/41528647",
        "NHD:ComID": "129538819",
        "NHD:FCode": "39004",
        "NHD:FDate": "2004/11/23",
        "NHD:FTYPE": "LakePond",
        "NHD:RESOLUTION": "High",
        "NHD:ReachCode": "03010202001058",
        "ele": "32",
        "gnis:feature_id": "1469132",
        "name": "Laniers Millpond",
        "natural": "water",
        "source": "National Hydrography Dataset (http://nhd.usgs.gov/)",
        "water": "reservoir",
        "@geometry": "center"
      },
      "geometry": {
        "type": "Point",
        "coordinates": [
          -77.0593696,
          36.9028546
        ]
      },
      "id": "way/41528647"
    },
    {
      "type": "Feature",
      "properties": {
        "@id": "way/41528687",
        "NHD:ComID": "129534933",
        "NHD:Elevation": "120.00000000000",
        "NHD:FCode": "39009",
        "NHD:FDate": "2004/11/23",
        "NHD:FTYPE": "LakePond",
        "NHD:RESOLUTION": "High",
        "NHD:ReachCode": "03010202000974",
        "ele": "36",
        "gnis:feature_id": "1502044",
        "name": "Jandls Pond",
        "natural": "water",
        "source": "National Hydrography Dataset (http://nhd.usgs.gov/)",
        "water": "reservoir",
        "@geometry": "center"
      },
      "geometry": {
        "type": "Point",
        "coordinates": [
          -77.2851848,
          37.177067
        ]
      },
      "id": "way/41528687"
    },
    {
      "type": "Feature",
      "properties": {
        "@id": "way/41528807",
        "NHD:ComID": "129538826",
        "NHD:Elevation": "81.00000000000",
        "NHD:FCode": "39009",
        "NHD:FDate": "2004/11/23",
        "NHD:FTYPE": "LakePond",
        "NHD:RESOLUTION": "High",
        "NHD:ReachCode": "03010202001153",
        "ele": "24",
        "gnis:feature_id": "1501938",
        "name": "Airfield Pond",
        "natural": "water",
        "source": "National Hydrography Dataset (http://nhd.usgs.gov/)",
        "water": "reservoir",
        "wikidata": "Q49699816",
        "@geometry": "center"
      },
      "geometry": {
        "type": "Point",
        "coordinates": [
          -77.0343819,
          36.9081773
        ]
      },
      "id": "way/41528807"
    },
    {
      "type": "Feature",
      "properties": {
        "@id": "way/41528890",
        "NHD:ComID": "129537416",
        "NHD:FCode": "39004",
        "NHD:FDate": "2009/09/10",
        "NHD:FTYPE": "LakePond",
        "NHD:RESOLUTION": "High",
        "NHD:ReachCode": "03010202000983",
        "ele": "25",
        "gnis:feature_id": "1501936",
        "name": "Atkins Pond",
        "natural": "water",
        "source": "National Hydrography Dataset (http://nhd.usgs.gov/)",
        "water": "reservoir",
        "@geometry": "center"
      },
      "geometry": {
        "type": "Point",
        "coordinates": [
          -76.9941481,
          37.1120004
        ]
      },
      "id": "way/41528890"
    },
    {
      "type": "Feature",
      "properties": {
        "@id": "way/41529850",
        "ele": "23",
        "gnis:feature_id": "1465964",
        "name": "Drumwright Pond",
        "natural": "water",
        "source": "National Hydrography Dataset (http://nhd.usgs.gov/)",
        "water": "reservoir",
        "wikidata": "Q49700199",
        "@geometry": "center"
      },
      "geometry": {
        "type": "Point",
        "coordinates": [
          -77.0014608,
          36.9540594
        ]
      },
      "id": "way/41529850"
    },
    {
      "type": "Feature",
      "properties": {
        "@id": "way/41529981",
        "NHD:ComID": "129539037",
        "NHD:FCode": "39004",
        "NHD:FDate": "2004/11/23",
        "NHD:FTYPE": "LakePond",
        "NHD:RESOLUTION": "High",
        "NHD:ReachCode": "03010202001036",
        "ele": "21",
        "gnis:feature_id": "1490957",
        "name": "Parker Number One Pond",
        "natural": "water",
        "source": "National Hydrography Dataset (http://nhd.usgs.gov/)",
        "water": "reservoir",
        "@geometry": "center"
      },
      "geometry": {
        "type": "Point",
        "coordinates": [
          -76.9856101,
          36.9616446
        ]
      },
      "id": "way/41529981"
    },
    {
      "type": "Feature",
      "properties": {
        "@id": "way/41530122",
        "ele": "20",
        "gnis:feature_id": "1501965",
        "name": "Bryant Pond",
        "natural": "water",
        "source": "National Hydrography Dataset (http://nhd.usgs.gov/)",
        "water": "reservoir",
        "wikidata": "Q49700126",
        "@geometry": "center"
      },
      "geometry": {
        "type": "Point",
        "coordinates": [
          -77.0794638,
          37.0572432
        ]
      },
      "id": "way/41530122"
    },
    {
      "type": "Feature",
      "properties": {
        "@id": "way/41530143",
        "NHD:ComID": "129535016",
        "NHD:Elevation": "115.00000000000",
        "NHD:FCode": "39009",
        "NHD:FDate": "2004/11/23",
        "NHD:FTYPE": "LakePond",
        "NHD:RESOLUTION": "High",
        "NHD:ReachCode": "03010202007453",
        "ele": "40",
        "gnis:feature_id": "1490723",
        "name": "Kings Pond",
        "natural": "water",
        "source": "National Hydrography Dataset (http://nhd.usgs.gov/)",
        "water": "reservoir",
        "@geometry": "center"
      },
      "geometry": {
        "type": "Point",
        "coordinates": [
          -77.3294105,
          37.1619935
        ]
      },
      "id": "way/41530143"
    },
    {
      "type": "Feature",
      "properties": {
        "@id": "way/41530148",
        "NHD:ComID": "129535509",
        "NHD:FCode": "39004",
        "NHD:FDate": "2004/11/23",
        "NHD:FTYPE": "LakePond",
        "NHD:RESOLUTION": "High",
        "NHD:ReachCode": "03010202000979",
        "ele": "26",
        "gnis:feature_id": "1463443",
        "name": "Lake Binford",
        "natural": "water",
        "source": "National Hydrography Dataset (http://nhd.usgs.gov/)",
        "water": "reservoir",
        "@geometry": "center"
      },
      "geometry": {
        "type": "Point",
        "coordinates": [
          -77.208338,
          37.1549669
        ]
      },
      "id": "way/41530148"
    },
    {
      "type": "Feature",
      "properties": {
        "@id": "way/41530180",
        "NHD:ComID": "129535513",
        "NHD:FCode": "39004",
        "NHD:FDate": "2004/11/23",
        "NHD:FTYPE": "LakePond",
        "NHD:RESOLUTION": "High",
        "NHD:ReachCode": "03010202000995",
        "ele": "31",
        "gnis:feature_id": "1475554",
        "name": "Thackets Ponds",
        "natural": "water",
        "source": "National Hydrography Dataset (http://nhd.usgs.gov/)",
        "water": "reservoir",
        "@geometry": "center"
      },
      "geometry": {
        "type": "Point",
        "coordinates": [
          -77.1851374,
          37.1269593
        ]
      },
      "id": "way/41530180"
    },
    {
      "type": "Feature",
      "properties": {
        "@id": "way/41530248",
        "NHD:ComID": "129538824",
        "NHD:FCode": "39004",
        "NHD:FDate": "2004/11/23",
        "NHD:ReachCode": "03010202001043",
        "ele": "27",
        "gnis:feature_id": "1502045",
        "name": "Jenkins Pond",
        "natural": "water",
        "source": "National Hydrography Dataset (http://nhd.usgs.gov/)",
        "water": "reservoir",
        "wikidata": "Q49701236",
        "@geometry": "center"
      },
      "geometry": {
        "type": "Point",
        "coordinates": [
          -77.0410414,
          36.9643883
        ]
      },
      "id": "way/41530248"
    },
    {
      "type": "Feature",
      "properties": {
        "@id": "way/41530282",
        "NHD:ComID": "129539096",
        "NHD:FCode": "39004",
        "NHD:FDate": "2004/11/23",
        "NHD:FTYPE": "LakePond",
        "NHD:RESOLUTION": "High",
        "NHD:ReachCode": "03010202008400",
        "ele": "22",
        "gnis:feature_id": "1490959",
        "name": "Parker Number Two Pond",
        "natural": "water",
        "source": "National Hydrography Dataset (http://nhd.usgs.gov/)",
        "water": "reservoir",
        "@geometry": "center"
      },
      "geometry": {
        "type": "Point",
        "coordinates": [
          -76.9876628,
          36.9585426
        ]
      },
      "id": "way/41530282"
    },
    {
      "type": "Feature",
      "properties": {
        "@id": "way/41585454",
        "NHD:ComID": "155801919",
        "NHD:FCode": "39004",
        "NHD:FDate": "2007/05/14",
        "NHD:FTYPE": "LakePond",
        "NHD:RESOLUTION": "High",
        "NHD:ReachCode": "03010204001977",
        "ele": "169",
        "gnis:feature_id": "1476249",
        "name": "Walkers Pond",
        "natural": "water",
        "source": "National Hydrography Dataset (http://nhd.usgs.gov/)",
        "water": "reservoir",
        "@geometry": "center"
      },
      "geometry": {
        "type": "Point",
        "coordinates": [
          -78.4729298,
          37.011207
        ]
      },
      "id": "way/41585454"
    },
    {
      "type": "Feature",
      "properties": {
        "@id": "way/41585549",
        "NHD:ComID": "155802224",
        "NHD:Elevation": "108.20000000000",
        "NHD:FCode": "39009",
        "NHD:FDate": "2007/05/14",
        "NHD:FTYPE": "LakePond",
        "NHD:RESOLUTION": "High",
        "NHD:ReachCode": "03010204002008",
        "ele": "108",
        "gnis:feature_id": "1490353",
        "name": "Dixons Millpond",
        "natural": "water",
        "source": "National Hydrography Dataset (http://nhd.usgs.gov/)",
        "water": "reservoir",
        "@geometry": "center"
      },
      "geometry": {
        "type": "Point",
        "coordinates": [
          -78.0239781,
          36.8888202
        ]
      },
      "id": "way/41585549"
    },
    {
      "type": "Feature",
      "properties": {
        "@id": "way/41586718",
        "NHD:ComID": "155803971",
        "NHD:Elevation": "65.80000000000",
        "NHD:FCode": "39009",
        "NHD:FDate": "2007/05/14",
        "NHD:FTYPE": "LakePond",
        "NHD:RESOLUTION": "High",
        "NHD:ReachCode": "03010204002209",
        "ele": "65",
        "gnis:feature_id": "1502104",
        "name": "Rainey Pond",
        "natural": "water",
        "source": "National Hydrography Dataset (http://nhd.usgs.gov/)",
        "water": "reservoir",
        "@geometry": "center"
      },
      "geometry": {
        "type": "Point",
        "coordinates": [
          -77.7454275,
          36.5599809
        ]
      },
      "id": "way/41586718"
    },
    {
      "type": "Feature",
      "properties": {
        "@id": "way/41587701",
        "NHD:ComID": "155803839",
        "NHD:Elevation": "66.80000000000",
        "NHD:FCode": "39009",
        "NHD:FDate": "2007/05/14",
        "NHD:FTYPE": "LakePond",
        "NHD:RESOLUTION": "High",
        "NHD:ReachCode": "03010204002189",
        "ele": "61",
        "gnis:feature_id": "1474770",
        "name": "Smith Pond",
        "natural": "water",
        "source": "National Hydrography Dataset (http://nhd.usgs.gov/)",
        "water": "reservoir",
        "@geometry": "center"
      },
      "geometry": {
        "type": "Point",
        "coordinates": [
          -77.6550958,
          36.5841365
        ]
      },
      "id": "way/41587701"
    },
    {
      "type": "Feature",
      "properties": {
        "@id": "way/41587710",
        "NHD:ComID": "155803848",
        "NHD:FCode": "39004",
        "NHD:FDate": "2007/05/14",
        "NHD:FTYPE": "LakePond",
        "NHD:RESOLUTION": "High",
        "NHD:ReachCode": "03010204002191",
        "ele": "70",
        "gnis:feature_id": "1489958",
        "name": "Smiths Pond",
        "natural": "water",
        "source": "National Hydrography Dataset (http://nhd.usgs.gov/)",
        "water": "reservoir",
        "@geometry": "center"
      },
      "geometry": {
        "type": "Point",
        "coordinates": [
          -77.6529101,
          36.5840782
        ]
      },
      "id": "way/41587710"
    },
    {
      "type": "Feature",
      "properties": {
        "@id": "way/41588263",
        "NHD:ComID": "155803896",
        "NHD:FCode": "39004",
        "NHD:FDate": "2007/05/14",
        "NHD:FTYPE": "LakePond",
        "NHD:RESOLUTION": "High",
        "NHD:ReachCode": "03010204002195",
        "ele": "34",
        "gnis:feature_id": "1502112",
        "name": "Robinson Pond",
        "natural": "water",
        "source": "National Hydrography Dataset (http://nhd.usgs.gov/)",
        "water": "reservoir",
        "@geometry": "center"
      },
      "geometry": {
        "type": "Point",
        "coordinates": [
          -77.6058965,
          36.5648657
        ]
      },
      "id": "way/41588263"
    },
    {
      "type": "Feature",
      "properties": {
        "@id": "way/41588434",
        "NHD:ComID": "155803955",
        "NHD:Elevation": "44.20000000000",
        "NHD:FCode": "39009",
        "NHD:FDate": "2007/05/14",
        "NHD:FTYPE": "LakePond",
        "NHD:RESOLUTION": "High",
        "NHD:ReachCode": "03010204002199",
        "ele": "47",
        "gnis:feature_id": "1489956",
        "name": "Garners Millpond",
        "natural": "water",
        "source": "National Hydrography Dataset (http://nhd.usgs.gov/)",
        "water": "reservoir",
        "@geometry": "center"
      },
      "geometry": {
        "type": "Point",
        "coordinates": [
          -77.6716804,
          36.5581433
        ]
      },
      "id": "way/41588434"
    },
    {
      "type": "Feature",
      "properties": {
        "@id": "way/41588665",
        "NHD:ComID": "155802188",
        "NHD:FCode": "39004",
        "NHD:FDate": "2007/05/14",
        "NHD:FTYPE": "LakePond",
        "NHD:RESOLUTION": "High",
        "NHD:ReachCode": "03010204002004",
        "ele": "115",
        "gnis:feature_id": "1490351",
        "name": "Sneads Pond",
        "natural": "water",
        "source": "National Hydrography Dataset (http://nhd.usgs.gov/)",
        "water": "reservoir",
        "@geometry": "center"
      },
      "geometry": {
        "type": "Point",
        "coordinates": [
          -78.1502016,
          36.9129725
        ]
      },
      "id": "way/41588665"
    },
    {
      "type": "Feature",
      "properties": {
        "@id": "way/41596289",
        "NHD:ComID": "155802481",
        "NHD:FCode": "39004",
        "NHD:FDate": "2007/05/14",
        "NHD:FTYPE": "LakePond",
        "NHD:RESOLUTION": "High",
        "NHD:ReachCode": "03010204002038",
        "ele": "78",
        "gnis:feature_id": "1489261",
        "name": "Flatrock Pond",
        "natural": "water",
        "source": "National Hydrography Dataset (http://nhd.usgs.gov/)",
        "water": "reservoir",
        "@geometry": "center"
      },
      "geometry": {
        "type": "Point",
        "coordinates": [
          -77.7603007,
          36.813719
        ]
      },
      "id": "way/41596289"
    },
    {
      "type": "Feature",
      "properties": {
        "@id": "way/41596913",
        "NHD:ComID": "155803647",
        "NHD:Elevation": "53.30000000000",
        "NHD:FCode": "39009",
        "NHD:FDate": "2007/05/14",
        "NHD:FTYPE": "LakePond",
        "NHD:RESOLUTION": "High",
        "NHD:ReachCode": "03010204002169",
        "ele": "53",
        "gnis:feature_id": "1489954",
        "name": "Doyles Pond",
        "natural": "water",
        "source": "National Hydrography Dataset (http://nhd.usgs.gov/)",
        "water": "reservoir",
        "@geometry": "center"
      },
      "geometry": {
        "type": "Point",
        "coordinates": [
          -77.7013087,
          36.6288413
        ]
      },
      "id": "way/41596913"
    },
    {
      "type": "Feature",
      "properties": {
        "@id": "way/41649243",
        "NHD:ComID": "140579829",
        "NHD:FCode": "39004",
        "NHD:FDate": "2005/09/17",
        "NHD:FTYPE": "LakePond",
        "NHD:RESOLUTION": "High",
        "NHD:ReachCode": "03010205064073",
        "ele": "4",
        "gnis:feature_id": "1780091",
        "name": "Lake Christopher",
        "natural": "water",
        "source": "National Hydrography Dataset (http://nhd.usgs.gov/)",
        "water": "lake",
        "@geometry": "center"
      },
      "geometry": {
        "type": "Point",
        "coordinates": [
          -76.1726933,
          36.7899175
        ]
      },
      "id": "way/41649243"
    },
    {
      "type": "Feature",
      "properties": {
        "@id": "way/42004025",
        "dcgis:area": "65836.6557035",
        "dcgis:code": "4000.0",
        "dcgis:description": "LAKE",
        "dcgis:layer": "LAKE",
        "dcgis:length": "1633.68103408",
        "dcgis:length_1": "1633.68159369",
        "dcgis:objectid": "360",
        "dcgis:objectid_2": "360",
        "dcgis:wat": "391.0",
        "dcgis:wat2": "390.0",
        "dcgis:wat3": "0.0",
        "name": "Dalecarlia Reservoir",
        "natural": "water",
        "water": "reservoir",
        "wikidata": "Q5210724",
        "wikipedia": "en:Dalecarlia Reservoir",
        "@geometry": "center"
      },
      "geometry": {
        "type": "Point",
        "coordinates": [
          -77.1117953,
          38.9420694
        ]
      },
      "id": "way/42004025"
    },
    {
      "type": "Feature",
      "properties": {
        "@id": "way/42705723",
        "ele": "105",
        "gnis:feature_id": "1502173",
        "name": "Lake Thoreau",
        "natural": "water",
        "water": "reservoir",
        "@geometry": "center"
      },
      "geometry": {
        "type": "Point",
        "coordinates": [
          -77.335717,
          38.938321
        ]
      },
      "id": "way/42705723"
    },
    {
      "type": "Feature",
      "properties": {
        "@id": "way/43270348",
        "ele": "71",
        "gnis:feature_id": "1490254",
        "intermittent": "no",
        "name": "Goose Creek Reservoir",
        "natural": "water",
        "water": "reservoir",
        "@geometry": "center"
      },
      "geometry": {
        "type": "Point",
        "coordinates": [
          -77.5302578,
          39.0493537
        ]
      },
      "id": "way/43270348"
    },
    {
      "type": "Feature",
      "properties": {
        "@id": "way/43277061",
        "NHD:ComID": "49115340",
        "NHD:FCode": "39004",
        "NHD:FDate": "2002/08/06",
        "NHD:FTYPE": "LakePond",
        "NHD:RESOLUTION": "High",
        "NHD:ReachCode": "05050001002795",
        "ele": "657",
        "gnis:feature_id": "1490773",
        "intermittent": "no",
        "name": "Lake Powhatan",
        "natural": "water",
        "source": "National Hydrography Dataset (http://nhd.usgs.gov/)",
        "water": "reservoir",
        "@geometry": "center"
      },
      "geometry": {
        "type": "Point",
        "coordinates": [
          -80.6642715,
          36.9648277
        ]
      },
      "id": "way/43277061"
    },
    {
      "type": "Feature",
      "properties": {
        "@id": "way/43277736",
        "NHD:ComID": "49117264",
        "NHD:FCode": "39004",
        "NHD:FDate": "2004/11/19",
        "NHD:FTYPE": "LakePond",
        "NHD:RESOLUTION": "High",
        "NHD:ReachCode": "05050001002806",
        "ele": "744",
        "gnis:feature_id": "1484556",
        "name": "Kennedys Lake",
        "natural": "water",
        "source": "National Hydrography Dataset (http://nhd.usgs.gov/)",
        "water": "reservoir",
        "@geometry": "center"
      },
      "geometry": {
        "type": "Point",
        "coordinates": [
          -80.8738254,
          36.7116472
        ]
      },
      "id": "way/43277736"
    },
    {
      "type": "Feature",
      "properties": {
        "@id": "way/43277897",
        "NHD:ComID": "49114218",
        "NHD:FCode": "39004",
        "NHD:FDate": "2002/08/06",
        "NHD:FTYPE": "LakePond",
        "NHD:RESOLUTION": "High",
        "NHD:ReachCode": "05050001010764",
        "ele": "642",
        "gnis:feature_id": "1490771",
        "name": "Thornhill Pond",
        "natural": "water",
        "source": "National Hydrography Dataset (http://nhd.usgs.gov/)",
        "water": "reservoir",
        "@geometry": "center"
      },
      "geometry": {
        "type": "Point",
        "coordinates": [
          -80.8222478,
          37.1100194
        ]
      },
      "id": "way/43277897"
    },
    {
      "type": "Feature",
      "properties": {
        "@id": "way/43278343",
        "NHD:ComID": "49114522",
        "NHD:FCode": "39004",
        "NHD:FDate": "2002/08/06",
        "NHD:FTYPE": "LakePond",
        "NHD:RESOLUTION": "High",
        "NHD:ReachCode": "05050001010908",
        "name": "Volvo Reservoir",
        "natural": "water",
        "source": "National Hydrography Dataset (http://nhd.usgs.gov/)",
        "water": "reservoir",
        "@geometry": "center"
      },
      "geometry": {
        "type": "Point",
        "coordinates": [
          -80.7044032,
          37.0757112
        ]
      },
      "id": "way/43278343"
    },
    {
      "type": "Feature",
      "properties": {
        "@id": "way/43278495",
        "NHD:ComID": "49112678",
        "NHD:FCode": "39004",
        "NHD:FDate": "2002/08/06",
        "NHD:FTYPE": "LakePond",
        "NHD:RESOLUTION": "High",
        "NHD:ReachCode": "05050001002788",
        "ele": "575",
        "gnis:feature_id": "1484143",
        "name": "Hoge Pond",
        "natural": "water",
        "source": "NHD",
        "water": "reservoir",
        "@geometry": "center"
      },
      "geometry": {
        "type": "Point",
        "coordinates": [
          -80.4847953,
          37.2230428
        ]
      },
      "id": "way/43278495"
    },
    {
      "type": "Feature",
      "properties": {
        "@id": "way/43278810",
        "NHD:ComID": "49117668",
        "NHD:FCode": "39004",
        "NHD:FDate": "2002/08/06",
        "NHD:FTYPE": "LakePond",
        "NHD:RESOLUTION": "High",
        "NHD:ReachCode": "05050001002808",
        "ele": "819",
        "gnis:feature_id": "1489917",
        "name": "Hampton Lake",
        "natural": "water",
        "source": "National Hydrography Dataset (http://nhd.usgs.gov/)",
        "water": "reservoir",
        "@geometry": "center"
      },
      "geometry": {
        "type": "Point",
        "coordinates": [
          -81.1541257,
          36.6059628
        ]
      },
      "id": "way/43278810"
    },
    {
      "type": "Feature",
      "properties": {
        "@id": "way/43278868",
        "NHD:ComID": "49115222",
        "NHD:Elevation": "659.30000000000",
        "NHD:FCode": "39009",
        "NHD:FDate": "2004/11/19",
        "NHD:FTYPE": "LakePond",
        "NHD:RESOLUTION": "High",
        "NHD:ReachCode": "05050001002794",
        "ele": "659",
        "gnis:feature_id": "1502037",
        "name": "Hogan Lake",
        "natural": "water",
        "source": "National Hydrography Dataset (http://nhd.usgs.gov/)",
        "water": "reservoir",
        "@geometry": "center"
      },
      "geometry": {
        "type": "Point",
        "coordinates": [
          -80.8152728,
          37.0192348
        ]
      },
      "id": "way/43278868"
    },
    {
      "type": "Feature",
      "properties": {
        "@id": "way/43279452",
        "NHD:ComID": "49117244",
        "NHD:FCode": "39004",
        "NHD:FDate": "2004/11/19",
        "NHD:FTYPE": "LakePond",
        "NHD:RESOLUTION": "High",
        "NHD:ReachCode": "05050001012213",
        "ele": "1039",
        "gnis:feature_id": "1483890",
        "name": "Hale Lake",
        "natural": "water",
        "source": "National Hydrography Dataset (http://nhd.usgs.gov/)",
        "water": "reservoir",
        "@geometry": "center"
      },
      "geometry": {
        "type": "Point",
        "coordinates": [
          -81.2507384,
          36.7613845
        ]
      },
      "id": "way/43279452"
    },
    {
      "type": "Feature",
      "properties": {
        "@id": "way/43280029",
        "NHD:ComID": "49116762",
        "NHD:FCode": "39004",
        "NHD:FDate": "2002/08/06",
        "NHD:FTYPE": "LakePond",
        "NHD:RESOLUTION": "High",
        "NHD:ReachCode": "05050001002803",
        "ele": "761",
        "gnis:feature_id": "1486818",
        "name": "Rural Retreat Lake",
        "natural": "water",
        "source": "National Hydrography Dataset (http://nhd.usgs.gov/)",
        "water": "reservoir",
        "wikidata": "Q49702542",
        "@geometry": "center"
      },
      "geometry": {
        "type": "Point",
        "coordinates": [
          -81.2835792,
          36.8662938
        ]
      },
      "id": "way/43280029"
    },
    {
      "type": "Feature",
      "properties": {
        "@id": "way/43280352",
        "NHD:ComID": "49115204",
        "NHD:FCode": "39004",
        "NHD:FDate": "2002/08/06",
        "NHD:FTYPE": "LakePond",
        "NHD:RESOLUTION": "High",
        "NHD:ReachCode": "05050001011240",
        "ele": "668",
        "gnis:feature_id": "1490766",
        "layer": "-5",
        "name": "Ottari Lake",
        "natural": "water",
        "source": "National Hydrography Dataset (http://nhd.usgs.gov/)",
        "sport": "canoe",
        "water": "reservoir",
        "@geometry": "center"
      },
      "geometry": {
        "type": "Point",
        "coordinates": [
          -80.5788429,
          36.9916902
        ]
      },
      "id": "way/43280352"
    },
    {
      "type": "Feature",
      "properties": {
        "@id": "way/43470320",
        "name": "Lake Trashmore",
        "natural": "water",
        "water": "lake",
        "@geometry": "center"
      },
      "geometry": {
        "type": "Point",
        "coordinates": [
          -76.1256504,
          36.8278047
        ]
      },
      "id": "way/43470320"
    },
    {
      "type": "Feature",
      "properties": {
        "@id": "way/43766174",
        "ele": "133",
        "gnis:feature_id": "1489052",
        "name": "Murrays Pond",
        "natural": "water",
        "water": "reservoir",
        "@geometry": "center"
      },
      "geometry": {
        "type": "Point",
        "coordinates": [
          -78.4914919,
          38.118921
        ]
      },
      "id": "way/43766174"
    },
    {
      "type": "Feature",
      "properties": {
        "@id": "way/43883532",
        "ele": "171",
        "gnis:feature_id": "1489072",
        "name": "Youel Lake",
        "natural": "water",
        "water": "reservoir",
        "@geometry": "center"
      },
      "geometry": {
        "type": "Point",
        "coordinates": [
          -78.4809708,
          38.134638
        ]
      },
      "id": "way/43883532"
    },
    {
      "type": "Feature",
      "properties": {
        "@id": "way/43883534",
        "ele": "164",
        "gnis:feature_id": "1489096",
        "name": "Camp Faith Lake",
        "natural": "water",
        "water": "reservoir",
        "@geometry": "center"
      },
      "geometry": {
        "type": "Point",
        "coordinates": [
          -78.4821012,
          38.1404685
        ]
      },
      "id": "way/43883534"
    },
    {
      "type": "Feature",
      "properties": {
        "@id": "way/43883760",
        "boat": "permissive",
        "intermittent": "no",
        "name": "Lake Anne",
        "natural": "water",
        "water": "reservoir",
        "wikidata": "Q6474788",
        "@geometry": "center"
      },
      "geometry": {
        "type": "Point",
        "coordinates": [
          -77.3379965,
          38.9661515
        ]
      },
      "id": "way/43883760"
    },
    {
      "type": "Feature",
      "properties": {
        "@id": "way/43884484",
        "ele": "81",
        "gnis:feature_id": "1466389",
        "name": "Lake Fairfax",
        "natural": "water",
        "water": "reservoir",
        "@geometry": "center"
      },
      "geometry": {
        "type": "Point",
        "coordinates": [
          -77.3201478,
          38.9660734
        ]
      },
      "id": "way/43884484"
    },
    {
      "type": "Feature",
      "properties": {
        "@id": "way/44072868",
        "ele": "76",
        "gnis:feature_id": "1490251",
        "intermittent": "no",
        "name": "Beaverdam Reservoir",
        "natural": "water",
        "salt": "no",
        "tidal": "no",
        "water": "reservoir",
        "@geometry": "center"
      },
      "geometry": {
        "type": "Point",
        "coordinates": [
          -77.5383882,
          39.0108523
        ]
      },
      "id": "way/44072868"
    },
    {
      "type": "Feature",
      "properties": {
        "@id": "way/44769292",
        "description": "Wheaton Branch Stormwater Management Pond 3",
        "name": "Pond 3",
        "natural": "water",
        "water": "reservoir",
        "@geometry": "center"
      },
      "geometry": {
        "type": "Point",
        "coordinates": [
          -77.0385651,
          39.0246038
        ]
      },
      "id": "way/44769292"
    },
    {
      "type": "Feature",
      "properties": {
        "@id": "way/44769311",
        "description": "Wheaton Branch Stormwater Management Pond 2",
        "name": "Pond 2",
        "natural": "water",
        "water": "reservoir",
        "@geometry": "center"
      },
      "geometry": {
        "type": "Point",
        "coordinates": [
          -77.0385872,
          39.0253297
        ]
      },
      "id": "way/44769311"
    },
    {
      "type": "Feature",
      "properties": {
        "@id": "way/44769315",
        "description": "Wheaton Branch Stormwater Management Pond 1",
        "name": "Pond 1",
        "natural": "water",
        "water": "reservoir",
        "@geometry": "center"
      },
      "geometry": {
        "type": "Point",
        "coordinates": [
          -77.0394625,
          39.025523
        ]
      },
      "id": "way/44769315"
    },
    {
      "type": "Feature",
      "properties": {
        "@id": "way/44856629",
        "name": "Lochaven Lake",
        "natural": "water",
        "water": "lake",
        "@geometry": "center"
      },
      "geometry": {
        "type": "Point",
        "coordinates": [
          -76.4694679,
          37.1062179
        ]
      },
      "id": "way/44856629"
    },
    {
      "type": "Feature",
      "properties": {
        "@id": "way/45499953",
        "intermittent": "no",
        "name": "Sumner Lake",
        "natural": "water",
        "water": "lake",
        "@geometry": "center"
      },
      "geometry": {
        "type": "Point",
        "coordinates": [
          -77.4775993,
          38.7738917
        ]
      },
      "id": "way/45499953"
    },
    {
      "type": "Feature",
      "properties": {
        "@id": "way/46528764",
        "name": "Quarters 9 Fishing Pond",
        "natural": "water",
        "water": "reservoir",
        "@geometry": "center"
      },
      "geometry": {
        "type": "Point",
        "coordinates": [
          -77.531867,
          38.8304907
        ]
      },
      "id": "way/46528764"
    },
    {
      "type": "Feature",
      "properties": {
        "@id": "way/46978524",
        "name": "Rio Washingtonian Lake",
        "natural": "water",
        "water": "lake",
        "@geometry": "center"
      },
      "geometry": {
        "type": "Point",
        "coordinates": [
          -77.1979185,
          39.1166856
        ]
      },
      "id": "way/46978524"
    },
    {
      "type": "Feature",
      "properties": {
        "@id": "way/47004550",
        "ele": "79",
        "gnis:feature_id": "587574",
        "name": "Stone Lake",
        "natural": "water",
        "water": "reservoir",
        "@geometry": "center"
      },
      "geometry": {
        "type": "Point",
        "coordinates": [
          -77.0856501,
          39.0007096
        ]
      },
      "id": "way/47004550"
    },
    {
      "type": "Feature",
      "properties": {
        "@id": "way/48012847",
        "ele": "3",
        "gnis:feature_id": "1790838",
        "name": "Lake Forest",
        "natural": "water",
        "reservoir_type": "water_storage",
        "water": "reservoir",
        "@geometry": "center"
      },
      "geometry": {
        "type": "Point",
        "coordinates": [
          -76.382623,
          36.7878319
        ]
      },
      "id": "way/48012847"
    },
    {
      "type": "Feature",
      "properties": {
        "@id": "way/48012849",
        "name": "Lake Cavalier",
        "natural": "water",
        "reservoir_type": "water_storage",
        "water": "reservoir",
        "@geometry": "center"
      },
      "geometry": {
        "type": "Point",
        "coordinates": [
          -76.3769075,
          36.7934433
        ]
      },
      "id": "way/48012849"
    },
    {
      "type": "Feature",
      "properties": {
        "@id": "way/48076573",
        "name": "Saint Mary's Lake",
        "natural": "water",
        "reservoir_type": "water_storage",
        "water": "reservoir",
        "@geometry": "center"
      },
      "geometry": {
        "type": "Point",
        "coordinates": [
          -76.5470122,
          38.2570547
        ]
      },
      "id": "way/48076573"
    },
    {
      "type": "Feature",
      "properties": {
        "@id": "way/48579466",
        "ele": "2",
        "gnis:feature_id": "1479542",
        "name": "Sandee Lake",
        "natural": "water",
        "water": "reservoir",
        "@geometry": "center"
      },
      "geometry": {
        "type": "Point",
        "coordinates": [
          -76.0332003,
          36.87344
        ]
      },
      "id": "way/48579466"
    },
    {
      "type": "Feature",
      "properties": {
        "@id": "way/48674762",
        "ele": "6",
        "gnis:feature_id": "1780107",
        "name": "Lake James",
        "natural": "water",
        "water": "reservoir",
        "@geometry": "center"
      },
      "geometry": {
        "type": "Point",
        "coordinates": [
          -76.1850778,
          36.7952162
        ]
      },
      "id": "way/48674762"
    },
    {
      "type": "Feature",
      "properties": {
        "@id": "way/48737257",
        "ele": "1",
        "gnis:feature_id": "1501959",
        "name": "Lake Bradford",
        "natural": "water",
        "water": "reservoir",
        "@geometry": "center"
      },
      "geometry": {
        "type": "Point",
        "coordinates": [
          -76.1403308,
          36.9136245
        ]
      },
      "id": "way/48737257"
    },
    {
      "type": "Feature",
      "properties": {
        "@id": "way/48737258",
        "ele": "1",
        "gnis:feature_id": "1478385",
        "name": "Chub Lake",
        "natural": "water",
        "water": "reservoir",
        "@geometry": "center"
      },
      "geometry": {
        "type": "Point",
        "coordinates": [
          -76.1383253,
          36.9197293
        ]
      },
      "id": "way/48737258"
    },
    {
      "type": "Feature",
      "properties": {
        "@id": "way/48737270",
        "ele": "2",
        "gnis:feature_id": "1478874",
        "name": "Lake Joyce",
        "natural": "water",
        "water": "reservoir",
        "wikidata": "Q49701482",
        "@geometry": "center"
      },
      "geometry": {
        "type": "Point",
        "coordinates": [
          -76.1222341,
          36.9094274
        ]
      },
      "id": "way/48737270"
    },
    {
      "type": "Feature",
      "properties": {
        "@id": "way/48898089",
        "name": "Lynnhaven Lakes",
        "natural": "water",
        "water": "reservoir",
        "@geometry": "center"
      },
      "geometry": {
        "type": "Point",
        "coordinates": [
          -76.406169,
          37.0444526
        ]
      },
      "id": "way/48898089"
    },
    {
      "type": "Feature",
      "properties": {
        "@id": "way/48979318",
        "ele": "64",
        "gnis:feature_id": "1489450",
        "name": "Lower Beaver Pond",
        "natural": "water",
        "water": "reservoir",
        "@geometry": "center"
      },
      "geometry": {
        "type": "Point",
        "coordinates": [
          -77.5667634,
          37.4562989
        ]
      },
      "id": "way/48979318"
    },
    {
      "type": "Feature",
      "properties": {
        "@id": "way/48979319",
        "ele": "50",
        "gnis:feature_id": "1489492",
        "name": "Upper Lake Bexley",
        "natural": "water",
        "water": "reservoir",
        "@geometry": "center"
      },
      "geometry": {
        "type": "Point",
        "coordinates": [
          -77.5671773,
          37.4623638
        ]
      },
      "id": "way/48979319"
    },
    {
      "type": "Feature",
      "properties": {
        "@id": "way/49040117",
        "intermittent": "no",
        "name": "Crystal Lake",
        "natural": "water",
        "reservoir_type": "water_storage",
        "water": "reservoir",
        "@geometry": "center"
      },
      "geometry": {
        "type": "Point",
        "coordinates": [
          -76.390656,
          36.7847446
        ]
      },
      "id": "way/49040117"
    },
    {
      "type": "Feature",
      "properties": {
        "@id": "way/49069255",
        "name": "Lake Christine",
        "natural": "water",
        "water": "reservoir",
        "@geometry": "center"
      },
      "geometry": {
        "type": "Point",
        "coordinates": [
          -75.9737473,
          36.8176839
        ]
      },
      "id": "way/49069255"
    },
    {
      "type": "Feature",
      "properties": {
        "@id": "way/49805483",
        "name": "Beaverbrook Lake",
        "natural": "water",
        "water": "lake",
        "@geometry": "center"
      },
      "geometry": {
        "type": "Point",
        "coordinates": [
          -76.869795,
          39.2324007
        ]
      },
      "id": "way/49805483"
    },
    {
      "type": "Feature",
      "properties": {
        "@id": "way/53477931",
        "name": "Lost Lake",
        "natural": "water",
        "water": "lake",
        "@geometry": "center"
      },
      "geometry": {
        "type": "Point",
        "coordinates": [
          -76.7292926,
          39.2300297
        ]
      },
      "id": "way/53477931"
    },
    {
      "type": "Feature",
      "properties": {
        "@id": "way/55440897",
        "name": "Lake Helene",
        "natural": "water",
        "water": "lake",
        "@geometry": "center"
      },
      "geometry": {
        "type": "Point",
        "coordinates": [
          -77.2430259,
          39.1185177
        ]
      },
      "id": "way/55440897"
    },
    {
      "type": "Feature",
      "properties": {
        "@id": "way/55440898",
        "name": "Lake Lynette",
        "natural": "water",
        "water": "lake",
        "@geometry": "center"
      },
      "geometry": {
        "type": "Point",
        "coordinates": [
          -77.2407732,
          39.1200844
        ]
      },
      "id": "way/55440898"
    },
    {
      "type": "Feature",
      "properties": {
        "@id": "way/55440904",
        "fishing": "licence",
        "name": "Inspiration Lake",
        "natural": "water",
        "water": "lake",
        "@geometry": "center"
      },
      "geometry": {
        "type": "Point",
        "coordinates": [
          -77.2404685,
          39.1175481
        ]
      },
      "id": "way/55440904"
    },
    {
      "type": "Feature",
      "properties": {
        "@id": "way/59339434",
        "name": "Lee Hall Resevoir - middle basin",
        "natural": "water",
        "source": "Yahoo",
        "water": "reservoir",
        "@geometry": "center"
      },
      "geometry": {
        "type": "Point",
        "coordinates": [
          -76.5630608,
          37.1844322
        ]
      },
      "id": "way/59339434"
    },
    {
      "type": "Feature",
      "properties": {
        "@id": "way/59339531",
        "name": "Lee Hall Resevoir - lower basin",
        "natural": "water",
        "reservoir_type": "water_storage",
        "water": "reservoir",
        "@geometry": "center"
      },
      "geometry": {
        "type": "Point",
        "coordinates": [
          -76.5596344,
          37.1743326
        ]
      },
      "id": "way/59339531"
    },
    {
      "type": "Feature",
      "properties": {
        "@id": "way/60103208",
        "name": "Eagle Lake",
        "natural": "water",
        "water": "lake",
        "@geometry": "center"
      },
      "geometry": {
        "type": "Point",
        "coordinates": [
          -76.4428562,
          36.89432
        ]
      },
      "id": "way/60103208"
    },
    {
      "type": "Feature",
      "properties": {
        "@id": "way/60104955",
        "name": "Osprey Lake",
        "natural": "water",
        "water": "lake",
        "@geometry": "center"
      },
      "geometry": {
        "type": "Point",
        "coordinates": [
          -76.4423286,
          36.8883259
        ]
      },
      "id": "way/60104955"
    },
    {
      "type": "Feature",
      "properties": {
        "@id": "way/60115294",
        "gnis:feature_id": "1502129",
        "name": "Sluice Millpond",
        "natural": "water",
        "water": "reservoir",
        "wikidata": "Q49702678",
        "@geometry": "center"
      },
      "geometry": {
        "type": "Point",
        "coordinates": [
          -76.5104515,
          37.1085351
        ]
      },
      "id": "way/60115294"
    },
    {
      "type": "Feature",
      "properties": {
        "@id": "way/65253277",
        "ele": "69",
        "gnis:feature_id": "583491",
        "intermittent": "no",
        "name": "Burnt Mills Reservoir",
        "natural": "water",
        "water": "reservoir",
        "@geometry": "center"
      },
      "geometry": {
        "type": "Point",
        "coordinates": [
          -77.0083446,
          39.0336236
        ]
      },
      "id": "way/65253277"
    },
    {
      "type": "Feature",
      "properties": {
        "@id": "way/68674881",
        "boat": "yes",
        "name": "Lunga Lake Reservoir",
        "natural": "water",
        "source": "DY3JDR",
        "water": "reservoir",
        "wikidata": "Q49701836",
        "@geometry": "center"
      },
      "geometry": {
        "type": "Point",
        "coordinates": [
          -77.4756896,
          38.5330621
        ]
      },
      "id": "way/68674881"
    },
    {
      "type": "Feature",
      "properties": {
        "@id": "way/71395193",
        "ele": "65",
        "gnis:feature_id": "1490743",
        "intermittent": "no",
        "name": "Happyland Camp Five Lake",
        "natural": "water",
        "water": "reservoir",
        "@geometry": "center"
      },
      "geometry": {
        "type": "Point",
        "coordinates": [
          -77.4115321,
          38.5798626
        ]
      },
      "id": "way/71395193"
    },
    {
      "type": "Feature",
      "properties": {
        "@id": "way/76209615",
        "boat": "no",
        "ele": "44",
        "gnis:feature_id": "1475629",
        "name": "Beaver Lake",
        "natural": "water",
        "water": "reservoir",
        "@geometry": "center"
      },
      "geometry": {
        "type": "Point",
        "coordinates": [
          -77.5855208,
          37.3852113
        ]
      },
      "id": "way/76209615"
    },
    {
      "type": "Feature",
      "properties": {
        "@id": "way/77329866",
        "ele": "417",
        "gnis:feature_id": "1502070",
        "name": "Lake Merriweather",
        "natural": "water",
        "source": "Yahoo",
        "water": "reservoir",
        "wikidata": "Q49701520",
        "@geometry": "center"
      },
      "geometry": {
        "type": "Point",
        "coordinates": [
          -79.4498888,
          37.9739744
        ]
      },
      "id": "way/77329866"
    },
    {
      "type": "Feature",
      "properties": {
        "@id": "way/78343603",
        "name": "Lake Washington",
        "natural": "water",
        "water": "reservoir",
        "@geometry": "center"
      },
      "geometry": {
        "type": "Point",
        "coordinates": [
          -81.6570188,
          39.2537462
        ]
      },
      "id": "way/78343603"
    },
    {
      "type": "Feature",
      "properties": {
        "@id": "way/79098863",
        "ele": "88",
        "gnis:feature_id": "1498406",
        "name": "Lake Audubon",
        "natural": "water",
        "water": "reservoir",
        "wikidata": "Q49701391",
        "@geometry": "center"
      },
      "geometry": {
        "type": "Point",
        "coordinates": [
          -77.3321601,
          38.9320698
        ]
      },
      "id": "way/79098863"
    },
    {
      "type": "Feature",
      "properties": {
        "@id": "way/80478244",
        "ele": "438",
        "gnis:feature_id": "583296",
        "name": "Jennings Randolph Lake",
        "natural": "water",
        "source": "USGS Ortho",
        "water": "reservoir",
        "wikidata": "Q6179058",
        "wikipedia": "en:Jennings Randolph Lake",
        "@geometry": "center"
      },
      "geometry": {
        "type": "Point",
        "coordinates": [
          -79.1407151,
          39.419253
        ]
      },
      "id": "way/80478244"
    },
    {
      "type": "Feature",
      "properties": {
        "@id": "way/81512695",
        "name": "Lynnhaven Lakes",
        "natural": "water",
        "water": "reservoir",
        "@geometry": "center"
      },
      "geometry": {
        "type": "Point",
        "coordinates": [
          -76.4031268,
          37.0462194
        ]
      },
      "id": "way/81512695"
    },
    {
      "type": "Feature",
      "properties": {
        "@id": "way/81753261",
        "ele": "6",
        "gnis:feature_id": "1489488",
        "name": "Spray Pond",
        "natural": "water",
        "water": "reservoir",
        "@geometry": "center"
      },
      "geometry": {
        "type": "Point",
        "coordinates": [
          -77.4314162,
          37.4511416
        ]
      },
      "id": "way/81753261"
    },
    {
      "type": "Feature",
      "properties": {
        "@id": "way/86085866",
        "golf": "water_hazard",
        "name": "Base Lake",
        "natural": "water",
        "source": "yahoo_wms",
        "water": "lake",
        "@geometry": "center"
      },
      "geometry": {
        "type": "Point",
        "coordinates": [
          -76.8727379,
          38.7867884
        ]
      },
      "id": "way/86085866"
    },
    {
      "type": "Feature",
      "properties": {
        "@id": "way/86412812",
        "ele": "6",
        "gnis:feature_id": "1490151",
        "name": "Brewery Road Lake",
        "natural": "water",
        "water": "reservoir",
        "@geometry": "center"
      },
      "geometry": {
        "type": "Point",
        "coordinates": [
          -76.6409009,
          37.2306332
        ]
      },
      "id": "way/86412812"
    },
    {
      "type": "Feature",
      "properties": {
        "@id": "way/87004998",
        "ele": "7",
        "gnis:feature_id": "1491072",
        "name": "Williamsburg Country Club Lake",
        "natural": "water",
        "water": "reservoir",
        "@geometry": "center"
      },
      "geometry": {
        "type": "Point",
        "coordinates": [
          -76.6385042,
          37.2422619
        ]
      },
      "id": "way/87004998"
    },
    {
      "type": "Feature",
      "properties": {
        "@id": "way/89070309",
        "ele": "2",
        "gnis:feature_id": "594480",
        "name": "Recreation Lake One",
        "natural": "water",
        "source": "USGS Ortho",
        "swimming": "no",
        "water": "reservoir",
        "@geometry": "center"
      },
      "geometry": {
        "type": "Point",
        "coordinates": [
          -75.9426793,
          38.9683415
        ]
      },
      "id": "way/89070309"
    },
    {
      "type": "Feature",
      "properties": {
        "@id": "way/89900528",
        "fishing": "yes",
        "name": "Reflecting Pond",
        "natural": "water",
        "water": "reservoir",
        "@geometry": "center"
      },
      "geometry": {
        "type": "Point",
        "coordinates": [
          -76.9473712,
          39.0271365
        ]
      },
      "id": "way/89900528"
    },
    {
      "type": "Feature",
      "properties": {
        "@id": "way/93153635",
        "name": "Pine Lake",
        "natural": "water",
        "water": "reservoir",
        "@geometry": "center"
      },
      "geometry": {
        "type": "Point",
        "coordinates": [
          -77.0385053,
          39.0542694
        ]
      },
      "id": "way/93153635"
    },
    {
      "type": "Feature",
      "properties": {
        "@id": "way/94768152",
        "name": "Foster Pond",
        "natural": "water",
        "water": "reservoir",
        "@geometry": "center"
      },
      "geometry": {
        "type": "Point",
        "coordinates": [
          -76.521712,
          39.0381155
        ]
      },
      "id": "way/94768152"
    },
    {
      "type": "Feature",
      "properties": {
        "@id": "way/96644565",
        "gnis:feature_id": "1543767",
        "name": "Mount Storm Lake",
        "natural": "water",
        "water": "reservoir",
        "wikidata": "Q6923891",
        "@geometry": "center"
      },
      "geometry": {
        "type": "Point",
        "coordinates": [
          -79.2615622,
          39.1823713
        ]
      },
      "id": "way/96644565"
    },
    {
      "type": "Feature",
      "properties": {
        "@id": "way/99290785",
        "ele": "132",
        "gnis:feature_id": "1489015",
        "name": "Hurts Lake",
        "natural": "water",
        "water": "reservoir",
        "@geometry": "center"
      },
      "geometry": {
        "type": "Point",
        "coordinates": [
          -78.4314548,
          38.1215397
        ]
      },
      "id": "way/99290785"
    },
    {
      "type": "Feature",
      "properties": {
        "@id": "way/105242479",
        "name": "Saint Pauls Lake",
        "natural": "water",
        "water": "reservoir",
        "@geometry": "center"
      },
      "geometry": {
        "type": "Point",
        "coordinates": [
          -76.90151,
          38.5884743
        ]
      },
      "id": "way/105242479"
    },
    {
      "type": "Feature",
      "properties": {
        "@id": "way/107015091",
        "name": "Atomic Energy Commission Lake",
        "natural": "water",
        "reservoir_type": "cooling",
        "water": "reservoir",
        "@geometry": "center"
      },
      "geometry": {
        "type": "Point",
        "coordinates": [
          -82.9828237,
          39.0285031
        ]
      },
      "id": "way/107015091"
    },
    {
      "type": "Feature",
      "properties": {
        "@id": "way/112351142",
        "name": "Deer Park Lake",
        "natural": "water",
        "water": "lake",
        "@geometry": "center"
      },
      "geometry": {
        "type": "Point",
        "coordinates": [
          -76.4781856,
          37.0689629
        ]
      },
      "id": "way/112351142"
    },
    {
      "type": "Feature",
      "properties": {
        "@id": "way/112890566",
        "ele": "100",
        "gnis:feature_id": "594312",
        "intermittent": "no",
        "name": "Wilde Lake",
        "natural": "water",
        "water": "reservoir",
        "wikidata": "Q115733198",
        "wikimedia_commons": "File:Wilde Lake air photo April 2017.jpg",
        "@geometry": "center"
      },
      "geometry": {
        "type": "Point",
        "coordinates": [
          -76.86286,
          39.2236959
        ]
      },
      "id": "way/112890566"
    },
    {
      "type": "Feature",
      "properties": {
        "@id": "way/113540580",
        "intermittent": "no",
        "name": "Lake New Mark",
        "natural": "water",
        "salt": "no",
        "tidal": "no",
        "water": "lake",
        "@geometry": "center"
      },
      "geometry": {
        "type": "Point",
        "coordinates": [
          -77.1541195,
          39.0765057
        ]
      },
      "id": "way/113540580"
    },
    {
      "type": "Feature",
      "properties": {
        "@id": "way/116499017",
        "intermittent": "no",
        "name": "Sleeter Lake",
        "natural": "water",
        "salt": "no",
        "tidal": "no",
        "water": "lake",
        "@geometry": "center"
      },
      "geometry": {
        "type": "Point",
        "coordinates": [
          -77.762656,
          39.1229865
        ]
      },
      "id": "way/116499017"
    },
    {
      "type": "Feature",
      "properties": {
        "@id": "way/119381614",
        "ele": "53",
        "gnis:feature_id": "1710230",
        "name": "Lake Marion",
        "natural": "water",
        "source": "USGS Ortho",
        "water": "reservoir",
        "@geometry": "center"
      },
      "geometry": {
        "type": "Point",
        "coordinates": [
          -76.7262547,
          39.1348536
        ]
      },
      "id": "way/119381614"
    },
    {
      "type": "Feature",
      "properties": {
        "@id": "way/119540037",
        "name": "Lake Marion",
        "natural": "water",
        "salt": "no",
        "water": "lake",
        "@geometry": "center"
      },
      "geometry": {
        "type": "Point",
        "coordinates": [
          -77.1814003,
          39.1893185
        ]
      },
      "id": "way/119540037"
    },
    {
      "type": "Feature",
      "properties": {
        "@id": "way/119857791",
        "name": "North Creek Lake",
        "natural": "water",
        "water": "reservoir",
        "@geometry": "center"
      },
      "geometry": {
        "type": "Point",
        "coordinates": [
          -77.1980255,
          39.1908326
        ]
      },
      "id": "way/119857791"
    },
    {
      "type": "Feature",
      "properties": {
        "@id": "way/120258599",
        "ele": "112",
        "gnis:feature_id": "1713040",
        "name": "Lake Eisen",
        "natural": "water",
        "water": "reservoir",
        "@geometry": "center"
      },
      "geometry": {
        "type": "Point",
        "coordinates": [
          -77.2107168,
          39.0736206
        ]
      },
      "id": "way/120258599"
    },
    {
      "type": "Feature",
      "properties": {
        "@id": "way/120366503",
        "name": "Kings Pond",
        "natural": "water",
        "water": "reservoir",
        "@geometry": "center"
      },
      "geometry": {
        "type": "Point",
        "coordinates": [
          -77.2766462,
          39.2449815
        ]
      },
      "id": "way/120366503"
    },
    {
      "type": "Feature",
      "properties": {
        "@id": "way/122195657",
        "ele": "0",
        "gnis:feature_id": "591740",
        "name": "Lake Charming",
        "natural": "water",
        "water": "reservoir",
        "@geometry": "center"
      },
      "geometry": {
        "type": "Point",
        "coordinates": [
          -76.4169553,
          38.3306155
        ]
      },
      "id": "way/122195657"
    },
    {
      "type": "Feature",
      "properties": {
        "@id": "way/124243112",
        "ele": "81",
        "gnis:feature_id": "1707830",
        "name": "Wash Water Lake",
        "natural": "water",
        "water": "reservoir",
        "@geometry": "center"
      },
      "geometry": {
        "type": "Point",
        "coordinates": [
          -76.6661419,
          39.3210874
        ]
      },
      "id": "way/124243112"
    },
    {
      "type": "Feature",
      "properties": {
        "@id": "way/126823246",
        "name": "Kiln Creek Lake 11",
        "natural": "water",
        "water": "lake",
        "@geometry": "center"
      },
      "geometry": {
        "type": "Point",
        "coordinates": [
          -76.4676011,
          37.1177641
        ]
      },
      "id": "way/126823246"
    },
    {
      "type": "Feature",
      "properties": {
        "@id": "way/126823342",
        "name": "Kiln Creek Lake 8",
        "natural": "water",
        "water": "lake",
        "@geometry": "center"
      },
      "geometry": {
        "type": "Point",
        "coordinates": [
          -76.4729502,
          37.1138249
        ]
      },
      "id": "way/126823342"
    },
    {
      "type": "Feature",
      "properties": {
        "@id": "way/126823369",
        "name": "Kiln Creek Lake 10",
        "natural": "water",
        "water": "lake",
        "@geometry": "center"
      },
      "geometry": {
        "type": "Point",
        "coordinates": [
          -76.4722065,
          37.121263
        ]
      },
      "id": "way/126823369"
    },
    {
      "type": "Feature",
      "properties": {
        "@id": "way/126823392",
        "name": "Kiln Creek Lake 6",
        "natural": "water",
        "water": "lake",
        "@geometry": "center"
      },
      "geometry": {
        "type": "Point",
        "coordinates": [
          -76.4790716,
          37.1239808
        ]
      },
      "id": "way/126823392"
    },
    {
      "type": "Feature",
      "properties": {
        "@id": "way/126823484",
        "name": "Kiln Creek Lake 2",
        "natural": "water",
        "water": "lake",
        "@geometry": "center"
      },
      "geometry": {
        "type": "Point",
        "coordinates": [
          -76.4843172,
          37.1206384
        ]
      },
      "id": "way/126823484"
    },
    {
      "type": "Feature",
      "properties": {
        "@id": "way/126823486",
        "name": "Kiln Creek Lake 3",
        "natural": "water",
        "water": "lake",
        "@geometry": "center"
      },
      "geometry": {
        "type": "Point",
        "coordinates": [
          -76.4805641,
          37.1207665
        ]
      },
      "id": "way/126823486"
    },
    {
      "type": "Feature",
      "properties": {
        "@id": "way/126823929",
        "name": "Kiln Creek Lake 1",
        "natural": "water",
        "water": "lake",
        "@geometry": "center"
      },
      "geometry": {
        "type": "Point",
        "coordinates": [
          -76.4923738,
          37.1163914
        ]
      },
      "id": "way/126823929"
    },
    {
      "type": "Feature",
      "properties": {
        "@id": "way/126826485",
        "name": "Lake Cambridge",
        "natural": "water",
        "water": "lake",
        "@geometry": "center"
      },
      "geometry": {
        "type": "Point",
        "coordinates": [
          -76.4938841,
          37.1204008
        ]
      },
      "id": "way/126826485"
    },
    {
      "type": "Feature",
      "properties": {
        "@id": "way/126826509",
        "name": "Kiln Creek Lake 12",
        "natural": "water",
        "water": "lake",
        "@geometry": "center"
      },
      "geometry": {
        "type": "Point",
        "coordinates": [
          -76.4718182,
          37.1113796
        ]
      },
      "id": "way/126826509"
    },
    {
      "type": "Feature",
      "properties": {
        "@id": "way/127669763",
        "intermittent": "no",
        "name": "Walnut Creek Lake",
        "natural": "water",
        "salt": "no",
        "tidal": "no",
        "water": "reservoir",
        "@geometry": "center"
      },
      "geometry": {
        "type": "Point",
        "coordinates": [
          -78.5902478,
          37.9229432
        ]
      },
      "id": "way/127669763"
    },
    {
      "type": "Feature",
      "properties": {
        "@id": "way/130149431",
        "name": "Mountain Lake",
        "natural": "water",
        "water": "lake",
        "wikidata": "Q1950851",
        "@geometry": "center"
      },
      "geometry": {
        "type": "Point",
        "coordinates": [
          -80.5339155,
          37.3613802
        ]
      },
      "id": "way/130149431"
    },
    {
      "type": "Feature",
      "properties": {
        "@id": "way/132309035",
        "ele": "37",
        "gnis:feature_id": "1714771",
        "name": "Pence Pond",
        "natural": "water",
        "water": "reservoir",
        "@geometry": "center"
      },
      "geometry": {
        "type": "Point",
        "coordinates": [
          -76.7842608,
          38.7527403
        ]
      },
      "id": "way/132309035"
    },
    {
      "type": "Feature",
      "properties": {
        "@id": "way/133434477",
        "gnis:feature_id": "584549",
        "name": "Galestown Millpond",
        "natural": "water",
        "water": "reservoir",
        "@geometry": "center"
      },
      "geometry": {
        "type": "Point",
        "coordinates": [
          -75.7168326,
          38.5719715
        ]
      },
      "id": "way/133434477"
    },
    {
      "type": "Feature",
      "properties": {
        "@id": "way/135302736",
        "ele": "14",
        "gnis:feature_id": "1676589",
        "name": "Lake Lariat",
        "natural": "water",
        "water": "reservoir",
        "@geometry": "center"
      },
      "geometry": {
        "type": "Point",
        "coordinates": [
          -76.4224115,
          38.365516
        ]
      },
      "id": "way/135302736"
    },
    {
      "type": "Feature",
      "properties": {
        "@id": "way/135313781",
        "intermittent": "no",
        "name": "Mint Springs Middle Lake",
        "natural": "water",
        "source": "Alebarle County GIS data",
        "type": "BODY OF WATER",
        "water": "lake",
        "@geometry": "center"
      },
      "geometry": {
        "type": "Point",
        "coordinates": [
          -78.7275528,
          38.0836574
        ]
      },
      "id": "way/135313781"
    },
    {
      "type": "Feature",
      "properties": {
        "@id": "way/135313799",
        "name": "Mint Springs Upper Lake",
        "natural": "water",
        "source": "Albemarle Count GIS data",
        "type": "BODY OF WATER",
        "water": "lake",
        "@geometry": "center"
      },
      "geometry": {
        "type": "Point",
        "coordinates": [
          -78.7295082,
          38.0823128
        ]
      },
      "id": "way/135313799"
    },
    {
      "type": "Feature",
      "properties": {
        "@id": "way/135320070",
        "name": "Beaver Creek Resevoir",
        "natural": "water",
        "source": "Albemarle County GIS data",
        "type": "BODY OF WATER",
        "water": "reservoir",
        "@geometry": "center"
      },
      "geometry": {
        "type": "Point",
        "coordinates": [
          -78.6611738,
          38.0778162
        ]
      },
      "id": "way/135320070"
    },
    {
      "type": "Feature",
      "properties": {
        "@id": "way/135325050",
        "name": "Chris Greene Lake",
        "natural": "water",
        "source": "Albemarle County GIS data",
        "water": "reservoir",
        "@geometry": "center"
      },
      "geometry": {
        "type": "Point",
        "coordinates": [
          -78.4419793,
          38.1623839
        ]
      },
      "id": "way/135325050"
    },
    {
      "type": "Feature",
      "properties": {
        "@id": "way/135332354",
        "ele": "88",
        "gnis:feature_id": "1488995",
        "name": "Totier Creek Reservoir",
        "natural": "water",
        "water": "reservoir",
        "@geometry": "center"
      },
      "geometry": {
        "type": "Point",
        "coordinates": [
          -78.5124953,
          37.7794574
        ]
      },
      "id": "way/135332354"
    },
    {
      "type": "Feature",
      "properties": {
        "@id": "way/136188133",
        "ele": "121",
        "gnis:feature_id": "1489790",
        "name": "Monticello Pond",
        "natural": "water",
        "water": "reservoir",
        "@geometry": "center"
      },
      "geometry": {
        "type": "Point",
        "coordinates": [
          -78.3449573,
          37.9225205
        ]
      },
      "id": "way/136188133"
    },
    {
      "type": "Feature",
      "properties": {
        "@id": "way/136214139",
        "ele": "47",
        "gnis:feature_id": "1467547",
        "name": "Grigg Lake",
        "natural": "water",
        "water": "reservoir",
        "@geometry": "center"
      },
      "geometry": {
        "type": "Point",
        "coordinates": [
          -77.9013027,
          37.6639106
        ]
      },
      "id": "way/136214139"
    },
    {
      "type": "Feature",
      "properties": {
        "@id": "way/140266168",
        "gnis:feature_id": "594368",
        "name": "Contee Main Settling Pond",
        "natural": "water",
        "water": "reservoir",
        "@geometry": "center"
      },
      "geometry": {
        "type": "Point",
        "coordinates": [
          -76.9098415,
          39.070495
        ]
      },
      "id": "way/140266168"
    },
    {
      "type": "Feature",
      "properties": {
        "@id": "way/140266297",
        "alt_name": "Alter Pond",
        "gnis:feature_id": "1714320;594409",
        "intermittent": "no",
        "name": "Beck Lake",
        "natural": "water",
        "water": "reservoir",
        "@geometry": "center"
      },
      "geometry": {
        "type": "Point",
        "coordinates": [
          -76.8460904,
          39.0114562
        ]
      },
      "id": "way/140266297"
    },
    {
      "type": "Feature",
      "properties": {
        "@id": "way/142932798",
        "name": "Oliver Lake",
        "natural": "water",
        "water": "reservoir",
        "@geometry": "center"
      },
      "geometry": {
        "type": "Point",
        "coordinates": [
          -77.6720659,
          39.0724621
        ]
      },
      "id": "way/142932798"
    },
    {
      "type": "Feature",
      "properties": {
        "@id": "way/143299372",
        "ele": "608",
        "gnis:feature_id": "1488506",
        "name": "Bath County Pumped Storage Lake",
        "natural": "water",
        "type": "multipolygon",
        "water": "reservoir",
        "@geometry": "center"
      },
      "geometry": {
        "type": "Point",
        "coordinates": [
          -79.8004519,
          38.2077802
        ]
      },
      "id": "way/143299372"
    },
    {
      "type": "Feature",
      "properties": {
        "@id": "way/145779952",
        "fishing": "permit",
        "gnis:feature_id": "594435",
        "intermittent": "no",
        "name": "Lake Elkhorn",
        "natural": "water",
        "salt": "no",
        "tidal": "no",
        "water": "lake",
        "wikidata": "Q7351756",
        "wikipedia": "en:Lake Elkhorn",
        "@geometry": "center"
      },
      "geometry": {
        "type": "Point",
        "coordinates": [
          -76.8407083,
          39.183712
        ]
      },
      "id": "way/145779952"
    },
    {
      "type": "Feature",
      "properties": {
        "@id": "way/147055714",
        "name": "South Lake Holly",
        "natural": "water",
        "water": "lake",
        "@geometry": "center"
      },
      "geometry": {
        "type": "Point",
        "coordinates": [
          -75.9755693,
          36.8356973
        ]
      },
      "id": "way/147055714"
    },
    {
      "type": "Feature",
      "properties": {
        "@id": "way/148643277",
        "gnis:feature_id": "594364",
        "name": "General Electric Retention Pond",
        "natural": "water",
        "source": "USGS Ortho",
        "water": "reservoir",
        "@geometry": "center"
      },
      "geometry": {
        "type": "Point",
        "coordinates": [
          -76.8111978,
          39.1719305
        ]
      },
      "id": "way/148643277"
    },
    {
      "type": "Feature",
      "properties": {
        "@id": "way/149656145",
        "name": "Maple Lake",
        "natural": "water",
        "water": "lake",
        "@geometry": "center"
      },
      "geometry": {
        "type": "Point",
        "coordinates": [
          -77.179007,
          39.1424098
        ]
      },
      "id": "way/149656145"
    },
    {
      "type": "Feature",
      "properties": {
        "@id": "way/150676464",
        "alt_name": "Mink Creek Lake",
        "boat": "no",
        "construction_date": "1972",
        "ele": "102",
        "fishing": "yes",
        "gnis:feature_id": "1489075",
        "name": "Scottsville Lake",
        "natural": "water",
        "swimming": "no",
        "water": "reservoir",
        "@geometry": "center"
      },
      "geometry": {
        "type": "Point",
        "coordinates": [
          -78.4929472,
          37.8025701
        ]
      },
      "id": "way/150676464"
    },
    {
      "type": "Feature",
      "properties": {
        "@id": "way/152384246",
        "name": "Lake Whittier",
        "natural": "water",
        "source": "USGS Ortho",
        "water": "lake",
        "@geometry": "center"
      },
      "geometry": {
        "type": "Point",
        "coordinates": [
          -77.4489592,
          39.4553621
        ]
      },
      "id": "way/152384246"
    },
    {
      "type": "Feature",
      "properties": {
        "@id": "way/153146549",
        "name": "Beaver Pond",
        "natural": "water",
        "water": "reservoir",
        "@geometry": "center"
      },
      "geometry": {
        "type": "Point",
        "coordinates": [
          -82.2937026,
          37.2969523
        ]
      },
      "id": "way/153146549"
    },
    {
      "type": "Feature",
      "properties": {
        "@id": "way/154253072",
        "name": "Fairview Lake",
        "natural": "water",
        "water": "lake",
        "@geometry": "center"
      },
      "geometry": {
        "type": "Point",
        "coordinates": [
          -77.2150578,
          38.8715762
        ]
      },
      "id": "way/154253072"
    },
    {
      "type": "Feature",
      "properties": {
        "@id": "way/160528576",
        "name": "Lake Izac",
        "natural": "water",
        "water": "reservoir",
        "@geometry": "center"
      },
      "geometry": {
        "type": "Point",
        "coordinates": [
          -78.1456552,
          38.0825714
        ]
      },
      "id": "way/160528576"
    },
    {
      "type": "Feature",
      "properties": {
        "@id": "way/160948085",
        "intermittent": "no",
        "name": "Lickinghole Creek Basin",
        "natural": "water",
        "water": "reservoir",
        "@geometry": "center"
      },
      "geometry": {
        "type": "Point",
        "coordinates": [
          -78.6655798,
          38.06016
        ]
      },
      "id": "way/160948085"
    },
    {
      "type": "Feature",
      "properties": {
        "@id": "way/161181324",
        "ele": "197",
        "gnis:feature_id": "1488999",
        "name": "Henleys Lake",
        "natural": "water",
        "water": "reservoir",
        "@geometry": "center"
      },
      "geometry": {
        "type": "Point",
        "coordinates": [
          -78.6836665,
          38.0867914
        ]
      },
      "id": "way/161181324"
    },
    {
      "type": "Feature",
      "properties": {
        "@id": "way/161195607",
        "ele": "142",
        "gnis:feature_id": "1489048",
        "name": "Morris Pond",
        "natural": "water",
        "water": "reservoir",
        "@geometry": "center"
      },
      "geometry": {
        "type": "Point",
        "coordinates": [
          -78.5032477,
          38.1475932
        ]
      },
      "id": "way/161195607"
    },
    {
      "type": "Feature",
      "properties": {
        "@id": "way/161195617",
        "ele": "159",
        "gnis:feature_id": "1489003",
        "name": "Smiths Lake",
        "natural": "water",
        "water": "reservoir",
        "@geometry": "center"
      },
      "geometry": {
        "type": "Point",
        "coordinates": [
          -78.3881004,
          38.1793573
        ]
      },
      "id": "way/161195617"
    },
    {
      "type": "Feature",
      "properties": {
        "@id": "way/161226277",
        "ele": "150",
        "gnis:feature_id": "1489060",
        "name": "Clover Lake",
        "natural": "water",
        "water": "reservoir",
        "@geometry": "center"
      },
      "geometry": {
        "type": "Point",
        "coordinates": [
          -78.585334,
          38.0615427
        ]
      },
      "id": "way/161226277"
    },
    {
      "type": "Feature",
      "properties": {
        "@id": "way/161327758",
        "ele": "151",
        "gnis:feature_id": "1501939",
        "name": "Lake Albemarle",
        "natural": "water",
        "water": "reservoir",
        "@geometry": "center"
      },
      "geometry": {
        "type": "Point",
        "coordinates": [
          -78.6288377,
          38.0918979
        ]
      },
      "id": "way/161327758"
    },
    {
      "type": "Feature",
      "properties": {
        "@id": "way/161334752",
        "ele": "127",
        "gnis:feature_id": "1489013",
        "name": "Laughlins Lake",
        "natural": "water",
        "water": "reservoir",
        "@geometry": "center"
      },
      "geometry": {
        "type": "Point",
        "coordinates": [
          -78.5668053,
          38.1424485
        ]
      },
      "id": "way/161334752"
    },
    {
      "type": "Feature",
      "properties": {
        "@id": "way/161709037",
        "ele": "175",
        "gnis:feature_id": "594444",
        "name": "Saint Clair Farm Pond",
        "natural": "water",
        "water": "reservoir",
        "@geometry": "center"
      },
      "geometry": {
        "type": "Point",
        "coordinates": [
          -77.2229651,
          39.3410647
        ]
      },
      "id": "way/161709037"
    },
    {
      "type": "Feature",
      "properties": {
        "@id": "way/163762255",
        "name": "Garrison's Lake",
        "natural": "water",
        "source": "bing",
        "water": "reservoir",
        "wikidata": "Q34886594",
        "@geometry": "center"
      },
      "geometry": {
        "type": "Point",
        "coordinates": [
          -75.5961628,
          39.2437844
        ]
      },
      "id": "way/163762255"
    },
    {
      "type": "Feature",
      "properties": {
        "@id": "way/164682350",
        "name": "Lake Merle",
        "natural": "water",
        "water": "reservoir",
        "@geometry": "center"
      },
      "geometry": {
        "type": "Point",
        "coordinates": [
          -77.3018349,
          39.4256965
        ]
      },
      "id": "way/164682350"
    },
    {
      "type": "Feature",
      "properties": {
        "@id": "way/164682351",
        "ele": "132",
        "gnis:feature_id": "594353",
        "name": "Lake Anita Louise",
        "natural": "water",
        "water": "reservoir",
        "@geometry": "center"
      },
      "geometry": {
        "type": "Point",
        "coordinates": [
          -77.294515,
          39.4142557
        ]
      },
      "id": "way/164682351"
    },
    {
      "type": "Feature",
      "properties": {
        "@id": "way/171972895",
        "boat": "private",
        "designation": "Gannett property",
        "intermittent": "no",
        "name": "Valo Park Pond",
        "natural": "water",
        "salt": "no",
        "water": "reservoir",
        "@geometry": "center"
      },
      "geometry": {
        "type": "Point",
        "coordinates": [
          -77.2164558,
          38.9317884
        ]
      },
      "id": "way/171972895"
    },
    {
      "type": "Feature",
      "properties": {
        "@id": "way/172361209",
        "addr:city": "Greenbelt",
        "addr:postcode": "20770",
        "addr:state": "MD",
        "ele": "33",
        "gnis:feature_id": "597495",
        "intermittent": "no",
        "name": "Greenbelt Lake",
        "natural": "water",
        "water": "reservoir",
        "website": "https://www.greenbeltmd.gov/Facilities/Facility/Details/Buddy-Attick-Lake-Park-7",
        "wikidata": "Q61660776",
        "@geometry": "center"
      },
      "geometry": {
        "type": "Point",
        "coordinates": [
          -76.8867286,
          39.0030256
        ]
      },
      "id": "way/172361209"
    },
    {
      "type": "Feature",
      "properties": {
        "@id": "way/183218661",
        "name": "Lake Mayes",
        "natural": "water",
        "water": "lake",
        "@geometry": "center"
      },
      "geometry": {
        "type": "Point",
        "coordinates": [
          -78.4553755,
          37.2439509
        ]
      },
      "id": "way/183218661"
    },
    {
      "type": "Feature",
      "properties": {
        "@id": "way/183220585",
        "name": "Chalgrove Lake",
        "natural": "water",
        "water": "lake",
        "@geometry": "center"
      },
      "geometry": {
        "type": "Point",
        "coordinates": [
          -78.4637497,
          37.242662
        ]
      },
      "id": "way/183220585"
    },
    {
      "type": "Feature",
      "properties": {
        "@id": "way/184674941",
        "ele": "100",
        "gnis:feature_id": "1490696",
        "name": "Millwood Pond",
        "natural": "water",
        "water": "reservoir",
        "@geometry": "center"
      },
      "geometry": {
        "type": "Point",
        "coordinates": [
          -78.3728628,
          37.2793095
        ]
      },
      "id": "way/184674941"
    },
    {
      "type": "Feature",
      "properties": {
        "@id": "way/187748054",
        "name": "Mottley Lake",
        "natural": "water",
        "water": "reservoir",
        "@geometry": "center"
      },
      "geometry": {
        "type": "Point",
        "coordinates": [
          -78.4800716,
          37.3253944
        ]
      },
      "id": "way/187748054"
    },
    {
      "type": "Feature",
      "properties": {
        "@id": "way/188161699",
        "ele": "108",
        "gnis:feature_id": "1490669",
        "name": "Carlton Pond",
        "natural": "water",
        "water": "reservoir",
        "@geometry": "center"
      },
      "geometry": {
        "type": "Point",
        "coordinates": [
          -78.4281093,
          37.2705974
        ]
      },
      "id": "way/188161699"
    },
    {
      "type": "Feature",
      "properties": {
        "@id": "way/191346042",
        "ele": "103",
        "gnis:feature_id": "1467996",
        "name": "Sandy River Reservoir",
        "natural": "water",
        "water": "reservoir",
        "wikidata": "Q7417448",
        "@geometry": "center"
      },
      "geometry": {
        "type": "Point",
        "coordinates": [
          -78.3092098,
          37.2385296
        ]
      },
      "id": "way/191346042"
    },
    {
      "type": "Feature",
      "properties": {
        "@id": "way/191449748",
        "addr:housenumber": "230",
        "addr:street": "Elkhorn Lake Road",
        "intermittent": "no",
        "name": "Elkhorn Lake",
        "natural": "water",
        "water": "reservoir",
        "wikidata": "Q49700639",
        "@geometry": "center"
      },
      "geometry": {
        "type": "Point",
        "coordinates": [
          -79.2279653,
          38.3288675
        ]
      },
      "id": "way/191449748"
    },
    {
      "type": "Feature",
      "properties": {
        "@id": "way/192181654",
        "ele": "135",
        "gnis:feature_id": "1463025",
        "name": "Bell Lake",
        "natural": "water",
        "water": "reservoir",
        "@geometry": "center"
      },
      "geometry": {
        "type": "Point",
        "coordinates": [
          -78.5858996,
          37.1692852
        ]
      },
      "id": "way/192181654"
    },
    {
      "type": "Feature",
      "properties": {
        "@id": "way/192181660",
        "ele": "137",
        "gnis:feature_id": "1464043",
        "name": "Buffalo Lake",
        "natural": "water",
        "water": "reservoir",
        "wikidata": "Q49700137",
        "@geometry": "center"
      },
      "geometry": {
        "type": "Point",
        "coordinates": [
          -78.5720517,
          37.1804733
        ]
      },
      "id": "way/192181660"
    },
    {
      "type": "Feature",
      "properties": {
        "@id": "way/192181789",
        "ele": "143",
        "gnis:feature_id": "1467025",
        "name": "Lake Gayle",
        "natural": "water",
        "water": "reservoir",
        "wikidata": "Q49701452",
        "@geometry": "center"
      },
      "geometry": {
        "type": "Point",
        "coordinates": [
          -78.5743324,
          37.1601462
        ]
      },
      "id": "way/192181789"
    },
    {
      "type": "Feature",
      "properties": {
        "@id": "way/192326768",
        "ele": "145",
        "gnis:feature_id": "1467344",
        "name": "Grand View Lake",
        "natural": "water",
        "water": "reservoir",
        "wikidata": "Q49700897",
        "@geometry": "center"
      },
      "geometry": {
        "type": "Point",
        "coordinates": [
          -78.5566127,
          37.284954
        ]
      },
      "id": "way/192326768"
    },
    {
      "type": "Feature",
      "properties": {
        "@id": "way/192328220",
        "ele": "159",
        "gnis:feature_id": "1490682",
        "name": "Brisentine Pond",
        "natural": "water",
        "water": "reservoir",
        "@geometry": "center"
      },
      "geometry": {
        "type": "Point",
        "coordinates": [
          -78.5670226,
          37.2951947
        ]
      },
      "id": "way/192328220"
    },
    {
      "type": "Feature",
      "properties": {
        "@id": "way/194423383",
        "intermittent": "no",
        "name": "Sherwood Lake #2",
        "natural": "water",
        "water": "lake",
        "@geometry": "center"
      },
      "geometry": {
        "type": "Point",
        "coordinates": [
          -76.0228364,
          36.7412885
        ]
      },
      "id": "way/194423383"
    },
    {
      "type": "Feature",
      "properties": {
        "@id": "way/194423389",
        "intermittent": "no",
        "name": "Sherwood Lake #1",
        "natural": "water",
        "water": "lake",
        "@geometry": "center"
      },
      "geometry": {
        "type": "Point",
        "coordinates": [
          -76.0207377,
          36.7456191
        ]
      },
      "id": "way/194423389"
    },
    {
      "type": "Feature",
      "properties": {
        "@id": "way/196182026",
        "intermittent": "no",
        "name": "Lake Shannondale",
        "natural": "water",
        "salt": "no",
        "tidal": "no",
        "water": "lake",
        "@geometry": "center"
      },
      "geometry": {
        "type": "Point",
        "coordinates": [
          -77.8154431,
          39.2083897
        ]
      },
      "id": "way/196182026"
    },
    {
      "type": "Feature",
      "properties": {
        "@id": "way/196182047",
        "name": "J.T. Hirst Reservoir",
        "natural": "water",
        "water": "reservoir",
        "@geometry": "center"
      },
      "geometry": {
        "type": "Point",
        "coordinates": [
          -77.7768734,
          39.1980116
        ]
      },
      "id": "way/196182047"
    },
    {
      "type": "Feature",
      "properties": {
        "@id": "way/196182048",
        "name": "J.T. Hirst Reservoir",
        "natural": "water",
        "water": "reservoir",
        "@geometry": "center"
      },
      "geometry": {
        "type": "Point",
        "coordinates": [
          -77.7784797,
          39.197979
        ]
      },
      "id": "way/196182048"
    },
    {
      "type": "Feature",
      "properties": {
        "@id": "way/196482841",
        "ele": "90",
        "gnis:feature_id": "594351",
        "name": "Lake Marian",
        "natural": "water",
        "water": "lake",
        "@geometry": "center"
      },
      "geometry": {
        "type": "Point",
        "coordinates": [
          -77.3257733,
          39.4183914
        ]
      },
      "id": "way/196482841"
    },
    {
      "type": "Feature",
      "properties": {
        "@id": "way/197607419",
        "name": "Lake Whitehurst",
        "natural": "water",
        "water": "reservoir",
        "@geometry": "center"
      },
      "geometry": {
        "type": "Point",
        "coordinates": [
          -76.2114512,
          36.8925893
        ]
      },
      "id": "way/197607419"
    },
    {
      "type": "Feature",
      "properties": {
        "@id": "way/199800260",
        "name": "Tutters Neck Pond",
        "natural": "water",
        "water": "reservoir",
        "@geometry": "center"
      },
      "geometry": {
        "type": "Point",
        "coordinates": [
          -76.6825591,
          37.2515148
        ]
      },
      "id": "way/199800260"
    },
    {
      "type": "Feature",
      "properties": {
        "@id": "way/199895609",
        "name": "Lake Waterford",
        "natural": "water",
        "water": "reservoir",
        "@geometry": "center"
      },
      "geometry": {
        "type": "Point",
        "coordinates": [
          -76.5619985,
          39.1140416
        ]
      },
      "id": "way/199895609"
    },
    {
      "type": "Feature",
      "properties": {
        "@id": "way/200530260",
        "name": "Higgins Millpond",
        "natural": "water",
        "water": "reservoir",
        "@geometry": "center"
      },
      "geometry": {
        "type": "Point",
        "coordinates": [
          -75.9565037,
          38.5273947
        ]
      },
      "id": "way/200530260"
    },
    {
      "type": "Feature",
      "properties": {
        "@id": "way/203034439",
        "name": "Lake Cook",
        "natural": "water",
        "water": "reservoir",
        "@geometry": "center"
      },
      "geometry": {
        "type": "Point",
        "coordinates": [
          -77.0994061,
          38.8050936
        ]
      },
      "id": "way/203034439"
    },
    {
      "type": "Feature",
      "properties": {
        "@id": "way/203683280",
        "ele": "159",
        "gnis:feature_id": "1490680",
        "name": "Hines Pond",
        "natural": "water",
        "water": "reservoir",
        "@geometry": "center"
      },
      "geometry": {
        "type": "Point",
        "coordinates": [
          -78.2519531,
          37.2507121
        ]
      },
      "id": "way/203683280"
    },
    {
      "type": "Feature",
      "properties": {
        "@id": "way/203683698",
        "ele": "122",
        "gnis:feature_id": "1490667",
        "name": "Wilsons Pond",
        "natural": "water",
        "water": "reservoir",
        "@geometry": "center"
      },
      "geometry": {
        "type": "Point",
        "coordinates": [
          -78.2869293,
          37.2893162
        ]
      },
      "id": "way/203683698"
    },
    {
      "type": "Feature",
      "properties": {
        "@id": "way/207630697",
        "ele": "95",
        "gnis:feature_id": "1490673",
        "name": "Ancel Pond",
        "natural": "water",
        "water": "reservoir",
        "@geometry": "center"
      },
      "geometry": {
        "type": "Point",
        "coordinates": [
          -78.2896767,
          37.3218688
        ]
      },
      "id": "way/207630697"
    },
    {
      "type": "Feature",
      "properties": {
        "@id": "way/210158874",
        "access": "yes",
        "intermittent": "no",
        "name": "Lake Biggins",
        "natural": "water",
        "water": "lake",
        "@geometry": "center"
      },
      "geometry": {
        "type": "Point",
        "coordinates": [
          -76.4552817,
          37.0189199
        ]
      },
      "id": "way/210158874"
    },
    {
      "type": "Feature",
      "properties": {
        "@id": "way/211846085",
        "boat": "no",
        "ele": "154",
        "gnis:feature_id": "1489852",
        "name": "Bartonville Pond",
        "natural": "water",
        "source": "bing",
        "water": "reservoir",
        "@geometry": "center"
      },
      "geometry": {
        "type": "Point",
        "coordinates": [
          -78.2048438,
          39.1060987
        ]
      },
      "id": "way/211846085"
    },
    {
      "type": "Feature",
      "properties": {
        "@id": "way/215326290",
        "ele": "4",
        "gnis:feature_id": "597325",
        "name": "Depot Pond",
        "natural": "water",
        "water": "reservoir",
        "wikidata": "Q34883129",
        "@geometry": "center"
      },
      "geometry": {
        "type": "Point",
        "coordinates": [
          -76.7410506,
          38.8178472
        ]
      },
      "id": "way/215326290"
    },
    {
      "type": "Feature",
      "properties": {
        "@id": "way/215345344",
        "ele": "42",
        "gnis:feature_id": "1676833",
        "name": "Redwood Lake",
        "natural": "water",
        "water": "lake",
        "@geometry": "center"
      },
      "geometry": {
        "type": "Point",
        "coordinates": [
          -76.9546827,
          38.516328
        ]
      },
      "id": "way/215345344"
    },
    {
      "type": "Feature",
      "properties": {
        "@id": "way/215518351",
        "ele": "61",
        "gnis:feature_id": "1676910",
        "name": "Hampshire Lake",
        "natural": "water",
        "water": "lake",
        "wikidata": "Q34888754",
        "@geometry": "center"
      },
      "geometry": {
        "type": "Point",
        "coordinates": [
          -76.9582235,
          38.6230566
        ]
      },
      "id": "way/215518351"
    },
    {
      "type": "Feature",
      "properties": {
        "@id": "way/215658844",
        "boat": "no",
        "intermittent": "no",
        "name": "Lake Donnie",
        "natural": "water",
        "source": "local knowledge;bing",
        "water": "reservoir",
        "@geometry": "center"
      },
      "geometry": {
        "type": "Point",
        "coordinates": [
          -77.8198837,
          38.7162433
        ]
      },
      "id": "way/215658844"
    },
    {
      "type": "Feature",
      "properties": {
        "@id": "way/215864108",
        "name": "Athens Reservoir",
        "natural": "water",
        "water": "reservoir",
        "@geometry": "center"
      },
      "geometry": {
        "type": "Point",
        "coordinates": [
          -81.0170288,
          37.4029594
        ]
      },
      "id": "way/215864108"
    },
    {
      "type": "Feature",
      "properties": {
        "@id": "way/216074756",
        "name": "Lake Brittle",
        "natural": "water",
        "source": "bing",
        "water": "reservoir",
        "@geometry": "center"
      },
      "geometry": {
        "type": "Point",
        "coordinates": [
          -77.6955005,
          38.7516923
        ]
      },
      "id": "way/216074756"
    },
    {
      "type": "Feature",
      "properties": {
        "@id": "way/216074795",
        "boat": "private",
        "ele": "132",
        "gnis:feature_id": "1489750",
        "name": "Warrenton Lake",
        "natural": "water",
        "source": "bing",
        "water": "reservoir",
        "wikidata": "Q49002997",
        "@geometry": "center"
      },
      "geometry": {
        "type": "Point",
        "coordinates": [
          -77.7751511,
          38.7360348
        ]
      },
      "id": "way/216074795"
    },
    {
      "type": "Feature",
      "properties": {
        "@id": "way/216567623",
        "name": "Lake Willow",
        "natural": "water",
        "source": "bing",
        "water": "lake",
        "@geometry": "center"
      },
      "geometry": {
        "type": "Point",
        "coordinates": [
          -77.7044108,
          38.7478716
        ]
      },
      "id": "way/216567623"
    },
    {
      "type": "Feature",
      "properties": {
        "@id": "way/216567625",
        "name": "Lake Anne",
        "natural": "water",
        "source": "bing",
        "water": "lake",
        "@geometry": "center"
      },
      "geometry": {
        "type": "Point",
        "coordinates": [
          -77.7028954,
          38.7501668
        ]
      },
      "id": "way/216567625"
    },
    {
      "type": "Feature",
      "properties": {
        "@id": "way/216904023",
        "boat": "no",
        "name": "Stone Ridge Lake",
        "natural": "water",
        "water": "lake",
        "@geometry": "center"
      },
      "geometry": {
        "type": "Point",
        "coordinates": [
          -77.5519682,
          38.9230117
        ]
      },
      "id": "way/216904023"
    },
    {
      "type": "Feature",
      "properties": {
        "@id": "way/216977176",
        "name": "Inlynnview Lake",
        "natural": "water",
        "water": "lake",
        "@geometry": "center"
      },
      "geometry": {
        "type": "Point",
        "coordinates": [
          -76.0629728,
          36.8684205
        ]
      },
      "id": "way/216977176"
    },
    {
      "type": "Feature",
      "properties": {
        "@id": "way/219860835",
        "intermittent": "no",
        "name": "Silver Lake",
        "natural": "water",
        "salt": "no",
        "source:name": "MSR_usgs_topo_maps",
        "tidal": "no",
        "water": "reservoir",
        "wikidata": "Q34923655",
        "@geometry": "center"
      },
      "geometry": {
        "type": "Point",
        "coordinates": [
          -75.5321534,
          39.1756378
        ]
      },
      "id": "way/219860835"
    },
    {
      "type": "Feature",
      "properties": {
        "@id": "way/220508177",
        "name": "Martins Fork Lake",
        "natural": "water",
        "start_date": "1978",
        "water": "reservoir",
        "website": "https://www.lrn.usace.army.mil/Locations/Lakes/Martins-Fork-Lake/",
        "wikidata": "Q6777205",
        "wikipedia": "en:Martins Fork Lake",
        "@geometry": "center"
      },
      "geometry": {
        "type": "Point",
        "coordinates": [
          -83.2605056,
          36.7414007
        ]
      },
      "id": "way/220508177"
    },
    {
      "type": "Feature",
      "properties": {
        "@id": "way/220626979",
        "name": "BMP",
        "natural": "water",
        "water": "reservoir",
        "wetland": "swamp",
        "@geometry": "center"
      },
      "geometry": {
        "type": "Point",
        "coordinates": [
          -76.9286949,
          38.8456245
        ]
      },
      "id": "way/220626979"
    },
    {
      "type": "Feature",
      "properties": {
        "@id": "way/220689433",
        "ele": "185",
        "gnis:feature_id": "493306",
        "name": "Greenbo Lake",
        "natural": "water",
        "source": "Imagery",
        "water": "reservoir",
        "wikidata": "Q1544676",
        "wikipedia": "en:Greenbo Lake",
        "@geometry": "center"
      },
      "geometry": {
        "type": "Point",
        "coordinates": [
          -82.8766336,
          38.4866165
        ]
      },
      "id": "way/220689433"
    },
    {
      "type": "Feature",
      "properties": {
        "@id": "way/222180810",
        "boat": "no",
        "ele": "297",
        "name": "Sugar Hollow Reservoir",
        "natural": "water",
        "source": "USGS Topo Map, Virginia Department of Game and Inland Fisheries, and Albemarle County, Virginia",
        "water": "reservoir",
        "website": "http://www.dgif.virginia.gov/fishing/waterbodies/display.asp?id=127",
        "@geometry": "center"
      },
      "geometry": {
        "type": "Point",
        "coordinates": [
          -78.7433049,
          38.1372882
        ]
      },
      "id": "way/222180810"
    },
    {
      "type": "Feature",
      "properties": {
        "@id": "way/222540392",
        "name": "BMP",
        "natural": "water",
        "water": "reservoir",
        "@geometry": "center"
      },
      "geometry": {
        "type": "Point",
        "coordinates": [
          -76.9321875,
          38.8492957
        ]
      },
      "id": "way/222540392"
    },
    {
      "type": "Feature",
      "properties": {
        "@id": "way/223416090",
        "boat": "yes",
        "ele": "166",
        "gnis:feature_id": "1489943",
        "name": "Greene Mountain Lake",
        "natural": "water",
        "water": "reservoir",
        "wikidata": "Q49700920",
        "@geometry": "center"
      },
      "geometry": {
        "type": "Point",
        "coordinates": [
          -78.4367537,
          38.2751115
        ]
      },
      "id": "way/223416090"
    },
    {
      "type": "Feature",
      "properties": {
        "@id": "way/224700997",
        "ele": "79",
        "name": "Byers Pond",
        "natural": "water",
        "water": "reservoir",
        "wikidata": "Q49700162",
        "@geometry": "center"
      },
      "geometry": {
        "type": "Point",
        "coordinates": [
          -77.8693243,
          37.5793036
        ]
      },
      "id": "way/224700997"
    },
    {
      "type": "Feature",
      "properties": {
        "@id": "way/225012242",
        "ele": "78",
        "gnis:feature_id": "1490620",
        "landuse": "reservoir",
        "name": "Lower Byers Lake",
        "natural": "water",
        "water": "lake",
        "wikidata": "Q49701787",
        "@geometry": "center"
      },
      "geometry": {
        "type": "Point",
        "coordinates": [
          -77.8207307,
          37.5708436
        ]
      },
      "id": "way/225012242"
    },
    {
      "type": "Feature",
      "properties": {
        "@id": "way/225112137",
        "ele": "439",
        "gnis:feature_id": "1490837",
        "name": "Lake Laura",
        "natural": "water",
        "water": "reservoir",
        "@geometry": "center"
      },
      "geometry": {
        "type": "Point",
        "coordinates": [
          -78.7933408,
          38.7975353
        ]
      },
      "id": "way/225112137"
    },
    {
      "type": "Feature",
      "properties": {
        "@id": "way/225112514",
        "name": "Lake Carroll",
        "natural": "water",
        "water": "reservoir",
        "@geometry": "center"
      },
      "geometry": {
        "type": "Point",
        "coordinates": [
          -78.7763934,
          38.8173414
        ]
      },
      "id": "way/225112514"
    },
    {
      "type": "Feature",
      "properties": {
        "@id": "way/225181503",
        "ele": "54",
        "gnis:feature_id": "1476933",
        "landuse": "reservoir",
        "name": "Woodberry Pond",
        "natural": "water",
        "water": "lake",
        "@geometry": "center"
      },
      "geometry": {
        "type": "Point",
        "coordinates": [
          -77.7805218,
          37.5854652
        ]
      },
      "id": "way/225181503"
    },
    {
      "type": "Feature",
      "properties": {
        "@id": "way/225181510",
        "ele": "68",
        "gnis:feature_id": "1490638",
        "landuse": "reservoir",
        "name": "Kelona Farm Pond",
        "natural": "water",
        "water": "lake",
        "@geometry": "center"
      },
      "geometry": {
        "type": "Point",
        "coordinates": [
          -77.9324916,
          37.6552712
        ]
      },
      "id": "way/225181510"
    },
    {
      "type": "Feature",
      "properties": {
        "@id": "way/225181729",
        "ele": "61",
        "gnis:feature_id": "1490614",
        "landuse": "reservoir",
        "name": "Redford Lake",
        "natural": "water",
        "water": "lake",
        "@geometry": "center"
      },
      "geometry": {
        "type": "Point",
        "coordinates": [
          -78.0303291,
          37.5876504
        ]
      },
      "id": "way/225181729"
    },
    {
      "type": "Feature",
      "properties": {
        "@id": "way/225300451",
        "ele": "72",
        "gnis:feature_id": "1490634",
        "name": "Virginia State Farm Pond Number One",
        "natural": "water",
        "water": "reservoir",
        "@geometry": "center"
      },
      "geometry": {
        "type": "Point",
        "coordinates": [
          -77.866682,
          37.6259965
        ]
      },
      "id": "way/225300451"
    },
    {
      "type": "Feature",
      "properties": {
        "@id": "way/225366982",
        "ele": "74",
        "gnis:feature_id": "1490630",
        "name": "Byers Millpond",
        "natural": "water",
        "water": "reservoir",
        "wikidata": "Q49700161",
        "@geometry": "center"
      },
      "geometry": {
        "type": "Point",
        "coordinates": [
          -77.8122328,
          37.5578636
        ]
      },
      "id": "way/225366982"
    },
    {
      "type": "Feature",
      "properties": {
        "@id": "way/225435697",
        "ele": "82",
        "gnis:feature_id": "1490626",
        "name": "Randolph Lake",
        "natural": "water",
        "water": "reservoir",
        "@geometry": "center"
      },
      "geometry": {
        "type": "Point",
        "coordinates": [
          -77.9232129,
          37.5142356
        ]
      },
      "id": "way/225435697"
    },
    {
      "type": "Feature",
      "properties": {
        "@id": "way/225442263",
        "ele": "73",
        "gnis:feature_id": "1468846",
        "name": "Jones Lake",
        "natural": "water",
        "water": "reservoir",
        "@geometry": "center"
      },
      "geometry": {
        "type": "Point",
        "coordinates": [
          -77.9695332,
          37.4963475
        ]
      },
      "id": "way/225442263"
    },
    {
      "type": "Feature",
      "properties": {
        "@id": "way/225452187",
        "ele": "83",
        "gnis:feature_id": "1464082",
        "name": "Bullhead Pond",
        "natural": "water",
        "water": "reservoir",
        "@geometry": "center"
      },
      "geometry": {
        "type": "Point",
        "coordinates": [
          -78.0054593,
          37.5420131
        ]
      },
      "id": "way/225452187"
    },
    {
      "type": "Feature",
      "properties": {
        "@id": "way/225452188",
        "ele": "74",
        "gnis:feature_id": "1475328",
        "landuse": "reservoir",
        "name": "Sunfish Pond",
        "natural": "water",
        "water": "lake",
        "@geometry": "center"
      },
      "geometry": {
        "type": "Point",
        "coordinates": [
          -78.0000043,
          37.5435794
        ]
      },
      "id": "way/225452188"
    },
    {
      "type": "Feature",
      "properties": {
        "@id": "way/225464510",
        "ele": "96",
        "gnis:feature_id": "1467999",
        "name": "Hideaway Lake",
        "natural": "water",
        "water": "reservoir",
        "@geometry": "center"
      },
      "geometry": {
        "type": "Point",
        "coordinates": [
          -78.0444263,
          37.5120116
        ]
      },
      "id": "way/225464510"
    },
    {
      "type": "Feature",
      "properties": {
        "@id": "way/225470508",
        "ele": "103",
        "gnis:feature_id": "1490651",
        "name": "Bevins Pond",
        "natural": "water",
        "water": "reservoir",
        "@geometry": "center"
      },
      "geometry": {
        "type": "Point",
        "coordinates": [
          -78.0880229,
          37.5515798
        ]
      },
      "id": "way/225470508"
    },
    {
      "type": "Feature",
      "properties": {
        "@id": "way/225521452",
        "ele": "59",
        "gnis:feature_id": "1490612",
        "landuse": "reservoir",
        "name": "Lower Powhatan Lake",
        "natural": "water",
        "water": "lake",
        "@geometry": "center"
      },
      "geometry": {
        "type": "Point",
        "coordinates": [
          -77.9985827,
          37.5766661
        ]
      },
      "id": "way/225521452"
    },
    {
      "type": "Feature",
      "properties": {
        "@id": "way/225521453",
        "ele": "59",
        "gnis:feature_id": "1472755",
        "landuse": "reservoir",
        "name": "Powhatan Lakes",
        "natural": "water",
        "water": "lake",
        "@geometry": "center"
      },
      "geometry": {
        "type": "Point",
        "coordinates": [
          -77.9878997,
          37.5770376
        ]
      },
      "id": "way/225521453"
    },
    {
      "type": "Feature",
      "properties": {
        "@id": "way/225590367",
        "ele": "55",
        "gnis:feature_id": "1490636",
        "name": "Virginia State Farm Pond Number Three",
        "natural": "water",
        "water": "reservoir",
        "@geometry": "center"
      },
      "geometry": {
        "type": "Point",
        "coordinates": [
          -77.8437764,
          37.6330246
        ]
      },
      "id": "way/225590367"
    },
    {
      "type": "Feature",
      "properties": {
        "@id": "way/226828168",
        "boat": "no",
        "canoe": "no",
        "motorboat": "no",
        "name": "Lake Deborah",
        "natural": "water",
        "ship": "no",
        "water": "lake",
        "@geometry": "center"
      },
      "geometry": {
        "type": "Point",
        "coordinates": [
          -76.8178454,
          38.9525167
        ]
      },
      "id": "way/226828168"
    },
    {
      "type": "Feature",
      "properties": {
        "@id": "way/229585682",
        "name": "BMP",
        "natural": "water",
        "water": "reservoir",
        "@geometry": "center"
      },
      "geometry": {
        "type": "Point",
        "coordinates": [
          -76.9323386,
          38.8462004
        ]
      },
      "id": "way/229585682"
    },
    {
      "type": "Feature",
      "properties": {
        "@id": "way/230013405",
        "ele": "169",
        "gnis:feature_id": "594429",
        "name": "Lake Jennifer",
        "natural": "water",
        "water": "reservoir",
        "@geometry": "center"
      },
      "geometry": {
        "type": "Point",
        "coordinates": [
          -77.1589116,
          39.4128624
        ]
      },
      "id": "way/230013405"
    },
    {
      "type": "Feature",
      "properties": {
        "@id": "way/230169998",
        "ele": "97",
        "gnis:feature_id": "1489502",
        "name": "Lake Patrick Henry",
        "natural": "water",
        "water": "lake",
        "@geometry": "center"
      },
      "geometry": {
        "type": "Point",
        "coordinates": [
          -77.6658717,
          37.5347003
        ]
      },
      "id": "way/230169998"
    },
    {
      "type": "Feature",
      "properties": {
        "@id": "way/230170178",
        "name": "Watermill Lake",
        "natural": "water",
        "water": "lake",
        "@geometry": "center"
      },
      "geometry": {
        "type": "Point",
        "coordinates": [
          -77.6783865,
          37.4664344
        ]
      },
      "id": "way/230170178"
    },
    {
      "type": "Feature",
      "properties": {
        "@id": "way/230779854",
        "ele": "66",
        "gnis:feature_id": "1489466",
        "landuse": "reservoir",
        "name": "Tates Pond",
        "natural": "water",
        "water": "lake",
        "wikidata": "Q49230737",
        "@geometry": "center"
      },
      "geometry": {
        "type": "Point",
        "coordinates": [
          -77.8174581,
          37.3890624
        ]
      },
      "id": "way/230779854"
    },
    {
      "type": "Feature",
      "properties": {
        "@id": "way/230916706",
        "name": "Gregorys Pond",
        "natural": "water",
        "water": "reservoir",
        "wikidata": "Q49700939",
        "@geometry": "center"
      },
      "geometry": {
        "type": "Point",
        "coordinates": [
          -77.57455,
          37.4532753
        ]
      },
      "id": "way/230916706"
    },
    {
      "type": "Feature",
      "properties": {
        "@id": "way/231130999",
        "name": "Lake Taqoe",
        "natural": "water",
        "water": "lake",
        "@geometry": "center"
      },
      "geometry": {
        "type": "Point",
        "coordinates": [
          -77.6653592,
          37.3837879
        ]
      },
      "id": "way/231130999"
    },
    {
      "type": "Feature",
      "properties": {
        "@id": "way/231242615",
        "intermittent": "no",
        "name": "Loch Lothian",
        "natural": "water",
        "salt": "no",
        "water": "lake",
        "@geometry": "center"
      },
      "geometry": {
        "type": "Point",
        "coordinates": [
          -77.6449104,
          37.4959421
        ]
      },
      "id": "way/231242615"
    },
    {
      "type": "Feature",
      "properties": {
        "@id": "way/231616944",
        "ele": "60",
        "fishing": "private",
        "gnis:feature_id": "1489875",
        "intermittent": "no",
        "landuse": "reservoir",
        "name": "Mount Bernard Lake",
        "natural": "water",
        "water": "lake",
        "wikidata": "Q49702069",
        "@geometry": "center"
      },
      "geometry": {
        "type": "Point",
        "coordinates": [
          -77.8580193,
          37.6679494
        ]
      },
      "id": "way/231616944"
    },
    {
      "type": "Feature",
      "properties": {
        "@id": "way/231947555",
        "ele": "46",
        "gnis:feature_id": "1502105",
        "name": "Reed Pond",
        "natural": "water",
        "water": "reservoir",
        "@geometry": "center"
      },
      "geometry": {
        "type": "Point",
        "coordinates": [
          -77.6149201,
          37.5507607
        ]
      },
      "id": "way/231947555"
    },
    {
      "type": "Feature",
      "properties": {
        "@id": "way/232388688",
        "name": "Walton Lake",
        "natural": "water",
        "water": "lake",
        "@geometry": "center"
      },
      "geometry": {
        "type": "Point",
        "coordinates": [
          -77.6328068,
          37.4775862
        ]
      },
      "id": "way/232388688"
    },
    {
      "type": "Feature",
      "properties": {
        "@id": "way/232721262",
        "ele": "43",
        "gnis:feature_id": "1468565",
        "name": "Ivys Ponds",
        "natural": "water",
        "water": "reservoir",
        "@geometry": "center"
      },
      "geometry": {
        "type": "Point",
        "coordinates": [
          -77.6176965,
          37.2883892
        ]
      },
      "id": "way/232721262"
    },
    {
      "type": "Feature",
      "properties": {
        "@id": "way/233567845",
        "name": "Lake Byrne",
        "natural": "water",
        "water": "lake",
        "@geometry": "center"
      },
      "geometry": {
        "type": "Point",
        "coordinates": [
          -76.0601943,
          36.870557
        ]
      },
      "id": "way/233567845"
    },
    {
      "type": "Feature",
      "properties": {
        "@id": "way/234200248",
        "ele": "54",
        "gnis:feature_id": "1489459",
        "name": "Lake Neda",
        "natural": "water",
        "water": "reservoir",
        "@geometry": "center"
      },
      "geometry": {
        "type": "Point",
        "coordinates": [
          -77.5042324,
          37.3312418
        ]
      },
      "id": "way/234200248"
    },
    {
      "type": "Feature",
      "properties": {
        "@id": "way/234308218",
        "ele": "41",
        "gnis:feature_id": "1501998",
        "name": "Lake Dale",
        "natural": "water",
        "water": "reservoir",
        "@geometry": "center"
      },
      "geometry": {
        "type": "Point",
        "coordinates": [
          -77.5092987,
          37.3391307
        ]
      },
      "id": "way/234308218"
    },
    {
      "type": "Feature",
      "properties": {
        "@id": "way/234448708",
        "ele": "57",
        "gnis:feature_id": "1489476",
        "name": "Chester Club Lake",
        "natural": "water",
        "water": "reservoir",
        "wikidata": "Q49700256",
        "@geometry": "center"
      },
      "geometry": {
        "type": "Point",
        "coordinates": [
          -77.470636,
          37.3523242
        ]
      },
      "id": "way/234448708"
    },
    {
      "type": "Feature",
      "properties": {
        "@id": "way/236764878",
        "name": "Salem Woods Lake",
        "natural": "water",
        "water": "lake",
        "@geometry": "center"
      },
      "geometry": {
        "type": "Point",
        "coordinates": [
          -77.4786873,
          37.3837065
        ]
      },
      "id": "way/236764878"
    },
    {
      "type": "Feature",
      "properties": {
        "@id": "way/236805352",
        "name": "Lake Sequoia",
        "natural": "water",
        "water": "lake",
        "@geometry": "center"
      },
      "geometry": {
        "type": "Point",
        "coordinates": [
          -77.2066628,
          38.8644064
        ]
      },
      "id": "way/236805352"
    },
    {
      "type": "Feature",
      "properties": {
        "@id": "way/237757125",
        "name": "Lake Leckszas",
        "natural": "water",
        "water": "reservoir",
        "@geometry": "center"
      },
      "geometry": {
        "type": "Point",
        "coordinates": [
          -78.3660858,
          39.2208736
        ]
      },
      "id": "way/237757125"
    },
    {
      "type": "Feature",
      "properties": {
        "@id": "way/238915771",
        "ele": "57",
        "gnis:feature_id": "1472032",
        "name": "Pamplins Pond",
        "natural": "water",
        "water": "reservoir",
        "@geometry": "center"
      },
      "geometry": {
        "type": "Point",
        "coordinates": [
          -77.5057074,
          37.2347667
        ]
      },
      "id": "way/238915771"
    },
    {
      "type": "Feature",
      "properties": {
        "@id": "way/239105233",
        "ele": "37",
        "gnis:feature_id": "1462473",
        "name": "Andrews Pond",
        "natural": "water",
        "water": "reservoir",
        "@geometry": "center"
      },
      "geometry": {
        "type": "Point",
        "coordinates": [
          -77.4849588,
          37.2955479
        ]
      },
      "id": "way/239105233"
    },
    {
      "type": "Feature",
      "properties": {
        "@id": "way/239142192",
        "ele": "3",
        "gnis:feature_id": "1489486",
        "name": "Polishing Pond",
        "natural": "water",
        "water": "reservoir",
        "wikidata": "Q49702358",
        "@geometry": "center"
      },
      "geometry": {
        "type": "Point",
        "coordinates": [
          -77.4269944,
          37.4469352
        ]
      },
      "id": "way/239142192"
    },
    {
      "type": "Feature",
      "properties": {
        "@id": "way/240317199",
        "ele": "49",
        "gnis:feature_id": "1502050",
        "name": "Kings Pond",
        "natural": "water",
        "water": "reservoir",
        "@geometry": "center"
      },
      "geometry": {
        "type": "Point",
        "coordinates": [
          -77.511577,
          37.776686
        ]
      },
      "id": "way/240317199"
    },
    {
      "type": "Feature",
      "properties": {
        "@id": "way/240436521",
        "ele": "293",
        "gnis:feature_id": "1490991",
        "name": "Lake Front Royal",
        "natural": "water",
        "water": "reservoir",
        "@geometry": "center"
      },
      "geometry": {
        "type": "Point",
        "coordinates": [
          -78.1495996,
          38.8763543
        ]
      },
      "id": "way/240436521"
    },
    {
      "type": "Feature",
      "properties": {
        "@id": "way/240734658",
        "ele": "48",
        "gnis:feature_id": "1676663",
        "name": "Cedarville Pond",
        "natural": "water",
        "water": "reservoir",
        "@geometry": "center"
      },
      "geometry": {
        "type": "Point",
        "coordinates": [
          -76.8039361,
          38.627714
        ]
      },
      "id": "way/240734658"
    },
    {
      "type": "Feature",
      "properties": {
        "@id": "way/241202826",
        "ele": "58",
        "gnis:feature_id": "1676950",
        "name": "Wakefield Lake",
        "natural": "water",
        "water": "reservoir",
        "@geometry": "center"
      },
      "geometry": {
        "type": "Point",
        "coordinates": [
          -76.8968464,
          38.6047504
        ]
      },
      "id": "way/241202826"
    },
    {
      "type": "Feature",
      "properties": {
        "@id": "way/241202827",
        "ele": "57",
        "gnis:feature_id": "1676942",
        "name": "Post Office Lake",
        "natural": "water",
        "water": "reservoir",
        "@geometry": "center"
      },
      "geometry": {
        "type": "Point",
        "coordinates": [
          -76.8999336,
          38.6056287
        ]
      },
      "id": "way/241202827"
    },
    {
      "type": "Feature",
      "properties": {
        "@id": "way/241475351",
        "ele": "304",
        "gnis:feature_id": "488975",
        "name": "Carr Creek Lake",
        "natural": "water",
        "old_name": "Carr Fork Lake",
        "water": "reservoir",
        "wikidata": "Q5045962",
        "wikipedia": "en:Carr Creek Lake",
        "@geometry": "center"
      },
      "geometry": {
        "type": "Point",
        "coordinates": [
          -82.9915849,
          37.2335944
        ]
      },
      "id": "way/241475351"
    },
    {
      "type": "Feature",
      "properties": {
        "@id": "way/241603246",
        "ele": "207",
        "gnis:feature_id": "490849",
        "name": "Dewey Lake",
        "natural": "water",
        "water": "reservoir",
        "wikipedia": "en:Dewey Lake",
        "@geometry": "center"
      },
      "geometry": {
        "type": "Point",
        "coordinates": [
          -82.6870506,
          37.7080402
        ]
      },
      "id": "way/241603246"
    },
    {
      "type": "Feature",
      "properties": {
        "@id": "way/242199788",
        "ele": "237",
        "gnis:feature_id": "492142",
        "name": "Fishtrap Lake",
        "natural": "water",
        "water": "reservoir",
        "wikipedia": "en:Fishtrap Lake",
        "@geometry": "center"
      },
      "geometry": {
        "type": "Point",
        "coordinates": [
          -82.359881,
          37.420457
        ]
      },
      "id": "way/242199788"
    },
    {
      "type": "Feature",
      "properties": {
        "@id": "way/244113136",
        "ele": "26",
        "gnis:feature_id": "594370",
        "name": "Northampton Lake",
        "natural": "water",
        "water": "reservoir",
        "wikidata": "Q34911407",
        "@geometry": "center"
      },
      "geometry": {
        "type": "Point",
        "coordinates": [
          -76.8125586,
          38.8994931
        ]
      },
      "id": "way/244113136"
    },
    {
      "type": "Feature",
      "properties": {
        "@id": "way/246746817",
        "ele": "61",
        "gnis:feature_id": "1676900",
        "name": "Dorchester Lake",
        "natural": "water",
        "water": "reservoir",
        "@geometry": "center"
      },
      "geometry": {
        "type": "Point",
        "coordinates": [
          -76.9430492,
          38.6147414
        ]
      },
      "id": "way/246746817"
    },
    {
      "type": "Feature",
      "properties": {
        "@id": "way/248609649",
        "intermittent": "no",
        "name": "Reynovia Lake",
        "natural": "water",
        "water": "reservoir",
        "@geometry": "center"
      },
      "geometry": {
        "type": "Point",
        "coordinates": [
          -78.5076882,
          37.994941
        ]
      },
      "id": "way/248609649"
    },
    {
      "type": "Feature",
      "properties": {
        "@id": "way/248673822",
        "name": "Corbin Lake",
        "natural": "water",
        "water": "lake",
        "@geometry": "center"
      },
      "geometry": {
        "type": "Point",
        "coordinates": [
          -76.5004607,
          37.0692704
        ]
      },
      "id": "way/248673822"
    },
    {
      "type": "Feature",
      "properties": {
        "@id": "way/248674316",
        "name": "Queen Anne Lake",
        "natural": "water",
        "water": "lake",
        "@geometry": "center"
      },
      "geometry": {
        "type": "Point",
        "coordinates": [
          -76.5171417,
          37.0602425
        ]
      },
      "id": "way/248674316"
    },
    {
      "type": "Feature",
      "properties": {
        "@id": "way/249857761",
        "boat": "no",
        "ele": "64",
        "gnis:feature_id": "1501991",
        "name": "Cosbys Lake",
        "natural": "water",
        "source": "Bing",
        "water": "reservoir",
        "@geometry": "center"
      },
      "geometry": {
        "type": "Point",
        "coordinates": [
          -77.5052426,
          37.4155934
        ]
      },
      "id": "way/249857761"
    },
    {
      "type": "Feature",
      "properties": {
        "@id": "way/251234398",
        "ele": "50",
        "gnis:feature_id": "1489898",
        "landuse": "reservoir",
        "name": "Carter and Harrell Lake",
        "natural": "water",
        "water": "lake",
        "@geometry": "center"
      },
      "geometry": {
        "type": "Point",
        "coordinates": [
          -77.7816961,
          37.6383253
        ]
      },
      "id": "way/251234398"
    },
    {
      "type": "Feature",
      "properties": {
        "@id": "way/252839168",
        "ele": "78",
        "gnis:feature_id": "1489907",
        "landuse": "reservoir",
        "name": "Horseshoe Pond",
        "natural": "water",
        "water": "lake",
        "@geometry": "center"
      },
      "geometry": {
        "type": "Point",
        "coordinates": [
          -77.7896985,
          37.6761533
        ]
      },
      "id": "way/252839168"
    },
    {
      "type": "Feature",
      "properties": {
        "@id": "way/252957709",
        "ele": "75",
        "gnis:feature_id": "1489894",
        "landuse": "reservoir",
        "name": "Lake Fullstream",
        "natural": "water",
        "water": "lake",
        "@geometry": "center"
      },
      "geometry": {
        "type": "Point",
        "coordinates": [
          -77.763502,
          37.6605378
        ]
      },
      "id": "way/252957709"
    },
    {
      "type": "Feature",
      "properties": {
        "@id": "way/254302711",
        "name": "Overhill Lake",
        "natural": "water",
        "water": "lake",
        "@geometry": "center"
      },
      "geometry": {
        "type": "Point",
        "coordinates": [
          -77.5533095,
          37.6899436
        ]
      },
      "id": "way/254302711"
    },
    {
      "type": "Feature",
      "properties": {
        "@id": "way/254456174",
        "name": "West End Lake",
        "natural": "water",
        "water": "lake",
        "@geometry": "center"
      },
      "geometry": {
        "type": "Point",
        "coordinates": [
          -77.5378465,
          37.6434302
        ]
      },
      "id": "way/254456174"
    },
    {
      "type": "Feature",
      "properties": {
        "@id": "way/256629679",
        "name": "Turkey Run Lake",
        "natural": "water",
        "water": "lake",
        "wikidata": "Q34931477",
        "@geometry": "center"
      },
      "geometry": {
        "type": "Point",
        "coordinates": [
          -81.7704246,
          38.9667004
        ]
      },
      "id": "way/256629679"
    },
    {
      "type": "Feature",
      "properties": {
        "@id": "way/261540766",
        "ele": "216",
        "gnis:feature_id": "1076130",
        "name": "Jackson Lake",
        "natural": "water",
        "water": "reservoir",
        "@geometry": "center"
      },
      "geometry": {
        "type": "Point",
        "coordinates": [
          -82.5970255,
          38.8975234
        ]
      },
      "id": "way/261540766"
    },
    {
      "type": "Feature",
      "properties": {
        "@id": "way/261541770",
        "ele": "183",
        "gnis:feature_id": "1070750",
        "name": "Forked Run Lake",
        "natural": "water",
        "water": "reservoir",
        "wikidata": "Q94994152",
        "@geometry": "center"
      },
      "geometry": {
        "type": "Point",
        "coordinates": [
          -81.7795177,
          39.1016988
        ]
      },
      "id": "way/261541770"
    },
    {
      "type": "Feature",
      "properties": {
        "@id": "way/261601483",
        "ele": "182;187",
        "gnis:feature_id": "1070970;1078113",
        "name": "Tycoon Lake",
        "natural": "water",
        "water": "reservoir",
        "@geometry": "center"
      },
      "geometry": {
        "type": "Point",
        "coordinates": [
          -82.350332,
          38.9266517
        ]
      },
      "id": "way/261601483"
    },
    {
      "type": "Feature",
      "properties": {
        "@id": "way/261738842",
        "name": "Lakewood",
        "natural": "water",
        "water": "lake",
        "@geometry": "center"
      },
      "geometry": {
        "type": "Point",
        "coordinates": [
          -77.4147687,
          38.4652246
        ]
      },
      "id": "way/261738842"
    },
    {
      "type": "Feature",
      "properties": {
        "@id": "way/261903204",
        "ele": "19",
        "gnis:feature_id": "1490909",
        "name": "Potomac Creek Site Two Lake",
        "natural": "water",
        "water": "reservoir",
        "@geometry": "center"
      },
      "geometry": {
        "type": "Point",
        "coordinates": [
          -77.4557799,
          38.3881928
        ]
      },
      "id": "way/261903204"
    },
    {
      "type": "Feature",
      "properties": {
        "@id": "way/261980948",
        "ele": "41",
        "gnis:feature_id": "1490895",
        "landuse": "reservoir",
        "name": "Abel Lake",
        "natural": "water",
        "water": "lake",
        "wikidata": "Q49699802",
        "@geometry": "center"
      },
      "geometry": {
        "type": "Point",
        "coordinates": [
          -77.4872272,
          38.4020707
        ]
      },
      "id": "way/261980948"
    },
    {
      "type": "Feature",
      "properties": {
        "@id": "way/261990789",
        "ele": "141",
        "gnis:feature_id": "1490256",
        "name": "Izaak Walton League Pond",
        "natural": "water",
        "water": "reservoir",
        "@geometry": "center"
      },
      "geometry": {
        "type": "Point",
        "coordinates": [
          -77.6620874,
          39.0866529
        ]
      },
      "id": "way/261990789"
    },
    {
      "type": "Feature",
      "properties": {
        "@id": "way/262962201",
        "ele": "3",
        "gnis:feature_id": "1501736",
        "name": "Lake Charles",
        "natural": "water",
        "water": "reservoir",
        "@geometry": "center"
      },
      "geometry": {
        "type": "Point",
        "coordinates": [
          -76.1214582,
          36.8917554
        ]
      },
      "id": "way/262962201"
    },
    {
      "type": "Feature",
      "properties": {
        "@id": "way/262962208",
        "ele": "2",
        "gnis:feature_id": "1502029",
        "name": "Great Neck Lake",
        "natural": "water",
        "water": "reservoir",
        "@geometry": "center"
      },
      "geometry": {
        "type": "Point",
        "coordinates": [
          -76.048088,
          36.8774474
        ]
      },
      "id": "way/262962208"
    },
    {
      "type": "Feature",
      "properties": {
        "@id": "way/262963049",
        "ele": "3",
        "gnis:feature_id": "1501738",
        "name": "Kings Lake",
        "natural": "water",
        "water": "reservoir",
        "@geometry": "center"
      },
      "geometry": {
        "type": "Point",
        "coordinates": [
          -76.0944074,
          36.8654364
        ]
      },
      "id": "way/262963049"
    },
    {
      "type": "Feature",
      "properties": {
        "@id": "way/263170808",
        "name": "Maple Lake",
        "natural": "water",
        "water": "lake",
        "@geometry": "center"
      },
      "geometry": {
        "type": "Point",
        "coordinates": [
          -80.2090246,
          39.2918691
        ]
      },
      "id": "way/263170808"
    },
    {
      "type": "Feature",
      "properties": {
        "@id": "way/263170824",
        "name": "Oral Lake",
        "natural": "water",
        "water": "lake",
        "@geometry": "center"
      },
      "geometry": {
        "type": "Point",
        "coordinates": [
          -80.2185999,
          39.2750563
        ]
      },
      "id": "way/263170824"
    },
    {
      "type": "Feature",
      "properties": {
        "@id": "way/263172784",
        "name": "Hinkel Lake",
        "natural": "water",
        "water": "lake",
        "@geometry": "center"
      },
      "geometry": {
        "type": "Point",
        "coordinates": [
          -80.2541952,
          39.2730245
        ]
      },
      "id": "way/263172784"
    },
    {
      "type": "Feature",
      "properties": {
        "@id": "way/263172785",
        "ele": "319",
        "gnis:feature_id": "1538100",
        "name": "Deegan Lake",
        "natural": "water",
        "water": "reservoir",
        "@geometry": "center"
      },
      "geometry": {
        "type": "Point",
        "coordinates": [
          -80.2500897,
          39.2666503
        ]
      },
      "id": "way/263172785"
    },
    {
      "type": "Feature",
      "properties": {
        "@id": "way/264193513",
        "name": "Waterfront Lake",
        "natural": "water",
        "water": "lake",
        "@geometry": "center"
      },
      "geometry": {
        "type": "Point",
        "coordinates": [
          -77.5768289,
          37.6596754
        ]
      },
      "id": "way/264193513"
    },
    {
      "type": "Feature",
      "properties": {
        "@id": "way/264197349",
        "name": "Lake Rooty",
        "natural": "water",
        "water": "lake",
        "@geometry": "center"
      },
      "geometry": {
        "type": "Point",
        "coordinates": [
          -77.5708844,
          37.6696485
        ]
      },
      "id": "way/264197349"
    },
    {
      "type": "Feature",
      "properties": {
        "@id": "way/264199404",
        "name": "Lake Innsbrook",
        "natural": "water",
        "water": "lake",
        "@geometry": "center"
      },
      "geometry": {
        "type": "Point",
        "coordinates": [
          -77.5831157,
          37.653027
        ]
      },
      "id": "way/264199404"
    },
    {
      "type": "Feature",
      "properties": {
        "@id": "way/264401273",
        "ele": "77",
        "gnis:feature_id": "1491077",
        "name": "Hobby Hill Lake",
        "natural": "water",
        "water": "reservoir",
        "@geometry": "center"
      },
      "geometry": {
        "type": "Point",
        "coordinates": [
          -77.5825524,
          37.5417389
        ]
      },
      "id": "way/264401273"
    },
    {
      "type": "Feature",
      "properties": {
        "@id": "way/264401642",
        "name": "Cherokee Lake",
        "natural": "water",
        "water": "lake",
        "@geometry": "center"
      },
      "geometry": {
        "type": "Point",
        "coordinates": [
          -77.5791897,
          37.5544594
        ]
      },
      "id": "way/264401642"
    },
    {
      "type": "Feature",
      "properties": {
        "@id": "way/264460365",
        "ele": "167",
        "gnis:feature_id": "1699856",
        "name": "John Rucker Lake",
        "natural": "water",
        "water": "reservoir",
        "@geometry": "center"
      },
      "geometry": {
        "type": "Point",
        "coordinates": [
          -78.3838283,
          38.2270534
        ]
      },
      "id": "way/264460365"
    },
    {
      "type": "Feature",
      "properties": {
        "@id": "way/268457970",
        "ele": "251",
        "gnis:feature_id": "513989",
        "name": "Mill Creek Lake",
        "natural": "water",
        "water": "reservoir",
        "@geometry": "center"
      },
      "geometry": {
        "type": "Point",
        "coordinates": [
          -83.6676381,
          37.7685351
        ]
      },
      "id": "way/268457970"
    },
    {
      "type": "Feature",
      "properties": {
        "@id": "way/269014549",
        "ele": "217",
        "gnis:feature_id": "1489703",
        "name": "Mathews Pond",
        "natural": "water",
        "water": "reservoir",
        "@geometry": "center"
      },
      "geometry": {
        "type": "Point",
        "coordinates": [
          -77.9597929,
          38.9810635
        ]
      },
      "id": "way/269014549"
    },
    {
      "type": "Feature",
      "properties": {
        "@id": "way/269291746",
        "ele": "189",
        "gnis:feature_id": "1489764",
        "name": "Fleetwood Farm Pond Number Two",
        "natural": "water",
        "water": "reservoir",
        "@geometry": "center"
      },
      "geometry": {
        "type": "Point",
        "coordinates": [
          -77.9468251,
          38.9859852
        ]
      },
      "id": "way/269291746"
    },
    {
      "type": "Feature",
      "properties": {
        "@id": "way/271005880",
        "ele": "51",
        "gnis:feature_id": "1471920",
        "name": "Lake Omiscol",
        "natural": "water",
        "water": "reservoir",
        "@geometry": "center"
      },
      "geometry": {
        "type": "Point",
        "coordinates": [
          -77.3009662,
          38.6725841
        ]
      },
      "id": "way/271005880"
    },
    {
      "type": "Feature",
      "properties": {
        "@id": "way/271677626",
        "ele": "609",
        "gnis:feature_id": "1547387",
        "name": "Lake Stephens",
        "natural": "water",
        "water": "reservoir",
        "@geometry": "center"
      },
      "geometry": {
        "type": "Point",
        "coordinates": [
          -81.2962888,
          37.7932246
        ]
      },
      "id": "way/271677626"
    },
    {
      "type": "Feature",
      "properties": {
        "@id": "way/272730394",
        "alt_name": "Jameson Reservoir",
        "ele": "48",
        "gnis:feature_id": "594288",
        "name": "Gilbert Pond",
        "natural": "water",
        "water": "reservoir",
        "@geometry": "center"
      },
      "geometry": {
        "type": "Point",
        "coordinates": [
          -76.8046164,
          38.5151765
        ]
      },
      "id": "way/272730394"
    },
    {
      "type": "Feature",
      "properties": {
        "@id": "way/272730395",
        "ele": "25",
        "gnis:feature_id": "1677172",
        "name": "Trinity Lake",
        "natural": "water",
        "water": "reservoir",
        "wikidata": "Q34931104",
        "@geometry": "center"
      },
      "geometry": {
        "type": "Point",
        "coordinates": [
          -76.8417391,
          38.4510503
        ]
      },
      "id": "way/272730395"
    },
    {
      "type": "Feature",
      "properties": {
        "@id": "way/273548697",
        "access": "private",
        "name": "Lake Ridge",
        "natural": "water",
        "water": "lake",
        "@geometry": "center"
      },
      "geometry": {
        "type": "Point",
        "coordinates": [
          -76.5798109,
          38.6600839
        ]
      },
      "id": "way/273548697"
    },
    {
      "type": "Feature",
      "properties": {
        "@id": "way/276140685",
        "name": "Lake Dale",
        "natural": "water",
        "water": "lake",
        "@geometry": "center"
      },
      "geometry": {
        "type": "Point",
        "coordinates": [
          -76.4367686,
          37.1158636
        ]
      },
      "id": "way/276140685"
    },
    {
      "type": "Feature",
      "properties": {
        "@id": "way/277180423",
        "name": "Hoehns Lake",
        "natural": "water",
        "water": "lake",
        "@geometry": "center"
      },
      "geometry": {
        "type": "Point",
        "coordinates": [
          -77.5264658,
          37.6416315
        ]
      },
      "id": "way/277180423"
    },
    {
      "type": "Feature",
      "properties": {
        "@id": "way/280672820",
        "ele": "3",
        "name": "Lake Wright",
        "natural": "water",
        "water": "lake",
        "@geometry": "center"
      },
      "geometry": {
        "type": "Point",
        "coordinates": [
          -76.1980681,
          36.8794472
        ]
      },
      "id": "way/280672820"
    },
    {
      "type": "Feature",
      "properties": {
        "@id": "way/280673061",
        "ele": "5",
        "gnis:feature_id": "1780094",
        "name": "Lake Edward",
        "natural": "water",
        "water": "lake",
        "@geometry": "center"
      },
      "geometry": {
        "type": "Point",
        "coordinates": [
          -76.1800336,
          36.8597731
        ]
      },
      "id": "way/280673061"
    },
    {
      "type": "Feature",
      "properties": {
        "@id": "way/282416424",
        "ele": "161",
        "gnis:feature_id": "594503",
        "name": "Damazo Pond",
        "natural": "water",
        "water": "reservoir",
        "@geometry": "center"
      },
      "geometry": {
        "type": "Point",
        "coordinates": [
          -77.6404387,
          39.3637985
        ]
      },
      "id": "way/282416424"
    },
    {
      "type": "Feature",
      "properties": {
        "@id": "way/282627659",
        "ele": "207",
        "gnis:feature_id": "1078386",
        "name": "Ross Lake",
        "natural": "water",
        "water": "lake",
        "wikidata": "Q20710894",
        "@geometry": "center"
      },
      "geometry": {
        "type": "Point",
        "coordinates": [
          -82.9090829,
          39.3423884
        ]
      },
      "id": "way/282627659"
    },
    {
      "type": "Feature",
      "properties": {
        "@id": "way/283153665",
        "name": "Noxontown Pond",
        "natural": "water",
        "water": "reservoir",
        "@geometry": "center"
      },
      "geometry": {
        "type": "Point",
        "coordinates": [
          -75.6880551,
          39.4233765
        ]
      },
      "id": "way/283153665"
    },
    {
      "type": "Feature",
      "properties": {
        "@id": "way/287411924",
        "ele": "219",
        "gnis:feature_id": "500145",
        "name": "Panbowl Lake",
        "natural": "water",
        "water": "reservoir",
        "@geometry": "center"
      },
      "geometry": {
        "type": "Point",
        "coordinates": [
          -83.3763394,
          37.566672
        ]
      },
      "id": "way/287411924"
    },
    {
      "type": "Feature",
      "properties": {
        "@id": "way/288135556",
        "name": "Little Beaver Lake",
        "natural": "water",
        "water": "lake",
        "@geometry": "center"
      },
      "geometry": {
        "type": "Point",
        "coordinates": [
          -81.0810099,
          37.7523443
        ]
      },
      "id": "way/288135556"
    },
    {
      "type": "Feature",
      "properties": {
        "@id": "way/288637785",
        "name": "Lake Koshare",
        "natural": "water",
        "water": "reservoir",
        "wikidata": "Q34899484",
        "@geometry": "center"
      },
      "geometry": {
        "type": "Point",
        "coordinates": [
          -79.4664346,
          39.457019
        ]
      },
      "id": "way/288637785"
    },
    {
      "type": "Feature",
      "properties": {
        "@id": "way/288844510",
        "name": "Kingstowne Lake",
        "natural": "water",
        "water": "lake",
        "@geometry": "center"
      },
      "geometry": {
        "type": "Point",
        "coordinates": [
          -77.1373761,
          38.7757311
        ]
      },
      "id": "way/288844510"
    },
    {
      "type": "Feature",
      "properties": {
        "@id": "way/289140394",
        "name": "Summit Lake",
        "natural": "water",
        "water": "lake",
        "wikidata": "Q7334127",
        "@geometry": "center"
      },
      "geometry": {
        "type": "Point",
        "coordinates": [
          -80.4369064,
          38.2525845
        ]
      },
      "id": "way/289140394"
    },
    {
      "type": "Feature",
      "properties": {
        "@id": "way/289749466",
        "name": "Caesar Lake",
        "natural": "water",
        "water": "lake",
        "@geometry": "center"
      },
      "geometry": {
        "type": "Point",
        "coordinates": [
          -80.4875894,
          38.4146005
        ]
      },
      "id": "way/289749466"
    },
    {
      "type": "Feature",
      "properties": {
        "@id": "way/289966234",
        "alt_name": "Buffalo Lake",
        "ele": "855",
        "fixme": "position",
        "gnis:feature_id": "1559221",
        "name": "Lake Buffalo",
        "natural": "water",
        "water": "lake",
        "@geometry": "center"
      },
      "geometry": {
        "type": "Point",
        "coordinates": [
          -79.701787,
          38.5315904
        ]
      },
      "id": "way/289966234"
    },
    {
      "type": "Feature",
      "properties": {
        "@id": "way/290451605",
        "ele": "383",
        "name": "Woodstock Reservoir",
        "natural": "water",
        "water": "reservoir",
        "@geometry": "center"
      },
      "geometry": {
        "type": "Point",
        "coordinates": [
          -78.6569139,
          38.9201987
        ]
      },
      "id": "way/290451605"
    },
    {
      "type": "Feature",
      "properties": {
        "@id": "way/290565951",
        "name": "Kiwanis Lake",
        "natural": "water",
        "water": "reservoir",
        "@geometry": "center"
      },
      "geometry": {
        "type": "Point",
        "coordinates": [
          -79.1499053,
          37.961258
        ]
      },
      "id": "way/290565951"
    },
    {
      "type": "Feature",
      "properties": {
        "@id": "way/293270067",
        "name": "Flat Top Lake",
        "natural": "water",
        "water": "lake",
        "wikidata": "Q34885682",
        "@geometry": "center"
      },
      "geometry": {
        "type": "Point",
        "coordinates": [
          -81.0999436,
          37.618986
        ]
      },
      "id": "way/293270067"
    },
    {
      "type": "Feature",
      "properties": {
        "@id": "way/293273281",
        "gnis:feature_id": "1545059",
        "name": "Plum Orchard Lake",
        "natural": "water",
        "water": "lake",
        "wikidata": "Q7205340",
        "wikipedia": "en:Plum Orchard Lake",
        "@geometry": "center"
      },
      "geometry": {
        "type": "Point",
        "coordinates": [
          -81.2173822,
          37.9441195
        ]
      },
      "id": "way/293273281"
    },
    {
      "type": "Feature",
      "properties": {
        "@id": "way/295419504",
        "name": "Broadford Lake",
        "natural": "water",
        "water": "lake",
        "@geometry": "center"
      },
      "geometry": {
        "type": "Point",
        "coordinates": [
          -79.3669262,
          39.4153238
        ]
      },
      "id": "way/295419504"
    },
    {
      "type": "Feature",
      "properties": {
        "@id": "way/299070909",
        "alt_name": "Alpine Lake",
        "ele": "779",
        "gnis:feature_id": "1540577",
        "name": "Hulls Lake",
        "natural": "water",
        "water": "reservoir",
        "@geometry": "center"
      },
      "geometry": {
        "type": "Point",
        "coordinates": [
          -79.4989126,
          39.4712871
        ]
      },
      "id": "way/299070909"
    },
    {
      "type": "Feature",
      "properties": {
        "@id": "way/299335586",
        "gnis:feature_id": "1539102",
        "name": "Lake Floyd",
        "natural": "water",
        "water": "reservoir",
        "@geometry": "center"
      },
      "geometry": {
        "type": "Point",
        "coordinates": [
          -80.5060993,
          39.2839914
        ]
      },
      "id": "way/299335586"
    },
    {
      "type": "Feature",
      "properties": {
        "@id": "way/301733403",
        "name": "Jackson's Pond",
        "natural": "water",
        "water": "reservoir",
        "@geometry": "center"
      },
      "geometry": {
        "type": "Point",
        "coordinates": [
          -77.657892,
          38.3045211
        ]
      },
      "id": "way/301733403"
    },
    {
      "type": "Feature",
      "properties": {
        "@id": "way/302968612",
        "ele": "278",
        "gnis:feature_id": "1489848",
        "name": "Fresh Water Pond",
        "natural": "water",
        "water": "reservoir",
        "@geometry": "center"
      },
      "geometry": {
        "type": "Point",
        "coordinates": [
          -78.3388008,
          39.2463984
        ]
      },
      "id": "way/302968612"
    },
    {
      "type": "Feature",
      "properties": {
        "@id": "way/302968613",
        "ele": "318",
        "gnis:feature_id": "1489850",
        "name": "Tailings Pond",
        "natural": "water",
        "water": "lake",
        "@geometry": "center"
      },
      "geometry": {
        "type": "Point",
        "coordinates": [
          -78.3354941,
          39.2431706
        ]
      },
      "id": "way/302968613"
    },
    {
      "type": "Feature",
      "properties": {
        "@id": "way/303802275",
        "name": "Deer Lake",
        "natural": "water",
        "water": "reservoir",
        "@geometry": "center"
      },
      "geometry": {
        "type": "Point",
        "coordinates": [
          -78.0419845,
          38.9619913
        ]
      },
      "id": "way/303802275"
    },
    {
      "type": "Feature",
      "properties": {
        "@id": "way/305306411",
        "name": "Whale Lake",
        "natural": "water",
        "water": "lake",
        "@geometry": "center"
      },
      "geometry": {
        "type": "Point",
        "coordinates": [
          -76.473754,
          37.0808853
        ]
      },
      "id": "way/305306411"
    },
    {
      "type": "Feature",
      "properties": {
        "@id": "way/307816366",
        "ele": "113",
        "gnis:feature_id": "1489540",
        "name": "Collins Lake",
        "natural": "water",
        "water": "reservoir",
        "@geometry": "center"
      },
      "geometry": {
        "type": "Point",
        "coordinates": [
          -78.2619572,
          37.4780471
        ]
      },
      "id": "way/307816366"
    },
    {
      "type": "Feature",
      "properties": {
        "@id": "way/307816368",
        "ele": "123",
        "gnis:feature_id": "1489570",
        "name": "Tom Rogers Farm Pond",
        "natural": "water",
        "water": "reservoir",
        "@geometry": "center"
      },
      "geometry": {
        "type": "Point",
        "coordinates": [
          -78.2470998,
          37.4805618
        ]
      },
      "id": "way/307816368"
    },
    {
      "type": "Feature",
      "properties": {
        "@id": "way/307816372",
        "ele": "115",
        "gnis:feature_id": "1489544",
        "name": "Clements Lake",
        "natural": "water",
        "water": "reservoir",
        "@geometry": "center"
      },
      "geometry": {
        "type": "Point",
        "coordinates": [
          -78.2605105,
          37.470201
        ]
      },
      "id": "way/307816372"
    },
    {
      "type": "Feature",
      "properties": {
        "@id": "way/310464296",
        "ele": "354",
        "name": "Rainbow Forest Lake",
        "natural": "water",
        "water": "lake",
        "@geometry": "center"
      },
      "geometry": {
        "type": "Point",
        "coordinates": [
          -79.8508669,
          37.3632426
        ]
      },
      "id": "way/310464296"
    },
    {
      "type": "Feature",
      "properties": {
        "@id": "way/310603548",
        "name": "UVA Wise Lake",
        "natural": "water",
        "water": "lake",
        "@geometry": "center"
      },
      "geometry": {
        "type": "Point",
        "coordinates": [
          -82.5614907,
          36.9720539
        ]
      },
      "id": "way/310603548"
    },
    {
      "type": "Feature",
      "properties": {
        "@id": "way/310603549",
        "name": "UVA Wise Lake",
        "natural": "water",
        "water": "lake",
        "@geometry": "center"
      },
      "geometry": {
        "type": "Point",
        "coordinates": [
          -82.5606502,
          36.9725914
        ]
      },
      "id": "way/310603549"
    },
    {
      "type": "Feature",
      "properties": {
        "@id": "way/313193683",
        "name": "Clarks Pond",
        "natural": "water",
        "water": "reservoir",
        "@geometry": "center"
      },
      "geometry": {
        "type": "Point",
        "coordinates": [
          -75.2094686,
          39.3893062
        ]
      },
      "id": "way/313193683"
    },
    {
      "type": "Feature",
      "properties": {
        "@id": "way/316916615",
        "ele": "5",
        "gnis:feature_id": "594372",
        "name": "Serene Lake",
        "natural": "water",
        "water": "reservoir",
        "@geometry": "center"
      },
      "geometry": {
        "type": "Point",
        "coordinates": [
          -76.312443,
          39.4319727
        ]
      },
      "id": "way/316916615"
    },
    {
      "type": "Feature",
      "properties": {
        "@id": "way/320605954",
        "name": "Charles Fork Lake",
        "natural": "water",
        "water": "lake",
        "@geometry": "center"
      },
      "geometry": {
        "type": "Point",
        "coordinates": [
          -81.3447762,
          38.7609807
        ]
      },
      "id": "way/320605954"
    },
    {
      "type": "Feature",
      "properties": {
        "@id": "way/321193354",
        "intermittent": "no",
        "name": "Mountwood Park Lake",
        "natural": "water",
        "salt": "no",
        "tidal": "no",
        "water": "lake",
        "@geometry": "center"
      },
      "geometry": {
        "type": "Point",
        "coordinates": [
          -81.3087483,
          39.2430722
        ]
      },
      "id": "way/321193354"
    },
    {
      "type": "Feature",
      "properties": {
        "@id": "way/322131685",
        "gnis:feature_id": "1540264",
        "name": "Highland Lake",
        "natural": "water",
        "water": "reservoir",
        "@geometry": "center"
      },
      "geometry": {
        "type": "Point",
        "coordinates": [
          -81.6341429,
          39.2651289
        ]
      },
      "id": "way/322131685"
    },
    {
      "type": "Feature",
      "properties": {
        "@id": "way/322131686",
        "gnis:feature_id": "1546055",
        "name": "Lake Ron",
        "natural": "water",
        "water": "reservoir",
        "@geometry": "center"
      },
      "geometry": {
        "type": "Point",
        "coordinates": [
          -81.6316551,
          39.2633448
        ]
      },
      "id": "way/322131686"
    },
    {
      "type": "Feature",
      "properties": {
        "@id": "way/323743055",
        "name": "Forest Hills of Fairfax Community Pond",
        "natural": "water",
        "salt": "no",
        "water": "lake",
        "@geometry": "center"
      },
      "geometry": {
        "type": "Point",
        "coordinates": [
          -77.346268,
          38.8476751
        ]
      },
      "id": "way/323743055"
    },
    {
      "type": "Feature",
      "properties": {
        "@id": "way/331328167",
        "ele": "231",
        "gnis:feature_id": "1545577",
        "landuse": "reservoir",
        "name": "Ridge View Twin Lakes",
        "natural": "water",
        "water": "lake",
        "@geometry": "center"
      },
      "geometry": {
        "type": "Point",
        "coordinates": [
          -81.9876141,
          37.9274766
        ]
      },
      "id": "way/331328167"
    },
    {
      "type": "Feature",
      "properties": {
        "@id": "way/332132191",
        "ele": "332",
        "gnis:feature_id": "1541181",
        "name": "Keyser Reservoir",
        "natural": "water",
        "water": "reservoir",
        "@geometry": "center"
      },
      "geometry": {
        "type": "Point",
        "coordinates": [
          -78.9820193,
          39.3897743
        ]
      },
      "id": "way/332132191"
    },
    {
      "type": "Feature",
      "properties": {
        "@id": "way/333543094",
        "name": "Middle Lake Holly",
        "natural": "water",
        "water": "lake",
        "@geometry": "center"
      },
      "geometry": {
        "type": "Point",
        "coordinates": [
          -75.9745611,
          36.8381712
        ]
      },
      "id": "way/333543094"
    },
    {
      "type": "Feature",
      "properties": {
        "@id": "way/343705177",
        "intermittent": "yes",
        "name": "Wolf Creek Headwaters",
        "natural": "water",
        "water": "reservoir",
        "@geometry": "center"
      },
      "geometry": {
        "type": "Point",
        "coordinates": [
          -79.8485897,
          37.3029966
        ]
      },
      "id": "way/343705177"
    },
    {
      "type": "Feature",
      "properties": {
        "@id": "way/344719040",
        "ele": "3",
        "gnis:feature_id": "1478934",
        "name": "Lake Lawson",
        "natural": "water",
        "water": "reservoir",
        "@geometry": "center"
      },
      "geometry": {
        "type": "Point",
        "coordinates": [
          -76.1711471,
          36.8879025
        ]
      },
      "id": "way/344719040"
    },
    {
      "type": "Feature",
      "properties": {
        "@id": "way/346742613",
        "ele": "15",
        "name": "Rennicks Pond",
        "natural": "water",
        "water": "reservoir",
        "@geometry": "center"
      },
      "geometry": {
        "type": "Point",
        "coordinates": [
          -76.7642081,
          37.2685444
        ]
      },
      "id": "way/346742613"
    },
    {
      "type": "Feature",
      "properties": {
        "@id": "way/348078065",
        "ele": "194",
        "name": "Yukon Lake",
        "natural": "water",
        "water": "lake",
        "@geometry": "center"
      },
      "geometry": {
        "type": "Point",
        "coordinates": [
          -81.5686719,
          38.5581011
        ]
      },
      "id": "way/348078065"
    },
    {
      "type": "Feature",
      "properties": {
        "@id": "way/348453458",
        "ele": "762",
        "gnis:feature_id": "1546784",
        "name": "Silver Lake",
        "natural": "water",
        "water": "reservoir",
        "@geometry": "center"
      },
      "geometry": {
        "type": "Point",
        "coordinates": [
          -79.4957189,
          39.2546516
        ]
      },
      "id": "way/348453458"
    },
    {
      "type": "Feature",
      "properties": {
        "@id": "way/353014102",
        "ele": "41",
        "gnis:feature_id": "1490756",
        "name": "Camp Four Lake",
        "natural": "water",
        "water": "reservoir",
        "@geometry": "center"
      },
      "geometry": {
        "type": "Point",
        "coordinates": [
          -77.3571258,
          38.5903034
        ]
      },
      "id": "way/353014102"
    },
    {
      "type": "Feature",
      "properties": {
        "@id": "way/353968957",
        "ele": "11",
        "gnis:feature_id": "594388",
        "name": "Hagerstown City Park Lake",
        "natural": "water",
        "water": "reservoir",
        "@geometry": "center"
      },
      "geometry": {
        "type": "Point",
        "coordinates": [
          -76.6791928,
          38.7415319
        ]
      },
      "id": "way/353968957"
    },
    {
      "type": "Feature",
      "properties": {
        "@id": "way/353969980",
        "ele": "2",
        "gnis:feature_id": "1676567",
        "name": "Cove Lake",
        "natural": "water",
        "water": "reservoir",
        "@geometry": "center"
      },
      "geometry": {
        "type": "Point",
        "coordinates": [
          -76.3921883,
          38.3703999
        ]
      },
      "id": "way/353969980"
    },
    {
      "type": "Feature",
      "properties": {
        "@id": "way/354380355",
        "addr:state": "MD",
        "gnis:feature_id": "596328",
        "name": "Holligans Snooze Inlet",
        "natural": "water",
        "water": "lake",
        "@geometry": "center"
      },
      "geometry": {
        "type": "Point",
        "coordinates": [
          -76.3688218,
          38.842768
        ]
      },
      "id": "way/354380355"
    },
    {
      "type": "Feature",
      "properties": {
        "@id": "way/354871729",
        "ele": "0",
        "gnis:feature_id": "596281",
        "name": "Lake Cardoza",
        "natural": "water",
        "water": "reservoir",
        "@geometry": "center"
      },
      "geometry": {
        "type": "Point",
        "coordinates": [
          -76.3602884,
          38.9375512
        ]
      },
      "id": "way/354871729"
    },
    {
      "type": "Feature",
      "properties": {
        "@id": "way/360205151",
        "name": "Penniman Lake",
        "natural": "water",
        "water": "reservoir",
        "wikidata": "Q49702301",
        "@geometry": "center"
      },
      "geometry": {
        "type": "Point",
        "coordinates": [
          -76.6029419,
          37.2801953
        ]
      },
      "id": "way/360205151"
    },
    {
      "type": "Feature",
      "properties": {
        "@id": "way/360640262",
        "ele": "6",
        "gnis:feature_id": "1468858",
        "name": "Jones Mill Pond",
        "natural": "water",
        "water": "reservoir",
        "@geometry": "center"
      },
      "geometry": {
        "type": "Point",
        "coordinates": [
          -76.6425707,
          37.2767946
        ]
      },
      "id": "way/360640262"
    },
    {
      "type": "Feature",
      "properties": {
        "@id": "way/362493638",
        "gnis:feature_id": "1501966",
        "name": "Burke Pond",
        "natural": "water",
        "water": "reservoir",
        "wikidata": "Q49700150",
        "@geometry": "center"
      },
      "geometry": {
        "type": "Point",
        "coordinates": [
          -76.463593,
          37.4815613
        ]
      },
      "id": "way/362493638"
    },
    {
      "type": "Feature",
      "properties": {
        "@id": "way/363789077",
        "ele": "0",
        "gnis:feature_id": "1479877",
        "name": "White Hill Lake",
        "natural": "water",
        "water": "reservoir",
        "@geometry": "center"
      },
      "geometry": {
        "type": "Point",
        "coordinates": [
          -76.0266902,
          36.9034227
        ]
      },
      "id": "way/363789077"
    },
    {
      "type": "Feature",
      "properties": {
        "@id": "way/368366024",
        "name": "Warhill pond",
        "natural": "water",
        "water": "lake",
        "@geometry": "center"
      },
      "geometry": {
        "type": "Point",
        "coordinates": [
          -76.7686951,
          37.3267795
        ]
      },
      "id": "way/368366024"
    },
    {
      "type": "Feature",
      "properties": {
        "@id": "way/370511393",
        "name": "Engh Pond",
        "natural": "water",
        "source": "Bing",
        "water": "reservoir",
        "@geometry": "center"
      },
      "geometry": {
        "type": "Point",
        "coordinates": [
          -77.526918,
          38.6402735
        ]
      },
      "id": "way/370511393"
    },
    {
      "type": "Feature",
      "properties": {
        "@id": "way/372539239",
        "ele": "74",
        "gnis:feature_id": "1490760",
        "name": "Camp Three Lake",
        "natural": "water",
        "source": "Bing",
        "water": "reservoir",
        "@geometry": "center"
      },
      "geometry": {
        "type": "Point",
        "coordinates": [
          -77.3569887,
          38.5639257
        ]
      },
      "id": "way/372539239"
    },
    {
      "type": "Feature",
      "properties": {
        "@id": "way/374104358",
        "ele": "1",
        "gnis:feature_id": "1479792",
        "name": "Varian Lake",
        "natural": "water",
        "water": "lake",
        "@geometry": "center"
      },
      "geometry": {
        "type": "Point",
        "coordinates": [
          -76.1486088,
          36.9219095
        ]
      },
      "id": "way/374104358"
    },
    {
      "type": "Feature",
      "properties": {
        "@id": "way/374219095",
        "ele": "204",
        "gnis:feature_id": "1546996",
        "name": "Smith Lakes",
        "natural": "water",
        "water": "reservoir",
        "@geometry": "center"
      },
      "geometry": {
        "type": "Point",
        "coordinates": [
          -81.5796709,
          39.2344356
        ]
      },
      "id": "way/374219095"
    },
    {
      "type": "Feature",
      "properties": {
        "@id": "way/375861403",
        "name": "Little Lake Arrowhead",
        "natural": "water",
        "water": "lake",
        "@geometry": "center"
      },
      "geometry": {
        "type": "Point",
        "coordinates": [
          -77.5473605,
          38.4986491
        ]
      },
      "id": "way/375861403"
    },
    {
      "type": "Feature",
      "properties": {
        "@id": "way/375861700",
        "name": "Big Lake Arrowhead",
        "natural": "water",
        "water": "lake",
        "@geometry": "center"
      },
      "geometry": {
        "type": "Point",
        "coordinates": [
          -77.5443494,
          38.5032784
        ]
      },
      "id": "way/375861700"
    },
    {
      "type": "Feature",
      "properties": {
        "@id": "way/376611342",
        "alt_name": "Skidmore Reservoir",
        "ele": "693",
        "gnis:feature_id": "1490819",
        "intermittent": "no",
        "name": "Switzer Lake",
        "natural": "water",
        "water": "reservoir",
        "@geometry": "center"
      },
      "geometry": {
        "type": "Point",
        "coordinates": [
          -79.1429648,
          38.5669655
        ]
      },
      "id": "way/376611342"
    },
    {
      "type": "Feature",
      "properties": {
        "@id": "way/382184990",
        "ele": "413",
        "gnis:feature_id": "1490535",
        "name": "Morning Star Lake",
        "natural": "water",
        "water": "reservoir",
        "@geometry": "center"
      },
      "geometry": {
        "type": "Point",
        "coordinates": [
          -78.3629333,
          38.6419533
        ]
      },
      "id": "way/382184990"
    },
    {
      "type": "Feature",
      "properties": {
        "@id": "way/383459736",
        "ele": "4",
        "gnis:feature_id": "1502049",
        "name": "Jolly Pond",
        "natural": "water",
        "water": "reservoir",
        "wikidata": "Q49701263",
        "@geometry": "center"
      },
      "geometry": {
        "type": "Point",
        "coordinates": [
          -76.8210343,
          37.3015852
        ]
      },
      "id": "way/383459736"
    },
    {
      "type": "Feature",
      "properties": {
        "@id": "way/384141903",
        "ele": "7",
        "gnis:feature_id": "1502052",
        "name": "Lake Kilby",
        "natural": "water",
        "reservoir_type": "water_storage",
        "water": "reservoir",
        "@geometry": "center"
      },
      "geometry": {
        "type": "Point",
        "coordinates": [
          -76.6098252,
          36.7218118
        ]
      },
      "id": "way/384141903"
    },
    {
      "type": "Feature",
      "properties": {
        "@id": "way/384796022",
        "name": "Lake Hughes",
        "natural": "water",
        "water": "lake",
        "@geometry": "center"
      },
      "geometry": {
        "type": "Point",
        "coordinates": [
          -76.2349731,
          36.7434692
        ]
      },
      "id": "way/384796022"
    },
    {
      "type": "Feature",
      "properties": {
        "@id": "way/385903265",
        "ele": "473",
        "gnis:feature_id": "1490810",
        "name": "Union Spring Hollow Lake",
        "natural": "water",
        "water": "reservoir",
        "@geometry": "center"
      },
      "geometry": {
        "type": "Point",
        "coordinates": [
          -79.0627436,
          38.472098
        ]
      },
      "id": "way/385903265"
    },
    {
      "type": "Feature",
      "properties": {
        "@id": "way/385940457",
        "ele": "39",
        "gnis:feature_id": "598096",
        "name": "Snowden Pond",
        "natural": "water",
        "water": "reservoir",
        "@geometry": "center"
      },
      "geometry": {
        "type": "Point",
        "coordinates": [
          -76.8148045,
          39.0527115
        ]
      },
      "id": "way/385940457"
    },
    {
      "type": "Feature",
      "properties": {
        "@id": "way/387929453",
        "ele": "196",
        "gnis:feature_id": "1474569",
        "name": "Shrader Lake",
        "natural": "water",
        "water": "reservoir",
        "@geometry": "center"
      },
      "geometry": {
        "type": "Point",
        "coordinates": [
          -78.9868707,
          37.5423413
        ]
      },
      "id": "way/387929453"
    },
    {
      "type": "Feature",
      "properties": {
        "@id": "way/389899192",
        "ele": "438",
        "gnis:feature_id": "1483077",
        "intermittent": "no",
        "name": "Douthat Lake",
        "natural": "water",
        "water": "reservoir",
        "@geometry": "center"
      },
      "geometry": {
        "type": "Point",
        "coordinates": [
          -79.8004462,
          37.9060059
        ]
      },
      "id": "way/389899192"
    },
    {
      "type": "Feature",
      "properties": {
        "@id": "way/390906600",
        "ele": "738",
        "gnis:feature_id": "594319",
        "name": "Little Yok Number 5 Reservoir",
        "natural": "water",
        "salt": "no",
        "tidal": "no",
        "water": "reservoir",
        "@geometry": "center"
      },
      "geometry": {
        "type": "Point",
        "coordinates": [
          -79.3742148,
          39.3736553
        ]
      },
      "id": "way/390906600"
    },
    {
      "type": "Feature",
      "properties": {
        "@id": "way/391055482",
        "ele": "735",
        "gnis:feature_id": "594300",
        "name": "Little Yok Number 1 Reservoir",
        "natural": "water",
        "salt": "no",
        "tidal": "no",
        "water": "reservoir",
        "@geometry": "center"
      },
      "geometry": {
        "type": "Point",
        "coordinates": [
          -79.3988606,
          39.4153778
        ]
      },
      "id": "way/391055482"
    },
    {
      "type": "Feature",
      "properties": {
        "@id": "way/391055483",
        "ele": "757",
        "gnis:feature_id": "594279",
        "name": "Little Yok Number 7 Reservoir",
        "natural": "water",
        "salt": "no",
        "tidal": "no",
        "water": "reservoir",
        "@geometry": "center"
      },
      "geometry": {
        "type": "Point",
        "coordinates": [
          -79.3037929,
          39.4230225
        ]
      },
      "id": "way/391055483"
    },
    {
      "type": "Feature",
      "properties": {
        "@id": "way/391286307",
        "gnis:feature_id": "594241",
        "name": "Herrington Manor Recreation Area Reservoir",
        "natural": "water",
        "water": "reservoir",
        "@geometry": "center"
      },
      "geometry": {
        "type": "Point",
        "coordinates": [
          -79.4572505,
          39.4556384
        ]
      },
      "id": "way/391286307"
    },
    {
      "type": "Feature",
      "properties": {
        "@id": "way/392300860",
        "ele": "578",
        "gnis:feature_id": "1739675",
        "name": "Todd Lake",
        "natural": "water",
        "water": "reservoir",
        "@geometry": "center"
      },
      "geometry": {
        "type": "Point",
        "coordinates": [
          -79.2067459,
          38.3650025
        ]
      },
      "id": "way/392300860"
    },
    {
      "type": "Feature",
      "properties": {
        "@id": "way/392303119",
        "name": "Briery Branch Reservoir",
        "natural": "water",
        "water": "reservoir",
        "@geometry": "center"
      },
      "geometry": {
        "type": "Point",
        "coordinates": [
          -79.1615733,
          38.4503634
        ]
      },
      "id": "way/392303119"
    },
    {
      "type": "Feature",
      "properties": {
        "@id": "way/392331688",
        "ele": "543",
        "gnis:feature_id": "1502033",
        "name": "Hearthstone Lake",
        "natural": "water",
        "water": "reservoir",
        "wikidata": "Q49701056",
        "@geometry": "center"
      },
      "geometry": {
        "type": "Point",
        "coordinates": [
          -79.1622415,
          38.3948789
        ]
      },
      "id": "way/392331688"
    },
    {
      "type": "Feature",
      "properties": {
        "@id": "way/392704719",
        "ele": "205",
        "gnis:feature_id": "1078117",
        "name": "Rio Grande Reservoir",
        "natural": "water",
        "water": "reservoir",
        "@geometry": "center"
      },
      "geometry": {
        "type": "Point",
        "coordinates": [
          -82.3900917,
          38.8825902
        ]
      },
      "id": "way/392704719"
    },
    {
      "type": "Feature",
      "properties": {
        "@id": "way/392891429",
        "ele": "253",
        "gnis:feature_id": "1540645",
        "name": "Hyer Lake",
        "natural": "water",
        "water": "lake",
        "@geometry": "center"
      },
      "geometry": {
        "type": "Point",
        "coordinates": [
          -81.9777787,
          37.9591882
        ]
      },
      "id": "way/392891429"
    },
    {
      "type": "Feature",
      "properties": {
        "@id": "way/393274213",
        "ele": "202",
        "gnis:feature_id": "1070798",
        "name": "Lake Katharine",
        "natural": "water",
        "water": "reservoir",
        "@geometry": "center"
      },
      "geometry": {
        "type": "Point",
        "coordinates": [
          -82.6797433,
          39.0864865
        ]
      },
      "id": "way/393274213"
    },
    {
      "type": "Feature",
      "properties": {
        "@id": "way/393487804",
        "ele": "565",
        "gnis:feature_id": "1550445",
        "name": "Brandywine Lake",
        "natural": "water",
        "water": "reservoir",
        "@geometry": "center"
      },
      "geometry": {
        "type": "Point",
        "coordinates": [
          -79.2040117,
          38.6007059
        ]
      },
      "id": "way/393487804"
    },
    {
      "type": "Feature",
      "properties": {
        "@id": "way/393487837",
        "name": "Dam No. 12",
        "natural": "water",
        "water": "reservoir",
        "@geometry": "center"
      },
      "geometry": {
        "type": "Point",
        "coordinates": [
          -79.2187664,
          38.6359744
        ]
      },
      "id": "way/393487837"
    },
    {
      "type": "Feature",
      "properties": {
        "@id": "way/394125798",
        "name": "Pine Lake",
        "natural": "water",
        "water": "reservoir",
        "@geometry": "center"
      },
      "geometry": {
        "type": "Point",
        "coordinates": [
          -78.4249698,
          38.8825631
        ]
      },
      "id": "way/394125798"
    },
    {
      "type": "Feature",
      "properties": {
        "@id": "way/394164780",
        "name": "Strasburg Reservoir",
        "natural": "water",
        "water": "reservoir",
        "@geometry": "center"
      },
      "geometry": {
        "type": "Point",
        "coordinates": [
          -78.3545263,
          38.9456288
        ]
      },
      "id": "way/394164780"
    },
    {
      "type": "Feature",
      "properties": {
        "@id": "way/395436872",
        "name": "Phallus Lake",
        "natural": "water",
        "water": "lake",
        "@geometry": "center"
      },
      "geometry": {
        "type": "Point",
        "coordinates": [
          -77.6619267,
          39.2891474
        ]
      },
      "id": "way/395436872"
    },
    {
      "type": "Feature",
      "properties": {
        "@id": "way/395458414",
        "intermittent": "no",
        "name": "Drum Point Lake",
        "natural": "water",
        "salt": "no",
        "tidal": "no",
        "water": "lake",
        "@geometry": "center"
      },
      "geometry": {
        "type": "Point",
        "coordinates": [
          -76.4223615,
          38.3242756
        ]
      },
      "id": "way/395458414"
    },
    {
      "type": "Feature",
      "properties": {
        "@id": "way/396637300",
        "boat": "no",
        "canoe": "yes",
        "fishing": "yes",
        "fixme": "Figure out how to tag:\n\nTrout daily limit 4 fish\nTrout license required Nov 1 to Apr 30\n\nCatfish daily limit 4 fish\nCatfish no closed season\n\n\nStocked trout waters\nNo lure restrictions",
        "intermittent": "no",
        "motorboat": "no",
        "name": "Clemmons Lake",
        "natural": "water",
        "salt": "no",
        "ship": "no",
        "source:geometry": "City of Lynchburg",
        "tidal": "no",
        "water": "lake",
        "@geometry": "center"
      },
      "geometry": {
        "type": "Point",
        "coordinates": [
          -79.2339672,
          37.4050117
        ]
      },
      "id": "way/396637300"
    },
    {
      "type": "Feature",
      "properties": {
        "@id": "way/396786621",
        "ele": "784",
        "gnis:feature_id": "594284",
        "name": "Little Yok Number 6 Reservoir",
        "natural": "water",
        "salt": "no",
        "tidal": "no",
        "water": "reservoir",
        "@geometry": "center"
      },
      "geometry": {
        "type": "Point",
        "coordinates": [
          -79.3357859,
          39.4138819
        ]
      },
      "id": "way/396786621"
    },
    {
      "type": "Feature",
      "properties": {
        "@id": "way/398451339",
        "name": "Pendleton Lake",
        "natural": "water",
        "water": "lake",
        "@geometry": "center"
      },
      "geometry": {
        "type": "Point",
        "coordinates": [
          -79.4980464,
          39.1178102
        ]
      },
      "id": "way/398451339"
    },
    {
      "type": "Feature",
      "properties": {
        "@id": "way/398591697",
        "name": "Moore's Lake",
        "natural": "water",
        "water": "lake",
        "wikidata": "Q14685679",
        "@geometry": "center"
      },
      "geometry": {
        "type": "Point",
        "coordinates": [
          -75.5233843,
          39.1268719
        ]
      },
      "id": "way/398591697"
    },
    {
      "type": "Feature",
      "properties": {
        "@id": "way/398591699",
        "name": "Andrews Lake",
        "natural": "water",
        "water": "lake",
        "@geometry": "center"
      },
      "geometry": {
        "type": "Point",
        "coordinates": [
          -75.5130293,
          39.0229284
        ]
      },
      "id": "way/398591699"
    },
    {
      "type": "Feature",
      "properties": {
        "@id": "way/398804370",
        "name": "Wyoming Lake",
        "natural": "water",
        "water": "lake",
        "wikidata": "Q34936213",
        "@geometry": "center"
      },
      "geometry": {
        "type": "Point",
        "coordinates": [
          -75.5632592,
          39.1236865
        ]
      },
      "id": "way/398804370"
    },
    {
      "type": "Feature",
      "properties": {
        "@id": "way/402061466",
        "name": "Spruce Knob Lake",
        "natural": "water",
        "water": "reservoir",
        "wikidata": "Q17299817",
        "wikipedia": "en:Spruce Knob Lake (West Virginia)",
        "@geometry": "center"
      },
      "geometry": {
        "type": "Point",
        "coordinates": [
          -79.5880721,
          38.70273
        ]
      },
      "id": "way/402061466"
    },
    {
      "type": "Feature",
      "properties": {
        "@id": "way/403621957",
        "name": "Ox Bow Lake",
        "natural": "water",
        "water": "lake",
        "@geometry": "center"
      },
      "geometry": {
        "type": "Point",
        "coordinates": [
          -78.3280247,
          38.8506127
        ]
      },
      "id": "way/403621957"
    },
    {
      "type": "Feature",
      "properties": {
        "@id": "way/404113509",
        "intermittent": "no",
        "name": "Stoney Creek Pond",
        "natural": "water",
        "salt": "no",
        "tidal": "no",
        "water": "lake",
        "@geometry": "center"
      },
      "geometry": {
        "type": "Point",
        "coordinates": [
          -77.0984646,
          38.9946378
        ]
      },
      "id": "way/404113509"
    },
    {
      "type": "Feature",
      "properties": {
        "@id": "way/404721084",
        "name": "Lake Windsor",
        "natural": "water",
        "water": "lake",
        "@geometry": "center"
      },
      "geometry": {
        "type": "Point",
        "coordinates": [
          -76.1169752,
          36.830214
        ]
      },
      "id": "way/404721084"
    },
    {
      "type": "Feature",
      "properties": {
        "@id": "way/405538074",
        "ele": "86",
        "gnis:feature_id": "594309",
        "name": "Great Falls Estate Lake",
        "natural": "water",
        "water": "reservoir",
        "@geometry": "center"
      },
      "geometry": {
        "type": "Point",
        "coordinates": [
          -77.2351328,
          39.0113409
        ]
      },
      "id": "way/405538074"
    },
    {
      "type": "Feature",
      "properties": {
        "@id": "way/409238290",
        "ele": "966",
        "gnis:feature_id": "1557458",
        "name": "Elk Run Reservoir",
        "natural": "water",
        "water": "reservoir",
        "wikidata": "Q34884832",
        "@geometry": "center"
      },
      "geometry": {
        "type": "Point",
        "coordinates": [
          -79.3984953,
          39.2036542
        ]
      },
      "id": "way/409238290"
    },
    {
      "type": "Feature",
      "properties": {
        "@id": "way/414712974",
        "ele": "418",
        "gnis:feature_id": "1474960",
        "name": "Sportsman Lake",
        "natural": "water",
        "water": "reservoir",
        "@geometry": "center"
      },
      "geometry": {
        "type": "Point",
        "coordinates": [
          -82.2202907,
          37.1255152
        ]
      },
      "id": "way/414712974"
    },
    {
      "type": "Feature",
      "properties": {
        "@id": "way/414743663",
        "ele": "27",
        "gnis:feature_id": "1490060",
        "name": "Barkers Millpond",
        "natural": "water",
        "water": "reservoir",
        "@geometry": "center"
      },
      "geometry": {
        "type": "Point",
        "coordinates": [
          -77.2584927,
          37.5643392
        ]
      },
      "id": "way/414743663"
    },
    {
      "type": "Feature",
      "properties": {
        "@id": "way/414743665",
        "ele": "44",
        "gnis:feature_id": "1490017",
        "name": "Gaines Millpond",
        "natural": "water",
        "water": "reservoir",
        "@geometry": "center"
      },
      "geometry": {
        "type": "Point",
        "coordinates": [
          -77.302105,
          37.589669
        ]
      },
      "id": "way/414743665"
    },
    {
      "type": "Feature",
      "properties": {
        "@id": "way/414749698",
        "ele": "91",
        "gnis:feature_id": "1489557",
        "name": "Swans Lake",
        "natural": "water",
        "water": "reservoir",
        "wikidata": "Q49702855",
        "@geometry": "center"
      },
      "geometry": {
        "type": "Point",
        "coordinates": [
          -78.2533738,
          37.4215839
        ]
      },
      "id": "way/414749698"
    },
    {
      "type": "Feature",
      "properties": {
        "@id": "way/415122772",
        "ele": "191",
        "gnis:feature_id": "1079182",
        "name": "Meigs Mine Number One Water Supply Reservoir",
        "natural": "water",
        "water": "reservoir",
        "@geometry": "center"
      },
      "geometry": {
        "type": "Point",
        "coordinates": [
          -82.2390396,
          39.0690503
        ]
      },
      "id": "way/415122772"
    },
    {
      "type": "Feature",
      "properties": {
        "@id": "way/416820624",
        "name": "Oak Grove Lake",
        "natural": "water",
        "water": "lake",
        "@geometry": "center"
      },
      "geometry": {
        "type": "Point",
        "coordinates": [
          -76.2597723,
          36.7535331
        ]
      },
      "id": "way/416820624"
    },
    {
      "type": "Feature",
      "properties": {
        "@id": "way/417125880",
        "name": "Lake Lesa",
        "natural": "water",
        "water": "lake",
        "@geometry": "center"
      },
      "geometry": {
        "type": "Point",
        "coordinates": [
          -76.152979,
          36.5834031
        ]
      },
      "id": "way/417125880"
    },
    {
      "type": "Feature",
      "properties": {
        "@id": "way/417627134",
        "ele": "206",
        "gnis:feature_id": "2027224",
        "name": "Lake Ferndale",
        "natural": "water",
        "water": "reservoir",
        "wikidata": "Q34885456",
        "@geometry": "center"
      },
      "geometry": {
        "type": "Point",
        "coordinates": [
          -78.6059915,
          39.4605663
        ]
      },
      "id": "way/417627134"
    },
    {
      "type": "Feature",
      "properties": {
        "@id": "way/420334304",
        "ele": "169",
        "gnis:feature_id": "1489744",
        "name": "Sherwood Lake",
        "natural": "water",
        "water": "lake",
        "@geometry": "center"
      },
      "geometry": {
        "type": "Point",
        "coordinates": [
          -77.7768869,
          38.9313912
        ]
      },
      "id": "way/420334304"
    },
    {
      "type": "Feature",
      "properties": {
        "@id": "way/424181208",
        "name": "Beartree Lake",
        "natural": "water",
        "water": "lake",
        "@geometry": "center"
      },
      "geometry": {
        "type": "Point",
        "coordinates": [
          -81.6890573,
          36.6580235
        ]
      },
      "id": "way/424181208"
    },
    {
      "type": "Feature",
      "properties": {
        "@id": "way/424862452",
        "ele": "252",
        "gnis:feature_id": "1078064",
        "name": "Laycocks Farm Pond Number One",
        "natural": "water",
        "water": "reservoir",
        "wikidata": "Q113412911",
        "@geometry": "center"
      },
      "geometry": {
        "type": "Point",
        "coordinates": [
          -83.4831454,
          38.9124669
        ]
      },
      "id": "way/424862452"
    },
    {
      "type": "Feature",
      "properties": {
        "@id": "way/424862453",
        "ele": "235",
        "gnis:feature_id": "1078066",
        "name": "Laycocks Farm Pond Number Two",
        "natural": "water",
        "water": "reservoir",
        "wikidata": "Q113412910",
        "@geometry": "center"
      },
      "geometry": {
        "type": "Point",
        "coordinates": [
          -83.4894432,
          38.9155723
        ]
      },
      "id": "way/424862453"
    },
    {
      "type": "Feature",
      "properties": {
        "@id": "way/426284499",
        "ele": "377",
        "gnis:feature_id": "486449",
        "name": "Bartleys Lake",
        "natural": "water",
        "water": "reservoir",
        "@geometry": "center"
      },
      "geometry": {
        "type": "Point",
        "coordinates": [
          -83.6693537,
          36.6757664
        ]
      },
      "id": "way/426284499"
    },
    {
      "type": "Feature",
      "properties": {
        "@id": "way/436236800",
        "ele": "130",
        "gnis:feature_id": "1490260",
        "intermittent": "no",
        "name": "McGhee Lake",
        "natural": "water",
        "water": "reservoir",
        "@geometry": "center"
      },
      "geometry": {
        "type": "Point",
        "coordinates": [
          -77.7478628,
          39.0280952
        ]
      },
      "id": "way/436236800"
    },
    {
      "type": "Feature",
      "properties": {
        "@id": "way/436644706",
        "name": "Shady Grove Pond",
        "natural": "water",
        "water": "reservoir",
        "@geometry": "center"
      },
      "geometry": {
        "type": "Point",
        "coordinates": [
          -77.1770246,
          38.0595606
        ]
      },
      "id": "way/436644706"
    },
    {
      "type": "Feature",
      "properties": {
        "@id": "way/436968993",
        "name": "Big Ditch Lake",
        "natural": "water",
        "water": "lake",
        "@geometry": "center"
      },
      "geometry": {
        "type": "Point",
        "coordinates": [
          -80.5724296,
          38.4081463
        ]
      },
      "id": "way/436968993"
    },
    {
      "type": "Feature",
      "properties": {
        "@id": "way/437385090",
        "ele": "8",
        "gnis:feature_id": "594327",
        "name": "Saefern Lake",
        "natural": "water",
        "water": "reservoir",
        "@geometry": "center"
      },
      "geometry": {
        "type": "Point",
        "coordinates": [
          -76.5402337,
          39.0130701
        ]
      },
      "id": "way/437385090"
    },
    {
      "type": "Feature",
      "properties": {
        "@id": "way/438221082",
        "name": "Bigler Millpond",
        "natural": "water",
        "reservoir_type": "water_storage",
        "water": "reservoir",
        "@geometry": "center"
      },
      "geometry": {
        "type": "Point",
        "coordinates": [
          -76.6503893,
          37.3335048
        ]
      },
      "id": "way/438221082"
    },
    {
      "type": "Feature",
      "properties": {
        "@id": "way/438485120",
        "name": "Powell Lake",
        "natural": "water",
        "water": "lake",
        "@geometry": "center"
      },
      "geometry": {
        "type": "Point",
        "coordinates": [
          -76.6634355,
          37.3559384
        ]
      },
      "id": "way/438485120"
    },
    {
      "type": "Feature",
      "properties": {
        "@id": "way/441086554",
        "ele": "244",
        "gnis:feature_id": "1541478",
        "name": "Laurel Lake",
        "natural": "water",
        "water": "reservoir",
        "@geometry": "center"
      },
      "geometry": {
        "type": "Point",
        "coordinates": [
          -82.2119707,
          37.8437692
        ]
      },
      "id": "way/441086554"
    },
    {
      "type": "Feature",
      "properties": {
        "@id": "way/442740554",
        "ele": "646",
        "gnis:feature_id": "1490821",
        "name": "Lower North River Site 82 Lake",
        "natural": "water",
        "water": "reservoir",
        "@geometry": "center"
      },
      "geometry": {
        "type": "Point",
        "coordinates": [
          -79.1244322,
          38.5900315
        ]
      },
      "id": "way/442740554"
    },
    {
      "type": "Feature",
      "properties": {
        "@id": "way/443222662",
        "name": "Dalton Pond",
        "natural": "water",
        "source": "USGS Topographic Maps; Bing; GNIS",
        "water": "reservoir",
        "@geometry": "center"
      },
      "geometry": {
        "type": "Point",
        "coordinates": [
          -77.5594094,
          38.567337
        ]
      },
      "id": "way/443222662"
    },
    {
      "type": "Feature",
      "properties": {
        "@id": "way/443263354",
        "name": "Smith Lake",
        "natural": "water",
        "water": "lake",
        "wikidata": "Q49702685",
        "@geometry": "center"
      },
      "geometry": {
        "type": "Point",
        "coordinates": [
          -77.4096561,
          38.4930382
        ]
      },
      "id": "way/443263354"
    },
    {
      "type": "Feature",
      "properties": {
        "@id": "way/444298538",
        "name": "Breckenridge Reservoir",
        "natural": "water",
        "water": "reservoir",
        "wikidata": "Q4960039",
        "@geometry": "center"
      },
      "geometry": {
        "type": "Point",
        "coordinates": [
          -77.3965407,
          38.5422016
        ]
      },
      "id": "way/444298538"
    },
    {
      "type": "Feature",
      "properties": {
        "@id": "way/445104875",
        "name": "Whispering Lake",
        "natural": "water",
        "water": "reservoir",
        "@geometry": "center"
      },
      "geometry": {
        "type": "Point",
        "coordinates": [
          -79.4582876,
          36.5839754
        ]
      },
      "id": "way/445104875"
    },
    {
      "type": "Feature",
      "properties": {
        "@id": "way/445238576",
        "ele": "334",
        "gnis:feature_id": "1548442",
        "name": "Tygart Lake",
        "natural": "water",
        "water": "reservoir",
        "wikidata": "Q35046356",
        "@geometry": "center"
      },
      "geometry": {
        "type": "Point",
        "coordinates": [
          -79.9863753,
          39.280763
        ]
      },
      "id": "way/445238576"
    },
    {
      "type": "Feature",
      "properties": {
        "@id": "way/447930976",
        "alt_name": "Cash Creek Lake",
        "ele": "33",
        "gnis:feature_id": "597198",
        "name": "Cash Lake",
        "natural": "water",
        "water": "reservoir",
        "wikidata": "Q32854156",
        "@geometry": "center"
      },
      "geometry": {
        "type": "Point",
        "coordinates": [
          -76.791843,
          39.029876
        ]
      },
      "id": "way/447930976"
    },
    {
      "type": "Feature",
      "properties": {
        "@id": "way/452951450",
        "ele": "19",
        "gnis:feature_id": "1490133",
        "name": "Nice Lake",
        "natural": "water",
        "water": "lake",
        "@geometry": "center"
      },
      "geometry": {
        "type": "Point",
        "coordinates": [
          -76.7844393,
          37.3871339
        ]
      },
      "id": "way/452951450"
    },
    {
      "type": "Feature",
      "properties": {
        "@id": "way/452956824",
        "ele": "0",
        "gnis:feature_id": "1501995",
        "name": "Cranstons Pond",
        "natural": "water",
        "water": "reservoir",
        "@geometry": "center"
      },
      "geometry": {
        "type": "Point",
        "coordinates": [
          -76.8089816,
          37.3486228
        ]
      },
      "id": "way/452956824"
    },
    {
      "type": "Feature",
      "properties": {
        "@id": "way/452961994",
        "alt_name": "Camp Chickahominy Lake",
        "gnis:feature_id": "1779404",
        "name": "Deer Lake",
        "natural": "water",
        "water": "reservoir",
        "@geometry": "center"
      },
      "geometry": {
        "type": "Point",
        "coordinates": [
          -76.7915229,
          37.3437763
        ]
      },
      "id": "way/452961994"
    },
    {
      "type": "Feature",
      "properties": {
        "@id": "way/453433360",
        "ele": "212",
        "gnis:feature_id": "1077752",
        "name": "Margaret Creek Conservancy District Reservoir",
        "natural": "water",
        "water": "reservoir",
        "@geometry": "center"
      },
      "geometry": {
        "type": "Point",
        "coordinates": [
          -82.1235229,
          39.2506618
        ]
      },
      "id": "way/453433360"
    },
    {
      "type": "Feature",
      "properties": {
        "@id": "way/453605005",
        "ele": "100",
        "gnis:feature_id": "1490749",
        "name": "Buckland Lake",
        "natural": "water",
        "water": "reservoir",
        "@geometry": "center"
      },
      "geometry": {
        "type": "Point",
        "coordinates": [
          -77.6713185,
          38.7697955
        ]
      },
      "id": "way/453605005"
    },
    {
      "type": "Feature",
      "properties": {
        "@id": "way/456273089",
        "name": "Carter's Pond",
        "natural": "water",
        "source": "GNIS; survey 11/2016",
        "water": "reservoir",
        "@geometry": "center"
      },
      "geometry": {
        "type": "Point",
        "coordinates": [
          -77.3669338,
          38.5635977
        ]
      },
      "id": "way/456273089"
    },
    {
      "type": "Feature",
      "properties": {
        "@id": "way/457303197",
        "ele": "131",
        "gnis:feature_id": "1502154",
        "name": "Warrenton Reservoir",
        "natural": "water",
        "water": "reservoir",
        "@geometry": "center"
      },
      "geometry": {
        "type": "Point",
        "coordinates": [
          -77.7934044,
          38.7451176
        ]
      },
      "id": "way/457303197"
    },
    {
      "type": "Feature",
      "properties": {
        "@id": "way/457814385",
        "name": "Hadad's Lake",
        "natural": "water",
        "water": "reservoir",
        "@geometry": "center"
      },
      "geometry": {
        "type": "Point",
        "coordinates": [
          -77.4036387,
          37.4452551
        ]
      },
      "id": "way/457814385"
    },
    {
      "type": "Feature",
      "properties": {
        "@id": "way/461620813",
        "ele": "193",
        "gnis:feature_id": "1489068",
        "landuse": "reservoir",
        "name": "Sportsman Lake",
        "natural": "water",
        "water": "lake",
        "@geometry": "center"
      },
      "geometry": {
        "type": "Point",
        "coordinates": [
          -78.7070943,
          38.0196976
        ]
      },
      "id": "way/461620813"
    },
    {
      "type": "Feature",
      "properties": {
        "@id": "way/462888485",
        "name": "Southern Pine Lake 2",
        "natural": "water",
        "water": "lake",
        "@geometry": "center"
      },
      "geometry": {
        "type": "Point",
        "coordinates": [
          -76.0670589,
          36.7567651
        ]
      },
      "id": "way/462888485"
    },
    {
      "type": "Feature",
      "properties": {
        "@id": "way/465030013",
        "ele": "242",
        "gnis:feature_id": "1740944",
        "name": "Miletree Lakes",
        "natural": "water",
        "water": "reservoir",
        "@geometry": "center"
      },
      "geometry": {
        "type": "Point",
        "coordinates": [
          -81.3682218,
          38.8066218
        ]
      },
      "id": "way/465030013"
    },
    {
      "type": "Feature",
      "properties": {
        "@id": "way/465307394",
        "ele": "344",
        "gnis:feature_id": "1557427",
        "name": "Crystal Lake",
        "natural": "water",
        "water": "reservoir",
        "wikidata": "Q55092046",
        "@geometry": "center"
      },
      "geometry": {
        "type": "Point",
        "coordinates": [
          -80.7951599,
          39.3262736
        ]
      },
      "id": "way/465307394"
    },
    {
      "type": "Feature",
      "properties": {
        "@id": "way/467203960",
        "name": "Dam No. 10",
        "natural": "water",
        "water": "reservoir",
        "@geometry": "center"
      },
      "geometry": {
        "type": "Point",
        "coordinates": [
          -79.1915021,
          38.660573
        ]
      },
      "id": "way/467203960"
    },
    {
      "type": "Feature",
      "properties": {
        "@id": "way/467293835",
        "ele": "310",
        "gnis:feature_id": "1536640",
        "name": "Buffalo Lake",
        "natural": "water",
        "water": "reservoir",
        "wikidata": "Q4985715",
        "wikipedia": "en:Buffalo Creek Reservoir",
        "@geometry": "center"
      },
      "geometry": {
        "type": "Point",
        "coordinates": [
          -80.4287105,
          39.20331
        ]
      },
      "id": "way/467293835"
    },
    {
      "type": "Feature",
      "properties": {
        "@id": "way/468285878",
        "name": "Pine Lake",
        "natural": "water",
        "water": "reservoir",
        "@geometry": "center"
      },
      "geometry": {
        "type": "Point",
        "coordinates": [
          -82.7500788,
          39.3866375
        ]
      },
      "id": "way/468285878"
    },
    {
      "type": "Feature",
      "properties": {
        "@id": "way/468586298",
        "name": "Lake Witten",
        "natural": "water",
        "water": "lake",
        "@geometry": "center"
      },
      "geometry": {
        "type": "Point",
        "coordinates": [
          -81.5182021,
          37.1717171
        ]
      },
      "id": "way/468586298"
    },
    {
      "type": "Feature",
      "properties": {
        "@id": "way/468586641",
        "name": "Woodside Like",
        "natural": "water",
        "water": "lake",
        "@geometry": "center"
      },
      "geometry": {
        "type": "Point",
        "coordinates": [
          -77.2486067,
          38.9479645
        ]
      },
      "id": "way/468586641"
    },
    {
      "type": "Feature",
      "properties": {
        "@id": "way/468915725",
        "name": "Liberty Lake",
        "natural": "water",
        "water": "lake",
        "@geometry": "center"
      },
      "geometry": {
        "type": "Point",
        "coordinates": [
          -79.1828593,
          37.3496385
        ]
      },
      "id": "way/468915725"
    },
    {
      "type": "Feature",
      "properties": {
        "@id": "way/469034695",
        "addr:housenumber": "2301",
        "addr:postcode": "23235",
        "addr:street": "Williamstowne Drive",
        "ele": "69",
        "gnis:feature_id": "1489479",
        "landuse": "reservoir",
        "name": "Napiers and Savage Lake",
        "natural": "water",
        "water": "lake",
        "@geometry": "center"
      },
      "geometry": {
        "type": "Point",
        "coordinates": [
          -77.5435428,
          37.471981
        ]
      },
      "id": "way/469034695"
    },
    {
      "type": "Feature",
      "properties": {
        "@id": "way/469780265",
        "name": "Hidden Valley Lake",
        "natural": "water",
        "water": "lake",
        "wikidata": "Q49701079",
        "@geometry": "center"
      },
      "geometry": {
        "type": "Point",
        "coordinates": [
          -82.0794597,
          36.8468002
        ]
      },
      "id": "way/469780265"
    },
    {
      "type": "Feature",
      "properties": {
        "@id": "way/470666326",
        "name": "Woody Lake",
        "natural": "water",
        "water": "lake",
        "@geometry": "center"
      },
      "geometry": {
        "type": "Point",
        "coordinates": [
          -79.1142573,
          37.4601868
        ]
      },
      "id": "way/470666326"
    },
    {
      "type": "Feature",
      "properties": {
        "@id": "way/471278740",
        "ele": "6",
        "gnis:feature_id": "1490482",
        "name": "Clarkes Millpond",
        "natural": "water",
        "water": "reservoir",
        "@geometry": "center"
      },
      "geometry": {
        "type": "Point",
        "coordinates": [
          -76.4639406,
          37.9308985
        ]
      },
      "id": "way/471278740"
    },
    {
      "type": "Feature",
      "properties": {
        "@id": "way/475605939",
        "ele": "328",
        "gnis:feature_id": "1558886",
        "name": "Salem Auxillary Lake",
        "natural": "water",
        "water": "reservoir",
        "@geometry": "center"
      },
      "geometry": {
        "type": "Point",
        "coordinates": [
          -80.5517752,
          39.2904166
        ]
      },
      "id": "way/475605939"
    },
    {
      "type": "Feature",
      "properties": {
        "@id": "way/476021642",
        "ele": "563",
        "gnis:feature_id": "1553198",
        "name": "Teter Creek Lake",
        "natural": "water",
        "water": "reservoir",
        "@geometry": "center"
      },
      "geometry": {
        "type": "Point",
        "coordinates": [
          -79.8744947,
          39.1067678
        ]
      },
      "id": "way/476021642"
    },
    {
      "type": "Feature",
      "properties": {
        "@id": "way/476194815",
        "ele": "215",
        "gnis:feature_id": "1490441",
        "name": "Stevens Lake",
        "natural": "water",
        "water": "reservoir",
        "@geometry": "center"
      },
      "geometry": {
        "type": "Point",
        "coordinates": [
          -78.9162651,
          37.7161723
        ]
      },
      "id": "way/476194815"
    },
    {
      "type": "Feature",
      "properties": {
        "@id": "way/476198468",
        "name": "Mill Creek Reservoir",
        "natural": "water",
        "water": "reservoir",
        "@geometry": "center"
      },
      "geometry": {
        "type": "Point",
        "coordinates": [
          -79.0829208,
          37.666195
        ]
      },
      "id": "way/476198468"
    },
    {
      "type": "Feature",
      "properties": {
        "@id": "way/477049712",
        "ele": "101",
        "gnis:feature_id": "1475435",
        "name": "Lake Tahoe",
        "natural": "water",
        "water": "reservoir",
        "@geometry": "center"
      },
      "geometry": {
        "type": "Point",
        "coordinates": [
          -78.3219189,
          37.6842338
        ]
      },
      "id": "way/477049712"
    },
    {
      "type": "Feature",
      "properties": {
        "@id": "way/477049714",
        "ele": "67",
        "gnis:feature_id": "1502147",
        "name": "Trice Lake",
        "natural": "water",
        "water": "reservoir",
        "@geometry": "center"
      },
      "geometry": {
        "type": "Point",
        "coordinates": [
          -78.1805633,
          37.662632
        ]
      },
      "id": "way/477049714"
    },
    {
      "type": "Feature",
      "properties": {
        "@id": "way/478078455",
        "ele": "252",
        "gnis:feature_id": "1476797",
        "name": "Willow Lake",
        "natural": "water",
        "water": "reservoir",
        "@geometry": "center"
      },
      "geometry": {
        "type": "Point",
        "coordinates": [
          -79.140724,
          37.2896993
        ]
      },
      "id": "way/478078455"
    },
    {
      "type": "Feature",
      "properties": {
        "@id": "way/478541901",
        "ele": "358",
        "gnis:feature_id": "1501977",
        "name": "Cave Mountain Lake",
        "natural": "water",
        "water": "reservoir",
        "@geometry": "center"
      },
      "geometry": {
        "type": "Point",
        "coordinates": [
          -79.5365136,
          37.5752235
        ]
      },
      "id": "way/478541901"
    },
    {
      "type": "Feature",
      "properties": {
        "@id": "way/479766358",
        "name": "Rose Garden Water Feature",
        "natural": "water",
        "water": "lake",
        "@geometry": "center"
      },
      "geometry": {
        "type": "Point",
        "coordinates": [
          -77.1000699,
          38.9983866
        ]
      },
      "id": "way/479766358"
    },
    {
      "type": "Feature",
      "properties": {
        "@id": "way/479768548",
        "name": "water feature 1",
        "natural": "water",
        "water": "lake",
        "@geometry": "center"
      },
      "geometry": {
        "type": "Point",
        "coordinates": [
          -77.1082706,
          39.0023206
        ]
      },
      "id": "way/479768548"
    },
    {
      "type": "Feature",
      "properties": {
        "@id": "way/479777926",
        "name": "Larkspur Greens Lake",
        "natural": "water",
        "water": "lake",
        "@geometry": "center"
      },
      "geometry": {
        "type": "Point",
        "coordinates": [
          -76.1295998,
          36.8156501
        ]
      },
      "id": "way/479777926"
    },
    {
      "type": "Feature",
      "properties": {
        "@id": "way/479781427",
        "name": "Brown's Lake",
        "natural": "water",
        "water": "lake",
        "@geometry": "center"
      },
      "geometry": {
        "type": "Point",
        "coordinates": [
          -76.1339124,
          36.8169518
        ]
      },
      "id": "way/479781427"
    },
    {
      "type": "Feature",
      "properties": {
        "@id": "way/480203453",
        "name": "Dam No. 9",
        "natural": "water",
        "water": "reservoir",
        "wikidata": "Q31560534",
        "@geometry": "center"
      },
      "geometry": {
        "type": "Point",
        "coordinates": [
          -79.1670078,
          38.6758081
        ]
      },
      "id": "way/480203453"
    },
    {
      "type": "Feature",
      "properties": {
        "@id": "way/480383816",
        "area": "yes",
        "ele": "602",
        "gnis:feature_id": "1552819",
        "name": "Scott Lake",
        "natural": "water",
        "water": "lake",
        "@geometry": "center"
      },
      "geometry": {
        "type": "Point",
        "coordinates": [
          -79.8755105,
          38.8126781
        ]
      },
      "id": "way/480383816"
    },
    {
      "type": "Feature",
      "properties": {
        "@id": "way/481238871",
        "name": "Edgehill Farm Pond Number Two",
        "natural": "water",
        "water": "reservoir",
        "@geometry": "center"
      },
      "geometry": {
        "type": "Point",
        "coordinates": [
          -78.3990678,
          38.0226692
        ]
      },
      "id": "way/481238871"
    },
    {
      "type": "Feature",
      "properties": {
        "@id": "way/481239325",
        "name": "Grahams Pond",
        "natural": "water",
        "water": "reservoir",
        "@geometry": "center"
      },
      "geometry": {
        "type": "Point",
        "coordinates": [
          -78.3881807,
          38.0196931
        ]
      },
      "id": "way/481239325"
    },
    {
      "type": "Feature",
      "properties": {
        "@id": "way/481317653",
        "ele": "159",
        "gnis:feature_id": "1489058",
        "name": "Allens Pond",
        "natural": "water",
        "water": "reservoir",
        "@geometry": "center"
      },
      "geometry": {
        "type": "Point",
        "coordinates": [
          -78.4979757,
          38.195987
        ]
      },
      "id": "way/481317653"
    },
    {
      "type": "Feature",
      "properties": {
        "@id": "way/481317663",
        "ele": "142",
        "gnis:feature_id": "1489054",
        "name": "Craig Pond",
        "natural": "water",
        "water": "reservoir",
        "@geometry": "center"
      },
      "geometry": {
        "type": "Point",
        "coordinates": [
          -78.5225813,
          38.1387144
        ]
      },
      "id": "way/481317663"
    },
    {
      "type": "Feature",
      "properties": {
        "@id": "way/481523068",
        "ele": "59",
        "gnis:feature_id": "1490015",
        "name": "Campbell Lake",
        "natural": "water",
        "water": "reservoir",
        "@geometry": "center"
      },
      "geometry": {
        "type": "Point",
        "coordinates": [
          -77.5458359,
          37.8375071
        ]
      },
      "id": "way/481523068"
    },
    {
      "type": "Feature",
      "properties": {
        "@id": "way/481523069",
        "name": "Campbell Pond",
        "natural": "water",
        "water": "lake",
        "@geometry": "center"
      },
      "geometry": {
        "type": "Point",
        "coordinates": [
          -77.537167,
          37.8435948
        ]
      },
      "id": "way/481523069"
    },
    {
      "type": "Feature",
      "properties": {
        "@id": "way/481523070",
        "ele": "61",
        "gnis:feature_id": "1466692",
        "name": "Fleming Millpond",
        "natural": "water",
        "water": "reservoir",
        "@geometry": "center"
      },
      "geometry": {
        "type": "Point",
        "coordinates": [
          -77.7008864,
          37.9160966
        ]
      },
      "id": "way/481523070"
    },
    {
      "type": "Feature",
      "properties": {
        "@id": "way/481523071",
        "ele": "58",
        "gnis:feature_id": "1466914",
        "name": "Fulcher Millpond",
        "natural": "water",
        "water": "reservoir",
        "wikidata": "Q49700818",
        "@geometry": "center"
      },
      "geometry": {
        "type": "Point",
        "coordinates": [
          -77.6326889,
          37.8957955
        ]
      },
      "id": "way/481523071"
    },
    {
      "type": "Feature",
      "properties": {
        "@id": "way/481523072",
        "ele": "77",
        "gnis:feature_id": "1489086",
        "name": "Holstrum Pond",
        "natural": "water",
        "water": "reservoir",
        "@geometry": "center"
      },
      "geometry": {
        "type": "Point",
        "coordinates": [
          -77.5299076,
          37.8666701
        ]
      },
      "id": "way/481523072"
    },
    {
      "type": "Feature",
      "properties": {
        "@id": "way/481592536",
        "ele": "180",
        "name": "Lake of Eden",
        "natural": "water",
        "water": "reservoir",
        "@geometry": "center"
      },
      "geometry": {
        "type": "Point",
        "coordinates": [
          -82.2613075,
          38.4086968
        ]
      },
      "id": "way/481592536"
    },
    {
      "type": "Feature",
      "properties": {
        "@id": "way/481796193",
        "ele": "170",
        "gnis:feature_id": "1557414",
        "name": "Melody T Lake",
        "natural": "water",
        "water": "reservoir",
        "@geometry": "center"
      },
      "geometry": {
        "type": "Point",
        "coordinates": [
          -82.2536407,
          38.4288084
        ]
      },
      "id": "way/481796193"
    },
    {
      "type": "Feature",
      "properties": {
        "@id": "way/481864002",
        "ele": "816",
        "gnis:feature_id": "1559306",
        "landuse": "reservoir",
        "leisure": "fishing",
        "name": "Long Branch Lake",
        "natural": "water",
        "water": "lake",
        "@geometry": "center"
      },
      "geometry": {
        "type": "Point",
        "coordinates": [
          -80.9827842,
          37.5351828
        ]
      },
      "id": "way/481864002"
    },
    {
      "type": "Feature",
      "properties": {
        "@id": "way/482252421",
        "ele": "208",
        "gnis:feature_id": "1557410",
        "name": "Culloden Lake",
        "natural": "water",
        "water": "reservoir",
        "@geometry": "center"
      },
      "geometry": {
        "type": "Point",
        "coordinates": [
          -82.057148,
          38.4143035
        ]
      },
      "id": "way/482252421"
    },
    {
      "type": "Feature",
      "properties": {
        "@id": "way/483542807",
        "elevation": "250",
        "gnis:feature_id": "1489322",
        "name": "Lake Hydaway",
        "natural": "water",
        "water": "reservoir",
        "@geometry": "center"
      },
      "geometry": {
        "type": "Point",
        "coordinates": [
          -79.1469593,
          37.3419841
        ]
      },
      "id": "way/483542807"
    },
    {
      "type": "Feature",
      "properties": {
        "@id": "way/485218989",
        "ele": "48",
        "gnis:feature_id": "1502091",
        "name": "Lake Page",
        "natural": "water",
        "water": "reservoir",
        "@geometry": "center"
      },
      "geometry": {
        "type": "Point",
        "coordinates": [
          -77.5369889,
          37.5234984
        ]
      },
      "id": "way/485218989"
    },
    {
      "type": "Feature",
      "properties": {
        "@id": "way/485764566",
        "name": "Mirror Lake",
        "natural": "water",
        "water": "lake",
        "@geometry": "center"
      },
      "geometry": {
        "type": "Point",
        "coordinates": [
          -76.2053241,
          36.901629
        ]
      },
      "id": "way/485764566"
    },
    {
      "type": "Feature",
      "properties": {
        "@id": "way/486660224",
        "ele": "589",
        "gnis:feature_id": "1543331",
        "name": "Mill Creek Reservoir",
        "natural": "water",
        "water": "reservoir",
        "@geometry": "center"
      },
      "geometry": {
        "type": "Point",
        "coordinates": [
          -79.9095001,
          39.0071575
        ]
      },
      "id": "way/486660224"
    },
    {
      "type": "Feature",
      "properties": {
        "@id": "way/492393308",
        "description": "Lake Frederick is a 117-acre impoundment owned by the Virginia Department of Wildlife Resources (DWR). The department acquired the lake and a fifty foot buffer around the entire shoreline in 1981. Lake Frederick remains clear throughout the year and strat",
        "ele": "187",
        "fishing": "permit",
        "gnis:feature_id": "1779219",
        "intermittent": "no",
        "name": "Lake Frederick",
        "natural": "water",
        "salt": "no",
        "water": "lake",
        "wikidata": "Q56290730",
        "wikipedia": "en:Lake Frederick, Virginia",
        "@geometry": "center"
      },
      "geometry": {
        "type": "Point",
        "coordinates": [
          -78.1586465,
          39.0518539
        ]
      },
      "id": "way/492393308"
    },
    {
      "type": "Feature",
      "properties": {
        "@id": "way/496465966",
        "ele": "512",
        "gnis:feature_id": "1490834",
        "name": "Moss Number Three Preparation Plant Upper Slurry",
        "natural": "water",
        "water": "reservoir",
        "@geometry": "center"
      },
      "geometry": {
        "type": "Point",
        "coordinates": [
          -82.1975559,
          36.9553018
        ]
      },
      "id": "way/496465966"
    },
    {
      "type": "Feature",
      "properties": {
        "@id": "way/496465967",
        "ele": "470",
        "gnis:feature_id": "1501956",
        "name": "Lake Bonaventure",
        "natural": "water",
        "water": "reservoir",
        "@geometry": "center"
      },
      "geometry": {
        "type": "Point",
        "coordinates": [
          -82.2028906,
          36.9455286
        ]
      },
      "id": "way/496465967"
    },
    {
      "type": "Feature",
      "properties": {
        "@id": "way/499991923",
        "name": "Hone Quarry",
        "natural": "water",
        "water": "reservoir",
        "@geometry": "center"
      },
      "geometry": {
        "type": "Point",
        "coordinates": [
          -79.1443087,
          38.4713178
        ]
      },
      "id": "way/499991923"
    },
    {
      "type": "Feature",
      "properties": {
        "@id": "way/501776455",
        "ele": "153",
        "gnis:feature_id": "1484465",
        "landuse": "reservoir",
        "name": "Lake John",
        "natural": "water",
        "water": "lake",
        "@geometry": "center"
      },
      "geometry": {
        "type": "Point",
        "coordinates": [
          -78.2673956,
          38.9850705
        ]
      },
      "id": "way/501776455"
    },
    {
      "type": "Feature",
      "properties": {
        "@id": "way/502090306",
        "name": "Boat Lake",
        "natural": "water",
        "water": "lake",
        "@geometry": "center"
      },
      "geometry": {
        "type": "Point",
        "coordinates": [
          -77.4763898,
          37.5470543
        ]
      },
      "id": "way/502090306"
    },
    {
      "type": "Feature",
      "properties": {
        "@id": "way/502720444",
        "description": "Trappe MD Harrison Circle Pong",
        "name": "Harrison Circle Pond",
        "natural": "water",
        "water": "reservoir",
        "@geometry": "center"
      },
      "geometry": {
        "type": "Point",
        "coordinates": [
          -76.0611302,
          38.6570122
        ]
      },
      "id": "way/502720444"
    },
    {
      "type": "Feature",
      "properties": {
        "@id": "way/502733874",
        "name": "Retention Pond",
        "natural": "water",
        "water": "reservoir",
        "@geometry": "center"
      },
      "geometry": {
        "type": "Point",
        "coordinates": [
          -75.807205,
          38.980587
        ]
      },
      "id": "way/502733874"
    },
    {
      "type": "Feature",
      "properties": {
        "@id": "way/503458394",
        "name": "Slate Spring Reservoir",
        "natural": "water",
        "water": "reservoir",
        "@geometry": "center"
      },
      "geometry": {
        "type": "Point",
        "coordinates": [
          -78.9739986,
          38.6101078
        ]
      },
      "id": "way/503458394"
    },
    {
      "type": "Feature",
      "properties": {
        "@id": "way/503459353",
        "name": "Dam No. 21",
        "natural": "water",
        "water": "reservoir",
        "wikidata": "Q31560440",
        "@geometry": "center"
      },
      "geometry": {
        "type": "Point",
        "coordinates": [
          -79.1419588,
          38.70139
        ]
      },
      "id": "way/503459353"
    },
    {
      "type": "Feature",
      "properties": {
        "@id": "way/503897631",
        "gnis:feature_id": "1040867",
        "name": "Gillums Lake",
        "natural": "water",
        "water": "lake",
        "@geometry": "center"
      },
      "geometry": {
        "type": "Point",
        "coordinates": [
          -82.7629441,
          39.1962223
        ]
      },
      "id": "way/503897631"
    },
    {
      "type": "Feature",
      "properties": {
        "@id": "way/504617517",
        "alt_name": "Bowers Lake",
        "ele": "217",
        "gnis:feature_id": "1077852",
        "name": "Randolph Lake",
        "natural": "water",
        "water": "reservoir",
        "@geometry": "center"
      },
      "geometry": {
        "type": "Point",
        "coordinates": [
          -82.5729967,
          38.4507375
        ]
      },
      "id": "way/504617517"
    },
    {
      "type": "Feature",
      "properties": {
        "@id": "way/504621503",
        "ele": "198",
        "gnis:feature_id": "1559261",
        "name": "Hurricane Lake",
        "natural": "water",
        "water": "lake",
        "@geometry": "center"
      },
      "geometry": {
        "type": "Point",
        "coordinates": [
          -81.9875651,
          38.4403338
        ]
      },
      "id": "way/504621503"
    },
    {
      "type": "Feature",
      "properties": {
        "@id": "way/504810478",
        "alt_name": "Crystal Lake",
        "ele": "291",
        "gnis:feature_id": "1987045;1489824",
        "name": "Cherokee Lake",
        "natural": "water",
        "water": "reservoir",
        "@geometry": "center"
      },
      "geometry": {
        "type": "Point",
        "coordinates": [
          -78.3400968,
          39.1868511
        ]
      },
      "id": "way/504810478"
    },
    {
      "type": "Feature",
      "properties": {
        "@id": "way/504810481",
        "ele": "250",
        "gnis:feature_id": "1987048",
        "name": "Swan Lake",
        "natural": "water",
        "water": "reservoir",
        "@geometry": "center"
      },
      "geometry": {
        "type": "Point",
        "coordinates": [
          -78.3202495,
          39.2042574
        ]
      },
      "id": "way/504810481"
    },
    {
      "type": "Feature",
      "properties": {
        "@id": "way/504810482",
        "ele": "282",
        "gnis:feature_id": "1489833",
        "name": "Meadow Lake",
        "natural": "water",
        "water": "reservoir",
        "@geometry": "center"
      },
      "geometry": {
        "type": "Point",
        "coordinates": [
          -78.3403516,
          39.1690426
        ]
      },
      "id": "way/504810482"
    },
    {
      "type": "Feature",
      "properties": {
        "@id": "way/509117132",
        "name": "Maxwell Gardens Lake",
        "natural": "water",
        "water": "lake",
        "@geometry": "center"
      },
      "geometry": {
        "type": "Point",
        "coordinates": [
          -76.5176122,
          37.0870673
        ]
      },
      "id": "way/509117132"
    },
    {
      "type": "Feature",
      "properties": {
        "@id": "way/516503945",
        "gnis:feature_id": "1490241",
        "name": "Golden Eagle Pond",
        "natural": "water",
        "water": "lake",
        "wikidata": "Q49700878",
        "@geometry": "center"
      },
      "geometry": {
        "type": "Point",
        "coordinates": [
          -76.3958911,
          37.6799549
        ]
      },
      "id": "way/516503945"
    },
    {
      "type": "Feature",
      "properties": {
        "@id": "way/517772880",
        "gnis:feature_id": "1490334",
        "name": "Lous Lake",
        "natural": "water",
        "water": "lake",
        "@geometry": "center"
      },
      "geometry": {
        "type": "Point",
        "coordinates": [
          -78.1621188,
          38.1265117
        ]
      },
      "id": "way/517772880"
    },
    {
      "type": "Feature",
      "properties": {
        "@id": "way/520190879",
        "ele": "231",
        "gnis:feature_id": "1489923",
        "name": "Blue Ridge Lake",
        "natural": "water",
        "water": "reservoir",
        "@geometry": "center"
      },
      "geometry": {
        "type": "Point",
        "coordinates": [
          -78.5550571,
          38.267066
        ]
      },
      "id": "way/520190879"
    },
    {
      "type": "Feature",
      "properties": {
        "@id": "way/526926598",
        "ele": "6",
        "gnis:feature_id": "583678",
        "name": "Lake Chambers",
        "natural": "water",
        "water": "reservoir",
        "wikidata": "Q34898019",
        "@geometry": "center"
      },
      "geometry": {
        "type": "Point",
        "coordinates": [
          -75.7625704,
          38.6955849
        ]
      },
      "id": "way/526926598"
    },
    {
      "type": "Feature",
      "properties": {
        "@id": "way/527085531",
        "ele": "704",
        "gnis:feature_id": "1559076",
        "name": "Jimmy Lewis Lake",
        "name_1": "Pinnacle Rock Lake Number One",
        "natural": "water",
        "water": "lake",
        "@geometry": "center"
      },
      "geometry": {
        "type": "Point",
        "coordinates": [
          -81.2914851,
          37.3076638
        ]
      },
      "id": "way/527085531"
    },
    {
      "type": "Feature",
      "properties": {
        "@id": "way/531828714",
        "ele": "18",
        "gnis:feature_id": "1490451",
        "name": "Tom Brooks Lake",
        "natural": "water",
        "salt": "no",
        "tidal": "no",
        "water": "reservoir",
        "@geometry": "center"
      },
      "geometry": {
        "type": "Point",
        "coordinates": [
          -77.1798512,
          37.5083425
        ]
      },
      "id": "way/531828714"
    },
    {
      "type": "Feature",
      "properties": {
        "@id": "way/532633047",
        "name": "Lake Burgess",
        "natural": "water",
        "water": "lake",
        "@geometry": "center"
      },
      "geometry": {
        "type": "Point",
        "coordinates": [
          -77.4230602,
          37.3528673
        ]
      },
      "id": "way/532633047"
    },
    {
      "type": "Feature",
      "properties": {
        "@id": "way/533461991",
        "ele": "310",
        "gnis:feature_id": "1539476",
        "name": "Glovers Pond",
        "natural": "water",
        "water": "reservoir",
        "@geometry": "center"
      },
      "geometry": {
        "type": "Point",
        "coordinates": [
          -81.9067763,
          38.0387951
        ]
      },
      "id": "way/533461991"
    },
    {
      "type": "Feature",
      "properties": {
        "@id": "way/539307681",
        "ele": "198",
        "name": "Otter Lake",
        "natural": "water",
        "water": "reservoir",
        "wikidata": "Q48995149",
        "@geometry": "center"
      },
      "geometry": {
        "type": "Point",
        "coordinates": [
          -79.3559162,
          37.555894
        ]
      },
      "id": "way/539307681"
    },
    {
      "type": "Feature",
      "properties": {
        "@id": "way/541914222",
        "ele": "251",
        "gnis:feature_id": "1559294",
        "name": "Pennsboro Water Supply Lake",
        "natural": "water",
        "water": "reservoir",
        "@geometry": "center"
      },
      "geometry": {
        "type": "Point",
        "coordinates": [
          -80.9246768,
          39.2832978
        ]
      },
      "id": "way/541914222"
    },
    {
      "type": "Feature",
      "properties": {
        "@id": "way/543649686",
        "area": "yes",
        "ele": "223",
        "gnis:feature_id": "1558924",
        "name": "Little Horse Lake",
        "natural": "water",
        "water": "reservoir",
        "@geometry": "center"
      },
      "geometry": {
        "type": "Point",
        "coordinates": [
          -81.7521369,
          38.805493
        ]
      },
      "id": "way/543649686"
    },
    {
      "type": "Feature",
      "properties": {
        "@id": "way/543925742",
        "name": "Oxbow Nature Preserve Lake",
        "natural": "water",
        "water": "lake",
        "@geometry": "center"
      },
      "geometry": {
        "type": "Point",
        "coordinates": [
          -76.8083635,
          39.1132909
        ]
      },
      "id": "way/543925742"
    },
    {
      "type": "Feature",
      "properties": {
        "@id": "way/544409291",
        "ele": "61",
        "gnis:feature_id": "1676908",
        "intermittent": "no",
        "name": "Dorchester Lake",
        "natural": "water",
        "water": "lake",
        "@geometry": "center"
      },
      "geometry": {
        "type": "Point",
        "coordinates": [
          -76.9501929,
          38.6115658
        ]
      },
      "id": "way/544409291"
    },
    {
      "type": "Feature",
      "properties": {
        "@id": "way/544896733",
        "ele": "219",
        "gnis:feature_id": "1674147",
        "name": "Loch Linden Lake",
        "natural": "water",
        "water": "reservoir",
        "@geometry": "center"
      },
      "geometry": {
        "type": "Point",
        "coordinates": [
          -78.0919104,
          38.9413311
        ]
      },
      "id": "way/544896733"
    },
    {
      "type": "Feature",
      "properties": {
        "@id": "way/545354993",
        "ele": "104",
        "gnis:feature_id": "1502144",
        "name": "Timber Lake",
        "natural": "water",
        "water": "reservoir",
        "@geometry": "center"
      },
      "geometry": {
        "type": "Point",
        "coordinates": [
          -77.3418224,
          38.9035925
        ]
      },
      "id": "way/545354993"
    },
    {
      "type": "Feature",
      "properties": {
        "@id": "way/545582979",
        "name": "Lake Georgette",
        "natural": "water",
        "water": "lake",
        "@geometry": "center"
      },
      "geometry": {
        "type": "Point",
        "coordinates": [
          -78.0663279,
          39.0622486
        ]
      },
      "id": "way/545582979"
    },
    {
      "type": "Feature",
      "properties": {
        "@id": "way/545582994",
        "intermittent": "yes",
        "name": "Lake Arnold",
        "natural": "water",
        "water": "lake",
        "@geometry": "center"
      },
      "geometry": {
        "type": "Point",
        "coordinates": [
          -78.059618,
          39.0599765
        ]
      },
      "id": "way/545582994"
    },
    {
      "type": "Feature",
      "properties": {
        "@id": "way/545984499",
        "intermittent": "no",
        "name": "Ridenour Lake",
        "natural": "water",
        "water": "lake",
        "@geometry": "center"
      },
      "geometry": {
        "type": "Point",
        "coordinates": [
          -81.8296932,
          38.4160663
        ]
      },
      "id": "way/545984499"
    },
    {
      "type": "Feature",
      "properties": {
        "@id": "way/547134063",
        "ele": "488",
        "gnis:feature_id": "1502083",
        "intermittent": "no",
        "landuse": "reservoir",
        "name": "North Fork of Pound Lake",
        "natural": "water",
        "water": "lake",
        "website": "https://www.dgif.virginia.gov/waterbody/north-fork-pound-reservoir/",
        "wikidata": "Q7055418",
        "@geometry": "center"
      },
      "geometry": {
        "type": "Point",
        "coordinates": [
          -82.6435788,
          37.1174902
        ]
      },
      "id": "way/547134063"
    },
    {
      "type": "Feature",
      "properties": {
        "@id": "way/549804239",
        "name": "Swan Lake",
        "natural": "water",
        "water": "lake",
        "@geometry": "center"
      },
      "geometry": {
        "type": "Point",
        "coordinates": [
          -79.2581671,
          37.3808102
        ]
      },
      "id": "way/549804239"
    },
    {
      "type": "Feature",
      "properties": {
        "@id": "way/550179248",
        "ele": "216",
        "name": "Thrasher Lake",
        "natural": "water",
        "water": "reservoir",
        "@geometry": "center"
      },
      "geometry": {
        "type": "Point",
        "coordinates": [
          -79.1385806,
          37.6726604
        ]
      },
      "id": "way/550179248"
    },
    {
      "type": "Feature",
      "properties": {
        "@id": "way/550381999",
        "ele": "53",
        "gnis:feature_id": "1490022",
        "name": "Wachter Pond",
        "natural": "water",
        "water": "reservoir",
        "@geometry": "center"
      },
      "geometry": {
        "type": "Point",
        "coordinates": [
          -77.4110601,
          37.6744247
        ]
      },
      "id": "way/550381999"
    },
    {
      "type": "Feature",
      "properties": {
        "@id": "way/550382008",
        "ele": "39",
        "gnis:feature_id": "1490062",
        "name": "Cherrydale Pond",
        "natural": "water",
        "water": "reservoir",
        "@geometry": "center"
      },
      "geometry": {
        "type": "Point",
        "coordinates": [
          -77.323097,
          37.6255518
        ]
      },
      "id": "way/550382008"
    },
    {
      "type": "Feature",
      "properties": {
        "@id": "way/551736109",
        "name": "Staples Lake",
        "natural": "water",
        "water": "lake",
        "@geometry": "center"
      },
      "geometry": {
        "type": "Point",
        "coordinates": [
          -77.7997534,
          37.4266982
        ]
      },
      "id": "way/551736109"
    },
    {
      "type": "Feature",
      "properties": {
        "@id": "way/552197049",
        "name": "Oakwood Lake",
        "natural": "water",
        "water": "lake",
        "@geometry": "center"
      },
      "geometry": {
        "type": "Point",
        "coordinates": [
          -77.8488328,
          38.2979332
        ]
      },
      "id": "way/552197049"
    },
    {
      "type": "Feature",
      "properties": {
        "@id": "way/552208731",
        "name": "Laura Anderson Lake",
        "natural": "water",
        "water": "lake",
        "@geometry": "center"
      },
      "geometry": {
        "type": "Point",
        "coordinates": [
          -81.7321549,
          38.3838091
        ]
      },
      "id": "way/552208731"
    },
    {
      "type": "Feature",
      "properties": {
        "@id": "way/552329429",
        "name": "Upper Sweetbriar Lake",
        "natural": "water",
        "water": "lake",
        "@geometry": "center"
      },
      "geometry": {
        "type": "Point",
        "coordinates": [
          -79.0862255,
          37.5597117
        ]
      },
      "id": "way/552329429"
    },
    {
      "type": "Feature",
      "properties": {
        "@id": "way/552329525",
        "name": "Lower Sweetbriar Lake",
        "natural": "water",
        "water": "lake",
        "@geometry": "center"
      },
      "geometry": {
        "type": "Point",
        "coordinates": [
          -79.0826073,
          37.5636617
        ]
      },
      "id": "way/552329525"
    },
    {
      "type": "Feature",
      "properties": {
        "@id": "way/553137705",
        "name": "Madison Lake",
        "natural": "water",
        "water": "lake",
        "@geometry": "center"
      },
      "geometry": {
        "type": "Point",
        "coordinates": [
          -77.5093959,
          37.993105
        ]
      },
      "id": "way/553137705"
    },
    {
      "type": "Feature",
      "properties": {
        "@id": "way/553456732",
        "name": "Lake Fungs",
        "natural": "water",
        "water": "lake",
        "@geometry": "center"
      },
      "geometry": {
        "type": "Point",
        "coordinates": [
          -77.2449026,
          37.1235604
        ]
      },
      "id": "way/553456732"
    },
    {
      "type": "Feature",
      "properties": {
        "@id": "way/553809820",
        "ele": "806",
        "gnis:feature_id": "1559219",
        "name": "Watoga Lake",
        "natural": "water",
        "water": "reservoir",
        "@geometry": "center"
      },
      "geometry": {
        "type": "Point",
        "coordinates": [
          -80.1248577,
          38.1177976
        ]
      },
      "id": "way/553809820"
    },
    {
      "type": "Feature",
      "properties": {
        "@id": "way/555029865",
        "ele": "73",
        "gnis:feature_id": "1489456",
        "name": "Palm Lake",
        "natural": "water",
        "water": "reservoir",
        "@geometry": "center"
      },
      "geometry": {
        "type": "Point",
        "coordinates": [
          -77.7389707,
          37.4586937
        ]
      },
      "id": "way/555029865"
    },
    {
      "type": "Feature",
      "properties": {
        "@id": "way/556032473",
        "name": "Henard Pond",
        "natural": "water",
        "water": "lake",
        "@geometry": "center"
      },
      "geometry": {
        "type": "Point",
        "coordinates": [
          -82.5662447,
          36.5946981
        ]
      },
      "id": "way/556032473"
    },
    {
      "type": "Feature",
      "properties": {
        "@id": "way/556217114",
        "ele": "802",
        "gnis:feature_id": "1551680",
        "name": "Lake Sam Hill",
        "natural": "water",
        "water": "reservoir",
        "wikidata": "Q34900964",
        "@geometry": "center"
      },
      "geometry": {
        "type": "Point",
        "coordinates": [
          -79.9552114,
          38.2632081
        ]
      },
      "id": "way/556217114"
    },
    {
      "type": "Feature",
      "properties": {
        "@id": "way/558139149",
        "ele": "0",
        "fishing": "customers",
        "gnis:feature_id": "1489869",
        "name": "Cypress Shores Lake",
        "natural": "water",
        "water": "reservoir",
        "@geometry": "center"
      },
      "geometry": {
        "type": "Point",
        "coordinates": [
          -76.5306228,
          37.5467699
        ]
      },
      "id": "way/558139149"
    },
    {
      "type": "Feature",
      "properties": {
        "@id": "way/558161000",
        "ele": "39",
        "gnis:feature_id": "1471987",
        "landuse": "reservoir",
        "name": "Lake Overton",
        "natural": "water",
        "water": "lake",
        "@geometry": "center"
      },
      "geometry": {
        "type": "Point",
        "coordinates": [
          -77.4308752,
          37.6231649
        ]
      },
      "id": "way/558161000"
    },
    {
      "type": "Feature",
      "properties": {
        "@id": "way/560329641",
        "ele": "29",
        "gnis:feature_id": "1490182",
        "name": "Dew Pond",
        "natural": "water",
        "water": "reservoir",
        "wikidata": "Q49700513",
        "@geometry": "center"
      },
      "geometry": {
        "type": "Point",
        "coordinates": [
          -76.8589621,
          37.7836435
        ]
      },
      "id": "way/560329641"
    },
    {
      "type": "Feature",
      "properties": {
        "@id": "way/560783239",
        "ele": "72",
        "gnis:feature_id": "1489111",
        "name": "Amelia Lake",
        "natural": "water",
        "water": "lake",
        "wikidata": "Q49699837",
        "@geometry": "center"
      },
      "geometry": {
        "type": "Point",
        "coordinates": [
          -77.9221484,
          37.4641765
        ]
      },
      "id": "way/560783239"
    },
    {
      "type": "Feature",
      "properties": {
        "@id": "way/560880149",
        "ele": "52",
        "gnis:feature_id": "1490040",
        "name": "Forest Hills Lake",
        "natural": "water",
        "water": "reservoir",
        "@geometry": "center"
      },
      "geometry": {
        "type": "Point",
        "coordinates": [
          -77.4073543,
          37.7058337
        ]
      },
      "id": "way/560880149"
    },
    {
      "type": "Feature",
      "properties": {
        "@id": "way/561113481",
        "name": "Libbie Mill Lake",
        "natural": "water",
        "water": "lake",
        "@geometry": "center"
      },
      "geometry": {
        "type": "Point",
        "coordinates": [
          -77.4971052,
          37.5908541
        ]
      },
      "id": "way/561113481"
    },
    {
      "type": "Feature",
      "properties": {
        "@id": "way/563919973",
        "name": "Goodrich Lake - West",
        "natural": "water",
        "water": "reservoir",
        "@geometry": "center"
      },
      "geometry": {
        "type": "Point",
        "coordinates": [
          -81.1368096,
          37.9139765
        ]
      },
      "id": "way/563919973"
    },
    {
      "type": "Feature",
      "properties": {
        "@id": "way/569156442",
        "name": "Fawn Lake",
        "natural": "water",
        "water": "lake",
        "@geometry": "center"
      },
      "geometry": {
        "type": "Point",
        "coordinates": [
          -77.7186906,
          38.2674055
        ]
      },
      "id": "way/569156442"
    },
    {
      "type": "Feature",
      "properties": {
        "@id": "way/569177014",
        "ele": "99",
        "gnis:feature_id": "1502036",
        "name": "Hidden Lake",
        "natural": "water",
        "water": "reservoir",
        "@geometry": "center"
      },
      "geometry": {
        "type": "Point",
        "coordinates": [
          -77.5599334,
          38.5148576
        ]
      },
      "id": "way/569177014"
    },
    {
      "type": "Feature",
      "properties": {
        "@id": "way/569547298",
        "name": "Lake Sussex",
        "natural": "water",
        "water": "reservoir",
        "@geometry": "center"
      },
      "geometry": {
        "type": "Point",
        "coordinates": [
          -77.5532774,
          38.0076572
        ]
      },
      "id": "way/569547298"
    },
    {
      "type": "Feature",
      "properties": {
        "@id": "way/570031945",
        "name": "Glenwood Lake",
        "natural": "water",
        "water": "lake",
        "@geometry": "center"
      },
      "geometry": {
        "type": "Point",
        "coordinates": [
          -81.1636113,
          37.3331327
        ]
      },
      "id": "way/570031945"
    },
    {
      "type": "Feature",
      "properties": {
        "@id": "way/570560574",
        "name": "Phallus Lake",
        "natural": "water",
        "water": "lake",
        "@geometry": "center"
      },
      "geometry": {
        "type": "Point",
        "coordinates": [
          -77.8015636,
          37.4807968
        ]
      },
      "id": "way/570560574"
    },
    {
      "type": "Feature",
      "properties": {
        "@id": "way/571386822",
        "ele": "184",
        "gnis:feature_id": "1077861",
        "name": "Lawco Lake",
        "natural": "water",
        "water": "reservoir",
        "@geometry": "center"
      },
      "geometry": {
        "type": "Point",
        "coordinates": [
          -82.6869009,
          38.6484823
        ]
      },
      "id": "way/571386822"
    },
    {
      "type": "Feature",
      "properties": {
        "@id": "way/573768852",
        "name": "Lake Vesuvius",
        "natural": "water",
        "water": "reservoir",
        "@geometry": "center"
      },
      "geometry": {
        "type": "Point",
        "coordinates": [
          -82.6233751,
          38.6167037
        ]
      },
      "id": "way/573768852"
    },
    {
      "type": "Feature",
      "properties": {
        "@id": "way/577847876",
        "name": "Chews Lake",
        "natural": "water",
        "water": "lake",
        "wikidata": "Q49300497",
        "@geometry": "center"
      },
      "geometry": {
        "type": "Point",
        "coordinates": [
          -76.7309578,
          38.7876063
        ]
      },
      "id": "way/577847876"
    },
    {
      "type": "Feature",
      "properties": {
        "@id": "way/581274141",
        "name": "Hillside Lake",
        "natural": "water",
        "water": "lake",
        "wikidata": "Q55092048",
        "@geometry": "center"
      },
      "geometry": {
        "type": "Point",
        "coordinates": [
          -77.9471257,
          39.4244548
        ]
      },
      "id": "way/581274141"
    },
    {
      "type": "Feature",
      "properties": {
        "@id": "way/583334713",
        "ele": "29",
        "gnis:feature_id": "1677025",
        "name": "Gilbert Run Lake",
        "natural": "water",
        "old_name": "Gilbert Run Reservoir Site Number 1",
        "water": "reservoir",
        "@geometry": "center"
      },
      "geometry": {
        "type": "Point",
        "coordinates": [
          -76.8560563,
          38.4914998
        ]
      },
      "id": "way/583334713"
    },
    {
      "type": "Feature",
      "properties": {
        "@id": "way/584044754",
        "name": "Christian Fork Lake",
        "natural": "water",
        "water": "lake",
        "@geometry": "center"
      },
      "geometry": {
        "type": "Point",
        "coordinates": [
          -81.0426847,
          37.3673268
        ]
      },
      "id": "way/584044754"
    },
    {
      "type": "Feature",
      "properties": {
        "@id": "way/584955250",
        "intermittent": "no",
        "name": "Jerry's Pay Lake",
        "natural": "water",
        "water": "lake",
        "@geometry": "center"
      },
      "geometry": {
        "type": "Point",
        "coordinates": [
          -82.5982273,
          38.4500591
        ]
      },
      "id": "way/584955250"
    },
    {
      "type": "Feature",
      "properties": {
        "@id": "way/585537879",
        "ele": "5",
        "gnis:feature_id": "1668447",
        "intermittent": "no",
        "name": "Morris Mill Pond",
        "natural": "water",
        "water": "reservoir",
        "@geometry": "center"
      },
      "geometry": {
        "type": "Point",
        "coordinates": [
          -75.6031725,
          38.3229362
        ]
      },
      "id": "way/585537879"
    },
    {
      "type": "Feature",
      "properties": {
        "@id": "way/589109670",
        "ele": "5",
        "gnis:feature_id": "594267",
        "name": "Tony Tank Pond",
        "natural": "water",
        "water": "reservoir",
        "@geometry": "center"
      },
      "geometry": {
        "type": "Point",
        "coordinates": [
          -75.6073647,
          38.333944
        ]
      },
      "id": "way/589109670"
    },
    {
      "type": "Feature",
      "properties": {
        "@id": "way/589662059",
        "ele": "14",
        "gnis:feature_id": "1490120",
        "name": "Lake Rhodes",
        "natural": "water",
        "water": "reservoir",
        "@geometry": "center"
      },
      "geometry": {
        "type": "Point",
        "coordinates": [
          -76.6469065,
          36.8708407
        ]
      },
      "id": "way/589662059"
    },
    {
      "type": "Feature",
      "properties": {
        "@id": "way/589662060",
        "ele": "14",
        "gnis:feature_id": "1490111",
        "name": "Butlers Lake",
        "natural": "water",
        "water": "reservoir",
        "@geometry": "center"
      },
      "geometry": {
        "type": "Point",
        "coordinates": [
          -76.6524053,
          36.8754324
        ]
      },
      "id": "way/589662060"
    },
    {
      "type": "Feature",
      "properties": {
        "@id": "way/589667702",
        "ele": "9",
        "gnis:feature_id": "1740015",
        "name": "Prudens Millpond",
        "natural": "water",
        "water": "reservoir",
        "@geometry": "center"
      },
      "geometry": {
        "type": "Point",
        "coordinates": [
          -76.6343366,
          36.8505564
        ]
      },
      "id": "way/589667702"
    },
    {
      "type": "Feature",
      "properties": {
        "@id": "way/591222232",
        "ele": "339",
        "gnis:feature_id": "1547473",
        "intermittent": "no",
        "name": "Stonecoal Reservoir",
        "natural": "water",
        "water": "reservoir",
        "wikidata": "Q34928296",
        "wikipedia": "en:Stonecoal Lake Wildlife Management Area",
        "@geometry": "center"
      },
      "geometry": {
        "type": "Point",
        "coordinates": [
          -80.3477385,
          38.9720154
        ]
      },
      "id": "way/591222232"
    },
    {
      "type": "Feature",
      "properties": {
        "@id": "way/596534643",
        "ele": "558",
        "gnis:feature_id": "1489199",
        "name": "Coles Run Reservoir",
        "natural": "water",
        "water": "reservoir",
        "@geometry": "center"
      },
      "geometry": {
        "type": "Point",
        "coordinates": [
          -79.0301544,
          37.9746011
        ]
      },
      "id": "way/596534643"
    },
    {
      "type": "Feature",
      "properties": {
        "@id": "way/598693993",
        "name": "Lake Margaret",
        "natural": "water",
        "water": "lake",
        "@geometry": "center"
      },
      "geometry": {
        "type": "Point",
        "coordinates": [
          -82.9825776,
          38.8663452
        ]
      },
      "id": "way/598693993"
    },
    {
      "type": "Feature",
      "properties": {
        "@id": "way/605319676",
        "ele": "85",
        "gnis:feature_id": "1490500",
        "name": "Lake Lee",
        "natural": "water",
        "water": "reservoir",
        "@geometry": "center"
      },
      "geometry": {
        "type": "Point",
        "coordinates": [
          -77.9804058,
          37.1558796
        ]
      },
      "id": "way/605319676"
    },
    {
      "type": "Feature",
      "properties": {
        "@id": "way/607194374",
        "ele": "17",
        "gnis:feature_id": "588489",
        "name": "Tagalong Ponds",
        "natural": "water",
        "water": "lake",
        "@geometry": "center"
      },
      "geometry": {
        "type": "Point",
        "coordinates": [
          -76.5712707,
          38.9030554
        ]
      },
      "id": "way/607194374"
    },
    {
      "type": "Feature",
      "properties": {
        "@id": "way/608157205",
        "name": "Tridave Lake",
        "natural": "water",
        "water": "lake",
        "@geometry": "center"
      },
      "geometry": {
        "type": "Point",
        "coordinates": [
          -81.1218947,
          37.910121
        ]
      },
      "id": "way/608157205"
    },
    {
      "type": "Feature",
      "properties": {
        "@id": "way/608727639",
        "name": "Clearbrook Lake",
        "natural": "water",
        "water": "lake",
        "@geometry": "center"
      },
      "geometry": {
        "type": "Point",
        "coordinates": [
          -78.0943783,
          39.2542941
        ]
      },
      "id": "way/608727639"
    },
    {
      "type": "Feature",
      "properties": {
        "@id": "way/611321805",
        "ele": "739",
        "gnis:feature_id": "1559308",
        "name": "Sun Valley Lake",
        "natural": "water",
        "water": "lake",
        "@geometry": "center"
      },
      "geometry": {
        "type": "Point",
        "coordinates": [
          -80.9695502,
          37.5273605
        ]
      },
      "id": "way/611321805"
    },
    {
      "type": "Feature",
      "properties": {
        "@id": "way/611889745",
        "name": "Snapping turtle lake",
        "natural": "water",
        "water": "lake",
        "@geometry": "center"
      },
      "geometry": {
        "type": "Point",
        "coordinates": [
          -77.1660354,
          39.3840351
        ]
      },
      "id": "way/611889745"
    },
    {
      "type": "Feature",
      "properties": {
        "@id": "way/614786276",
        "ele": "175",
        "gnis:feature_id": "1489738",
        "name": "Belvoir Farm Lake",
        "natural": "water",
        "water": "reservoir",
        "@geometry": "center"
      },
      "geometry": {
        "type": "Point",
        "coordinates": [
          -77.8086197,
          38.8529748
        ]
      },
      "id": "way/614786276"
    },
    {
      "type": "Feature",
      "properties": {
        "@id": "way/615866072",
        "ele": "93",
        "gnis:feature_id": "1501944",
        "intermittent": "no",
        "name": "Arrowhead Lake",
        "natural": "water",
        "water": "reservoir",
        "@geometry": "center"
      },
      "geometry": {
        "type": "Point",
        "coordinates": [
          -78.2892485,
          37.5260172
        ]
      },
      "id": "way/615866072"
    },
    {
      "type": "Feature",
      "properties": {
        "@id": "way/615866074",
        "gnis:feature_id": "1502163",
        "name": "Winston Lake",
        "natural": "water",
        "water": "reservoir",
        "@geometry": "center"
      },
      "geometry": {
        "type": "Point",
        "coordinates": [
          -78.2985053,
          37.5140885
        ]
      },
      "id": "way/615866074"
    },
    {
      "type": "Feature",
      "properties": {
        "@id": "way/615867949",
        "ele": "91",
        "gnis:feature_id": "1471756",
        "name": "Oak Hill Lake",
        "natural": "water",
        "water": "reservoir",
        "@geometry": "center"
      },
      "geometry": {
        "type": "Point",
        "coordinates": [
          -78.3174729,
          37.4982737
        ]
      },
      "id": "way/615867949"
    },
    {
      "type": "Feature",
      "properties": {
        "@id": "way/615875130",
        "ele": "68",
        "gnis:feature_id": "1502135",
        "name": "Sports Lake",
        "natural": "water",
        "water": "reservoir",
        "wikidata": "Q49702740",
        "@geometry": "center"
      },
      "geometry": {
        "type": "Point",
        "coordinates": [
          -78.2342341,
          37.635062
        ]
      },
      "id": "way/615875130"
    },
    {
      "type": "Feature",
      "properties": {
        "@id": "way/622546525",
        "name": "Coliseum Lake",
        "natural": "water",
        "water": "lake",
        "@geometry": "center"
      },
      "geometry": {
        "type": "Point",
        "coordinates": [
          -76.3806954,
          37.033575
        ]
      },
      "id": "way/622546525"
    },
    {
      "type": "Feature",
      "properties": {
        "@id": "way/622929947",
        "name": "Rainbow Lake",
        "natural": "water",
        "water": "lake",
        "@geometry": "center"
      },
      "geometry": {
        "type": "Point",
        "coordinates": [
          -76.5701274,
          36.8573634
        ]
      },
      "id": "way/622929947"
    },
    {
      "type": "Feature",
      "properties": {
        "@id": "way/625156035",
        "ele": "556",
        "gnis:feature_id": "1489217",
        "name": "Lake Bacova",
        "natural": "water",
        "water": "reservoir",
        "@geometry": "center"
      },
      "geometry": {
        "type": "Point",
        "coordinates": [
          -79.844281,
          38.0522229
        ]
      },
      "id": "way/625156035"
    },
    {
      "type": "Feature",
      "properties": {
        "@id": "way/627371948",
        "ele": "1",
        "gnis:feature_id": "1490211",
        "name": "Lafferty Pond",
        "natural": "water",
        "water": "reservoir",
        "@geometry": "center"
      },
      "geometry": {
        "type": "Point",
        "coordinates": [
          -77.033224,
          37.6051025
        ]
      },
      "id": "way/627371948"
    },
    {
      "type": "Feature",
      "properties": {
        "@id": "way/628780885",
        "name": "Bonbrook Lake",
        "natural": "water",
        "water": "lake",
        "@geometry": "center"
      },
      "geometry": {
        "type": "Point",
        "coordinates": [
          -78.2340907,
          37.5462422
        ]
      },
      "id": "way/628780885"
    },
    {
      "type": "Feature",
      "properties": {
        "@id": "way/633481522",
        "ele": "503",
        "gnis:feature_id": "1535673",
        "name": "Lake Berwind",
        "natural": "water",
        "water": "reservoir",
        "@geometry": "center"
      },
      "geometry": {
        "type": "Point",
        "coordinates": [
          -81.7034957,
          37.2606072
        ]
      },
      "id": "way/633481522"
    },
    {
      "type": "Feature",
      "properties": {
        "@id": "way/640700609",
        "ele": "168",
        "gnis:feature_id": "1535532",
        "name": "Beech Fork Lake",
        "natural": "water",
        "water": "reservoir",
        "wikidata": "Q4879576",
        "wikipedia": "en:Beech Fork Lake",
        "@geometry": "center"
      },
      "geometry": {
        "type": "Point",
        "coordinates": [
          -82.3793754,
          38.2958297
        ]
      },
      "id": "way/640700609"
    },
    {
      "type": "Feature",
      "properties": {
        "@id": "way/642489801",
        "intermittent": "no",
        "motorboat": "no",
        "name": "Elkwater Fork Lake",
        "natural": "water",
        "water": "reservoir",
        "@geometry": "center"
      },
      "geometry": {
        "type": "Point",
        "coordinates": [
          -80.0650375,
          38.5923054
        ]
      },
      "id": "way/642489801"
    },
    {
      "type": "Feature",
      "properties": {
        "@id": "way/649754567",
        "ele": "3",
        "gnis:feature_id": "2090505",
        "name": "Jones Lake",
        "natural": "water",
        "water": "reservoir",
        "@geometry": "center"
      },
      "geometry": {
        "type": "Point",
        "coordinates": [
          -76.5972975,
          37.370771
        ]
      },
      "id": "way/649754567"
    },
    {
      "type": "Feature",
      "properties": {
        "@id": "way/649902610",
        "name": "Sand Run Lake",
        "natural": "water",
        "water": "lake",
        "@geometry": "center"
      },
      "geometry": {
        "type": "Point",
        "coordinates": [
          -79.3864954,
          39.0666009
        ]
      },
      "id": "way/649902610"
    },
    {
      "type": "Feature",
      "properties": {
        "@id": "way/654420321",
        "ele": "131",
        "gnis:feature_id": "1474165",
        "landuse": "reservoir",
        "name": "Lake Senaham",
        "natural": "water",
        "water": "lake",
        "@geometry": "center"
      },
      "geometry": {
        "type": "Point",
        "coordinates": [
          -78.2562391,
          38.0388631
        ]
      },
      "id": "way/654420321"
    },
    {
      "type": "Feature",
      "properties": {
        "@id": "way/654420326",
        "ele": "124",
        "gnis:feature_id": "1490328",
        "name": "Ferron Lake",
        "natural": "water",
        "water": "reservoir",
        "@geometry": "center"
      },
      "geometry": {
        "type": "Point",
        "coordinates": [
          -78.2854537,
          38.0138604
        ]
      },
      "id": "way/654420326"
    },
    {
      "type": "Feature",
      "properties": {
        "@id": "way/654420330",
        "ele": "127",
        "gnis:feature_id": "1490344",
        "landuse": "reservoir",
        "name": "Beaverdam Pond",
        "natural": "water",
        "water": "lake",
        "@geometry": "center"
      },
      "geometry": {
        "type": "Point",
        "coordinates": [
          -78.2505554,
          38.0196625
        ]
      },
      "id": "way/654420330"
    },
    {
      "type": "Feature",
      "properties": {
        "@id": "way/656079816",
        "ele": "405",
        "gnis:feature_id": "1558939",
        "name": "Dupont Waste Lake",
        "natural": "water",
        "water": "reservoir",
        "@geometry": "center"
      },
      "geometry": {
        "type": "Point",
        "coordinates": [
          -81.5519247,
          38.2525904
        ]
      },
      "id": "way/656079816"
    },
    {
      "type": "Feature",
      "properties": {
        "@id": "way/658691582",
        "ele": "1",
        "gnis:feature_id": "1790916",
        "name": "Horseshoe Lake",
        "natural": "water",
        "reservoir_type": "water_storage",
        "water": "reservoir",
        "@geometry": "center"
      },
      "geometry": {
        "type": "Point",
        "coordinates": [
          -76.3837297,
          36.8448933
        ]
      },
      "id": "way/658691582"
    },
    {
      "type": "Feature",
      "properties": {
        "@id": "way/665074391",
        "ele": "59",
        "gnis:feature_id": "1489888",
        "landuse": "reservoir",
        "name": "Fairfield Pond",
        "natural": "water",
        "water": "lake",
        "@geometry": "center"
      },
      "geometry": {
        "type": "Point",
        "coordinates": [
          -77.9563896,
          37.7011184
        ]
      },
      "id": "way/665074391"
    },
    {
      "type": "Feature",
      "properties": {
        "@id": "way/665829251",
        "ele": "2",
        "gnis:feature_id": "1790906",
        "name": "Green Lake",
        "natural": "water",
        "water": "reservoir",
        "wikidata": "Q49700917",
        "@geometry": "center"
      },
      "geometry": {
        "type": "Point",
        "coordinates": [
          -76.3893999,
          36.8066448
        ]
      },
      "id": "way/665829251"
    },
    {
      "type": "Feature",
      "properties": {
        "@id": "way/666431834",
        "ele": "8",
        "gnis:feature_id": "1479178",
        "name": "Murphy Pond",
        "natural": "water",
        "water": "reservoir",
        "@geometry": "center"
      },
      "geometry": {
        "type": "Point",
        "coordinates": [
          -76.6204052,
          36.762519
        ]
      },
      "id": "way/666431834"
    },
    {
      "type": "Feature",
      "properties": {
        "@id": "way/668214046",
        "ele": "1",
        "gnis:feature_id": "1468072",
        "name": "Hipps Pond",
        "natural": "water",
        "reservoir_type": "water_storage",
        "water": "reservoir",
        "@geometry": "center"
      },
      "geometry": {
        "type": "Point",
        "coordinates": [
          -76.6193584,
          37.2753873
        ]
      },
      "id": "way/668214046"
    },
    {
      "type": "Feature",
      "properties": {
        "@id": "way/668820949",
        "ele": "4",
        "gnis:feature_id": "1779956",
        "name": "Lake Collins",
        "natural": "water",
        "water": "reservoir",
        "@geometry": "center"
      },
      "geometry": {
        "type": "Point",
        "coordinates": [
          -76.3712642,
          36.8131876
        ]
      },
      "id": "way/668820949"
    },
    {
      "type": "Feature",
      "properties": {
        "@id": "way/670180903",
        "gnis:feature_id": "1553379",
        "name": "Warden Lake",
        "natural": "water",
        "water": "reservoir",
        "wikidata": "Q7338057",
        "wikipedia": "en:Warden Lake",
        "@geometry": "center"
      },
      "geometry": {
        "type": "Point",
        "coordinates": [
          -78.5976809,
          39.1339086
        ]
      },
      "id": "way/670180903"
    },
    {
      "type": "Feature",
      "properties": {
        "@id": "way/670273397",
        "ele": "7",
        "gnis:feature_id": "1501692",
        "name": "Speights Run Reservoir",
        "natural": "water",
        "water": "reservoir",
        "@geometry": "center"
      },
      "geometry": {
        "type": "Point",
        "coordinates": [
          -76.642642,
          36.7137969
        ]
      },
      "id": "way/670273397"
    },
    {
      "type": "Feature",
      "properties": {
        "@id": "way/670960606",
        "name": "Lakeside Lake",
        "natural": "water",
        "water": "lake",
        "@geometry": "center"
      },
      "geometry": {
        "type": "Point",
        "coordinates": [
          -78.1916263,
          39.1020291
        ]
      },
      "id": "way/670960606"
    },
    {
      "type": "Feature",
      "properties": {
        "@id": "way/670967460",
        "ele": "123",
        "gnis:feature_id": "1490346",
        "name": "Brickhead Pond",
        "natural": "water",
        "water": "reservoir",
        "wikidata": "Q49700109",
        "@geometry": "center"
      },
      "geometry": {
        "type": "Point",
        "coordinates": [
          -78.2690358,
          37.9985944
        ]
      },
      "id": "way/670967460"
    },
    {
      "type": "Feature",
      "properties": {
        "@id": "way/670973148",
        "ele": "110",
        "gnis:feature_id": "1471557",
        "name": "Nolting Pond",
        "natural": "water",
        "water": "reservoir",
        "@geometry": "center"
      },
      "geometry": {
        "type": "Point",
        "coordinates": [
          -78.1730918,
          38.0361058
        ]
      },
      "id": "way/670973148"
    },
    {
      "type": "Feature",
      "properties": {
        "@id": "way/671426235",
        "ele": "114",
        "gnis:feature_id": "1489781",
        "name": "Lake View",
        "natural": "water",
        "water": "reservoir",
        "@geometry": "center"
      },
      "geometry": {
        "type": "Point",
        "coordinates": [
          -78.3594775,
          37.9187535
        ]
      },
      "id": "way/671426235"
    },
    {
      "type": "Feature",
      "properties": {
        "@id": "way/671451876",
        "ele": "112",
        "gnis:feature_id": "1490342",
        "name": "Hawkwood Lake",
        "natural": "water",
        "water": "reservoir",
        "@geometry": "center"
      },
      "geometry": {
        "type": "Point",
        "coordinates": [
          -78.1973996,
          38.0204469
        ]
      },
      "id": "way/671451876"
    },
    {
      "type": "Feature",
      "properties": {
        "@id": "way/671451905",
        "ele": "110",
        "gnis:feature_id": "1490322",
        "name": "Purcell Lake",
        "natural": "water",
        "water": "reservoir",
        "@geometry": "center"
      },
      "geometry": {
        "type": "Point",
        "coordinates": [
          -78.1651246,
          38.0189635
        ]
      },
      "id": "way/671451905"
    },
    {
      "type": "Feature",
      "properties": {
        "@id": "way/672757659",
        "landuse": "recreation_ground",
        "name": "Burwin Mills Lake",
        "natural": "water",
        "water": "lake",
        "@geometry": "center"
      },
      "geometry": {
        "type": "Point",
        "coordinates": [
          -81.1850597,
          37.419058
        ]
      },
      "id": "way/672757659"
    },
    {
      "type": "Feature",
      "properties": {
        "@id": "way/673232041",
        "ele": "119",
        "gnis:feature_id": "1467266",
        "landuse": "reservoir",
        "name": "Lake Gordonsville",
        "natural": "water",
        "water": "lake",
        "@geometry": "center"
      },
      "geometry": {
        "type": "Point",
        "coordinates": [
          -78.2068024,
          38.0921589
        ]
      },
      "id": "way/673232041"
    },
    {
      "type": "Feature",
      "properties": {
        "@id": "way/674356796",
        "ele": "278",
        "gnis:feature_id": "1490541",
        "name": "Newport Reservoir",
        "natural": "water",
        "water": "reservoir",
        "@geometry": "center"
      },
      "geometry": {
        "type": "Point",
        "coordinates": [
          -78.5878445,
          38.5548271
        ]
      },
      "id": "way/674356796"
    },
    {
      "type": "Feature",
      "properties": {
        "@id": "way/675678799",
        "gnis:feature_id": "1083371",
        "name": "Timbre Ridge Lake",
        "natural": "water",
        "water": "reservoir",
        "@geometry": "center"
      },
      "geometry": {
        "type": "Point",
        "coordinates": [
          -82.3909017,
          38.6543997
        ]
      },
      "id": "way/675678799"
    },
    {
      "type": "Feature",
      "properties": {
        "@id": "way/675795680",
        "name": "McClure Lake",
        "natural": "water",
        "water": "reservoir",
        "@geometry": "center"
      },
      "geometry": {
        "type": "Point",
        "coordinates": [
          -82.5464335,
          38.6471659
        ]
      },
      "id": "way/675795680"
    },
    {
      "type": "Feature",
      "properties": {
        "@id": "way/677765343",
        "ele": "201",
        "gnis:feature_id": "1489080",
        "name": "Charlottesville Reservoir",
        "natural": "water",
        "water": "reservoir",
        "@geometry": "center"
      },
      "geometry": {
        "type": "Point",
        "coordinates": [
          -78.5663691,
          38.0309608
        ]
      },
      "id": "way/677765343"
    },
    {
      "type": "Feature",
      "properties": {
        "@id": "way/677779397",
        "name": "Wolfe/Campton Lake",
        "natural": "water",
        "salt": "no",
        "water": "lake",
        "@geometry": "center"
      },
      "geometry": {
        "type": "Point",
        "coordinates": [
          -83.5424996,
          37.7459455
        ]
      },
      "id": "way/677779397"
    },
    {
      "type": "Feature",
      "properties": {
        "@id": "way/678291754",
        "name": "Lake LeCompte",
        "natural": "water",
        "water": "lake",
        "@geometry": "center"
      },
      "geometry": {
        "type": "Point",
        "coordinates": [
          -76.5880864,
          37.6476764
        ]
      },
      "id": "way/678291754"
    },
    {
      "type": "Feature",
      "properties": {
        "@id": "way/678807313",
        "alt_name": "Headleys Pond",
        "ele": "3",
        "gnis:feature_id": "1467890",
        "name": "Healys Pond",
        "natural": "water",
        "water": "reservoir",
        "@geometry": "center"
      },
      "geometry": {
        "type": "Point",
        "coordinates": [
          -76.5007541,
          37.5691025
        ]
      },
      "id": "way/678807313"
    },
    {
      "type": "Feature",
      "properties": {
        "@id": "way/679043792",
        "ele": "7",
        "gnis:feature_id": "1490413",
        "name": "Conrads Pond",
        "natural": "water",
        "water": "reservoir",
        "@geometry": "center"
      },
      "geometry": {
        "type": "Point",
        "coordinates": [
          -76.4147864,
          37.5520056
        ]
      },
      "id": "way/679043792"
    },
    {
      "type": "Feature",
      "properties": {
        "@id": "way/679802936",
        "gnis:feature_id": "1490007",
        "name": "Camp Hanover Lake",
        "natural": "water",
        "salt": "no",
        "tidal": "no",
        "water": "lake",
        "@geometry": "center"
      },
      "geometry": {
        "type": "Point",
        "coordinates": [
          -77.2050866,
          37.6040754
        ]
      },
      "id": "way/679802936"
    },
    {
      "type": "Feature",
      "properties": {
        "@id": "way/680991091",
        "ele": "24",
        "gnis:feature_id": "1502156",
        "name": "Wests Pond",
        "natural": "water",
        "water": "reservoir",
        "@geometry": "center"
      },
      "geometry": {
        "type": "Point",
        "coordinates": [
          -77.2311339,
          37.6303431
        ]
      },
      "id": "way/680991091"
    },
    {
      "type": "Feature",
      "properties": {
        "@id": "way/680993025",
        "ele": "33",
        "gnis:feature_id": "1490020",
        "name": "Walden Pond",
        "natural": "water",
        "water": "reservoir",
        "@geometry": "center"
      },
      "geometry": {
        "type": "Point",
        "coordinates": [
          -77.1856888,
          37.6098206
        ]
      },
      "id": "way/680993025"
    },
    {
      "type": "Feature",
      "properties": {
        "@id": "way/681028460",
        "ele": "45",
        "gnis:feature_id": "1476522",
        "name": "Westhaven Lake",
        "natural": "water",
        "water": "reservoir",
        "@geometry": "center"
      },
      "geometry": {
        "type": "Point",
        "coordinates": [
          -77.3122388,
          37.6168751
        ]
      },
      "id": "way/681028460"
    },
    {
      "type": "Feature",
      "properties": {
        "@id": "way/681191398",
        "ele": "78",
        "gnis:feature_id": "1465626",
        "name": "Davenport Pond",
        "natural": "water",
        "water": "reservoir",
        "@geometry": "center"
      },
      "geometry": {
        "type": "Point",
        "coordinates": [
          -77.9339998,
          37.2809655
        ]
      },
      "id": "way/681191398"
    },
    {
      "type": "Feature",
      "properties": {
        "@id": "way/682535911",
        "ele": "100",
        "gnis:feature_id": "1489115",
        "name": "Owenbys Lake",
        "natural": "water",
        "water": "reservoir",
        "@geometry": "center"
      },
      "geometry": {
        "type": "Point",
        "coordinates": [
          -77.9539245,
          37.312573
        ]
      },
      "id": "way/682535911"
    },
    {
      "type": "Feature",
      "properties": {
        "@id": "way/688410855",
        "ele": "195",
        "gnis:feature_id": "1541160",
        "name": "Kera Lakes",
        "natural": "water",
        "water": "reservoir",
        "@geometry": "center"
      },
      "geometry": {
        "type": "Point",
        "coordinates": [
          -81.8188463,
          38.923273
        ]
      },
      "id": "way/688410855"
    },
    {
      "type": "Feature",
      "properties": {
        "@id": "way/688421670",
        "ele": "189",
        "gnis:feature_id": "1548338",
        "name": "Turkey Foot Lake",
        "natural": "water",
        "water": "reservoir",
        "@geometry": "center"
      },
      "geometry": {
        "type": "Point",
        "coordinates": [
          -81.7660934,
          38.9782937
        ]
      },
      "id": "way/688421670"
    },
    {
      "type": "Feature",
      "properties": {
        "@id": "way/690766294",
        "ele": "34",
        "gnis:feature_id": "1474685",
        "intermittent": "no",
        "landuse": "reservoir",
        "name": "Sledds Lake",
        "natural": "water",
        "salt": "no",
        "tidal": "no",
        "water": "lake",
        "@geometry": "center"
      },
      "geometry": {
        "type": "Point",
        "coordinates": [
          -77.3318224,
          37.5860147
        ]
      },
      "id": "way/690766294"
    },
    {
      "type": "Feature",
      "properties": {
        "@id": "way/693601113",
        "alt_name": "Hope Lake",
        "ele": "502",
        "fishing": "private",
        "gnis:feature_id": "1489193",
        "intermittent": "no",
        "name": "Boy Scout Lake",
        "natural": "water",
        "salt": "no",
        "tidal": "no",
        "water": "reservoir",
        "@geometry": "center"
      },
      "geometry": {
        "type": "Point",
        "coordinates": [
          -79.2271295,
          38.1326511
        ]
      },
      "id": "way/693601113"
    },
    {
      "type": "Feature",
      "properties": {
        "@id": "way/695722649",
        "ele": "23",
        "gnis:feature_id": "1760386",
        "intermittent": "no",
        "name": "Eberhard Pond",
        "natural": "water",
        "salt": "no",
        "water": "reservoir",
        "@geometry": "center"
      },
      "geometry": {
        "type": "Point",
        "coordinates": [
          -77.2644196,
          37.5356546
        ]
      },
      "id": "way/695722649"
    },
    {
      "type": "Feature",
      "properties": {
        "@id": "way/695977001",
        "ele": "49",
        "gnis:feature_id": "1490074",
        "name": "Canterbury Lake",
        "natural": "water",
        "water": "lake",
        "@geometry": "center"
      },
      "geometry": {
        "type": "Point",
        "coordinates": [
          -77.6037533,
          37.6036954
        ]
      },
      "id": "way/695977001"
    },
    {
      "type": "Feature",
      "properties": {
        "@id": "way/697254087",
        "name": "Bear Lake",
        "natural": "water",
        "water": "reservoir",
        "@geometry": "center"
      },
      "geometry": {
        "type": "Point",
        "coordinates": [
          -83.1753445,
          38.7806789
        ]
      },
      "id": "way/697254087"
    },
    {
      "type": "Feature",
      "properties": {
        "@id": "way/697254088",
        "gnis:feature_id": "1039120",
        "name": "Churn Creek Reservoir",
        "natural": "water",
        "water": "reservoir",
        "@geometry": "center"
      },
      "geometry": {
        "type": "Point",
        "coordinates": [
          -83.277141,
          38.7189243
        ]
      },
      "id": "way/697254088"
    },
    {
      "type": "Feature",
      "properties": {
        "@id": "way/697254089",
        "name": "Wolfden Lake",
        "natural": "water",
        "water": "reservoir",
        "@geometry": "center"
      },
      "geometry": {
        "type": "Point",
        "coordinates": [
          -83.2246502,
          38.752093
        ]
      },
      "id": "way/697254089"
    },
    {
      "type": "Feature",
      "properties": {
        "@id": "way/697254166",
        "name": "Pond Lick Lake",
        "natural": "water",
        "water": "reservoir",
        "@geometry": "center"
      },
      "geometry": {
        "type": "Point",
        "coordinates": [
          -83.1723784,
          38.6972965
        ]
      },
      "id": "way/697254166"
    },
    {
      "type": "Feature",
      "properties": {
        "@id": "way/697254172",
        "name": "Roosevelt Lake",
        "natural": "water",
        "water": "reservoir",
        "@geometry": "center"
      },
      "geometry": {
        "type": "Point",
        "coordinates": [
          -83.1774853,
          38.7271458
        ]
      },
      "id": "way/697254172"
    },
    {
      "type": "Feature",
      "properties": {
        "@id": "way/697254179",
        "name": "Turkey Creek Lake",
        "natural": "water",
        "water": "reservoir",
        "@geometry": "center"
      },
      "geometry": {
        "type": "Point",
        "coordinates": [
          -83.1941984,
          38.7373527
        ]
      },
      "id": "way/697254179"
    },
    {
      "type": "Feature",
      "properties": {
        "@id": "way/699144292",
        "gnis:feature_id": "1070658",
        "name": "Adams Lake",
        "natural": "water",
        "water": "reservoir",
        "@geometry": "center"
      },
      "geometry": {
        "type": "Point",
        "coordinates": [
          -83.5277565,
          38.8150418
        ]
      },
      "id": "way/699144292"
    },
    {
      "type": "Feature",
      "properties": {
        "@id": "way/700535843",
        "ele": "37",
        "gnis:feature_id": "597707",
        "name": "Mabbott Pond",
        "natural": "water",
        "water": "reservoir",
        "@geometry": "center"
      },
      "geometry": {
        "type": "Point",
        "coordinates": [
          -76.8047587,
          39.0192378
        ]
      },
      "id": "way/700535843"
    },
    {
      "type": "Feature",
      "properties": {
        "@id": "way/703333405",
        "ele": "3",
        "gnis:feature_id": "1790948",
        "name": "Lake Pam",
        "natural": "water",
        "reservoir_type": "water_storage",
        "water": "reservoir",
        "@geometry": "center"
      },
      "geometry": {
        "type": "Point",
        "coordinates": [
          -76.3775781,
          36.8346667
        ]
      },
      "id": "way/703333405"
    },
    {
      "type": "Feature",
      "properties": {
        "@id": "way/703851465",
        "ele": "138",
        "gnis:feature_id": "1489283",
        "landuse": "reservoir",
        "name": "Horsepen Creek Lake",
        "natural": "water",
        "water": "lake",
        "@geometry": "center"
      },
      "geometry": {
        "type": "Point",
        "coordinates": [
          -78.5546569,
          37.5069388
        ]
      },
      "id": "way/703851465"
    },
    {
      "type": "Feature",
      "properties": {
        "@id": "way/705788589",
        "gnis:feature_id": "588354",
        "name": "Wrights Millpond",
        "natural": "water",
        "water": "reservoir",
        "wikidata": "Q34936181",
        "@geometry": "center"
      },
      "geometry": {
        "type": "Point",
        "coordinates": [
          -75.7333625,
          38.6106444
        ]
      },
      "id": "way/705788589"
    },
    {
      "type": "Feature",
      "properties": {
        "@id": "way/714887988",
        "name": "Holly Lake",
        "natural": "water",
        "tidal": "no",
        "water": "lake",
        "@geometry": "center"
      },
      "geometry": {
        "type": "Point",
        "coordinates": [
          -75.1926116,
          38.6603746
        ]
      },
      "id": "way/714887988"
    },
    {
      "type": "Feature",
      "properties": {
        "@id": "way/719059582",
        "ele": "6",
        "gnis:feature_id": "594355",
        "name": "Lake Pinehurst",
        "natural": "water",
        "water": "reservoir",
        "wikidata": "Q34900644",
        "@geometry": "center"
      },
      "geometry": {
        "type": "Point",
        "coordinates": [
          -75.8686518,
          38.7747042
        ]
      },
      "id": "way/719059582"
    },
    {
      "type": "Feature",
      "properties": {
        "@id": "way/721226457",
        "ele": "35",
        "gnis:feature_id": "1760119",
        "name": "Redwater Lake",
        "natural": "water",
        "water": "reservoir",
        "@geometry": "center"
      },
      "geometry": {
        "type": "Point",
        "coordinates": [
          -77.4018976,
          37.3516651
        ]
      },
      "id": "way/721226457"
    },
    {
      "type": "Feature",
      "properties": {
        "@id": "way/727288546",
        "ele": "21",
        "gnis:feature_id": "1464568",
        "name": "Cattail Swamp Pond",
        "natural": "water",
        "water": "reservoir",
        "@geometry": "center"
      },
      "geometry": {
        "type": "Point",
        "coordinates": [
          -77.1655819,
          37.5724116
        ]
      },
      "id": "way/727288546"
    },
    {
      "type": "Feature",
      "properties": {
        "@id": "way/727736850",
        "ele": "547",
        "gnis:feature_id": "1465434",
        "name": "Crimora Lake",
        "natural": "water",
        "water": "reservoir",
        "@geometry": "center"
      },
      "geometry": {
        "type": "Point",
        "coordinates": [
          -78.798779,
          38.153205
        ]
      },
      "id": "way/727736850"
    },
    {
      "type": "Feature",
      "properties": {
        "@id": "way/727841975",
        "fishing": "stocked",
        "intermittent": "no",
        "name": "Harbour Breeze Fishing Lake",
        "natural": "water",
        "note": "Private",
        "salt": "no",
        "tidal": "no",
        "water": "lake",
        "@geometry": "center"
      },
      "geometry": {
        "type": "Point",
        "coordinates": [
          -76.4531906,
          36.8577751
        ]
      },
      "id": "way/727841975"
    },
    {
      "type": "Feature",
      "properties": {
        "@id": "way/727894383",
        "intermittent": "no",
        "name": "Suffolk Meadows Retention Pond",
        "natural": "water",
        "salt": "no",
        "tidal": "no",
        "water": "lake",
        "@geometry": "center"
      },
      "geometry": {
        "type": "Point",
        "coordinates": [
          -76.4751714,
          36.8231615
        ]
      },
      "id": "way/727894383"
    },
    {
      "type": "Feature",
      "properties": {
        "@id": "way/730948731",
        "name": "Coventry",
        "natural": "water",
        "water": "lake",
        "@geometry": "center"
      },
      "geometry": {
        "type": "Point",
        "coordinates": [
          -76.137363,
          36.7866813
        ]
      },
      "id": "way/730948731"
    },
    {
      "type": "Feature",
      "properties": {
        "@id": "way/736680940",
        "ele": "14",
        "gnis:feature_id": "594305",
        "name": "Unicorn Lake",
        "natural": "water",
        "water": "reservoir",
        "@geometry": "center"
      },
      "geometry": {
        "type": "Point",
        "coordinates": [
          -75.8565706,
          39.2425109
        ]
      },
      "id": "way/736680940"
    },
    {
      "type": "Feature",
      "properties": {
        "@id": "way/737184267",
        "ele": "2",
        "gnis:feature_id": "594539",
        "name": "Mill Pond",
        "natural": "water",
        "water": "reservoir",
        "@geometry": "center"
      },
      "geometry": {
        "type": "Point",
        "coordinates": [
          -75.8705683,
          39.3512406
        ]
      },
      "id": "way/737184267"
    },
    {
      "type": "Feature",
      "properties": {
        "@id": "way/737206004",
        "ele": "7",
        "gnis:feature_id": "584558",
        "name": "Garland Lake",
        "natural": "water",
        "water": "reservoir",
        "@geometry": "center"
      },
      "geometry": {
        "type": "Point",
        "coordinates": [
          -75.7994702,
          38.9164208
        ]
      },
      "id": "way/737206004"
    },
    {
      "type": "Feature",
      "properties": {
        "@id": "way/738108057",
        "ele": "12",
        "gnis:feature_id": "594273",
        "name": "Wye Mills Community Lake",
        "natural": "water",
        "water": "reservoir",
        "@geometry": "center"
      },
      "geometry": {
        "type": "Point",
        "coordinates": [
          -76.0737337,
          38.9454978
        ]
      },
      "id": "way/738108057"
    },
    {
      "type": "Feature",
      "properties": {
        "@id": "way/741794743",
        "name": "Boat House Lake",
        "natural": "water",
        "water": "lake",
        "@geometry": "center"
      },
      "geometry": {
        "type": "Point",
        "coordinates": [
          -77.5735583,
          38.935676
        ]
      },
      "id": "way/741794743"
    },
    {
      "type": "Feature",
      "properties": {
        "@id": "way/743074082",
        "ele": "501",
        "gnis:feature_id": "1489215",
        "name": "Lake of the Pines",
        "natural": "water",
        "water": "reservoir",
        "@geometry": "center"
      },
      "geometry": {
        "type": "Point",
        "coordinates": [
          -79.7201887,
          38.05375
        ]
      },
      "id": "way/743074082"
    },
    {
      "type": "Feature",
      "properties": {
        "@id": "way/743189038",
        "ele": "577",
        "gnis:feature_id": "1489513",
        "name": "Connallys Lake",
        "natural": "water",
        "water": "reservoir",
        "@geometry": "center"
      },
      "geometry": {
        "type": "Point",
        "coordinates": [
          -80.3763925,
          37.4389604
        ]
      },
      "id": "way/743189038"
    },
    {
      "type": "Feature",
      "properties": {
        "@id": "way/743530625",
        "ele": "8",
        "gnis:feature_id": "582867",
        "name": "Adkins Pond",
        "natural": "water",
        "water": "reservoir",
        "@geometry": "center"
      },
      "geometry": {
        "type": "Point",
        "coordinates": [
          -75.3753935,
          38.3331366
        ]
      },
      "id": "way/743530625"
    },
    {
      "type": "Feature",
      "properties": {
        "@id": "way/745010097",
        "ele": "67",
        "gnis:feature_id": "1489665",
        "landuse": "reservoir",
        "name": "Chantilly Lake",
        "natural": "water",
        "salt": "no",
        "tidal": "no",
        "water": "lake",
        "@geometry": "center"
      },
      "geometry": {
        "type": "Point",
        "coordinates": [
          -77.4700747,
          38.8645294
        ]
      },
      "id": "way/745010097"
    },
    {
      "type": "Feature",
      "properties": {
        "@id": "way/745399771",
        "ele": "4",
        "gnis:feature_id": "1469106",
        "name": "Lakewood Pond",
        "natural": "water",
        "water": "reservoir",
        "@geometry": "center"
      },
      "geometry": {
        "type": "Point",
        "coordinates": [
          -75.9527889,
          37.2446463
        ]
      },
      "id": "way/745399771"
    },
    {
      "type": "Feature",
      "properties": {
        "@id": "way/745401497",
        "alt_name": "Longs Pond",
        "ele": "3",
        "gnis:feature_id": "1490467",
        "name": "Long Pond",
        "natural": "water",
        "water": "reservoir",
        "@geometry": "center"
      },
      "geometry": {
        "type": "Point",
        "coordinates": [
          -75.9812988,
          37.2463698
        ]
      },
      "id": "way/745401497"
    },
    {
      "type": "Feature",
      "properties": {
        "@id": "way/745402216",
        "ele": "2",
        "gnis:feature_id": "1490465",
        "name": "Dixon and Parson Pond",
        "natural": "water",
        "water": "reservoir",
        "@geometry": "center"
      },
      "geometry": {
        "type": "Point",
        "coordinates": [
          -75.9955458,
          37.2131431
        ]
      },
      "id": "way/745402216"
    },
    {
      "type": "Feature",
      "properties": {
        "@id": "way/746292759",
        "ele": "1",
        "gnis:feature_id": "1490475",
        "name": "Miller Pond",
        "natural": "water",
        "water": "reservoir",
        "@geometry": "center"
      },
      "geometry": {
        "type": "Point",
        "coordinates": [
          -75.9378287,
          37.3969081
        ]
      },
      "id": "way/746292759"
    },
    {
      "type": "Feature",
      "properties": {
        "@id": "way/746293211",
        "ele": "2",
        "gnis:feature_id": "1490473",
        "name": "Mears Pond",
        "natural": "water",
        "water": "reservoir",
        "wikidata": "Q49701947",
        "@geometry": "center"
      },
      "geometry": {
        "type": "Point",
        "coordinates": [
          -75.9411192,
          37.3751527
        ]
      },
      "id": "way/746293211"
    },
    {
      "type": "Feature",
      "properties": {
        "@id": "way/747192649",
        "ele": "3",
        "gnis:feature_id": "1488984",
        "name": "Bundick Pond",
        "natural": "water",
        "water": "reservoir",
        "@geometry": "center"
      },
      "geometry": {
        "type": "Point",
        "coordinates": [
          -75.5978427,
          37.7619813
        ]
      },
      "id": "way/747192649"
    },
    {
      "type": "Feature",
      "properties": {
        "@id": "way/747469438",
        "ele": "2",
        "gnis:feature_id": "1668288",
        "name": "Anderson Mill Pond",
        "natural": "water",
        "water": "reservoir",
        "@geometry": "center"
      },
      "geometry": {
        "type": "Point",
        "coordinates": [
          -75.6748281,
          38.3582569
        ]
      },
      "id": "way/747469438"
    },
    {
      "type": "Feature",
      "properties": {
        "@id": "way/749116501",
        "name": "Hidden Lake",
        "natural": "water",
        "water": "lake",
        "@geometry": "center"
      },
      "geometry": {
        "type": "Point",
        "coordinates": [
          -76.1180899,
          39.3571765
        ]
      },
      "id": "way/749116501"
    },
    {
      "type": "Feature",
      "properties": {
        "@id": "way/749120076",
        "ele": "3",
        "gnis:feature_id": "594399",
        "name": "Saint Pauls Millpond",
        "natural": "water",
        "water": "reservoir",
        "wikidata": "Q34921127",
        "@geometry": "center"
      },
      "geometry": {
        "type": "Point",
        "coordinates": [
          -76.1761233,
          39.1891546
        ]
      },
      "id": "way/749120076"
    },
    {
      "type": "Feature",
      "properties": {
        "@id": "way/749931567",
        "ele": "14",
        "gnis:feature_id": "1490147",
        "name": "Taylor Pit",
        "natural": "water",
        "water": "reservoir",
        "@geometry": "center"
      },
      "geometry": {
        "type": "Point",
        "coordinates": [
          -76.8168061,
          37.3952558
        ]
      },
      "id": "way/749931567"
    },
    {
      "type": "Feature",
      "properties": {
        "@id": "way/750989586",
        "ele": "2",
        "gnis:feature_id": "595999",
        "name": "Linchester Mill Pond",
        "natural": "water",
        "water": "reservoir",
        "@geometry": "center"
      },
      "geometry": {
        "type": "Point",
        "coordinates": [
          -75.8975156,
          38.7003385
        ]
      },
      "id": "way/750989586"
    },
    {
      "type": "Feature",
      "properties": {
        "@id": "way/753458636",
        "ele": "2",
        "gnis:feature_id": "584321",
        "name": "Fairlee Lake",
        "natural": "water",
        "water": "reservoir",
        "@geometry": "center"
      },
      "geometry": {
        "type": "Point",
        "coordinates": [
          -76.1627635,
          39.2466571
        ]
      },
      "id": "way/753458636"
    },
    {
      "type": "Feature",
      "properties": {
        "@id": "way/755814250",
        "name": "Lake Knapp",
        "natural": "water",
        "salt": "no",
        "tidal": "no",
        "water": "lake",
        "@geometry": "center"
      },
      "geometry": {
        "type": "Point",
        "coordinates": [
          -76.2318306,
          38.95048
        ]
      },
      "id": "way/755814250"
    },
    {
      "type": "Feature",
      "properties": {
        "@id": "way/758753162",
        "ele": "0",
        "gnis:feature_id": "594466",
        "name": "Grove Point Disposal Area Lake",
        "natural": "water",
        "water": "lake",
        "@geometry": "center"
      },
      "geometry": {
        "type": "Point",
        "coordinates": [
          -76.0204054,
          39.3887971
        ]
      },
      "id": "way/758753162"
    },
    {
      "type": "Feature",
      "properties": {
        "@id": "way/761869102",
        "ele": "359",
        "gnis:feature_id": "1558904",
        "name": "Mine 95 Water Supply Reservoir",
        "natural": "water",
        "water": "reservoir",
        "@geometry": "center"
      },
      "geometry": {
        "type": "Point",
        "coordinates": [
          -80.3879707,
          39.4146482
        ]
      },
      "id": "way/761869102"
    },
    {
      "type": "Feature",
      "properties": {
        "@id": "way/768781160",
        "ele": "7",
        "gnis:feature_id": "595144",
        "name": "Millbrook Lake",
        "natural": "water",
        "water": "reservoir",
        "@geometry": "center"
      },
      "geometry": {
        "type": "Point",
        "coordinates": [
          -76.1473794,
          39.2680515
        ]
      },
      "id": "way/768781160"
    },
    {
      "type": "Feature",
      "properties": {
        "@id": "way/777529163",
        "ele": "10",
        "gnis:feature_id": "588451",
        "name": "Horntown Pond",
        "natural": "water",
        "water": "reservoir",
        "wikidata": "Q34890631",
        "@geometry": "center"
      },
      "geometry": {
        "type": "Point",
        "coordinates": [
          -75.6976534,
          38.4579196
        ]
      },
      "id": "way/777529163"
    },
    {
      "type": "Feature",
      "properties": {
        "@id": "way/781142873",
        "ele": "473",
        "gnis:feature_id": "491691",
        "name": "Elkhorn Lake",
        "natural": "water",
        "water": "reservoir",
        "@geometry": "center"
      },
      "geometry": {
        "type": "Point",
        "coordinates": [
          -82.6367214,
          37.1665073
        ]
      },
      "id": "way/781142873"
    },
    {
      "type": "Feature",
      "properties": {
        "@id": "way/784210142",
        "ele": "134",
        "gnis:feature_id": "1490295",
        "name": "Cherry Hill Pond",
        "natural": "water",
        "water": "reservoir",
        "@geometry": "center"
      },
      "geometry": {
        "type": "Point",
        "coordinates": [
          -77.657684,
          38.9921239
        ]
      },
      "id": "way/784210142"
    },
    {
      "type": "Feature",
      "properties": {
        "@id": "way/785191739",
        "ele": "192",
        "fishing": "license",
        "gnis:feature_id": "1502312",
        "name": "Nelson Lake",
        "natural": "water",
        "water": "reservoir",
        "@geometry": "center"
      },
      "geometry": {
        "type": "Point",
        "coordinates": [
          -78.8841515,
          37.689581
        ]
      },
      "id": "way/785191739"
    },
    {
      "type": "Feature",
      "properties": {
        "@id": "way/787601172",
        "name": "Woodrum Lake",
        "natural": "water",
        "water": "lake",
        "@geometry": "center"
      },
      "geometry": {
        "type": "Point",
        "coordinates": [
          -81.5733054,
          38.6304097
        ]
      },
      "id": "way/787601172"
    },
    {
      "type": "Feature",
      "properties": {
        "@id": "way/800397843",
        "ele": "76",
        "gnis:feature_id": "1489892",
        "name": "Queensmeer Lake",
        "natural": "water",
        "water": "lake",
        "@geometry": "center"
      },
      "geometry": {
        "type": "Point",
        "coordinates": [
          -78.0504644,
          37.6829169
        ]
      },
      "id": "way/800397843"
    },
    {
      "type": "Feature",
      "properties": {
        "@id": "way/802700930",
        "name": "High Knob Lake",
        "natural": "water",
        "water": "lake",
        "@geometry": "center"
      },
      "geometry": {
        "type": "Point",
        "coordinates": [
          -82.6149217,
          36.8872126
        ]
      },
      "id": "way/802700930"
    },
    {
      "type": "Feature",
      "properties": {
        "@id": "way/804702929",
        "gnis:feature_id": "1078849",
        "name": "Rainbow Lake",
        "natural": "water",
        "water": "reservoir",
        "@geometry": "center"
      },
      "geometry": {
        "type": "Point",
        "coordinates": [
          -82.0791081,
          39.2270061
        ]
      },
      "id": "way/804702929"
    },
    {
      "type": "Feature",
      "properties": {
        "@id": "way/808089075",
        "ele": "555",
        "gnis:feature_id": "1462935",
        "name": "Beaver Creek Lake",
        "natural": "water",
        "water": "reservoir",
        "@geometry": "center"
      },
      "geometry": {
        "type": "Point",
        "coordinates": [
          -82.1106578,
          36.6440786
        ]
      },
      "id": "way/808089075"
    },
    {
      "type": "Feature",
      "properties": {
        "@id": "way/812783564",
        "name": "Gardy's Millpond",
        "natural": "water",
        "water": "reservoir",
        "website": "https://www.dgif.virginia.gov/waterbody/gardys-millpond/",
        "wikidata": "Q5522654",
        "wikipedia": "en:Gardy's Millpond",
        "@geometry": "center"
      },
      "geometry": {
        "type": "Point",
        "coordinates": [
          -76.6084499,
          37.9990844
        ]
      },
      "id": "way/812783564"
    },
    {
      "type": "Feature",
      "properties": {
        "@id": "way/818633247",
        "name": "Lake Shawnee",
        "natural": "water",
        "water": "lake",
        "@geometry": "center"
      },
      "geometry": {
        "type": "Point",
        "coordinates": [
          -81.140981,
          37.4062109
        ]
      },
      "id": "way/818633247"
    },
    {
      "type": "Feature",
      "properties": {
        "@id": "way/820953623",
        "ele": "7",
        "gnis:feature_id": "1791466",
        "name": "Stratford Millpond",
        "natural": "water",
        "water": "reservoir",
        "@geometry": "center"
      },
      "geometry": {
        "type": "Point",
        "coordinates": [
          -76.831858,
          38.1594214
        ]
      },
      "id": "way/820953623"
    },
    {
      "type": "Feature",
      "properties": {
        "@id": "way/822994709",
        "ele": "171",
        "gnis:feature_id": "1079292",
        "name": "Gavin Bottom Ash Pond",
        "natural": "water",
        "water": "reservoir",
        "@geometry": "center"
      },
      "geometry": {
        "type": "Point",
        "coordinates": [
          -82.1209391,
          38.9307973
        ]
      },
      "id": "way/822994709"
    },
    {
      "type": "Feature",
      "properties": {
        "@id": "way/825057642",
        "name": "New Reservoir",
        "natural": "water",
        "water": "reservoir",
        "@geometry": "center"
      },
      "geometry": {
        "type": "Point",
        "coordinates": [
          -77.2916867,
          39.1165817
        ]
      },
      "id": "way/825057642"
    },
    {
      "type": "Feature",
      "properties": {
        "@id": "way/827375984",
        "ele": "337",
        "gnis:feature_id": "1674090",
        "name": "Lake Culpeper",
        "natural": "water",
        "water": "reservoir",
        "@geometry": "center"
      },
      "geometry": {
        "type": "Point",
        "coordinates": [
          -78.1698683,
          38.8604095
        ]
      },
      "id": "way/827375984"
    },
    {
      "type": "Feature",
      "properties": {
        "@id": "way/830011913",
        "ele": "235",
        "gnis:feature_id": "1078506",
        "name": "Jisco Lake",
        "natural": "water",
        "water": "reservoir",
        "@geometry": "center"
      },
      "geometry": {
        "type": "Point",
        "coordinates": [
          -82.6738049,
          39.0243002
        ]
      },
      "id": "way/830011913"
    },
    {
      "type": "Feature",
      "properties": {
        "@id": "way/830085510",
        "ele": "296",
        "gnis:feature_id": "1489758",
        "name": "Pickett Lake",
        "natural": "water",
        "water": "reservoir",
        "@geometry": "center"
      },
      "geometry": {
        "type": "Point",
        "coordinates": [
          -78.0731187,
          38.8703075
        ]
      },
      "id": "way/830085510"
    },
    {
      "type": "Feature",
      "properties": {
        "@id": "way/833160676",
        "ele": "-1",
        "gnis:feature_id": "1479636",
        "name": "Sleepy Lake",
        "natural": "water",
        "water": "reservoir",
        "@geometry": "center"
      },
      "geometry": {
        "type": "Point",
        "coordinates": [
          -76.5047376,
          36.9039561
        ]
      },
      "id": "way/833160676"
    },
    {
      "type": "Feature",
      "properties": {
        "@id": "way/833381706",
        "ele": "143",
        "gnis:feature_id": "1476798",
        "name": "Willow Lake",
        "natural": "water",
        "water": "reservoir",
        "@geometry": "center"
      },
      "geometry": {
        "type": "Point",
        "coordinates": [
          -77.946638,
          39.0766693
        ]
      },
      "id": "way/833381706"
    },
    {
      "type": "Feature",
      "properties": {
        "@id": "way/834688251",
        "ele": "3",
        "gnis:feature_id": "1501686",
        "name": "Rountree North Pond",
        "natural": "water",
        "water": "reservoir",
        "@geometry": "center"
      },
      "geometry": {
        "type": "Point",
        "coordinates": [
          -76.5797228,
          36.7866963
        ]
      },
      "id": "way/834688251"
    },
    {
      "type": "Feature",
      "properties": {
        "@id": "way/834688254",
        "ele": "4",
        "gnis:feature_id": "1501684",
        "name": "Rountree South Pond",
        "natural": "water",
        "water": "reservoir",
        "@geometry": "center"
      },
      "geometry": {
        "type": "Point",
        "coordinates": [
          -76.5731085,
          36.7748852
        ]
      },
      "id": "way/834688254"
    },
    {
      "type": "Feature",
      "properties": {
        "@id": "way/835864354",
        "ele": "255",
        "gnis:feature_id": "1490987",
        "name": "Spring Lake",
        "natural": "water",
        "water": "reservoir",
        "@geometry": "center"
      },
      "geometry": {
        "type": "Point",
        "coordinates": [
          -78.034017,
          38.982718
        ]
      },
      "id": "way/835864354"
    },
    {
      "type": "Feature",
      "properties": {
        "@id": "way/836403445",
        "ele": "2",
        "gnis:feature_id": "1501729",
        "name": "Ferry Point Pond",
        "natural": "water",
        "water": "reservoir",
        "@geometry": "center"
      },
      "geometry": {
        "type": "Point",
        "coordinates": [
          -76.5376658,
          36.8583954
        ]
      },
      "id": "way/836403445"
    },
    {
      "type": "Feature",
      "properties": {
        "@id": "way/836956547",
        "ele": "449",
        "gnis:feature_id": "1557384",
        "name": "Big Mountain Slurry Pond",
        "natural": "water",
        "water": "reservoir",
        "@geometry": "center"
      },
      "geometry": {
        "type": "Point",
        "coordinates": [
          -81.6490802,
          37.9968711
        ]
      },
      "id": "way/836956547"
    },
    {
      "type": "Feature",
      "properties": {
        "@id": "way/837614502",
        "ele": "421",
        "gnis:feature_id": "1470178",
        "name": "Massie Pond",
        "natural": "water",
        "water": "reservoir",
        "@geometry": "center"
      },
      "geometry": {
        "type": "Point",
        "coordinates": [
          -79.0271178,
          38.1403921
        ]
      },
      "id": "way/837614502"
    },
    {
      "type": "Feature",
      "properties": {
        "@id": "way/838426820",
        "ele": "6",
        "gnis:feature_id": "1474114",
        "name": "Scotts Factory Pond",
        "natural": "water",
        "water": "reservoir",
        "@geometry": "center"
      },
      "geometry": {
        "type": "Point",
        "coordinates": [
          -76.6346571,
          36.9468972
        ]
      },
      "id": "way/838426820"
    },
    {
      "type": "Feature",
      "properties": {
        "@id": "way/839860596",
        "ele": "521",
        "gnis:feature_id": "1488093",
        "name": "Valley Lake",
        "natural": "water",
        "water": "reservoir",
        "@geometry": "center"
      },
      "geometry": {
        "type": "Point",
        "coordinates": [
          -82.6662746,
          36.9101019
        ]
      },
      "id": "way/839860596"
    },
    {
      "type": "Feature",
      "properties": {
        "@id": "way/842789669",
        "ele": "765",
        "gnis:feature_id": "1494621",
        "name": "Crab Orchard Lake",
        "natural": "water",
        "water": "reservoir",
        "@geometry": "center"
      },
      "geometry": {
        "type": "Point",
        "coordinates": [
          -81.1354587,
          37.1058377
        ]
      },
      "id": "way/842789669"
    },
    {
      "type": "Feature",
      "properties": {
        "@id": "way/844049951",
        "ele": "219",
        "fishing": "yes",
        "gnis:feature_id": "1046407",
        "name": "Lake Snowden",
        "natural": "water",
        "water": "reservoir",
        "@geometry": "center"
      },
      "geometry": {
        "type": "Point",
        "coordinates": [
          -82.196053,
          39.2521536
        ]
      },
      "id": "way/844049951"
    },
    {
      "type": "Feature",
      "properties": {
        "@id": "way/845425464",
        "ele": "164",
        "gnis:feature_id": "1489007",
        "name": "Olympic Lake",
        "natural": "water",
        "water": "lake",
        "@geometry": "center"
      },
      "geometry": {
        "type": "Point",
        "coordinates": [
          -78.4947956,
          37.9451972
        ]
      },
      "id": "way/845425464"
    },
    {
      "type": "Feature",
      "properties": {
        "@id": "way/846245220",
        "ele": "42",
        "gnis:feature_id": "1466065",
        "name": "Duval Pond",
        "natural": "water",
        "water": "reservoir",
        "@geometry": "center"
      },
      "geometry": {
        "type": "Point",
        "coordinates": [
          -77.6131511,
          37.590157
        ]
      },
      "id": "way/846245220"
    },
    {
      "type": "Feature",
      "properties": {
        "@id": "way/846573269",
        "name": "Lake Caroline",
        "natural": "water",
        "water": "lake",
        "wikidata": "Q49701406",
        "@geometry": "center"
      },
      "geometry": {
        "type": "Point",
        "coordinates": [
          -77.5240213,
          37.9867092
        ]
      },
      "id": "way/846573269"
    },
    {
      "type": "Feature",
      "properties": {
        "@id": "way/847315055",
        "ele": "687",
        "gnis:feature_id": "1490249",
        "name": "Lake Keokee",
        "natural": "water",
        "water": "lake",
        "@geometry": "center"
      },
      "geometry": {
        "type": "Point",
        "coordinates": [
          -82.8596096,
          36.8499871
        ]
      },
      "id": "way/847315055"
    },
    {
      "type": "Feature",
      "properties": {
        "@id": "way/847801817",
        "name": "Lower Norton Reservoir",
        "natural": "water",
        "water": "reservoir",
        "@geometry": "center"
      },
      "geometry": {
        "type": "Point",
        "coordinates": [
          -82.6263364,
          36.9149017
        ]
      },
      "id": "way/847801817"
    },
    {
      "type": "Feature",
      "properties": {
        "@id": "way/847801820",
        "ele": "1022",
        "gnis:feature_id": "1491041",
        "name": "Upper Norton Reservoir",
        "natural": "water",
        "water": "reservoir",
        "@geometry": "center"
      },
      "geometry": {
        "type": "Point",
        "coordinates": [
          -82.6280196,
          36.9109191
        ]
      },
      "id": "way/847801820"
    },
    {
      "type": "Feature",
      "properties": {
        "@id": "way/854318550",
        "ele": "1",
        "gnis:feature_id": "1479075",
        "name": "Meadow Lake",
        "natural": "water",
        "water": "reservoir",
        "@geometry": "center"
      },
      "geometry": {
        "type": "Point",
        "coordinates": [
          -76.219942,
          36.8527865
        ]
      },
      "id": "way/854318550"
    },
    {
      "type": "Feature",
      "properties": {
        "@id": "way/869779585",
        "ele": "164",
        "gnis:feature_id": "1489009",
        "name": "Jessups Lake",
        "natural": "water",
        "water": "reservoir",
        "@geometry": "center"
      },
      "geometry": {
        "type": "Point",
        "coordinates": [
          -78.5423133,
          38.0005393
        ]
      },
      "id": "way/869779585"
    },
    {
      "type": "Feature",
      "properties": {
        "@id": "way/870859323",
        "name": "lagoon",
        "natural": "water",
        "water": "reservoir",
        "@geometry": "center"
      },
      "geometry": {
        "type": "Point",
        "coordinates": [
          -80.9105725,
          36.8533735
        ]
      },
      "id": "way/870859323"
    },
    {
      "type": "Feature",
      "properties": {
        "@id": "way/885494800",
        "ele": "32",
        "gnis:feature_id": "1490733",
        "name": "Soldiers Pond",
        "natural": "water",
        "water": "reservoir",
        "@geometry": "center"
      },
      "geometry": {
        "type": "Point",
        "coordinates": [
          -77.3545462,
          37.2266669
        ]
      },
      "id": "way/885494800"
    },
    {
      "type": "Feature",
      "properties": {
        "@id": "way/886046081",
        "ele": "220",
        "gnis:feature_id": "1079277",
        "name": "Marquette Cement Company Reservoir",
        "natural": "water",
        "water": "reservoir",
        "@geometry": "center"
      },
      "geometry": {
        "type": "Point",
        "coordinates": [
          -82.679624,
          38.6759
        ]
      },
      "id": "way/886046081"
    },
    {
      "type": "Feature",
      "properties": {
        "@id": "way/887051062",
        "ele": "276",
        "gnis:feature_id": "1464842",
        "name": "Chilarna Lake",
        "natural": "water",
        "water": "reservoir",
        "@geometry": "center"
      },
      "geometry": {
        "type": "Point",
        "coordinates": [
          -79.2773792,
          37.4921217
        ]
      },
      "id": "way/887051062"
    },
    {
      "type": "Feature",
      "properties": {
        "@id": "way/888285355",
        "name": "Finger Lakes",
        "natural": "water",
        "salt": "no",
        "tidal": "no",
        "water": "lake",
        "@geometry": "center"
      },
      "geometry": {
        "type": "Point",
        "coordinates": [
          -77.6034686,
          37.5347338
        ]
      },
      "id": "way/888285355"
    },
    {
      "type": "Feature",
      "properties": {
        "@id": "way/891330715",
        "ele": "19",
        "gnis:feature_id": "1490156",
        "name": "Wenger Pond",
        "natural": "water",
        "water": "reservoir",
        "@geometry": "center"
      },
      "geometry": {
        "type": "Point",
        "coordinates": [
          -76.7665299,
          37.3997788
        ]
      },
      "id": "way/891330715"
    },
    {
      "type": "Feature",
      "properties": {
        "@id": "way/892510806",
        "ele": "220",
        "gnis:feature_id": "1043146",
        "name": "McBride Lake",
        "natural": "water",
        "water": "reservoir",
        "@geometry": "center"
      },
      "geometry": {
        "type": "Point",
        "coordinates": [
          -83.1771691,
          38.6585462
        ]
      },
      "id": "way/892510806"
    },
    {
      "type": "Feature",
      "properties": {
        "@id": "way/892510807",
        "ele": "201",
        "gnis:feature_id": "1078121",
        "intermittent": "yes",
        "name": "South Webster Reservoir",
        "natural": "water",
        "water": "reservoir",
        "@geometry": "center"
      },
      "geometry": {
        "type": "Point",
        "coordinates": [
          -82.7392348,
          38.8224029
        ]
      },
      "id": "way/892510807"
    },
    {
      "type": "Feature",
      "properties": {
        "@id": "way/892521432",
        "ele": "219",
        "gnis:feature_id": "1077960",
        "name": "Hay Hollow Reservoir",
        "natural": "water",
        "water": "reservoir",
        "@geometry": "center"
      },
      "geometry": {
        "type": "Point",
        "coordinates": [
          -82.8234025,
          39.1260846
        ]
      },
      "id": "way/892521432"
    },
    {
      "type": "Feature",
      "properties": {
        "@id": "way/892521433",
        "ele": "188",
        "gnis:feature_id": "1077950",
        "name": "Pine Lake",
        "natural": "water",
        "water": "reservoir",
        "@geometry": "center"
      },
      "geometry": {
        "type": "Point",
        "coordinates": [
          -82.931529,
          39.0460499
        ]
      },
      "id": "way/892521433"
    },
    {
      "type": "Feature",
      "properties": {
        "@id": "way/892521434",
        "ele": "209",
        "gnis:feature_id": "1077954",
        "name": "Atomic Energy Commission Pond",
        "natural": "water",
        "water": "reservoir",
        "@geometry": "center"
      },
      "geometry": {
        "type": "Point",
        "coordinates": [
          -82.9858243,
          39.0207112
        ]
      },
      "id": "way/892521434"
    },
    {
      "type": "Feature",
      "properties": {
        "@id": "way/892526045",
        "ele": "250",
        "gnis:feature_id": "1078953",
        "name": "Southern Silica Pond Number One",
        "natural": "water",
        "water": "reservoir",
        "@geometry": "center"
      },
      "geometry": {
        "type": "Point",
        "coordinates": [
          -82.799001,
          39.173872
        ]
      },
      "id": "way/892526045"
    },
    {
      "type": "Feature",
      "properties": {
        "@id": "way/892526046",
        "ele": "246",
        "gnis:feature_id": "1078955",
        "name": "Southern Silica Pond Number Two",
        "natural": "water",
        "water": "reservoir",
        "@geometry": "center"
      },
      "geometry": {
        "type": "Point",
        "coordinates": [
          -82.7958253,
          39.1727741
        ]
      },
      "id": "way/892526046"
    },
    {
      "type": "Feature",
      "properties": {
        "@id": "way/892526047",
        "ele": "227",
        "gnis:feature_id": "1077652",
        "name": "Mead Foremens Club Pond",
        "natural": "water",
        "water": "reservoir",
        "@geometry": "center"
      },
      "geometry": {
        "type": "Point",
        "coordinates": [
          -82.9894554,
          39.1975412
        ]
      },
      "id": "way/892526047"
    },
    {
      "type": "Feature",
      "properties": {
        "@id": "way/892526048",
        "ele": "231",
        "gnis:feature_id": "1078965",
        "name": "Knoles Pond",
        "natural": "water",
        "water": "reservoir",
        "@geometry": "center"
      },
      "geometry": {
        "type": "Point",
        "coordinates": [
          -82.9835611,
          39.2582688
        ]
      },
      "id": "way/892526048"
    },
    {
      "type": "Feature",
      "properties": {
        "@id": "way/892528229",
        "ele": "216",
        "name": "Lake Hope",
        "natural": "water",
        "water": "reservoir",
        "@geometry": "center"
      },
      "geometry": {
        "type": "Point",
        "coordinates": [
          -82.351744,
          39.32872
        ]
      },
      "id": "way/892528229"
    },
    {
      "type": "Feature",
      "properties": {
        "@id": "way/892844804",
        "ele": "316",
        "gnis:feature_id": "1077655",
        "name": "Christian Union Church Lake",
        "natural": "water",
        "water": "reservoir",
        "@geometry": "center"
      },
      "geometry": {
        "type": "Point",
        "coordinates": [
          -83.1509035,
          39.1959323
        ]
      },
      "id": "way/892844804"
    },
    {
      "type": "Feature",
      "properties": {
        "@id": "way/892844805",
        "ele": "288",
        "gnis:feature_id": "1079268",
        "name": "Crawley Lake",
        "natural": "water",
        "water": "reservoir",
        "@geometry": "center"
      },
      "geometry": {
        "type": "Point",
        "coordinates": [
          -83.2847625,
          39.2949206
        ]
      },
      "id": "way/892844805"
    },
    {
      "type": "Feature",
      "properties": {
        "@id": "way/892844807",
        "ele": "249",
        "gnis:feature_id": "1077738",
        "name": "Lake Hill",
        "natural": "water",
        "water": "reservoir",
        "@geometry": "center"
      },
      "geometry": {
        "type": "Point",
        "coordinates": [
          -83.1536052,
          39.3857481
        ]
      },
      "id": "way/892844807"
    },
    {
      "type": "Feature",
      "properties": {
        "@id": "way/892844808",
        "ele": "233",
        "gnis:feature_id": "1070961",
        "name": "Sun Valley Lake",
        "natural": "water",
        "water": "reservoir",
        "@geometry": "center"
      },
      "geometry": {
        "type": "Point",
        "coordinates": [
          -83.0870086,
          39.3801462
        ]
      },
      "id": "way/892844808"
    },
    {
      "type": "Feature",
      "properties": {
        "@id": "way/892844809",
        "ele": "259",
        "gnis:feature_id": "1077740",
        "name": "Rustic Acres Lake",
        "natural": "water",
        "water": "reservoir",
        "@geometry": "center"
      },
      "geometry": {
        "type": "Point",
        "coordinates": [
          -83.0528144,
          39.4186222
        ]
      },
      "id": "way/892844809"
    },
    {
      "type": "Feature",
      "properties": {
        "@id": "way/893185529",
        "alt_name": "Winchester Reservoir",
        "ele": "292",
        "gnis:feature_id": "1078068",
        "name": "Winchester Lake",
        "natural": "water",
        "water": "reservoir",
        "wikidata": "Q113447894",
        "@geometry": "center"
      },
      "geometry": {
        "type": "Point",
        "coordinates": [
          -83.6688722,
          38.9450204
        ]
      },
      "id": "way/893185529"
    },
    {
      "type": "Feature",
      "properties": {
        "@id": "way/895005788",
        "ele": "247",
        "gnis:feature_id": "1502258",
        "name": "Lake Saint Clair",
        "natural": "water",
        "water": "reservoir",
        "@geometry": "center"
      },
      "geometry": {
        "type": "Point",
        "coordinates": [
          -78.2034722,
          39.2726248
        ]
      },
      "id": "way/895005788"
    },
    {
      "type": "Feature",
      "properties": {
        "@id": "way/895674605",
        "ele": "191",
        "gnis:feature_id": "1079234",
        "name": "Union Carbide Fluid Waste Pond N",
        "natural": "water",
        "water": "reservoir",
        "@geometry": "center"
      },
      "geometry": {
        "type": "Point",
        "coordinates": [
          -81.5231114,
          39.3645577
        ]
      },
      "id": "way/895674605"
    },
    {
      "type": "Feature",
      "properties": {
        "@id": "way/895674606",
        "ele": "192",
        "gnis:feature_id": "1079242",
        "name": "New Slag Tailings Pond",
        "natural": "water",
        "water": "reservoir",
        "@geometry": "center"
      },
      "geometry": {
        "type": "Point",
        "coordinates": [
          -81.523343,
          39.3661543
        ]
      },
      "id": "way/895674606"
    },
    {
      "type": "Feature",
      "properties": {
        "@id": "way/895691504",
        "ele": "220",
        "gnis:feature_id": "1079527",
        "name": "Union Carbide Waste Retention Pond",
        "natural": "water",
        "water": "reservoir",
        "@geometry": "center"
      },
      "geometry": {
        "type": "Point",
        "coordinates": [
          -81.5225019,
          39.3811187
        ]
      },
      "id": "way/895691504"
    },
    {
      "type": "Feature",
      "properties": {
        "@id": "way/896560646",
        "ele": "24",
        "gnis:feature_id": "1490081",
        "name": "Eberhard Pond",
        "natural": "water",
        "water": "reservoir",
        "@geometry": "center"
      },
      "geometry": {
        "type": "Point",
        "coordinates": [
          -77.2407467,
          37.5186971
        ]
      },
      "id": "way/896560646"
    },
    {
      "type": "Feature",
      "properties": {
        "@id": "way/896814144",
        "ele": "1",
        "gnis:feature_id": "1467180",
        "name": "Goddins Pond",
        "natural": "water",
        "water": "reservoir",
        "wikidata": "Q49700872",
        "@geometry": "center"
      },
      "geometry": {
        "type": "Point",
        "coordinates": [
          -76.8004902,
          37.4784549
        ]
      },
      "id": "way/896814144"
    },
    {
      "type": "Feature",
      "properties": {
        "@id": "way/896817613",
        "ele": "3",
        "gnis:feature_id": "1478143",
        "name": "Barlows Pond",
        "natural": "water",
        "water": "reservoir",
        "@geometry": "center"
      },
      "geometry": {
        "type": "Point",
        "coordinates": [
          -76.7225017,
          37.3683815
        ]
      },
      "id": "way/896817613"
    },
    {
      "type": "Feature",
      "properties": {
        "@id": "way/896817721",
        "alt_name": "Wabden Pond",
        "ele": "6",
        "gnis:feature_id": "1502088",
        "name": "Old Mill Pond",
        "natural": "water",
        "water": "reservoir",
        "@geometry": "center"
      },
      "geometry": {
        "type": "Point",
        "coordinates": [
          -76.7439463,
          37.3692319
        ]
      },
      "id": "way/896817721"
    },
    {
      "type": "Feature",
      "properties": {
        "@id": "way/897300269",
        "ele": "25",
        "gnis:feature_id": "1490453",
        "name": "Herman Lake",
        "natural": "water",
        "water": "reservoir",
        "@geometry": "center"
      },
      "geometry": {
        "type": "Point",
        "coordinates": [
          -77.170061,
          37.5671327
        ]
      },
      "id": "way/897300269"
    },
    {
      "type": "Feature",
      "properties": {
        "@id": "way/897345209",
        "ele": "6",
        "gnis:feature_id": "1468163",
        "name": "Hollyfield Pond",
        "natural": "water",
        "water": "reservoir",
        "@geometry": "center"
      },
      "geometry": {
        "type": "Point",
        "coordinates": [
          -77.1643891,
          37.6767302
        ]
      },
      "id": "way/897345209"
    },
    {
      "type": "Feature",
      "properties": {
        "@id": "way/897345211",
        "ele": "15",
        "gnis:feature_id": "1465569",
        "name": "Dabneys Millpond",
        "natural": "water",
        "water": "reservoir",
        "@geometry": "center"
      },
      "geometry": {
        "type": "Point",
        "coordinates": [
          -77.2276701,
          37.7178153
        ]
      },
      "id": "way/897345211"
    },
    {
      "type": "Feature",
      "properties": {
        "@id": "way/897753008",
        "ele": "10",
        "gnis:feature_id": "1502087",
        "name": "Old Forge Pond",
        "natural": "water",
        "water": "reservoir",
        "@geometry": "center"
      },
      "geometry": {
        "type": "Point",
        "coordinates": [
          -77.0450836,
          37.4494266
        ]
      },
      "id": "way/897753008"
    },
    {
      "type": "Feature",
      "properties": {
        "@id": "way/897755234",
        "ele": "16",
        "gnis:feature_id": "1462754",
        "name": "Balls Pond",
        "natural": "water",
        "water": "reservoir",
        "@geometry": "center"
      },
      "geometry": {
        "type": "Point",
        "coordinates": [
          -76.88681,
          37.4826648
        ]
      },
      "id": "way/897755234"
    },
    {
      "type": "Feature",
      "properties": {
        "@id": "way/898199327",
        "ele": "46",
        "gnis:feature_id": "1490024",
        "name": "Wrights Pond",
        "natural": "water",
        "water": "reservoir",
        "@geometry": "center"
      },
      "geometry": {
        "type": "Point",
        "coordinates": [
          -77.2439716,
          37.6404965
        ]
      },
      "id": "way/898199327"
    },
    {
      "type": "Feature",
      "properties": {
        "@id": "way/898412378",
        "ele": "20",
        "gnis:feature_id": "1489648",
        "name": "Rose Hill Pond",
        "natural": "water",
        "water": "reservoir",
        "@geometry": "center"
      },
      "geometry": {
        "type": "Point",
        "coordinates": [
          -76.7785867,
          37.7721882
        ]
      },
      "id": "way/898412378"
    },
    {
      "type": "Feature",
      "properties": {
        "@id": "way/899159166",
        "alt_name": "Gressetts Pond",
        "alt_name:1": "Gerssitts Pond",
        "alt_name:2": "Blands Pond",
        "ele": "3",
        "gnis:feature_id": "1467537",
        "name": "Gressitt Pond",
        "natural": "water",
        "water": "reservoir",
        "wikidata": "Q49700940",
        "@geometry": "center"
      },
      "geometry": {
        "type": "Point",
        "coordinates": [
          -76.7177364,
          37.4969129
        ]
      },
      "id": "way/899159166"
    },
    {
      "type": "Feature",
      "properties": {
        "@id": "way/899680984",
        "ele": "252",
        "gnis:feature_id": "1077761",
        "name": "Wagner Pond",
        "natural": "water",
        "water": "reservoir",
        "@geometry": "center"
      },
      "geometry": {
        "type": "Point",
        "coordinates": [
          -81.7043893,
          39.4452124
        ]
      },
      "id": "way/899680984"
    },
    {
      "type": "Feature",
      "properties": {
        "@id": "way/899682898",
        "ele": "7",
        "gnis:feature_id": "1462422",
        "name": "Allmond Pond",
        "natural": "water",
        "water": "reservoir",
        "@geometry": "center"
      },
      "geometry": {
        "type": "Point",
        "coordinates": [
          -76.6612465,
          36.9191716
        ]
      },
      "id": "way/899682898"
    },
    {
      "type": "Feature",
      "properties": {
        "@id": "way/900946978",
        "ele": "5",
        "gnis:feature_id": "1502167",
        "name": "Wrenns Millpond",
        "natural": "water",
        "water": "reservoir",
        "@geometry": "center"
      },
      "geometry": {
        "type": "Point",
        "coordinates": [
          -76.6746689,
          37.0275417
        ]
      },
      "id": "way/900946978"
    },
    {
      "type": "Feature",
      "properties": {
        "@id": "way/901432629",
        "ele": "98",
        "gnis:feature_id": "1466829",
        "name": "Fox Lake",
        "natural": "water",
        "water": "reservoir",
        "@geometry": "center"
      },
      "geometry": {
        "type": "Point",
        "coordinates": [
          -77.3342934,
          38.8923453
        ]
      },
      "id": "way/901432629"
    },
    {
      "type": "Feature",
      "properties": {
        "@id": "way/901700618",
        "ele": "245",
        "gnis:feature_id": "1078509",
        "name": "Big Rock Lake",
        "natural": "water",
        "water": "reservoir",
        "@geometry": "center"
      },
      "geometry": {
        "type": "Point",
        "coordinates": [
          -82.7954712,
          39.1008962
        ]
      },
      "id": "way/901700618"
    },
    {
      "type": "Feature",
      "properties": {
        "@id": "way/901953195",
        "ele": "0",
        "gnis:feature_id": "1760385",
        "name": "Eaves Lake",
        "natural": "water",
        "water": "reservoir",
        "@geometry": "center"
      },
      "geometry": {
        "type": "Point",
        "coordinates": [
          -77.4041682,
          37.428296
        ]
      },
      "id": "way/901953195"
    },
    {
      "type": "Feature",
      "properties": {
        "@id": "way/907104528",
        "ele": "215",
        "gnis:feature_id": "497640",
        "name": "Mary Carol Lake",
        "natural": "water",
        "water": "reservoir",
        "@geometry": "center"
      },
      "geometry": {
        "type": "Point",
        "coordinates": [
          -82.7181177,
          38.4325499
        ]
      },
      "id": "way/907104528"
    },
    {
      "type": "Feature",
      "properties": {
        "@id": "way/907104529",
        "ele": "228",
        "gnis:feature_id": "486062",
        "name": "Arrowhead Lake",
        "natural": "water",
        "water": "reservoir",
        "@geometry": "center"
      },
      "geometry": {
        "type": "Point",
        "coordinates": [
          -82.7245188,
          38.4293495
        ]
      },
      "id": "way/907104529"
    },
    {
      "type": "Feature",
      "properties": {
        "@id": "way/907104530",
        "ele": "176",
        "gnis:feature_id": "493102",
        "name": "Grandview Lake",
        "natural": "water",
        "water": "reservoir",
        "@geometry": "center"
      },
      "geometry": {
        "type": "Point",
        "coordinates": [
          -82.7329918,
          38.4140711
        ]
      },
      "id": "way/907104530"
    },
    {
      "type": "Feature",
      "properties": {
        "@id": "way/907104531",
        "ele": "213",
        "gnis:feature_id": "487668",
        "name": "Bonita Lake",
        "natural": "water",
        "water": "reservoir",
        "@geometry": "center"
      },
      "geometry": {
        "type": "Point",
        "coordinates": [
          -82.6557671,
          38.3898145
        ]
      },
      "id": "way/907104531"
    },
    {
      "type": "Feature",
      "properties": {
        "@id": "way/907104532",
        "ele": "281",
        "gnis:feature_id": "499926",
        "name": "Olive Hill Reservoir",
        "natural": "water",
        "water": "reservoir",
        "@geometry": "center"
      },
      "geometry": {
        "type": "Point",
        "coordinates": [
          -83.2161851,
          38.3141184
        ]
      },
      "id": "way/907104532"
    },
    {
      "type": "Feature",
      "properties": {
        "@id": "way/907104533",
        "ele": "306",
        "gnis:feature_id": "513367",
        "name": "Lake Lewman",
        "natural": "water",
        "water": "reservoir",
        "@geometry": "center"
      },
      "geometry": {
        "type": "Point",
        "coordinates": [
          -83.4603298,
          38.3496115
        ]
      },
      "id": "way/907104533"
    },
    {
      "type": "Feature",
      "properties": {
        "@id": "way/907104534",
        "ele": "241",
        "gnis:feature_id": "500181",
        "name": "Park Lake",
        "natural": "water",
        "water": "reservoir",
        "@geometry": "center"
      },
      "geometry": {
        "type": "Point",
        "coordinates": [
          -83.5560358,
          38.4052496
        ]
      },
      "id": "way/907104534"
    },
    {
      "type": "Feature",
      "properties": {
        "@id": "way/907104536",
        "ele": "238",
        "gnis:feature_id": "498453",
        "name": "Mitchell Lake",
        "natural": "water",
        "water": "reservoir",
        "@geometry": "center"
      },
      "geometry": {
        "type": "Point",
        "coordinates": [
          -83.4899387,
          38.6525541
        ]
      },
      "id": "way/907104536"
    },
    {
      "type": "Feature",
      "properties": {
        "@id": "way/907572646",
        "ele": "188",
        "gnis:feature_id": "505147",
        "name": "Thelma Lake",
        "natural": "water",
        "water": "reservoir",
        "@geometry": "center"
      },
      "geometry": {
        "type": "Point",
        "coordinates": [
          -82.7537998,
          37.8291508
        ]
      },
      "id": "way/907572646"
    },
    {
      "type": "Feature",
      "properties": {
        "@id": "way/907572647",
        "ele": "198",
        "gnis:feature_id": "510015",
        "name": "Martin County Lake",
        "natural": "water",
        "water": "reservoir",
        "@geometry": "center"
      },
      "geometry": {
        "type": "Point",
        "coordinates": [
          -82.5684265,
          37.9215975
        ]
      },
      "id": "way/907572647"
    },
    {
      "type": "Feature",
      "properties": {
        "@id": "way/907575853",
        "ele": "400",
        "gnis:feature_id": "2336210",
        "name": "Snake Valley Lake",
        "natural": "water",
        "water": "reservoir",
        "@geometry": "center"
      },
      "geometry": {
        "type": "Point",
        "coordinates": [
          -82.7950515,
          37.169763
        ]
      },
      "id": "way/907575853"
    },
    {
      "type": "Feature",
      "properties": {
        "@id": "way/907743672",
        "ele": "219",
        "gnis:feature_id": "516709",
        "name": "Clear Creek Lake",
        "natural": "water",
        "water": "reservoir",
        "@geometry": "center"
      },
      "geometry": {
        "type": "Point",
        "coordinates": [
          -83.597073,
          38.0564789
        ]
      },
      "id": "way/907743672"
    },
    {
      "type": "Feature",
      "properties": {
        "@id": "way/907743675",
        "ele": "219",
        "gnis:feature_id": "497592",
        "name": "Martha Fish Pond",
        "natural": "water",
        "water": "reservoir",
        "@geometry": "center"
      },
      "geometry": {
        "type": "Point",
        "coordinates": [
          -82.9300149,
          38.0070128
        ]
      },
      "id": "way/907743675"
    },
    {
      "type": "Feature",
      "properties": {
        "@id": "way/908182456",
        "name": "Kirkpatrick Farms Lake",
        "natural": "water",
        "water": "lake",
        "@geometry": "center"
      },
      "geometry": {
        "type": "Point",
        "coordinates": [
          -77.5514613,
          38.9172067
        ]
      },
      "id": "way/908182456"
    },
    {
      "type": "Feature",
      "properties": {
        "@id": "way/909735110",
        "ele": "252",
        "gnis:feature_id": "1079030",
        "name": "Wellston Reservoir",
        "natural": "water",
        "water": "reservoir",
        "@geometry": "center"
      },
      "geometry": {
        "type": "Point",
        "coordinates": [
          -82.5196127,
          39.1404888
        ]
      },
      "id": "way/909735110"
    },
    {
      "type": "Feature",
      "properties": {
        "@id": "way/913371431",
        "ele": "87",
        "gnis:feature_id": "1489658",
        "name": "Lake Werowance",
        "natural": "water",
        "water": "lake",
        "@geometry": "center"
      },
      "geometry": {
        "type": "Point",
        "coordinates": [
          -77.2739015,
          38.9968632
        ]
      },
      "id": "way/913371431"
    },
    {
      "type": "Feature",
      "properties": {
        "@id": "way/914833131",
        "alt_name": "Lake Terra Alta",
        "ele": "780",
        "gnis:feature_id": "1547984",
        "name": "Terra Alta Lake",
        "natural": "water",
        "water": "lake",
        "@geometry": "center"
      },
      "geometry": {
        "type": "Point",
        "coordinates": [
          -79.5239106,
          39.4564063
        ]
      },
      "id": "way/914833131"
    },
    {
      "type": "Feature",
      "properties": {
        "@id": "way/916467551",
        "ele": "229",
        "gnis:feature_id": "1474598",
        "name": "Silver Lake",
        "natural": "water",
        "water": "reservoir",
        "@geometry": "center"
      },
      "geometry": {
        "type": "Point",
        "coordinates": [
          -78.2104171,
          39.2615665
        ]
      },
      "id": "way/916467551"
    },
    {
      "type": "Feature",
      "properties": {
        "@id": "way/921230266",
        "gnis:feature_id": "1076676",
        "name": "Pops Lake",
        "natural": "water",
        "water": "lake",
        "@geometry": "center"
      },
      "geometry": {
        "type": "Point",
        "coordinates": [
          -82.3032731,
          38.543089
        ]
      },
      "id": "way/921230266"
    },
    {
      "type": "Feature",
      "properties": {
        "@id": "way/921448237",
        "ele": "234",
        "gnis:feature_id": "1077763",
        "name": "Goodfellows Park Lake",
        "natural": "water",
        "water": "reservoir",
        "@geometry": "center"
      },
      "geometry": {
        "type": "Point",
        "coordinates": [
          -81.5832644,
          39.3871146
        ]
      },
      "id": "way/921448237"
    },
    {
      "type": "Feature",
      "properties": {
        "@id": "way/924574224",
        "ele": "772",
        "gnis:feature_id": "1488737",
        "name": "Wise Reservoir;Lake Wise",
        "name_1": "Bear Creek Reservoir",
        "natural": "water",
        "water": "reservoir",
        "@geometry": "center"
      },
      "geometry": {
        "type": "Point",
        "coordinates": [
          -82.5285775,
          36.9638731
        ]
      },
      "id": "way/924574224"
    },
    {
      "type": "Feature",
      "properties": {
        "@id": "way/925263421",
        "ele": "50",
        "gnis:feature_id": "1490067",
        "name": "Pebblebrook Lake",
        "natural": "water",
        "water": "lake",
        "@geometry": "center"
      },
      "geometry": {
        "type": "Point",
        "coordinates": [
          -77.3259509,
          37.6736961
        ]
      },
      "id": "way/925263421"
    },
    {
      "type": "Feature",
      "properties": {
        "@id": "way/925263431",
        "ele": "49",
        "gnis:feature_id": "1490036",
        "name": "Colonial Forest Lake",
        "natural": "water",
        "water": "reservoir",
        "@geometry": "center"
      },
      "geometry": {
        "type": "Point",
        "coordinates": [
          -77.3516827,
          37.6832106
        ]
      },
      "id": "way/925263431"
    },
    {
      "type": "Feature",
      "properties": {
        "@id": "way/925263433",
        "ele": "46",
        "gnis:feature_id": "1490032",
        "name": "Timberlake Pond Number Two",
        "natural": "water",
        "water": "reservoir",
        "@geometry": "center"
      },
      "geometry": {
        "type": "Point",
        "coordinates": [
          -77.3427573,
          37.7118932
        ]
      },
      "id": "way/925263433"
    },
    {
      "type": "Feature",
      "properties": {
        "@id": "way/925263434",
        "ele": "58",
        "gnis:feature_id": "1490030",
        "name": "Timberlake Pond Number One",
        "natural": "water",
        "water": "reservoir",
        "@geometry": "center"
      },
      "geometry": {
        "type": "Point",
        "coordinates": [
          -77.3396854,
          37.718659
        ]
      },
      "id": "way/925263434"
    },
    {
      "type": "Feature",
      "properties": {
        "@id": "way/925366774",
        "ele": "116",
        "gnis:feature_id": "1489555",
        "name": "Ingle Lake",
        "natural": "water",
        "water": "lake",
        "@geometry": "center"
      },
      "geometry": {
        "type": "Point",
        "coordinates": [
          -78.361246,
          37.3515628
        ]
      },
      "id": "way/925366774"
    },
    {
      "type": "Feature",
      "properties": {
        "@id": "way/925367135",
        "ele": "371",
        "gnis:feature_id": "1502124",
        "name": "Silver Lake",
        "natural": "water",
        "water": "reservoir",
        "wikidata": "Q48999282",
        "@geometry": "center"
      },
      "geometry": {
        "type": "Point",
        "coordinates": [
          -78.940866,
          38.4241162
        ]
      },
      "id": "way/925367135"
    },
    {
      "type": "Feature",
      "properties": {
        "@id": "way/925836644",
        "ele": "51",
        "gnis:feature_id": "1475072",
        "name": "Staples Millpond",
        "natural": "water",
        "water": "reservoir",
        "@geometry": "center"
      },
      "geometry": {
        "type": "Point",
        "coordinates": [
          -77.4933502,
          37.6023067
        ]
      },
      "id": "way/925836644"
    },
    {
      "type": "Feature",
      "properties": {
        "@id": "way/925837130",
        "ele": "42",
        "gnis:feature_id": "1502134",
        "name": "Spiers Pond",
        "natural": "water",
        "source": "NHD",
        "water": "reservoir",
        "@geometry": "center"
      },
      "geometry": {
        "type": "Point",
        "coordinates": [
          -77.488007,
          36.9308194
        ]
      },
      "id": "way/925837130"
    },
    {
      "type": "Feature",
      "properties": {
        "@id": "way/925840690",
        "ele": "184",
        "gnis:feature_id": "1489740",
        "name": "Willow Lake",
        "natural": "water",
        "water": "reservoir",
        "@geometry": "center"
      },
      "geometry": {
        "type": "Point",
        "coordinates": [
          -77.7545491,
          38.8639255
        ]
      },
      "id": "way/925840690"
    },
    {
      "type": "Feature",
      "properties": {
        "@id": "way/926045940",
        "ele": "138",
        "gnis:feature_id": "1490527",
        "name": "J E Taylor Lake",
        "natural": "water",
        "water": "reservoir",
        "wikidata": "Q49701211",
        "@geometry": "center"
      },
      "geometry": {
        "type": "Point",
        "coordinates": [
          -78.088262,
          38.2298754
        ]
      },
      "id": "way/926045940"
    },
    {
      "type": "Feature",
      "properties": {
        "@id": "way/926047230",
        "ele": "10",
        "gnis:feature_id": "1467864",
        "name": "Haynes Pond",
        "natural": "water",
        "water": "reservoir",
        "@geometry": "center"
      },
      "geometry": {
        "type": "Point",
        "coordinates": [
          -76.5477347,
          37.3545518
        ]
      },
      "id": "way/926047230"
    },
    {
      "type": "Feature",
      "properties": {
        "@id": "way/926711044",
        "name": "Di-Or Pond",
        "natural": "water",
        "water": "reservoir",
        "@geometry": "center"
      },
      "geometry": {
        "type": "Point",
        "coordinates": [
          -82.593514,
          39.0189731
        ]
      },
      "id": "way/926711044"
    },
    {
      "type": "Feature",
      "properties": {
        "@id": "way/926721143",
        "ele": "120",
        "gnis:feature_id": "1502256",
        "name": "Fluvanna Ruritan Lake",
        "natural": "water",
        "salt": "no",
        "tidal": "no",
        "water": "reservoir",
        "@geometry": "center"
      },
      "geometry": {
        "type": "Point",
        "coordinates": [
          -78.3803472,
          37.8922015
        ]
      },
      "id": "way/926721143"
    },
    {
      "type": "Feature",
      "properties": {
        "@id": "way/927812636",
        "ele": "66",
        "gnis:feature_id": "1489563",
        "name": "Leon Hanson Pond",
        "natural": "water",
        "water": "reservoir",
        "@geometry": "center"
      },
      "geometry": {
        "type": "Point",
        "coordinates": [
          -78.1538806,
          37.7380227
        ]
      },
      "id": "way/927812636"
    },
    {
      "type": "Feature",
      "properties": {
        "@id": "way/927888939",
        "ele": "522",
        "gnis:feature_id": "1490247",
        "name": "Middleton Lake",
        "natural": "water",
        "water": "reservoir",
        "@geometry": "center"
      },
      "geometry": {
        "type": "Point",
        "coordinates": [
          -83.1166524,
          36.7587016
        ]
      },
      "id": "way/927888939"
    },
    {
      "type": "Feature",
      "properties": {
        "@id": "way/927996153",
        "ele": "34",
        "gnis:feature_id": "598304",
        "name": "Collington Lake",
        "natural": "water",
        "water": "reservoir",
        "@geometry": "center"
      },
      "geometry": {
        "type": "Point",
        "coordinates": [
          -76.8232432,
          38.9218987
        ]
      },
      "id": "way/927996153"
    },
    {
      "type": "Feature",
      "properties": {
        "@id": "way/929199821",
        "ele": "654",
        "gnis:feature_id": "1559269",
        "name": "Collins Fork Impoundment",
        "natural": "water",
        "water": "reservoir",
        "@geometry": "center"
      },
      "geometry": {
        "type": "Point",
        "coordinates": [
          -81.3787378,
          37.8862145
        ]
      },
      "id": "way/929199821"
    },
    {
      "type": "Feature",
      "properties": {
        "@id": "way/929421247",
        "ele": "53",
        "gnis:feature_id": "1739279",
        "name": "Huckleberry Pond",
        "natural": "water",
        "water": "reservoir",
        "@geometry": "center"
      },
      "geometry": {
        "type": "Point",
        "coordinates": [
          -77.2590129,
          37.7843012
        ]
      },
      "id": "way/929421247"
    },
    {
      "type": "Feature",
      "properties": {
        "@id": "way/930041900",
        "ele": "213",
        "gnis:feature_id": "585835",
        "name": "Middletown Reservoir",
        "natural": "water",
        "water": "reservoir",
        "@geometry": "center"
      },
      "geometry": {
        "type": "Point",
        "coordinates": [
          -77.5166153,
          39.4444129
        ]
      },
      "id": "way/930041900"
    },
    {
      "type": "Feature",
      "properties": {
        "@id": "way/930044059",
        "ele": "88",
        "gnis:feature_id": "1490312",
        "name": "Chisholm Lake",
        "natural": "water",
        "water": "reservoir",
        "@geometry": "center"
      },
      "geometry": {
        "type": "Point",
        "coordinates": [
          -77.818855,
          37.9257083
        ]
      },
      "id": "way/930044059"
    },
    {
      "type": "Feature",
      "properties": {
        "@id": "way/930044994",
        "ele": "2",
        "gnis:feature_id": "587841",
        "name": "Tonytank Pond",
        "natural": "water",
        "source": "PGS",
        "water": "reservoir",
        "@geometry": "center"
      },
      "geometry": {
        "type": "Point",
        "coordinates": [
          -75.6119824,
          38.3346129
        ]
      },
      "id": "way/930044994"
    },
    {
      "type": "Feature",
      "properties": {
        "@id": "way/930059508",
        "ele": "411",
        "gnis:feature_id": "1559115",
        "name": "National Refuse Dump Number 25",
        "natural": "water",
        "water": "reservoir",
        "@geometry": "center"
      },
      "geometry": {
        "type": "Point",
        "coordinates": [
          -82.0779874,
          37.6778646
        ]
      },
      "id": "way/930059508"
    },
    {
      "type": "Feature",
      "properties": {
        "@id": "way/930340153",
        "ele": "107",
        "gnis:feature_id": "1489042",
        "intermittent": "no",
        "name": "Baileys Pond",
        "natural": "water",
        "water": "reservoir",
        "@geometry": "center"
      },
      "geometry": {
        "type": "Point",
        "coordinates": [
          -78.444729,
          38.0599835
        ]
      },
      "id": "way/930340153"
    },
    {
      "type": "Feature",
      "properties": {
        "@id": "way/930601352",
        "ele": "702",
        "gnis:feature_id": "1536125",
        "intermittent": "yes",
        "name": "Blue Jay Lake",
        "natural": "water",
        "water": "reservoir",
        "@geometry": "center"
      },
      "geometry": {
        "type": "Point",
        "coordinates": [
          -81.1636151,
          37.7233076
        ]
      },
      "id": "way/930601352"
    },
    {
      "type": "Feature",
      "properties": {
        "@id": "way/930630152",
        "ele": "9",
        "gnis:feature_id": "1475510",
        "name": "Taylor Pond",
        "natural": "water",
        "water": "reservoir",
        "@geometry": "center"
      },
      "geometry": {
        "type": "Point",
        "coordinates": [
          -76.8243399,
          37.496356
        ]
      },
      "id": "way/930630152"
    },
    {
      "type": "Feature",
      "properties": {
        "@id": "way/930647785",
        "ele": "7",
        "gnis:feature_id": "1502108",
        "name": "Richardson Millpond",
        "natural": "water",
        "water": "reservoir",
        "wikidata": "Q49702468",
        "@geometry": "center"
      },
      "geometry": {
        "type": "Point",
        "coordinates": [
          -76.791613,
          37.4354765
        ]
      },
      "id": "way/930647785"
    },
    {
      "type": "Feature",
      "properties": {
        "@id": "way/931932957",
        "ele": "109",
        "gnis:feature_id": "1489102",
        "name": "Lloyd Pond",
        "natural": "water",
        "water": "reservoir",
        "@geometry": "center"
      },
      "geometry": {
        "type": "Point",
        "coordinates": [
          -78.3279135,
          37.9948151
        ]
      },
      "id": "way/931932957"
    },
    {
      "type": "Feature",
      "properties": {
        "@id": "way/931932958",
        "ele": "71",
        "gnis:feature_id": "1502032",
        "name": "Harris Pond",
        "natural": "water",
        "water": "reservoir",
        "@geometry": "center"
      },
      "geometry": {
        "type": "Point",
        "coordinates": [
          -77.9596724,
          37.8201095
        ]
      },
      "id": "way/931932958"
    },
    {
      "type": "Feature",
      "properties": {
        "@id": "way/931970372",
        "ele": "196",
        "gnis:feature_id": "1070976",
        "intermittent": "no",
        "name": "Veto Lake",
        "natural": "water",
        "water": "reservoir",
        "wikidata": "Q115662669",
        "@geometry": "center"
      },
      "geometry": {
        "type": "Point",
        "coordinates": [
          -81.657736,
          39.347905
        ]
      },
      "id": "way/931970372"
    },
    {
      "type": "Feature",
      "properties": {
        "@id": "way/931986334",
        "ele": "2",
        "gnis:feature_id": "1501984",
        "name": "Cohoke Millpond",
        "natural": "water",
        "water": "reservoir",
        "wikidata": "Q49700316",
        "@geometry": "center"
      },
      "geometry": {
        "type": "Point",
        "coordinates": [
          -76.9469874,
          37.58253
        ]
      },
      "id": "way/931986334"
    },
    {
      "type": "Feature",
      "properties": {
        "@id": "way/931992366",
        "ele": "85",
        "gnis:feature_id": "1490396",
        "name": "Johnsons Pond",
        "natural": "water",
        "water": "reservoir",
        "@geometry": "center"
      },
      "geometry": {
        "type": "Point",
        "coordinates": [
          -78.3154322,
          36.6489921
        ]
      },
      "id": "way/931992366"
    },
    {
      "type": "Feature",
      "properties": {
        "@id": "way/931993647",
        "ele": "22",
        "gnis:feature_id": "1489365",
        "name": "Caroline Pines Lake",
        "natural": "water",
        "water": "reservoir",
        "@geometry": "center"
      },
      "geometry": {
        "type": "Point",
        "coordinates": [
          -77.4389429,
          37.891524
        ]
      },
      "id": "way/931993647"
    },
    {
      "type": "Feature",
      "properties": {
        "@id": "way/932048517",
        "ele": "440",
        "gnis:feature_id": "1557389",
        "name": "Robinhood Impoundment",
        "natural": "water",
        "water": "reservoir",
        "@geometry": "center"
      },
      "geometry": {
        "type": "Point",
        "coordinates": [
          -81.6170442,
          37.9155915
        ]
      },
      "id": "way/932048517"
    },
    {
      "type": "Feature",
      "properties": {
        "@id": "way/932048983",
        "ele": "460",
        "gnis:feature_id": "1557387;1557388",
        "name": "Rockhouse Branch Refuse Bank Dam;Wharton Number Two Mine Slurry Pond",
        "natural": "water",
        "water": "reservoir",
        "wikidata": "Q31492361",
        "@geometry": "center"
      },
      "geometry": {
        "type": "Point",
        "coordinates": [
          -81.6909966,
          37.8847803
        ]
      },
      "id": "way/932048983"
    },
    {
      "type": "Feature",
      "properties": {
        "@id": "way/932049020",
        "ele": "405",
        "gnis:feature_id": "1557393",
        "name": "Chesterfield Mine Siltation Pond",
        "natural": "water",
        "water": "reservoir",
        "@geometry": "center"
      },
      "geometry": {
        "type": "Point",
        "coordinates": [
          -81.7209436,
          38.0210385
        ]
      },
      "id": "way/932049020"
    },
    {
      "type": "Feature",
      "properties": {
        "@id": "way/932053763",
        "ele": "289",
        "gnis:feature_id": "1557378",
        "man_made": "tailings_pond",
        "name": "Armco Steel Corp Impoundment",
        "natural": "water",
        "water": "reservoir",
        "@geometry": "center"
      },
      "geometry": {
        "type": "Point",
        "coordinates": [
          -81.7506041,
          38.1547609
        ]
      },
      "id": "way/932053763"
    },
    {
      "type": "Feature",
      "properties": {
        "@id": "way/932054604",
        "ele": "211",
        "gnis:feature_id": "1557382",
        "name": "Fork Creek Lake",
        "natural": "water",
        "water": "reservoir",
        "@geometry": "center"
      },
      "geometry": {
        "type": "Point",
        "coordinates": [
          -81.7851767,
          38.2193003
        ]
      },
      "id": "way/932054604"
    },
    {
      "type": "Feature",
      "properties": {
        "@id": "way/932351800",
        "ele": "312",
        "gnis:feature_id": "1558971",
        "name": "Mud Fork Impoundment",
        "natural": "water",
        "water": "reservoir",
        "@geometry": "center"
      },
      "geometry": {
        "type": "Point",
        "coordinates": [
          -82.0766791,
          37.8487246
        ]
      },
      "id": "way/932351800"
    },
    {
      "type": "Feature",
      "properties": {
        "@id": "way/932516768",
        "ele": "130",
        "gnis:feature_id": "1489969",
        "name": "Watson Pond",
        "natural": "water",
        "water": "reservoir",
        "@geometry": "center"
      },
      "geometry": {
        "type": "Point",
        "coordinates": [
          -79.1736178,
          36.6400306
        ]
      },
      "id": "way/932516768"
    },
    {
      "type": "Feature",
      "properties": {
        "@id": "way/932845097",
        "ele": "148",
        "gnis:feature_id": "1490278",
        "name": "Skallerup Pond",
        "natural": "water",
        "water": "reservoir",
        "@geometry": "center"
      },
      "geometry": {
        "type": "Point",
        "coordinates": [
          -77.8684722,
          38.9959401
        ]
      },
      "id": "way/932845097"
    },
    {
      "type": "Feature",
      "properties": {
        "@id": "way/933037247",
        "ele": "4",
        "gnis:feature_id": "1466469",
        "name": "Fallins Millpond",
        "natural": "water",
        "water": "reservoir",
        "@geometry": "center"
      },
      "geometry": {
        "type": "Point",
        "coordinates": [
          -76.5067992,
          37.9464547
        ]
      },
      "id": "way/933037247"
    },
    {
      "type": "Feature",
      "properties": {
        "@id": "way/933037248",
        "ele": "5",
        "gnis:feature_id": "1490480",
        "name": "Falling Millpond",
        "natural": "water",
        "water": "reservoir",
        "@geometry": "center"
      },
      "geometry": {
        "type": "Point",
        "coordinates": [
          -76.5106525,
          37.9449698
        ]
      },
      "id": "way/933037248"
    },
    {
      "type": "Feature",
      "properties": {
        "@id": "way/933118816",
        "ele": "162",
        "gnis:feature_id": "1490296",
        "name": "Meadow Grove Farm Lake",
        "natural": "water",
        "water": "reservoir",
        "@geometry": "center"
      },
      "geometry": {
        "type": "Point",
        "coordinates": [
          -77.8172286,
          39.0674639
        ]
      },
      "id": "way/933118816"
    },
    {
      "type": "Feature",
      "properties": {
        "@id": "way/933118817",
        "ele": "162",
        "gnis:feature_id": "1490296",
        "name": "Meadow Grove Farm Lake",
        "natural": "water",
        "water": "reservoir",
        "@geometry": "center"
      },
      "geometry": {
        "type": "Point",
        "coordinates": [
          -77.819008,
          39.0693534
        ]
      },
      "id": "way/933118817"
    },
    {
      "type": "Feature",
      "properties": {
        "@id": "way/933121036",
        "ele": "68",
        "gnis:feature_id": "1489263",
        "name": "Harrisons Pond",
        "natural": "water",
        "water": "reservoir",
        "@geometry": "center"
      },
      "geometry": {
        "type": "Point",
        "coordinates": [
          -77.7398454,
          36.9379005
        ]
      },
      "id": "way/933121036"
    },
    {
      "type": "Feature",
      "properties": {
        "@id": "way/933121733",
        "ele": "13",
        "gnis:feature_id": "1490437",
        "name": "Baldwin Pond",
        "natural": "water",
        "water": "reservoir",
        "@geometry": "center"
      },
      "geometry": {
        "type": "Point",
        "coordinates": [
          -78.8493254,
          38.0077687
        ]
      },
      "id": "way/933121733"
    },
    {
      "type": "Feature",
      "properties": {
        "@id": "way/933276900",
        "ele": "198",
        "gnis:feature_id": "1489762",
        "name": "Fleetwood Farm Pond Number One",
        "natural": "water",
        "water": "reservoir",
        "@geometry": "center"
      },
      "geometry": {
        "type": "Point",
        "coordinates": [
          -77.9371351,
          38.965701
        ]
      },
      "id": "way/933276900"
    },
    {
      "type": "Feature",
      "properties": {
        "@id": "way/933277987",
        "ele": "9",
        "gnis:feature_id": "1501957",
        "name": "Boshers Millpond",
        "natural": "water",
        "water": "reservoir",
        "@geometry": "center"
      },
      "geometry": {
        "type": "Point",
        "coordinates": [
          -77.1419076,
          37.7124117
        ]
      },
      "id": "way/933277987"
    },
    {
      "type": "Feature",
      "properties": {
        "@id": "way/933281968",
        "ele": "11",
        "gnis:feature_id": "1490709",
        "name": "Cerneys Pond",
        "natural": "water",
        "water": "reservoir",
        "@geometry": "center"
      },
      "geometry": {
        "type": "Point",
        "coordinates": [
          -77.0161714,
          37.266987
        ]
      },
      "id": "way/933281968"
    },
    {
      "type": "Feature",
      "properties": {
        "@id": "way/933302178",
        "ele": "8",
        "gnis:feature_id": "1488976",
        "name": "Virginia Truck and Experimental Station Reservoir",
        "natural": "water",
        "water": "reservoir",
        "@geometry": "center"
      },
      "geometry": {
        "type": "Point",
        "coordinates": [
          -75.8176716,
          37.587412
        ]
      },
      "id": "way/933302178"
    },
    {
      "type": "Feature",
      "properties": {
        "@id": "way/933930883",
        "ele": "100",
        "gnis:feature_id": "1489565",
        "name": "Doctor W B Blanton Pond",
        "natural": "water",
        "water": "reservoir",
        "@geometry": "center"
      },
      "geometry": {
        "type": "Point",
        "coordinates": [
          -78.2466318,
          37.3876094
        ]
      },
      "id": "way/933930883"
    },
    {
      "type": "Feature",
      "properties": {
        "@id": "way/933968151",
        "ele": "2",
        "gnis:feature_id": "1502004",
        "name": "Drummonds Millpond",
        "natural": "water",
        "water": "reservoir",
        "@geometry": "center"
      },
      "geometry": {
        "type": "Point",
        "coordinates": [
          -75.6876013,
          37.7678609
        ]
      },
      "id": "way/933968151"
    },
    {
      "type": "Feature",
      "properties": {
        "@id": "way/934448310",
        "ele": "12",
        "gnis:feature_id": "1479561",
        "name": "Scruggs Pond",
        "natural": "water",
        "water": "reservoir",
        "@geometry": "center"
      },
      "geometry": {
        "type": "Point",
        "coordinates": [
          -76.7068098,
          36.7595847
        ]
      },
      "id": "way/934448310"
    },
    {
      "type": "Feature",
      "properties": {
        "@id": "way/934451000",
        "ele": "4",
        "gnis:feature_id": "1479482",
        "name": "Sadler Pond",
        "natural": "water",
        "water": "reservoir",
        "@geometry": "center"
      },
      "geometry": {
        "type": "Point",
        "coordinates": [
          -76.595132,
          36.7657495
        ]
      },
      "id": "way/934451000"
    },
    {
      "type": "Feature",
      "properties": {
        "@id": "way/934466654",
        "ele": "9",
        "gnis:feature_id": "1501690",
        "name": "Issac Walton Lake",
        "natural": "water",
        "water": "reservoir",
        "@geometry": "center"
      },
      "geometry": {
        "type": "Point",
        "coordinates": [
          -76.600312,
          36.7885142
        ]
      },
      "id": "way/934466654"
    },
    {
      "type": "Feature",
      "properties": {
        "@id": "way/934478220",
        "ele": "14",
        "gnis:feature_id": "1465318",
        "name": "Courthouse Millpond",
        "natural": "water",
        "water": "reservoir",
        "@geometry": "center"
      },
      "geometry": {
        "type": "Point",
        "coordinates": [
          -76.7099614,
          36.9071837
        ]
      },
      "id": "way/934478220"
    },
    {
      "type": "Feature",
      "properties": {
        "@id": "way/934620684",
        "ele": "12",
        "gnis:feature_id": "1490911",
        "name": "Henderson Lake",
        "natural": "water",
        "water": "reservoir",
        "@geometry": "center"
      },
      "geometry": {
        "type": "Point",
        "coordinates": [
          -77.4323036,
          38.3669085
        ]
      },
      "id": "way/934620684"
    },
    {
      "type": "Feature",
      "properties": {
        "@id": "way/934620686",
        "ele": "480",
        "gnis:feature_id": "1559187",
        "name": "Water Supply Reservoir",
        "natural": "water",
        "water": "reservoir",
        "@geometry": "center"
      },
      "geometry": {
        "type": "Point",
        "coordinates": [
          -80.9050236,
          38.275458
        ]
      },
      "id": "way/934620686"
    },
    {
      "type": "Feature",
      "properties": {
        "@id": "way/934620691",
        "ele": "3",
        "gnis:feature_id": "1477966",
        "name": "Duntons Millpond",
        "natural": "water",
        "water": "reservoir",
        "@geometry": "center"
      },
      "geometry": {
        "type": "Point",
        "coordinates": [
          -76.3787556,
          37.6804367
        ]
      },
      "id": "way/934620691"
    },
    {
      "type": "Feature",
      "properties": {
        "@id": "way/934620692",
        "intermittent": "yes",
        "name": "Wilkins Pond",
        "natural": "water",
        "note": "can't see water",
        "water": "reservoir",
        "@geometry": "center"
      },
      "geometry": {
        "type": "Point",
        "coordinates": [
          -79.0449998,
          36.5815124
        ]
      },
      "id": "way/934620692"
    },
    {
      "type": "Feature",
      "properties": {
        "@id": "way/934620699",
        "ele": "437",
        "gnis:feature_id": "1490807",
        "name": "Cold Sulpher Springs Lake",
        "natural": "water",
        "water": "reservoir",
        "@geometry": "center"
      },
      "geometry": {
        "type": "Point",
        "coordinates": [
          -79.5192629,
          37.9754341
        ]
      },
      "id": "way/934620699"
    },
    {
      "type": "Feature",
      "properties": {
        "@id": "way/934620701",
        "ele": "110",
        "gnis:feature_id": "1489044",
        "name": "Stillfreds Pond",
        "natural": "water",
        "water": "reservoir",
        "@geometry": "center"
      },
      "geometry": {
        "type": "Point",
        "coordinates": [
          -78.5434053,
          37.8084399
        ]
      },
      "id": "way/934620701"
    },
    {
      "type": "Feature",
      "properties": {
        "@id": "way/934620706",
        "ele": "332",
        "gnis:feature_id": "1728722",
        "name": "Wolfpen Lake",
        "natural": "water",
        "water": "reservoir",
        "@geometry": "center"
      },
      "geometry": {
        "type": "Point",
        "coordinates": [
          -80.5337589,
          39.0570424
        ]
      },
      "id": "way/934620706"
    },
    {
      "type": "Feature",
      "properties": {
        "@id": "way/934620709",
        "ele": "234",
        "gnis:feature_id": "1538181",
        "name": "Dickinson Lake",
        "natural": "water",
        "water": "reservoir",
        "@geometry": "center"
      },
      "geometry": {
        "type": "Point",
        "coordinates": [
          -81.9398019,
          38.4932554
        ]
      },
      "id": "way/934620709"
    },
    {
      "type": "Feature",
      "properties": {
        "@id": "way/934620711",
        "ele": "20",
        "gnis:feature_id": "584956",
        "name": "Hidden Pond",
        "natural": "water",
        "water": "reservoir",
        "@geometry": "center"
      },
      "geometry": {
        "type": "Point",
        "coordinates": [
          -76.5931293,
          38.8621067
        ]
      },
      "id": "way/934620711"
    },
    {
      "type": "Feature",
      "properties": {
        "@id": "way/934755636",
        "ele": "4",
        "gnis:feature_id": "1490125",
        "name": "Pond A-1",
        "natural": "water",
        "water": "reservoir",
        "@geometry": "center"
      },
      "geometry": {
        "type": "Point",
        "coordinates": [
          -76.9076496,
          36.6669839
        ]
      },
      "id": "way/934755636"
    },
    {
      "type": "Feature",
      "properties": {
        "@id": "way/934757641",
        "ele": "26",
        "gnis:feature_id": "1489393",
        "name": "Lake De Jarnette",
        "natural": "water",
        "water": "reservoir",
        "@geometry": "center"
      },
      "geometry": {
        "type": "Point",
        "coordinates": [
          -77.4442684,
          37.8962002
        ]
      },
      "id": "way/934757641"
    },
    {
      "type": "Feature",
      "properties": {
        "@id": "way/934863834",
        "ele": "20",
        "gnis:feature_id": "1490173",
        "name": "Stevensville Pond",
        "natural": "water",
        "water": "reservoir",
        "@geometry": "center"
      },
      "geometry": {
        "type": "Point",
        "coordinates": [
          -76.9186675,
          37.7387458
        ]
      },
      "id": "way/934863834"
    },
    {
      "type": "Feature",
      "properties": {
        "@id": "way/934914120",
        "ele": "66",
        "gnis:feature_id": "1489117",
        "name": "Beaver Pond",
        "natural": "water",
        "water": "reservoir",
        "wikidata": "Q49699962",
        "@geometry": "center"
      },
      "geometry": {
        "type": "Point",
        "coordinates": [
          -77.889956,
          37.2932909
        ]
      },
      "id": "way/934914120"
    },
    {
      "type": "Feature",
      "properties": {
        "@id": "way/934989047",
        "ele": "139",
        "gnis:feature_id": "1489742",
        "name": "Hickory Tree Farm Lake",
        "natural": "water",
        "water": "reservoir",
        "wikidata": "Q49701077",
        "@geometry": "center"
      },
      "geometry": {
        "type": "Point",
        "coordinates": [
          -77.7514277,
          38.9355266
        ]
      },
      "id": "way/934989047"
    },
    {
      "type": "Feature",
      "properties": {
        "@id": "way/935126424",
        "ele": "114",
        "gnis:feature_id": "1489561",
        "name": "Atkins Pond",
        "natural": "water",
        "water": "reservoir",
        "@geometry": "center"
      },
      "geometry": {
        "type": "Point",
        "coordinates": [
          -78.3953383,
          37.3542173
        ]
      },
      "id": "way/935126424"
    },
    {
      "type": "Feature",
      "properties": {
        "@id": "way/935127773",
        "ele": "123",
        "gnis:feature_id": "1489559",
        "name": "Wilcks Pond",
        "natural": "water",
        "water": "reservoir",
        "wikidata": "Q49703186",
        "@geometry": "center"
      },
      "geometry": {
        "type": "Point",
        "coordinates": [
          -78.3386511,
          37.3745695
        ]
      },
      "id": "way/935127773"
    },
    {
      "type": "Feature",
      "properties": {
        "@id": "way/935161781",
        "ele": "594",
        "gnis:feature_id": "1502058",
        "name": "Lexington Reservoir",
        "natural": "water",
        "water": "reservoir",
        "wikidata": "Q49701678",
        "@geometry": "center"
      },
      "geometry": {
        "type": "Point",
        "coordinates": [
          -79.6489182,
          37.7456837
        ]
      },
      "id": "way/935161781"
    },
    {
      "type": "Feature",
      "properties": {
        "@id": "way/935392204",
        "ele": "315",
        "gnis:feature_id": "1489835",
        "name": "High View Manor Lake",
        "natural": "water",
        "water": "reservoir",
        "@geometry": "center"
      },
      "geometry": {
        "type": "Point",
        "coordinates": [
          -78.3182367,
          39.1632218
        ]
      },
      "id": "way/935392204"
    },
    {
      "type": "Feature",
      "properties": {
        "@id": "way/935449412",
        "ele": "289",
        "gnis:feature_id": "1489827",
        "name": "Lehmans Pond",
        "natural": "water",
        "water": "reservoir",
        "@geometry": "center"
      },
      "geometry": {
        "type": "Point",
        "coordinates": [
          -78.3066336,
          39.1528998
        ]
      },
      "id": "way/935449412"
    },
    {
      "type": "Feature",
      "properties": {
        "@id": "way/935474536",
        "ele": "268",
        "gnis:feature_id": "1489831",
        "name": "Peacefull Valley Lake",
        "natural": "water",
        "water": "reservoir",
        "wikidata": "Q49702290",
        "@geometry": "center"
      },
      "geometry": {
        "type": "Point",
        "coordinates": [
          -78.3622324,
          39.1454395
        ]
      },
      "id": "way/935474536"
    },
    {
      "type": "Feature",
      "properties": {
        "@id": "way/935475111",
        "ele": "255",
        "gnis:feature_id": "1489846",
        "name": "Seven Vistas Lake",
        "natural": "water",
        "water": "reservoir",
        "@geometry": "center"
      },
      "geometry": {
        "type": "Point",
        "coordinates": [
          -78.4000224,
          39.1129853
        ]
      },
      "id": "way/935475111"
    },
    {
      "type": "Feature",
      "properties": {
        "@id": "way/935475528",
        "ele": "289",
        "gnis:feature_id": "1487664",
        "name": "Strasburg Reservoir",
        "natural": "water",
        "water": "reservoir",
        "@geometry": "center"
      },
      "geometry": {
        "type": "Point",
        "coordinates": [
          -78.3486035,
          38.9662176
        ]
      },
      "id": "way/935475528"
    },
    {
      "type": "Feature",
      "properties": {
        "@id": "way/935475911",
        "ele": "136",
        "gnis:feature_id": "1490997",
        "name": "Warren Reservoir",
        "natural": "water",
        "water": "reservoir",
        "wikidata": "Q49002985",
        "@geometry": "center"
      },
      "geometry": {
        "type": "Point",
        "coordinates": [
          -78.1487695,
          38.9565099
        ]
      },
      "id": "way/935475911"
    },
    {
      "type": "Feature",
      "properties": {
        "@id": "way/935476936",
        "ele": "191",
        "gnis:feature_id": "1489726",
        "name": "Mellott Pond",
        "natural": "water",
        "water": "reservoir",
        "@geometry": "center"
      },
      "geometry": {
        "type": "Point",
        "coordinates": [
          -77.9031603,
          38.8570076
        ]
      },
      "id": "way/935476936"
    },
    {
      "type": "Feature",
      "properties": {
        "@id": "way/935524254",
        "ele": "179",
        "gnis:feature_id": "1489722",
        "name": "Fox Pond",
        "natural": "water",
        "water": "reservoir",
        "@geometry": "center"
      },
      "geometry": {
        "type": "Point",
        "coordinates": [
          -77.7990394,
          38.780023
        ]
      },
      "id": "way/935524254"
    },
    {
      "type": "Feature",
      "properties": {
        "@id": "way/935618972",
        "ele": "180",
        "name": "Bowmans Pond",
        "natural": "water",
        "water": "reservoir",
        "@geometry": "center"
      },
      "geometry": {
        "type": "Point",
        "coordinates": [
          -77.8268291,
          38.8503054
        ]
      },
      "id": "way/935618972"
    },
    {
      "type": "Feature",
      "properties": {
        "@id": "way/935619247",
        "ele": "151",
        "gnis:feature_id": "1489707",
        "name": "Herbert Pond",
        "natural": "water",
        "water": "reservoir",
        "@geometry": "center"
      },
      "geometry": {
        "type": "Point",
        "coordinates": [
          -77.8879061,
          38.9073698
        ]
      },
      "id": "way/935619247"
    },
    {
      "type": "Feature",
      "properties": {
        "@id": "way/935752616",
        "ele": "154",
        "gnis:feature_id": "1489760",
        "name": "Woodside Lake",
        "natural": "water",
        "water": "reservoir",
        "@geometry": "center"
      },
      "geometry": {
        "type": "Point",
        "coordinates": [
          -77.9015216,
          38.9003557
        ]
      },
      "id": "way/935752616"
    },
    {
      "type": "Feature",
      "properties": {
        "@id": "way/935753861",
        "ele": "162",
        "gnis:feature_id": "1490258",
        "name": "Archbold Lake",
        "natural": "water",
        "water": "reservoir",
        "@geometry": "center"
      },
      "geometry": {
        "type": "Point",
        "coordinates": [
          -77.8423767,
          39.0240723
        ]
      },
      "id": "way/935753861"
    },
    {
      "type": "Feature",
      "properties": {
        "@id": "way/935782319",
        "ele": "148",
        "gnis:feature_id": "1490289",
        "name": "Rayborn Lake",
        "natural": "water",
        "water": "reservoir",
        "@geometry": "center"
      },
      "geometry": {
        "type": "Point",
        "coordinates": [
          -77.7761689,
          39.0122626
        ]
      },
      "id": "way/935782319"
    },
    {
      "type": "Feature",
      "properties": {
        "@id": "way/935786073",
        "ele": "108",
        "gnis:feature_id": "1490282",
        "name": "Woodall Pond",
        "natural": "water",
        "water": "reservoir",
        "@geometry": "center"
      },
      "geometry": {
        "type": "Point",
        "coordinates": [
          -77.6277315,
          39.017657
        ]
      },
      "id": "way/935786073"
    },
    {
      "type": "Feature",
      "properties": {
        "@id": "way/936170830",
        "area": "yes",
        "ele": "439",
        "gnis:feature_id": "1489040",
        "name": "Chiles Pond",
        "natural": "water",
        "water": "reservoir",
        "@geometry": "center"
      },
      "geometry": {
        "type": "Point",
        "coordinates": [
          -78.742193,
          37.9539071
        ]
      },
      "id": "way/936170830"
    },
    {
      "type": "Feature",
      "properties": {
        "@id": "way/936172348",
        "ele": "3",
        "gnis:feature_id": "1491014",
        "name": "Latanes Pond",
        "natural": "water",
        "water": "reservoir",
        "@geometry": "center"
      },
      "geometry": {
        "type": "Point",
        "coordinates": [
          -76.9561668,
          38.1927675
        ]
      },
      "id": "way/936172348"
    },
    {
      "type": "Feature",
      "properties": {
        "@id": "way/936173390",
        "ele": "112",
        "gnis:feature_id": "1489289",
        "name": "Sutherland Pond",
        "natural": "water",
        "water": "reservoir",
        "@geometry": "center"
      },
      "geometry": {
        "type": "Point",
        "coordinates": [
          -78.2904961,
          37.6734078
        ]
      },
      "id": "way/936173390"
    },
    {
      "type": "Feature",
      "properties": {
        "@id": "way/936174488",
        "ele": "299",
        "gnis:feature_id": "1489151",
        "name": "Pleasantview Hunt Club Pond",
        "natural": "water",
        "water": "reservoir",
        "@geometry": "center"
      },
      "geometry": {
        "type": "Point",
        "coordinates": [
          -79.2791886,
          37.6229298
        ]
      },
      "id": "way/936174488"
    },
    {
      "type": "Feature",
      "properties": {
        "@id": "way/936176645",
        "ele": "216",
        "gnis:feature_id": "1544321",
        "name": "Oakwood Lake",
        "natural": "water",
        "water": "reservoir",
        "@geometry": "center"
      },
      "geometry": {
        "type": "Point",
        "coordinates": [
          -81.9696191,
          38.4141924
        ]
      },
      "id": "way/936176645"
    },
    {
      "type": "Feature",
      "properties": {
        "@id": "way/936177778",
        "ele": "114",
        "gnis:feature_id": "1490523",
        "name": "Taylors Pond",
        "natural": "water",
        "water": "reservoir",
        "@geometry": "center"
      },
      "geometry": {
        "type": "Point",
        "coordinates": [
          -78.0747152,
          38.2365985
        ]
      },
      "id": "way/936177778"
    },
    {
      "type": "Feature",
      "properties": {
        "@id": "way/936179453",
        "ele": "235",
        "gnis:feature_id": "1548285",
        "name": "Lake Trotter",
        "natural": "water",
        "water": "reservoir",
        "@geometry": "center"
      },
      "geometry": {
        "type": "Point",
        "coordinates": [
          -81.3708669,
          38.78044
        ]
      },
      "id": "way/936179453"
    },
    {
      "type": "Feature",
      "properties": {
        "@id": "way/936179848",
        "area": "yes",
        "ele": "131",
        "gnis:feature_id": "1489779",
        "name": "Cosner Lake",
        "natural": "water",
        "water": "reservoir",
        "@geometry": "center"
      },
      "geometry": {
        "type": "Point",
        "coordinates": [
          -78.1691948,
          37.9328433
        ]
      },
      "id": "way/936179848"
    },
    {
      "type": "Feature",
      "properties": {
        "@id": "way/936179849",
        "area": "yes",
        "ele": "132",
        "gnis:feature_id": "1489777",
        "name": "Linton Lake",
        "natural": "water",
        "water": "reservoir",
        "@geometry": "center"
      },
      "geometry": {
        "type": "Point",
        "coordinates": [
          -78.1790663,
          37.9289036
        ]
      },
      "id": "way/936179849"
    },
    {
      "type": "Feature",
      "properties": {
        "@id": "way/936274547",
        "ele": "128",
        "gnis:feature_id": "1489090",
        "name": "Stillfried Pond",
        "natural": "water",
        "water": "reservoir",
        "@geometry": "center"
      },
      "geometry": {
        "type": "Point",
        "coordinates": [
          -78.515222,
          37.8455079
        ]
      },
      "id": "way/936274547"
    },
    {
      "type": "Feature",
      "properties": {
        "@id": "way/936304729",
        "ele": "61",
        "gnis:feature_id": "1490009",
        "name": "Springfield Lake",
        "natural": "water",
        "water": "reservoir",
        "@geometry": "center"
      },
      "geometry": {
        "type": "Point",
        "coordinates": [
          -77.7363749,
          37.748391
        ]
      },
      "id": "way/936304729"
    },
    {
      "type": "Feature",
      "properties": {
        "@id": "way/936324284",
        "name": "Piney Reservoir",
        "natural": "water",
        "water": "reservoir",
        "@geometry": "center"
      },
      "geometry": {
        "type": "Point",
        "coordinates": [
          -77.1483311,
          38.7506633
        ]
      },
      "id": "way/936324284"
    },
    {
      "type": "Feature",
      "properties": {
        "@id": "way/936344609",
        "ele": "31",
        "gnis:feature_id": "594385",
        "name": "Lake Ruth",
        "natural": "water",
        "water": "reservoir",
        "@geometry": "center"
      },
      "geometry": {
        "type": "Point",
        "coordinates": [
          -76.638847,
          38.9662905
        ]
      },
      "id": "way/936344609"
    },
    {
      "type": "Feature",
      "properties": {
        "@id": "way/936345196",
        "area": "yes",
        "ele": "254",
        "gnis:feature_id": "1489145",
        "name": "Izaak Walton Pond",
        "natural": "water",
        "water": "reservoir",
        "@geometry": "center"
      },
      "geometry": {
        "type": "Point",
        "coordinates": [
          -79.0815472,
          37.5036269
        ]
      },
      "id": "way/936345196"
    },
    {
      "type": "Feature",
      "properties": {
        "@id": "way/936609555",
        "ele": "291",
        "gnis:feature_id": "1462443",
        "name": "American Legion Lake",
        "natural": "water",
        "source:geometry": "City of Lynchburg",
        "water": "reservoir",
        "@geometry": "center"
      },
      "geometry": {
        "type": "Point",
        "coordinates": [
          -79.2209802,
          37.3335935
        ]
      },
      "id": "way/936609555"
    },
    {
      "type": "Feature",
      "properties": {
        "@id": "way/936646066",
        "alt_name": "Sunken Meadow Lake",
        "ele": "3",
        "gnis:feature_id": "1490913",
        "name": "Sunken Meadow Pond",
        "natural": "water",
        "water": "reservoir",
        "@geometry": "center"
      },
      "geometry": {
        "type": "Point",
        "coordinates": [
          -76.9384856,
          37.2109717
        ]
      },
      "id": "way/936646066"
    },
    {
      "type": "Feature",
      "properties": {
        "@id": "way/936656335",
        "ele": "120",
        "gnis:feature_id": "1489028",
        "name": "Allmans Pond",
        "natural": "water",
        "water": "reservoir",
        "@geometry": "center"
      },
      "geometry": {
        "type": "Point",
        "coordinates": [
          -78.5590495,
          37.7951858
        ]
      },
      "id": "way/936656335"
    },
    {
      "type": "Feature",
      "properties": {
        "@id": "way/936659918",
        "ele": "228",
        "gnis:feature_id": "1489149",
        "name": "Mays Pond",
        "natural": "water",
        "water": "reservoir",
        "@geometry": "center"
      },
      "geometry": {
        "type": "Point",
        "coordinates": [
          -79.1503948,
          37.6678411
        ]
      },
      "id": "way/936659918"
    },
    {
      "type": "Feature",
      "properties": {
        "@id": "way/936660842",
        "ele": "197",
        "gnis:feature_id": "1465658",
        "name": "Davis Pond",
        "natural": "water",
        "water": "reservoir",
        "@geometry": "center"
      },
      "geometry": {
        "type": "Point",
        "coordinates": [
          -78.8205689,
          37.7293709
        ]
      },
      "id": "way/936660842"
    },
    {
      "type": "Feature",
      "properties": {
        "@id": "way/936689902",
        "ele": "12",
        "gnis:feature_id": "1469019",
        "name": "Kings Millpond",
        "natural": "water",
        "water": "reservoir",
        "@geometry": "center"
      },
      "geometry": {
        "type": "Point",
        "coordinates": [
          -76.6309409,
          38.001637
        ]
      },
      "id": "way/936689902"
    },
    {
      "type": "Feature",
      "properties": {
        "@id": "way/936694418",
        "ele": "243",
        "gnis:feature_id": "1541313",
        "name": "Lake Ann Tormey",
        "natural": "water",
        "water": "reservoir",
        "@geometry": "center"
      },
      "geometry": {
        "type": "Point",
        "coordinates": [
          -81.9032344,
          38.4695232
        ]
      },
      "id": "way/936694418"
    },
    {
      "type": "Feature",
      "properties": {
        "@id": "way/936978730",
        "ele": "29",
        "gnis:feature_id": "1502092",
        "name": "Parsleys Millpond",
        "natural": "water",
        "water": "reservoir",
        "wikidata": "Q49702283",
        "@geometry": "center"
      },
      "geometry": {
        "type": "Point",
        "coordinates": [
          -77.2253969,
          37.601759
        ]
      },
      "id": "way/936978730"
    },
    {
      "type": "Feature",
      "properties": {
        "@id": "way/937012349",
        "ele": "211",
        "gnis:feature_id": "1489318",
        "name": "Jones Pond",
        "natural": "water",
        "water": "reservoir",
        "@geometry": "center"
      },
      "geometry": {
        "type": "Point",
        "coordinates": [
          -78.8834888,
          37.2387736
        ]
      },
      "id": "way/937012349"
    },
    {
      "type": "Feature",
      "properties": {
        "@id": "way/937014338",
        "ele": "758",
        "gnis:feature_id": "1559053",
        "name": "Bramwell Lake",
        "natural": "water",
        "water": "reservoir",
        "@geometry": "center"
      },
      "geometry": {
        "type": "Point",
        "coordinates": [
          -81.3032953,
          37.3166832
        ]
      },
      "id": "way/937014338"
    },
    {
      "type": "Feature",
      "properties": {
        "@id": "way/937073128",
        "ele": "111",
        "gnis:feature_id": "1490304",
        "name": "Woolfolks Pond",
        "natural": "water",
        "water": "reservoir",
        "@geometry": "center"
      },
      "geometry": {
        "type": "Point",
        "coordinates": [
          -77.9924827,
          37.9940219
        ]
      },
      "id": "way/937073128"
    },
    {
      "type": "Feature",
      "properties": {
        "@id": "way/937073569",
        "ele": "47",
        "gnis:feature_id": "587409",
        "name": "Smoots Pond",
        "natural": "water",
        "water": "reservoir",
        "@geometry": "center"
      },
      "geometry": {
        "type": "Point",
        "coordinates": [
          -76.7950685,
          38.4826024
        ]
      },
      "id": "way/937073569"
    },
    {
      "type": "Feature",
      "properties": {
        "@id": "way/937073720",
        "ele": "108",
        "gnis:feature_id": "1490308",
        "name": "Yanceyville Millpond",
        "natural": "water",
        "water": "reservoir",
        "@geometry": "center"
      },
      "geometry": {
        "type": "Point",
        "coordinates": [
          -77.9831486,
          37.9380682
        ]
      },
      "id": "way/937073720"
    },
    {
      "type": "Feature",
      "properties": {
        "@id": "way/937074187",
        "ele": "84",
        "gnis:feature_id": "1490310",
        "name": "Byrd Millpond",
        "natural": "water",
        "water": "reservoir",
        "@geometry": "center"
      },
      "geometry": {
        "type": "Point",
        "coordinates": [
          -78.0806218,
          37.9882344
        ]
      },
      "id": "way/937074187"
    },
    {
      "type": "Feature",
      "properties": {
        "@id": "way/937074656",
        "ele": "97",
        "gnis:feature_id": "1490330",
        "name": "Meyerton Lake",
        "natural": "water",
        "water": "reservoir",
        "@geometry": "center"
      },
      "geometry": {
        "type": "Point",
        "coordinates": [
          -78.0234184,
          38.096172
        ]
      },
      "id": "way/937074656"
    },
    {
      "type": "Feature",
      "properties": {
        "@id": "way/937076615",
        "ele": "121",
        "gnis:feature_id": "1490332",
        "name": "Ponda Roche Lake",
        "natural": "water",
        "water": "reservoir",
        "@geometry": "center"
      },
      "geometry": {
        "type": "Point",
        "coordinates": [
          -78.1167539,
          38.1192408
        ]
      },
      "id": "way/937076615"
    },
    {
      "type": "Feature",
      "properties": {
        "@id": "way/937079099",
        "ele": "154",
        "gnis:feature_id": "1489935",
        "name": "Harlow Farm Pond",
        "natural": "water",
        "water": "reservoir",
        "@geometry": "center"
      },
      "geometry": {
        "type": "Point",
        "coordinates": [
          -78.3776873,
          38.1988604
        ]
      },
      "id": "way/937079099"
    },
    {
      "type": "Feature",
      "properties": {
        "@id": "way/937079241",
        "ele": "155",
        "gnis:feature_id": "1489931",
        "name": "Reynolds Farm Pond",
        "natural": "water",
        "water": "reservoir",
        "@geometry": "center"
      },
      "geometry": {
        "type": "Point",
        "coordinates": [
          -78.3845133,
          38.2151099
        ]
      },
      "id": "way/937079241"
    },
    {
      "type": "Feature",
      "properties": {
        "@id": "way/937079521",
        "ele": "141",
        "gnis:feature_id": "1489933",
        "name": "Word Farm Pond",
        "natural": "water",
        "water": "reservoir",
        "@geometry": "center"
      },
      "geometry": {
        "type": "Point",
        "coordinates": [
          -78.3589031,
          38.2052413
        ]
      },
      "id": "way/937079521"
    },
    {
      "type": "Feature",
      "properties": {
        "@id": "way/937080923",
        "ele": "158",
        "gnis:feature_id": "1489939",
        "name": "Lake Skyline",
        "natural": "water",
        "water": "reservoir",
        "@geometry": "center"
      },
      "geometry": {
        "type": "Point",
        "coordinates": [
          -78.4321741,
          38.2564225
        ]
      },
      "id": "way/937080923"
    },
    {
      "type": "Feature",
      "properties": {
        "@id": "way/937080926",
        "ele": "152",
        "gnis:feature_id": "1489937",
        "name": "Lake Shenandoah",
        "natural": "water",
        "water": "reservoir",
        "@geometry": "center"
      },
      "geometry": {
        "type": "Point",
        "coordinates": [
          -78.4385683,
          38.2529801
        ]
      },
      "id": "way/937080926"
    },
    {
      "type": "Feature",
      "properties": {
        "@id": "way/937081612",
        "ele": "170",
        "gnis:feature_id": "1489941",
        "name": "Lower Lake Shenandoah",
        "natural": "water",
        "water": "reservoir",
        "@geometry": "center"
      },
      "geometry": {
        "type": "Point",
        "coordinates": [
          -78.4413032,
          38.2453265
        ]
      },
      "id": "way/937081612"
    },
    {
      "type": "Feature",
      "properties": {
        "@id": "way/937082742",
        "ele": "108",
        "gnis:feature_id": "1489005",
        "name": "Paines Lake",
        "natural": "water",
        "water": "reservoir",
        "@geometry": "center"
      },
      "geometry": {
        "type": "Point",
        "coordinates": [
          -78.4602503,
          38.0943151
        ]
      },
      "id": "way/937082742"
    },
    {
      "type": "Feature",
      "properties": {
        "@id": "way/937083811",
        "ele": "267",
        "gnis:feature_id": "1489023",
        "name": "Red Hill Orchard Lake",
        "natural": "water",
        "water": "reservoir",
        "@geometry": "center"
      },
      "geometry": {
        "type": "Point",
        "coordinates": [
          -78.6074756,
          37.9475386
        ]
      },
      "id": "way/937083811"
    },
    {
      "type": "Feature",
      "properties": {
        "@id": "way/937084043",
        "ele": "213",
        "gnis:feature_id": "1489019",
        "name": "Sego Pond",
        "natural": "water",
        "water": "reservoir",
        "@geometry": "center"
      },
      "geometry": {
        "type": "Point",
        "coordinates": [
          -78.6641538,
          37.982833
        ]
      },
      "id": "way/937084043"
    },
    {
      "type": "Feature",
      "properties": {
        "@id": "way/937086253",
        "ele": "153",
        "gnis:feature_id": "1489011",
        "name": "Vanclieffs Lake",
        "natural": "water",
        "water": "reservoir",
        "@geometry": "center"
      },
      "geometry": {
        "type": "Point",
        "coordinates": [
          -78.60537,
          37.8442078
        ]
      },
      "id": "way/937086253"
    },
    {
      "type": "Feature",
      "properties": {
        "@id": "way/937097703",
        "ele": "4",
        "gnis:feature_id": "586505",
        "name": "Pig Pond",
        "natural": "water",
        "water": "reservoir",
        "@geometry": "center"
      },
      "geometry": {
        "type": "Point",
        "coordinates": [
          -76.5285009,
          38.8761062
        ]
      },
      "id": "way/937097703"
    },
    {
      "type": "Feature",
      "properties": {
        "@id": "way/937099245",
        "ele": "238",
        "gnis:feature_id": "1559257",
        "name": "I-64 Lake",
        "natural": "water",
        "water": "reservoir",
        "@geometry": "center"
      },
      "geometry": {
        "type": "Point",
        "coordinates": [
          -81.9663049,
          38.4602822
        ]
      },
      "id": "way/937099245"
    },
    {
      "type": "Feature",
      "properties": {
        "@id": "way/937100255",
        "ele": "52",
        "gnis:feature_id": "1489882",
        "name": "Bolling Hall Lake",
        "natural": "water",
        "water": "reservoir",
        "wikidata": "Q49700067",
        "@geometry": "center"
      },
      "geometry": {
        "type": "Point",
        "coordinates": [
          -77.968177,
          37.6688803
        ]
      },
      "id": "way/937100255"
    },
    {
      "type": "Feature",
      "properties": {
        "@id": "way/937116064",
        "ele": "337",
        "gnis:feature_id": "1728605",
        "name": "Keith Fork Lake",
        "natural": "water",
        "water": "reservoir",
        "@geometry": "center"
      },
      "geometry": {
        "type": "Point",
        "coordinates": [
          -80.5174107,
          39.0546724
        ]
      },
      "id": "way/937116064"
    },
    {
      "type": "Feature",
      "properties": {
        "@id": "way/937373127",
        "ele": "1",
        "gnis:feature_id": "1489862",
        "intermittent": "yes",
        "name": "Weaver Pond",
        "natural": "water",
        "water": "reservoir",
        "@geometry": "center"
      },
      "geometry": {
        "type": "Point",
        "coordinates": [
          -76.6043002,
          37.3664941
        ]
      },
      "id": "way/937373127"
    },
    {
      "type": "Feature",
      "properties": {
        "@id": "way/937375302",
        "ele": "4",
        "gnis:feature_id": "1469305",
        "name": "Leigh Pond",
        "natural": "water",
        "water": "reservoir",
        "@geometry": "center"
      },
      "geometry": {
        "type": "Point",
        "coordinates": [
          -76.6061055,
          37.3794179
        ]
      },
      "id": "way/937375302"
    },
    {
      "type": "Feature",
      "properties": {
        "@id": "way/937392354",
        "ele": "7",
        "gnis:feature_id": "1502111",
        "name": "Robins Pond",
        "natural": "water",
        "water": "reservoir",
        "@geometry": "center"
      },
      "geometry": {
        "type": "Point",
        "coordinates": [
          -76.5107929,
          37.372419
        ]
      },
      "id": "way/937392354"
    },
    {
      "type": "Feature",
      "properties": {
        "@id": "way/937394433",
        "ele": "699",
        "gnis:feature_id": "1496602",
        "name": "Coeburn Lake",
        "natural": "water",
        "water": "reservoir",
        "@geometry": "center"
      },
      "geometry": {
        "type": "Point",
        "coordinates": [
          -82.4142451,
          36.9775556
        ]
      },
      "id": "way/937394433"
    },
    {
      "type": "Feature",
      "properties": {
        "@id": "way/937410819",
        "ele": "4",
        "gnis:feature_id": "1501994",
        "name": "Cow Creek Pond",
        "natural": "water",
        "water": "reservoir",
        "@geometry": "center"
      },
      "geometry": {
        "type": "Point",
        "coordinates": [
          -76.4943059,
          37.4342563
        ]
      },
      "id": "way/937410819"
    },
    {
      "type": "Feature",
      "properties": {
        "@id": "way/937551868",
        "ele": "332",
        "gnis:feature_id": "1558888",
        "name": "Williams Mine A M D Pond",
        "natural": "water",
        "water": "reservoir",
        "@geometry": "center"
      },
      "geometry": {
        "type": "Point",
        "coordinates": [
          -80.3549413,
          39.4465433
        ]
      },
      "id": "way/937551868"
    },
    {
      "type": "Feature",
      "properties": {
        "@id": "way/937667481",
        "ele": "9",
        "gnis:feature_id": "1474665",
        "name": "Slade Pond",
        "natural": "water",
        "water": "reservoir",
        "@geometry": "center"
      },
      "geometry": {
        "type": "Point",
        "coordinates": [
          -76.7011999,
          37.0537921
        ]
      },
      "id": "way/937667481"
    },
    {
      "type": "Feature",
      "properties": {
        "@id": "way/937669676",
        "ele": "76",
        "gnis:feature_id": "1490026",
        "name": "Jones Lake",
        "natural": "water",
        "water": "reservoir",
        "@geometry": "center"
      },
      "geometry": {
        "type": "Point",
        "coordinates": [
          -77.5954713,
          37.8092744
        ]
      },
      "id": "way/937669676"
    },
    {
      "type": "Feature",
      "properties": {
        "@id": "way/937673082",
        "ele": "22",
        "gnis:feature_id": "588511",
        "name": "Porkchop Pond",
        "natural": "water",
        "water": "reservoir",
        "@geometry": "center"
      },
      "geometry": {
        "type": "Point",
        "coordinates": [
          -76.5642869,
          38.9030571
        ]
      },
      "id": "way/937673082"
    },
    {
      "type": "Feature",
      "properties": {
        "@id": "way/937673876",
        "ele": "6",
        "gnis:feature_id": "588478",
        "name": "Meadow Pond",
        "natural": "water",
        "water": "reservoir",
        "@geometry": "center"
      },
      "geometry": {
        "type": "Point",
        "coordinates": [
          -76.5561726,
          38.872367
        ]
      },
      "id": "way/937673876"
    },
    {
      "type": "Feature",
      "properties": {
        "@id": "way/937681244",
        "ele": "458",
        "gnis:feature_id": "1488366",
        "name": "Lake Wilda",
        "natural": "water",
        "water": "reservoir",
        "@geometry": "center"
      },
      "geometry": {
        "type": "Point",
        "coordinates": [
          -79.0973223,
          38.0164945
        ]
      },
      "id": "way/937681244"
    },
    {
      "type": "Feature",
      "properties": {
        "@id": "way/937700016",
        "ele": "15",
        "gnis:feature_id": "1474883",
        "name": "South Pond",
        "natural": "water",
        "water": "reservoir",
        "@geometry": "center"
      },
      "geometry": {
        "type": "Point",
        "coordinates": [
          -76.6013158,
          37.5427052
        ]
      },
      "id": "way/937700016"
    },
    {
      "type": "Feature",
      "properties": {
        "@id": "way/937713790",
        "ele": "6",
        "gnis:feature_id": "585915",
        "name": "Mockingbird Pond",
        "natural": "water",
        "water": "reservoir",
        "@geometry": "center"
      },
      "geometry": {
        "type": "Point",
        "coordinates": [
          -75.7123325,
          38.4623113
        ]
      },
      "id": "way/937713790"
    },
    {
      "type": "Feature",
      "properties": {
        "@id": "way/937714085",
        "ele": "1",
        "gnis:feature_id": "594431",
        "name": "Maryland Noname 2 Lake",
        "natural": "water",
        "water": "reservoir",
        "@geometry": "center"
      },
      "geometry": {
        "type": "Point",
        "coordinates": [
          -75.6876623,
          38.2842254
        ]
      },
      "id": "way/937714085"
    },
    {
      "type": "Feature",
      "properties": {
        "@id": "way/937714330",
        "ele": "1",
        "gnis:feature_id": "1669007",
        "name": "Purnell Pond",
        "natural": "water",
        "water": "reservoir",
        "@geometry": "center"
      },
      "geometry": {
        "type": "Point",
        "coordinates": [
          -75.3769322,
          38.1843599
        ]
      },
      "id": "way/937714330"
    },
    {
      "type": "Feature",
      "properties": {
        "@id": "way/937714602",
        "ele": "1",
        "gnis:feature_id": "1488986",
        "name": "Wallops Pond",
        "natural": "water",
        "water": "reservoir",
        "@geometry": "center"
      },
      "geometry": {
        "type": "Point",
        "coordinates": [
          -75.492306,
          37.9328977
        ]
      },
      "id": "way/937714602"
    },
    {
      "type": "Feature",
      "properties": {
        "@id": "way/937715591",
        "ele": "5",
        "gnis:feature_id": "1488978",
        "name": "Tankard Pond",
        "natural": "water",
        "water": "reservoir",
        "@geometry": "center"
      },
      "geometry": {
        "type": "Point",
        "coordinates": [
          -75.7844828,
          37.6567479
        ]
      },
      "id": "way/937715591"
    },
    {
      "type": "Feature",
      "properties": {
        "@id": "way/937716487",
        "ele": "-3",
        "gnis:feature_id": "1488980",
        "name": "Custis Pond",
        "natural": "water",
        "water": "reservoir",
        "@geometry": "center"
      },
      "geometry": {
        "type": "Point",
        "coordinates": [
          -75.8502907,
          37.6168106
        ]
      },
      "id": "way/937716487"
    },
    {
      "type": "Feature",
      "properties": {
        "@id": "way/937716750",
        "ele": "9",
        "gnis:feature_id": "1488974",
        "name": "Duer Pond",
        "natural": "water",
        "water": "reservoir",
        "@geometry": "center"
      },
      "geometry": {
        "type": "Point",
        "coordinates": [
          -75.8309398,
          37.584091
        ]
      },
      "id": "way/937716750"
    },
    {
      "type": "Feature",
      "properties": {
        "@id": "way/937717191",
        "ele": "0",
        "gnis:feature_id": "1490471",
        "name": "Kellam Pond",
        "natural": "water",
        "water": "reservoir",
        "@geometry": "center"
      },
      "geometry": {
        "type": "Point",
        "coordinates": [
          -75.9794026,
          37.3706144
        ]
      },
      "id": "way/937717191"
    },
    {
      "type": "Feature",
      "properties": {
        "@id": "way/937719113",
        "ele": "2",
        "gnis:feature_id": "1490469",
        "name": "Smith Pond",
        "natural": "water",
        "water": "reservoir",
        "@geometry": "center"
      },
      "geometry": {
        "type": "Point",
        "coordinates": [
          -75.9861878,
          37.3602238
        ]
      },
      "id": "way/937719113"
    },
    {
      "type": "Feature",
      "properties": {
        "@id": "way/937809780",
        "ele": "420",
        "gnis:feature_id": "1488819",
        "name": "Lake Robertson",
        "natural": "water",
        "water": "reservoir",
        "@geometry": "center"
      },
      "geometry": {
        "type": "Point",
        "coordinates": [
          -79.6074938,
          37.8041992
        ]
      },
      "id": "way/937809780"
    },
    {
      "type": "Feature",
      "properties": {
        "@id": "way/937816541",
        "ele": "5",
        "gnis:feature_id": "1464900",
        "name": "Chrystal Lake",
        "natural": "water",
        "water": "reservoir",
        "@geometry": "center"
      },
      "geometry": {
        "type": "Point",
        "coordinates": [
          -76.9884874,
          38.1983299
        ]
      },
      "id": "way/937816541"
    },
    {
      "type": "Feature",
      "properties": {
        "@id": "way/937818323",
        "ele": "4",
        "gnis:feature_id": "1502097",
        "name": "Placid Lake",
        "natural": "water",
        "water": "reservoir",
        "@geometry": "center"
      },
      "geometry": {
        "type": "Point",
        "coordinates": [
          -76.9806392,
          38.1996421
        ]
      },
      "id": "way/937818323"
    },
    {
      "type": "Feature",
      "properties": {
        "@id": "way/937818430",
        "ele": "6",
        "gnis:feature_id": "1472709",
        "intermittent": "yes",
        "name": "Potomac Mills Pond",
        "natural": "water",
        "water": "reservoir",
        "@geometry": "center"
      },
      "geometry": {
        "type": "Point",
        "coordinates": [
          -76.9451035,
          38.1602592
        ]
      },
      "id": "way/937818430"
    },
    {
      "type": "Feature",
      "properties": {
        "@id": "way/937818705",
        "ele": "3",
        "gnis:feature_id": "1491012",
        "name": "Morris Pond",
        "natural": "water",
        "water": "reservoir",
        "@geometry": "center"
      },
      "geometry": {
        "type": "Point",
        "coordinates": [
          -76.9358491,
          38.1663892
        ]
      },
      "id": "way/937818705"
    },
    {
      "type": "Feature",
      "properties": {
        "@id": "way/937846289",
        "ele": "17",
        "gnis:feature_id": "1491022",
        "name": "Thomas Branch Pond",
        "natural": "water",
        "water": "reservoir",
        "@geometry": "center"
      },
      "geometry": {
        "type": "Point",
        "coordinates": [
          -76.9023913,
          38.1529154
        ]
      },
      "id": "way/937846289"
    },
    {
      "type": "Feature",
      "properties": {
        "@id": "way/937861380",
        "ele": "14",
        "gnis:feature_id": "1466635",
        "name": "Flanagans Millpond",
        "natural": "water",
        "water": "reservoir",
        "@geometry": "center"
      },
      "geometry": {
        "type": "Point",
        "coordinates": [
          -77.1799743,
          37.6183468
        ]
      },
      "id": "way/937861380"
    },
    {
      "type": "Feature",
      "properties": {
        "@id": "way/937861948",
        "ele": "21",
        "gnis:feature_id": "1502270",
        "name": "Wests Pond",
        "natural": "water",
        "water": "reservoir",
        "@geometry": "center"
      },
      "geometry": {
        "type": "Point",
        "coordinates": [
          -77.2191064,
          37.6334752
        ]
      },
      "id": "way/937861948"
    },
    {
      "type": "Feature",
      "properties": {
        "@id": "way/937886045",
        "ele": "1",
        "gnis:feature_id": "1490209",
        "name": "Old Town Farm Pond",
        "natural": "water",
        "water": "reservoir",
        "wikidata": "Q49702226",
        "@geometry": "center"
      },
      "geometry": {
        "type": "Point",
        "coordinates": [
          -77.00126,
          37.5919083
        ]
      },
      "id": "way/937886045"
    },
    {
      "type": "Feature",
      "properties": {
        "@id": "way/937980494",
        "ele": "60",
        "gnis:feature_id": "1464357",
        "name": "Camp Upshur Pond",
        "natural": "water",
        "water": "reservoir",
        "@geometry": "center"
      },
      "geometry": {
        "type": "Point",
        "coordinates": [
          -77.5431119,
          38.6129045
        ]
      },
      "id": "way/937980494"
    },
    {
      "type": "Feature",
      "properties": {
        "@id": "way/937989543",
        "ele": "228",
        "gnis:feature_id": "1490439",
        "name": "Hamilton Lake",
        "natural": "water",
        "water": "reservoir",
        "@geometry": "center"
      },
      "geometry": {
        "type": "Point",
        "coordinates": [
          -78.8608832,
          37.8668162
        ]
      },
      "id": "way/937989543"
    },
    {
      "type": "Feature",
      "properties": {
        "@id": "way/938084552",
        "ele": "670",
        "gnis:feature_id": "1491049",
        "name": "Back Creek Lake",
        "natural": "water",
        "water": "reservoir",
        "@geometry": "center"
      },
      "geometry": {
        "type": "Point",
        "coordinates": [
          -82.6824898,
          36.9684314
        ]
      },
      "id": "way/938084552"
    },
    {
      "type": "Feature",
      "properties": {
        "@id": "way/938085336",
        "ele": "884",
        "gnis:feature_id": "1491047",
        "name": "Rimrock Lake",
        "natural": "water",
        "water": "reservoir",
        "@geometry": "center"
      },
      "geometry": {
        "type": "Point",
        "coordinates": [
          -82.689013,
          36.912816
        ]
      },
      "id": "way/938085336"
    },
    {
      "type": "Feature",
      "properties": {
        "@id": "way/938085370",
        "ele": "467",
        "gnis:feature_id": "1485679",
        "name": "Mountain Lake",
        "natural": "water",
        "water": "reservoir",
        "@geometry": "center"
      },
      "geometry": {
        "type": "Point",
        "coordinates": [
          -82.3765679,
          36.8525933
        ]
      },
      "id": "way/938085370"
    },
    {
      "type": "Feature",
      "properties": {
        "@id": "way/938086740",
        "ele": "358",
        "gnis:feature_id": "1540484",
        "name": "Horse Creek Lake",
        "natural": "water",
        "water": "reservoir",
        "@geometry": "center"
      },
      "geometry": {
        "type": "Point",
        "coordinates": [
          -81.7094623,
          37.5735316
        ]
      },
      "id": "way/938086740"
    },
    {
      "type": "Feature",
      "properties": {
        "@id": "way/938087114",
        "ele": "537",
        "gnis:feature_id": "1559362",
        "name": "Keppler Mine Impoundment",
        "natural": "water",
        "water": "reservoir",
        "@geometry": "center"
      },
      "geometry": {
        "type": "Point",
        "coordinates": [
          -81.5695519,
          37.5745491
        ]
      },
      "id": "way/938087114"
    },
    {
      "type": "Feature",
      "properties": {
        "@id": "way/938087454",
        "ele": "597",
        "gnis:feature_id": "1559360",
        "name": "Number 50 Earthfill Impoundment",
        "natural": "water",
        "water": "reservoir",
        "@geometry": "center"
      },
      "geometry": {
        "type": "Point",
        "coordinates": [
          -81.5235558,
          37.5345022
        ]
      },
      "id": "way/938087454"
    },
    {
      "type": "Feature",
      "properties": {
        "@id": "way/938088233",
        "ele": "516",
        "gnis:feature_id": "1559350",
        "name": "Joes Branch Refuse Impoundment",
        "natural": "water",
        "water": "reservoir",
        "wikidata": "Q34892749",
        "@geometry": "center"
      },
      "geometry": {
        "type": "Point",
        "coordinates": [
          -81.45402,
          37.5637447
        ]
      },
      "id": "way/938088233"
    },
    {
      "type": "Feature",
      "properties": {
        "@id": "way/938169759",
        "ele": "259",
        "gnis:feature_id": "1535042",
        "name": "Asbury Lake",
        "natural": "water",
        "water": "reservoir",
        "@geometry": "center"
      },
      "geometry": {
        "type": "Point",
        "coordinates": [
          -82.4007439,
          37.9505002
        ]
      },
      "id": "way/938169759"
    },
    {
      "type": "Feature",
      "properties": {
        "@id": "way/938169976",
        "ele": "247",
        "gnis:feature_id": "1537695",
        "name": "Cotigo Lake",
        "natural": "water",
        "water": "reservoir",
        "@geometry": "center"
      },
      "geometry": {
        "type": "Point",
        "coordinates": [
          -82.2573066,
          37.8332938
        ]
      },
      "id": "way/938169976"
    },
    {
      "type": "Feature",
      "properties": {
        "@id": "way/938170587",
        "ele": "274",
        "gnis:feature_id": "1559281",
        "name": "Lower Big Branch Refuse Impoundment",
        "natural": "water",
        "water": "reservoir",
        "@geometry": "center"
      },
      "geometry": {
        "type": "Point",
        "coordinates": [
          -81.5547813,
          37.9255855
        ]
      },
      "id": "way/938170587"
    },
    {
      "type": "Feature",
      "properties": {
        "@id": "way/938172261",
        "ele": "628",
        "gnis:feature_id": "1558983",
        "name": "Keystone Refuse Impoundment",
        "natural": "water",
        "water": "reservoir",
        "@geometry": "center"
      },
      "geometry": {
        "type": "Point",
        "coordinates": [
          -81.4531581,
          37.4234096
        ]
      },
      "id": "way/938172261"
    },
    {
      "type": "Feature",
      "properties": {
        "@id": "way/938172357",
        "ele": "490",
        "gnis:feature_id": "1558978",
        "name": "Pageton Refuse Impoundment",
        "natural": "water",
        "water": "reservoir",
        "@geometry": "center"
      },
      "geometry": {
        "type": "Point",
        "coordinates": [
          -81.4674425,
          37.3502973
        ]
      },
      "id": "way/938172357"
    },
    {
      "type": "Feature",
      "properties": {
        "@id": "way/938371494",
        "ele": "85",
        "gnis:feature_id": "1472915",
        "name": "R-6 Pond",
        "natural": "water",
        "water": "reservoir",
        "@geometry": "center"
      },
      "geometry": {
        "type": "Point",
        "coordinates": [
          -77.5275161,
          38.5132457
        ]
      },
      "id": "way/938371494"
    },
    {
      "type": "Feature",
      "properties": {
        "@id": "way/938467698",
        "ele": "179",
        "gnis:feature_id": "1489534",
        "name": "Miller Lake",
        "natural": "water",
        "water": "reservoir",
        "@geometry": "center"
      },
      "geometry": {
        "type": "Point",
        "coordinates": [
          -77.8796205,
          38.7152508
        ]
      },
      "id": "way/938467698"
    },
    {
      "type": "Feature",
      "properties": {
        "@id": "way/938647377",
        "ele": "219",
        "gnis:feature_id": "1490433",
        "name": "Lake Monocan",
        "natural": "water",
        "water": "reservoir",
        "@geometry": "center"
      },
      "geometry": {
        "type": "Point",
        "coordinates": [
          -78.8712939,
          37.904045
        ]
      },
      "id": "way/938647377"
    },
    {
      "type": "Feature",
      "properties": {
        "@id": "way/938768067",
        "ele": "79",
        "gnis:feature_id": "1489890",
        "name": "Bonneys Pond",
        "natural": "water",
        "water": "reservoir",
        "@geometry": "center"
      },
      "geometry": {
        "type": "Point",
        "coordinates": [
          -78.0553991,
          37.7849622
        ]
      },
      "id": "way/938768067"
    },
    {
      "type": "Feature",
      "properties": {
        "@id": "way/938793689",
        "ele": "29",
        "gnis:feature_id": "1470711",
        "name": "Moore Lake",
        "natural": "water",
        "water": "reservoir",
        "@geometry": "center"
      },
      "geometry": {
        "type": "Point",
        "coordinates": [
          -77.4073867,
          37.3611323
        ]
      },
      "id": "way/938793689"
    },
    {
      "type": "Feature",
      "properties": {
        "@id": "way/938797636",
        "ele": "0",
        "gnis:feature_id": "1502153",
        "name": "Warburton Pond",
        "natural": "water",
        "water": "reservoir",
        "@geometry": "center"
      },
      "geometry": {
        "type": "Point",
        "coordinates": [
          -76.8196396,
          37.2851303
        ]
      },
      "id": "way/938797636"
    },
    {
      "type": "Feature",
      "properties": {
        "@id": "way/939297424",
        "ele": "97",
        "gnis:feature_id": "1489788",
        "name": "Obrien Pond",
        "natural": "water",
        "water": "reservoir",
        "@geometry": "center"
      },
      "geometry": {
        "type": "Point",
        "coordinates": [
          -78.2774125,
          37.7139717
        ]
      },
      "id": "way/939297424"
    },
    {
      "type": "Feature",
      "properties": {
        "@id": "way/939761179",
        "ele": "394",
        "gnis:feature_id": "1489105",
        "name": "Pond Lick Branch Reservoir",
        "natural": "water",
        "water": "reservoir",
        "@geometry": "center"
      },
      "geometry": {
        "type": "Point",
        "coordinates": [
          -80.0282208,
          37.7335319
        ]
      },
      "id": "way/939761179"
    },
    {
      "type": "Feature",
      "properties": {
        "@id": "way/939769884",
        "ele": "120",
        "gnis:feature_id": "1476830",
        "name": "Lake Wilson",
        "natural": "water",
        "water": "reservoir",
        "@geometry": "center"
      },
      "geometry": {
        "type": "Point",
        "coordinates": [
          -78.0045109,
          38.7163433
        ]
      },
      "id": "way/939769884"
    },
    {
      "type": "Feature",
      "properties": {
        "@id": "way/939774050",
        "ele": "140",
        "gnis:feature_id": "1472135",
        "name": "Paynes Millpond",
        "natural": "water",
        "water": "reservoir",
        "@geometry": "center"
      },
      "geometry": {
        "type": "Point",
        "coordinates": [
          -78.515361,
          37.7354476
        ]
      },
      "id": "way/939774050"
    },
    {
      "type": "Feature",
      "properties": {
        "@id": "way/939777653",
        "ele": "10",
        "gnis:feature_id": "1463751",
        "name": "Branch and Joyner Millpond",
        "natural": "water",
        "water": "reservoir",
        "wikidata": "Q49700102",
        "@geometry": "center"
      },
      "geometry": {
        "type": "Point",
        "coordinates": [
          -76.6839869,
          36.8292019
        ]
      },
      "id": "way/939777653"
    },
    {
      "type": "Feature",
      "properties": {
        "@id": "way/939782025",
        "ele": "757",
        "gnis:feature_id": "1489807",
        "name": "Burdettes Pond",
        "natural": "water",
        "water": "reservoir",
        "@geometry": "center"
      },
      "geometry": {
        "type": "Point",
        "coordinates": [
          -80.1754871,
          36.9434826
        ]
      },
      "id": "way/939782025"
    },
    {
      "type": "Feature",
      "properties": {
        "@id": "way/939784705",
        "ele": "121",
        "gnis:feature_id": "1490753",
        "name": "Aldred Pond",
        "natural": "water",
        "water": "reservoir",
        "@geometry": "center"
      },
      "geometry": {
        "type": "Point",
        "coordinates": [
          -77.6517842,
          38.8807696
        ]
      },
      "id": "way/939784705"
    },
    {
      "type": "Feature",
      "properties": {
        "@id": "way/939793220",
        "ele": "10",
        "gnis:feature_id": "1473622",
        "name": "Ruffins Pond",
        "natural": "water",
        "water": "reservoir",
        "@geometry": "center"
      },
      "geometry": {
        "type": "Point",
        "coordinates": [
          -77.3718837,
          37.3204027
        ]
      },
      "id": "way/939793220"
    },
    {
      "type": "Feature",
      "properties": {
        "@id": "way/939795683",
        "ele": "32",
        "gnis:feature_id": "1490920",
        "name": "Eastover Pond",
        "natural": "water",
        "water": "reservoir",
        "@geometry": "center"
      },
      "geometry": {
        "type": "Point",
        "coordinates": [
          -76.9042584,
          37.1837974
        ]
      },
      "id": "way/939795683"
    },
    {
      "type": "Feature",
      "properties": {
        "@id": "way/940361516",
        "ele": "904",
        "gnis:feature_id": "1487801",
        "name": "Tazewell Reservoir",
        "natural": "water",
        "water": "reservoir",
        "@geometry": "center"
      },
      "geometry": {
        "type": "Point",
        "coordinates": [
          -81.4139683,
          37.1520682
        ]
      },
      "id": "way/940361516"
    },
    {
      "type": "Feature",
      "properties": {
        "@id": "way/940362378",
        "ele": "140",
        "gnis:feature_id": "1463746",
        "name": "Bradshaw Pond",
        "natural": "water",
        "water": "reservoir",
        "@geometry": "center"
      },
      "geometry": {
        "type": "Point",
        "coordinates": [
          -78.5983988,
          37.6072205
        ]
      },
      "id": "way/940362378"
    },
    {
      "type": "Feature",
      "properties": {
        "@id": "way/940363766",
        "ele": "24",
        "gnis:feature_id": "1760439",
        "name": "Valley Mill Pond",
        "natural": "water",
        "water": "reservoir",
        "@geometry": "center"
      },
      "geometry": {
        "type": "Point",
        "coordinates": [
          -77.2837751,
          37.4445303
        ]
      },
      "id": "way/940363766"
    },
    {
      "type": "Feature",
      "properties": {
        "@id": "way/940370124",
        "ele": "19",
        "gnis:feature_id": "584265",
        "name": "Elbow Lake",
        "natural": "water",
        "water": "reservoir",
        "@geometry": "center"
      },
      "geometry": {
        "type": "Point",
        "coordinates": [
          -76.5911399,
          38.87181
        ]
      },
      "id": "way/940370124"
    },
    {
      "type": "Feature",
      "properties": {
        "@id": "way/940386454",
        "ele": "775",
        "gnis:feature_id": "1559072",
        "name": "Bluewell Dam Number One",
        "natural": "water",
        "water": "reservoir",
        "@geometry": "center"
      },
      "geometry": {
        "type": "Point",
        "coordinates": [
          -81.2506845,
          37.3046245
        ]
      },
      "id": "way/940386454"
    },
    {
      "type": "Feature",
      "properties": {
        "@id": "way/940386456",
        "ele": "806",
        "gnis:feature_id": "1559074",
        "name": "Bluewell Dam Number Two",
        "natural": "water",
        "water": "reservoir",
        "@geometry": "center"
      },
      "geometry": {
        "type": "Point",
        "coordinates": [
          -81.2468798,
          37.3100028
        ]
      },
      "id": "way/940386456"
    },
    {
      "type": "Feature",
      "properties": {
        "@id": "way/940388451",
        "ele": "38",
        "gnis:feature_id": "585107",
        "name": "Hundley Pond",
        "natural": "water",
        "water": "reservoir",
        "@geometry": "center"
      },
      "geometry": {
        "type": "Point",
        "coordinates": [
          -76.6259979,
          38.9096625
        ]
      },
      "id": "way/940388451"
    },
    {
      "type": "Feature",
      "properties": {
        "@id": "way/940634989",
        "ele": "197",
        "gnis:feature_id": "1502125",
        "name": "Silver Spring Lake",
        "natural": "water",
        "water": "reservoir",
        "@geometry": "center"
      },
      "geometry": {
        "type": "Point",
        "coordinates": [
          -79.089799,
          37.3736945
        ]
      },
      "id": "way/940634989"
    },
    {
      "type": "Feature",
      "properties": {
        "@id": "way/940636455",
        "ele": "53",
        "gnis:feature_id": "1489497",
        "name": "Pells Pond",
        "natural": "water",
        "water": "reservoir",
        "@geometry": "center"
      },
      "geometry": {
        "type": "Point",
        "coordinates": [
          -77.4918663,
          37.288054
        ]
      },
      "id": "way/940636455"
    },
    {
      "type": "Feature",
      "properties": {
        "@id": "way/940649038",
        "ele": "365",
        "gnis:feature_id": "1557420",
        "name": "Horsehead Lake",
        "natural": "water",
        "water": "reservoir",
        "@geometry": "center"
      },
      "geometry": {
        "type": "Point",
        "coordinates": [
          -81.2476257,
          38.3541187
        ]
      },
      "id": "way/940649038"
    },
    {
      "type": "Feature",
      "properties": {
        "@id": "way/940653787",
        "ele": "151",
        "gnis:feature_id": "1489567",
        "name": "T Edward Stimpson Pond",
        "natural": "water",
        "water": "reservoir",
        "@geometry": "center"
      },
      "geometry": {
        "type": "Point",
        "coordinates": [
          -78.3415545,
          37.3907283
        ]
      },
      "id": "way/940653787"
    },
    {
      "type": "Feature",
      "properties": {
        "@id": "way/940658300",
        "ele": "93",
        "gnis:feature_id": "1489878",
        "name": "Lake Killerney",
        "natural": "water",
        "water": "reservoir",
        "@geometry": "center"
      },
      "geometry": {
        "type": "Point",
        "coordinates": [
          -77.9763584,
          37.8336187
        ]
      },
      "id": "way/940658300"
    },
    {
      "type": "Feature",
      "properties": {
        "@id": "way/940662642",
        "ele": "3",
        "gnis:feature_id": "1475412",
        "name": "Sydnors Millpond",
        "natural": "water",
        "water": "reservoir",
        "@geometry": "center"
      },
      "geometry": {
        "type": "Point",
        "coordinates": [
          -76.3863301,
          37.9086465
        ]
      },
      "id": "way/940662642"
    },
    {
      "type": "Feature",
      "properties": {
        "@id": "way/940663595",
        "ele": "585",
        "gnis:feature_id": "1489510",
        "name": "McDaniels Lake",
        "natural": "water",
        "water": "reservoir",
        "@geometry": "center"
      },
      "geometry": {
        "type": "Point",
        "coordinates": [
          -80.4323352,
          37.4011841
        ]
      },
      "id": "way/940663595"
    },
    {
      "type": "Feature",
      "properties": {
        "@id": "way/940680435",
        "ele": "202",
        "gnis:feature_id": "1489147",
        "name": "Elon Water Works Reservoir",
        "natural": "water",
        "water": "reservoir",
        "@geometry": "center"
      },
      "geometry": {
        "type": "Point",
        "coordinates": [
          -79.1674852,
          37.4947109
        ]
      },
      "id": "way/940680435"
    },
    {
      "type": "Feature",
      "properties": {
        "@id": "way/940691788",
        "ele": "161",
        "gnis:feature_id": "1465807",
        "name": "Dillwyn Lake",
        "natural": "water",
        "water": "reservoir",
        "@geometry": "center"
      },
      "geometry": {
        "type": "Point",
        "coordinates": [
          -78.432578,
          37.5510823
        ]
      },
      "id": "way/940691788"
    },
    {
      "type": "Feature",
      "properties": {
        "@id": "way/940694325",
        "ele": "514",
        "gnis:feature_id": "1489206",
        "name": "Nders Pond",
        "natural": "water",
        "water": "reservoir",
        "@geometry": "center"
      },
      "geometry": {
        "type": "Point",
        "coordinates": [
          -79.2309101,
          38.152123
        ]
      },
      "id": "way/940694325"
    },
    {
      "type": "Feature",
      "properties": {
        "@id": "way/940695194",
        "ele": "109",
        "gnis:feature_id": "1471946",
        "name": "Orchid Lake",
        "natural": "water",
        "water": "reservoir",
        "@geometry": "center"
      },
      "geometry": {
        "type": "Point",
        "coordinates": [
          -77.9119599,
          37.8333263
        ]
      },
      "id": "way/940695194"
    },
    {
      "type": "Feature",
      "properties": {
        "@id": "way/940698126",
        "ele": "33",
        "gnis:feature_id": "1476420",
        "name": "Weavers Millpond",
        "natural": "water",
        "water": "reservoir",
        "@geometry": "center"
      },
      "geometry": {
        "type": "Point",
        "coordinates": [
          -76.7753599,
          38.0995003
        ]
      },
      "id": "way/940698126"
    },
    {
      "type": "Feature",
      "properties": {
        "@id": "way/940699245",
        "ele": "10",
        "gnis:feature_id": "1779424",
        "name": "Lake Norvell",
        "natural": "water",
        "water": "reservoir",
        "@geometry": "center"
      },
      "geometry": {
        "type": "Point",
        "coordinates": [
          -76.6840456,
          37.3848238
        ]
      },
      "id": "way/940699245"
    },
    {
      "type": "Feature",
      "properties": {
        "@id": "way/940918238",
        "ele": "14",
        "gnis:feature_id": "1490922",
        "name": "Gray Pond",
        "natural": "water",
        "water": "reservoir",
        "@geometry": "center"
      },
      "geometry": {
        "type": "Point",
        "coordinates": [
          -77.0107397,
          37.1870652
        ]
      },
      "id": "way/940918238"
    },
    {
      "type": "Feature",
      "properties": {
        "@id": "way/940922725",
        "alt_name": "Hobbs Mill Ponds",
        "alt_name:1": "Hobbs Pond",
        "ele": "84",
        "gnis:feature_id": "1468084",
        "name": "Hobbs Millpond",
        "natural": "water",
        "water": "reservoir",
        "@geometry": "center"
      },
      "geometry": {
        "type": "Point",
        "coordinates": [
          -77.8585973,
          37.1605546
        ]
      },
      "id": "way/940922725"
    },
    {
      "type": "Feature",
      "properties": {
        "@id": "way/940932322",
        "alt_name": "Andersons Lake",
        "ele": "74",
        "gnis:feature_id": "1462466",
        "name": "Anderson Pond",
        "natural": "water",
        "water": "reservoir",
        "@geometry": "center"
      },
      "geometry": {
        "type": "Point",
        "coordinates": [
          -77.9839463,
          37.4268313
        ]
      },
      "id": "way/940932322"
    },
    {
      "type": "Feature",
      "properties": {
        "@id": "way/941392646",
        "ele": "484",
        "gnis:feature_id": "1489195",
        "name": "Walace Lake",
        "natural": "water",
        "water": "reservoir",
        "@geometry": "center"
      },
      "geometry": {
        "type": "Point",
        "coordinates": [
          -79.1425574,
          37.9997463
        ]
      },
      "id": "way/941392646"
    },
    {
      "type": "Feature",
      "properties": {
        "@id": "way/941394383",
        "ele": "168",
        "gnis:feature_id": "1490779",
        "name": "Margolis Pond",
        "natural": "water",
        "water": "reservoir",
        "@geometry": "center"
      },
      "geometry": {
        "type": "Point",
        "coordinates": [
          -78.1517427,
          38.6838128
        ]
      },
      "id": "way/941394383"
    },
    {
      "type": "Feature",
      "properties": {
        "@id": "way/941422561",
        "ele": "182",
        "gnis:feature_id": "1489021",
        "name": "Hallock Pond",
        "natural": "water",
        "water": "reservoir",
        "@geometry": "center"
      },
      "geometry": {
        "type": "Point",
        "coordinates": [
          -78.3646237,
          38.0392367
        ]
      },
      "id": "way/941422561"
    },
    {
      "type": "Feature",
      "properties": {
        "@id": "way/941425326",
        "ele": "47",
        "gnis:feature_id": "1467101",
        "name": "Gills Pond",
        "natural": "water",
        "water": "reservoir",
        "@geometry": "center"
      },
      "geometry": {
        "type": "Point",
        "coordinates": [
          -77.5245877,
          37.2733478
        ]
      },
      "id": "way/941425326"
    },
    {
      "type": "Feature",
      "properties": {
        "@id": "way/941657244",
        "ele": "103",
        "gnis:feature_id": "1489783",
        "name": "McIver Lake",
        "natural": "water",
        "water": "reservoir",
        "@geometry": "center"
      },
      "geometry": {
        "type": "Point",
        "coordinates": [
          -78.2868147,
          37.7272421
        ]
      },
      "id": "way/941657244"
    },
    {
      "type": "Feature",
      "properties": {
        "@id": "way/941658001",
        "ele": "417",
        "gnis:feature_id": "1542968",
        "name": "McCoy Lake",
        "natural": "water",
        "water": "reservoir",
        "@geometry": "center"
      },
      "geometry": {
        "type": "Point",
        "coordinates": [
          -80.1064239,
          39.0830962
        ]
      },
      "id": "way/941658001"
    },
    {
      "type": "Feature",
      "properties": {
        "@id": "way/941661904",
        "ele": "322",
        "gnis:feature_id": "1488483",
        "name": "Old Woodstock Reservoir",
        "natural": "water",
        "water": "reservoir",
        "@geometry": "center"
      },
      "geometry": {
        "type": "Point",
        "coordinates": [
          -78.4857179,
          38.8454436
        ]
      },
      "id": "way/941661904"
    },
    {
      "type": "Feature",
      "properties": {
        "@id": "way/941746225",
        "ele": "78",
        "gnis:feature_id": "1489884",
        "name": "Pruitts Pond",
        "natural": "water",
        "water": "reservoir",
        "@geometry": "center"
      },
      "geometry": {
        "type": "Point",
        "coordinates": [
          -77.9759624,
          37.7878949
        ]
      },
      "id": "way/941746225"
    },
    {
      "type": "Feature",
      "properties": {
        "@id": "way/941747429",
        "ele": "709",
        "gnis:feature_id": "1497633",
        "name": "Falls Mills Lake",
        "natural": "water",
        "water": "reservoir",
        "wikidata": "Q49700680",
        "@geometry": "center"
      },
      "geometry": {
        "type": "Point",
        "coordinates": [
          -81.3283584,
          37.2676759
        ]
      },
      "id": "way/941747429"
    },
    {
      "type": "Feature",
      "properties": {
        "@id": "way/941750216",
        "ele": "21",
        "gnis:feature_id": "1490703",
        "name": "Whelans Pond",
        "natural": "water",
        "water": "reservoir",
        "@geometry": "center"
      },
      "geometry": {
        "type": "Point",
        "coordinates": [
          -77.0642214,
          37.2041383
        ]
      },
      "id": "way/941750216"
    },
    {
      "type": "Feature",
      "properties": {
        "@id": "way/942145947",
        "alt_name": "Beardon Pond",
        "alt_name:1": "Bears Den Lake",
        "ele": "88",
        "gnis:feature_id": "1462906",
        "name": "Bearden Pond",
        "natural": "water",
        "water": "reservoir",
        "@geometry": "center"
      },
      "geometry": {
        "type": "Point",
        "coordinates": [
          -77.8210288,
          37.9673533
        ]
      },
      "id": "way/942145947"
    },
    {
      "type": "Feature",
      "properties": {
        "@id": "way/942152960",
        "ele": "55",
        "gnis:feature_id": "1677049",
        "name": "Hughesville Pond",
        "natural": "water",
        "water": "reservoir",
        "@geometry": "center"
      },
      "geometry": {
        "type": "Point",
        "coordinates": [
          -76.80302,
          38.5483191
        ]
      },
      "id": "way/942152960"
    },
    {
      "type": "Feature",
      "properties": {
        "@id": "way/942155586",
        "ele": "340",
        "gnis:feature_id": "1482629",
        "name": "Cold Spring Pond",
        "natural": "water",
        "water": "reservoir",
        "@geometry": "center"
      },
      "geometry": {
        "type": "Point",
        "coordinates": [
          -78.7696163,
          38.6754059
        ]
      },
      "id": "way/942155586"
    },
    {
      "type": "Feature",
      "properties": {
        "@id": "way/942157682",
        "ele": "339",
        "gnis:feature_id": "1558953",
        "name": "Jacksons Mill Lake",
        "natural": "water",
        "water": "reservoir",
        "@geometry": "center"
      },
      "geometry": {
        "type": "Point",
        "coordinates": [
          -80.4594469,
          39.0915402
        ]
      },
      "id": "way/942157682"
    },
    {
      "type": "Feature",
      "properties": {
        "@id": "way/942161836",
        "ele": "107",
        "gnis:feature_id": "1489546",
        "name": "Garrett Lake",
        "natural": "water",
        "water": "reservoir",
        "@geometry": "center"
      },
      "geometry": {
        "type": "Point",
        "coordinates": [
          -78.2232892,
          37.4845018
        ]
      },
      "id": "way/942161836"
    },
    {
      "type": "Feature",
      "properties": {
        "@id": "way/942162438",
        "ele": "327",
        "gnis:feature_id": "1485133",
        "name": "Luray Reservoir",
        "natural": "water",
        "water": "reservoir",
        "@geometry": "center"
      },
      "geometry": {
        "type": "Point",
        "coordinates": [
          -78.4047796,
          38.6443415
        ]
      },
      "id": "way/942162438"
    },
    {
      "type": "Feature",
      "properties": {
        "@id": "way/942190687",
        "ele": "387",
        "gnis:feature_id": "1489209",
        "name": "Smith Lake",
        "natural": "water",
        "water": "reservoir",
        "@geometry": "center"
      },
      "geometry": {
        "type": "Point",
        "coordinates": [
          -78.946372,
          38.1144693
        ]
      },
      "id": "way/942190687"
    },
    {
      "type": "Feature",
      "properties": {
        "@id": "way/942197576",
        "ele": "220",
        "gnis:feature_id": "1472131",
        "name": "Payne Pond",
        "natural": "water",
        "water": "reservoir",
        "@geometry": "center"
      },
      "geometry": {
        "type": "Point",
        "coordinates": [
          -78.8685094,
          37.7414433
        ]
      },
      "id": "way/942197576"
    },
    {
      "type": "Feature",
      "properties": {
        "@id": "way/942417770",
        "ele": "394",
        "gnis:feature_id": "1557422",
        "name": "Henderson Lake",
        "natural": "water",
        "water": "reservoir",
        "@geometry": "center"
      },
      "geometry": {
        "type": "Point",
        "coordinates": [
          -81.1542362,
          38.3680623
        ]
      },
      "id": "way/942417770"
    },
    {
      "type": "Feature",
      "properties": {
        "@id": "way/942420955",
        "alt_name": "Pettit Lake",
        "ele": "84",
        "gnis:feature_id": "1474490",
        "name": "Sherman Lake",
        "natural": "water",
        "water": "reservoir",
        "@geometry": "center"
      },
      "geometry": {
        "type": "Point",
        "coordinates": [
          -77.8308056,
          37.9749336
        ]
      },
      "id": "way/942420955"
    },
    {
      "type": "Feature",
      "properties": {
        "@id": "way/942482240",
        "name": "South River Number 26 Dam",
        "natural": "water",
        "water": "reservoir",
        "@geometry": "center"
      },
      "geometry": {
        "type": "Point",
        "coordinates": [
          -78.9221217,
          38.0145318
        ]
      },
      "id": "way/942482240"
    },
    {
      "type": "Feature",
      "properties": {
        "@id": "way/942482242",
        "name": "South River Number 23 Dam",
        "natural": "water",
        "water": "reservoir",
        "@geometry": "center"
      },
      "geometry": {
        "type": "Point",
        "coordinates": [
          -78.9189684,
          38.0037824
        ]
      },
      "id": "way/942482242"
    },
    {
      "type": "Feature",
      "properties": {
        "@id": "way/942482244",
        "ele": "448",
        "gnis:feature_id": "1489190",
        "name": "Happy Hollow Lake",
        "natural": "water",
        "water": "reservoir",
        "@geometry": "center"
      },
      "geometry": {
        "type": "Point",
        "coordinates": [
          -78.9374877,
          37.9971106
        ]
      },
      "id": "way/942482244"
    },
    {
      "type": "Feature",
      "properties": {
        "@id": "way/942482975",
        "ele": "237",
        "gnis:feature_id": "1489919",
        "name": "Pruess Farm Pond",
        "natural": "water",
        "water": "reservoir",
        "@geometry": "center"
      },
      "geometry": {
        "type": "Point",
        "coordinates": [
          -78.4342955,
          38.3446475
        ]
      },
      "id": "way/942482975"
    },
    {
      "type": "Feature",
      "properties": {
        "@id": "way/942484548",
        "ele": "140",
        "gnis:feature_id": "1476296",
        "name": "Walton Lake",
        "natural": "water",
        "water": "reservoir",
        "@geometry": "center"
      },
      "geometry": {
        "type": "Point",
        "coordinates": [
          -78.6207991,
          37.6230499
        ]
      },
      "id": "way/942484548"
    },
    {
      "type": "Feature",
      "properties": {
        "@id": "way/942491665",
        "ele": "32",
        "gnis:feature_id": "594529",
        "name": "Ledford Farm Pond",
        "natural": "water",
        "water": "reservoir",
        "@geometry": "center"
      },
      "geometry": {
        "type": "Point",
        "coordinates": [
          -76.7164832,
          38.3281623
        ]
      },
      "id": "way/942491665"
    },
    {
      "type": "Feature",
      "properties": {
        "@id": "way/942494060",
        "ele": "11",
        "gnis:feature_id": "1491018",
        "name": "Lake Independence",
        "natural": "water",
        "water": "reservoir",
        "@geometry": "center"
      },
      "geometry": {
        "type": "Point",
        "coordinates": [
          -76.7925223,
          38.1621308
        ]
      },
      "id": "way/942494060"
    },
    {
      "type": "Feature",
      "properties": {
        "@id": "way/942495983",
        "ele": "4",
        "gnis:feature_id": "1501992",
        "name": "Courtney Millpond",
        "natural": "water",
        "water": "reservoir",
        "@geometry": "center"
      },
      "geometry": {
        "type": "Point",
        "coordinates": [
          -76.574905,
          37.9965179
        ]
      },
      "id": "way/942495983"
    },
    {
      "type": "Feature",
      "properties": {
        "@id": "way/942499994",
        "ele": "1",
        "gnis:feature_id": "1465929",
        "name": "Downings Millpond",
        "natural": "water",
        "water": "reservoir",
        "@geometry": "center"
      },
      "geometry": {
        "type": "Point",
        "coordinates": [
          -76.4160651,
          37.9349056
        ]
      },
      "id": "way/942499994"
    },
    {
      "type": "Feature",
      "properties": {
        "@id": "way/942520514",
        "ele": "22",
        "gnis:feature_id": "588481",
        "name": "Period Pond",
        "natural": "water",
        "water": "reservoir",
        "@geometry": "center"
      },
      "geometry": {
        "type": "Point",
        "coordinates": [
          -76.5845715,
          38.8640424
        ]
      },
      "id": "way/942520514"
    },
    {
      "type": "Feature",
      "properties": {
        "@id": "way/942520988",
        "ele": "41",
        "gnis:feature_id": "1710090",
        "name": "Moreland Pond",
        "natural": "water",
        "water": "reservoir",
        "@geometry": "center"
      },
      "geometry": {
        "type": "Point",
        "coordinates": [
          -76.6408631,
          38.8201917
        ]
      },
      "id": "way/942520988"
    },
    {
      "type": "Feature",
      "properties": {
        "@id": "way/942532849",
        "ele": "170",
        "gnis:feature_id": "1489752",
        "name": "Echo Lake",
        "natural": "water",
        "water": "reservoir",
        "@geometry": "center"
      },
      "geometry": {
        "type": "Point",
        "coordinates": [
          -77.7247282,
          38.7881956
        ]
      },
      "id": "way/942532849"
    },
    {
      "type": "Feature",
      "properties": {
        "@id": "way/942534021",
        "ele": "105",
        "gnis:feature_id": "1489728",
        "name": "Silbersiepe Pond",
        "natural": "water",
        "water": "reservoir",
        "@geometry": "center"
      },
      "geometry": {
        "type": "Point",
        "coordinates": [
          -77.7126462,
          38.7110029
        ]
      },
      "id": "way/942534021"
    },
    {
      "type": "Feature",
      "properties": {
        "@id": "way/942762932",
        "ele": "635",
        "gnis:feature_id": "1558987",
        "name": "Bishop Prep Plant Slurry Impoundment",
        "natural": "water",
        "water": "reservoir",
        "@geometry": "center"
      },
      "geometry": {
        "type": "Point",
        "coordinates": [
          -81.578663,
          37.1951959
        ]
      },
      "id": "way/942762932"
    },
    {
      "type": "Feature",
      "properties": {
        "@id": "way/942776140",
        "ele": "78",
        "gnis:feature_id": "1489121",
        "name": "Bardens Pond",
        "natural": "water",
        "water": "reservoir",
        "@geometry": "center"
      },
      "geometry": {
        "type": "Point",
        "coordinates": [
          -78.0380768,
          37.4197734
        ]
      },
      "id": "way/942776140"
    },
    {
      "type": "Feature",
      "properties": {
        "@id": "way/942801019",
        "ele": "64",
        "gnis:feature_id": "1463963",
        "name": "Bryant Pond",
        "natural": "water",
        "water": "reservoir",
        "@geometry": "center"
      },
      "geometry": {
        "type": "Point",
        "coordinates": [
          -77.5743495,
          37.5782481
        ]
      },
      "id": "way/942801019"
    },
    {
      "type": "Feature",
      "properties": {
        "@id": "way/942807033",
        "ele": "275",
        "gnis:feature_id": "1490995",
        "name": "Sullivan Lake",
        "natural": "water",
        "water": "reservoir",
        "@geometry": "center"
      },
      "geometry": {
        "type": "Point",
        "coordinates": [
          -78.226256,
          38.8757995
        ]
      },
      "id": "way/942807033"
    },
    {
      "type": "Feature",
      "properties": {
        "@id": "way/942812466",
        "ele": "151",
        "gnis:feature_id": "1489292",
        "name": "East Ridge Pond",
        "natural": "water",
        "water": "reservoir",
        "@geometry": "center"
      },
      "geometry": {
        "type": "Point",
        "coordinates": [
          -78.4384266,
          37.4691025
        ]
      },
      "id": "way/942812466"
    },
    {
      "type": "Feature",
      "properties": {
        "@id": "way/942816374",
        "ele": "394",
        "gnis:feature_id": "1484345",
        "name": "Baker Springs Basin",
        "natural": "water",
        "water": "reservoir",
        "@geometry": "center"
      },
      "geometry": {
        "type": "Point",
        "coordinates": [
          -78.8924357,
          38.0588355
        ]
      },
      "id": "way/942816374"
    },
    {
      "type": "Feature",
      "properties": {
        "@id": "way/942817423",
        "ele": "89",
        "gnis:feature_id": "1489505",
        "name": "Kcratchs Pond",
        "natural": "water",
        "water": "reservoir",
        "@geometry": "center"
      },
      "geometry": {
        "type": "Point",
        "coordinates": [
          -77.6507785,
          37.330839
        ]
      },
      "id": "way/942817423"
    },
    {
      "type": "Feature",
      "properties": {
        "@id": "way/942818603",
        "ele": "54",
        "gnis:feature_id": "1474195",
        "name": "Shadow Pond",
        "natural": "water",
        "water": "reservoir",
        "@geometry": "center"
      },
      "geometry": {
        "type": "Point",
        "coordinates": [
          -77.5644214,
          37.5724515
        ]
      },
      "id": "way/942818603"
    },
    {
      "type": "Feature",
      "properties": {
        "@id": "way/942825855",
        "ele": "52",
        "gnis:feature_id": "1501996",
        "name": "Crostick Millpond",
        "natural": "water",
        "water": "reservoir",
        "@geometry": "center"
      },
      "geometry": {
        "type": "Point",
        "coordinates": [
          -77.5545207,
          37.3237367
        ]
      },
      "id": "way/942825855"
    },
    {
      "type": "Feature",
      "properties": {
        "@id": "way/942826513",
        "ele": "64",
        "gnis:feature_id": "1489609",
        "name": "Eades Pond",
        "natural": "water",
        "water": "reservoir",
        "@geometry": "center"
      },
      "geometry": {
        "type": "Point",
        "coordinates": [
          -77.700113,
          37.2030403
        ]
      },
      "id": "way/942826513"
    },
    {
      "type": "Feature",
      "properties": {
        "@id": "way/942832954",
        "ele": "11",
        "gnis:feature_id": "1490707",
        "name": "Manns Pond",
        "natural": "water",
        "water": "reservoir",
        "@geometry": "center"
      },
      "geometry": {
        "type": "Point",
        "coordinates": [
          -77.1114324,
          37.190695
        ]
      },
      "id": "way/942832954"
    },
    {
      "type": "Feature",
      "properties": {
        "@id": "way/942835720",
        "ele": "9",
        "gnis:feature_id": "1471275",
        "name": "Murphys Millpond",
        "natural": "water",
        "water": "reservoir",
        "@geometry": "center"
      },
      "geometry": {
        "type": "Point",
        "coordinates": [
          -76.6655863,
          36.8537298
        ]
      },
      "id": "way/942835720"
    },
    {
      "type": "Feature",
      "properties": {
        "@id": "way/943063188",
        "ele": "51",
        "gnis:feature_id": "1489464",
        "name": "Licking Creek Fishing Club Lake",
        "natural": "water",
        "water": "reservoir",
        "@geometry": "center"
      },
      "geometry": {
        "type": "Point",
        "coordinates": [
          -77.5399952,
          37.4309022
        ]
      },
      "id": "way/943063188"
    },
    {
      "type": "Feature",
      "properties": {
        "@id": "way/943065216",
        "ele": "535",
        "gnis:feature_id": "1490804",
        "name": "Willow Lake",
        "natural": "water",
        "water": "reservoir",
        "@geometry": "center"
      },
      "geometry": {
        "type": "Point",
        "coordinates": [
          -79.2351714,
          37.9179398
        ]
      },
      "id": "way/943065216"
    },
    {
      "type": "Feature",
      "properties": {
        "@id": "way/943068974",
        "ele": "154",
        "gnis:feature_id": "1490435",
        "name": "Ramsay Knox Pond",
        "natural": "water",
        "water": "reservoir",
        "@geometry": "center"
      },
      "geometry": {
        "type": "Point",
        "coordinates": [
          -78.708574,
          37.7315708
        ]
      },
      "id": "way/943068974"
    },
    {
      "type": "Feature",
      "properties": {
        "@id": "way/943145934",
        "ele": "146",
        "gnis:feature_id": "1489064",
        "name": "Aldrich Pond",
        "natural": "water",
        "water": "reservoir",
        "@geometry": "center"
      },
      "geometry": {
        "type": "Point",
        "coordinates": [
          -78.373157,
          38.1685076
        ]
      },
      "id": "way/943145934"
    },
    {
      "type": "Feature",
      "properties": {
        "@id": "way/943147938",
        "ele": "108",
        "gnis:feature_id": "1489542",
        "name": "Fleming Lake",
        "natural": "water",
        "water": "reservoir",
        "wikidata": "Q49700737",
        "@geometry": "center"
      },
      "geometry": {
        "type": "Point",
        "coordinates": [
          -78.1831981,
          37.5156562
        ]
      },
      "id": "way/943147938"
    },
    {
      "type": "Feature",
      "properties": {
        "@id": "way/943149507",
        "ele": "136",
        "gnis:feature_id": "1489748",
        "name": "Brick House Lake",
        "natural": "water",
        "water": "reservoir",
        "@geometry": "center"
      },
      "geometry": {
        "type": "Point",
        "coordinates": [
          -77.8643101,
          38.9550813
        ]
      },
      "id": "way/943149507"
    },
    {
      "type": "Feature",
      "properties": {
        "@id": "way/943149795",
        "ele": "242",
        "gnis:feature_id": "1501988",
        "name": "Concord Lake",
        "natural": "water",
        "water": "reservoir",
        "@geometry": "center"
      },
      "geometry": {
        "type": "Point",
        "coordinates": [
          -78.9849806,
          37.3470199
        ]
      },
      "id": "way/943149795"
    },
    {
      "type": "Feature",
      "properties": {
        "@id": "way/943150835",
        "ele": "60",
        "gnis:feature_id": "1489880",
        "name": "Licking Hole Farm Pond",
        "natural": "water",
        "water": "reservoir",
        "@geometry": "center"
      },
      "geometry": {
        "type": "Point",
        "coordinates": [
          -77.9926724,
          37.6893719
        ]
      },
      "id": "way/943150835"
    },
    {
      "type": "Feature",
      "properties": {
        "@id": "way/943151192",
        "ele": "162",
        "gnis:feature_id": "1489100",
        "name": "Happy Creek Lake",
        "natural": "water",
        "water": "reservoir",
        "@geometry": "center"
      },
      "geometry": {
        "type": "Point",
        "coordinates": [
          -78.2355412,
          38.1353089
        ]
      },
      "id": "way/943151192"
    },
    {
      "type": "Feature",
      "properties": {
        "@id": "way/943153344",
        "ele": "110",
        "gnis:feature_id": "1489125",
        "name": "Big Pond",
        "natural": "water",
        "water": "reservoir",
        "@geometry": "center"
      },
      "geometry": {
        "type": "Point",
        "coordinates": [
          -77.997581,
          37.2969428
        ]
      },
      "id": "way/943153344"
    },
    {
      "type": "Feature",
      "properties": {
        "@id": "way/943154107",
        "ele": "179",
        "gnis:feature_id": "1489945",
        "name": "Wildwood Valley Lake",
        "natural": "water",
        "water": "reservoir",
        "@geometry": "center"
      },
      "geometry": {
        "type": "Point",
        "coordinates": [
          -78.4325353,
          38.2635961
        ]
      },
      "id": "way/943154107"
    },
    {
      "type": "Feature",
      "properties": {
        "@id": "way/945036162",
        "ele": "517",
        "gnis:feature_id": "1557437",
        "name": "Coal Run",
        "natural": "water",
        "water": "reservoir",
        "@geometry": "center"
      },
      "geometry": {
        "type": "Point",
        "coordinates": [
          -81.0540101,
          37.98478
        ]
      },
      "id": "way/945036162"
    },
    {
      "type": "Feature",
      "properties": {
        "@id": "way/945076161",
        "ele": "525",
        "gnis:feature_id": "1558965",
        "name": "Slagle Impoundment",
        "natural": "water",
        "water": "reservoir",
        "@geometry": "center"
      },
      "geometry": {
        "type": "Point",
        "coordinates": [
          -81.833615,
          37.805374
        ]
      },
      "id": "way/945076161"
    },
    {
      "type": "Feature",
      "properties": {
        "@id": "way/945235003",
        "ele": "327",
        "gnis:feature_id": "1728545",
        "name": "Dry Fork Lake",
        "natural": "water",
        "water": "reservoir",
        "@geometry": "center"
      },
      "geometry": {
        "type": "Point",
        "coordinates": [
          -80.5398078,
          39.0563527
        ]
      },
      "id": "way/945235003"
    },
    {
      "type": "Feature",
      "properties": {
        "@id": "way/945310467",
        "ele": "203",
        "gnis:feature_id": "1558922",
        "name": "Big Horse Lake",
        "natural": "water",
        "water": "reservoir",
        "@geometry": "center"
      },
      "geometry": {
        "type": "Point",
        "coordinates": [
          -81.7567157,
          38.7979592
        ]
      },
      "id": "way/945310467"
    },
    {
      "type": "Feature",
      "properties": {
        "@id": "way/945962714",
        "name": "McClintic Pond Number 16",
        "natural": "water",
        "water": "reservoir",
        "@geometry": "center"
      },
      "geometry": {
        "type": "Point",
        "coordinates": [
          -82.0880949,
          38.9306192
        ]
      },
      "id": "way/945962714"
    },
    {
      "type": "Feature",
      "properties": {
        "@id": "way/945962715",
        "name": "McClintic Pond Number 23",
        "natural": "water",
        "water": "reservoir",
        "@geometry": "center"
      },
      "geometry": {
        "type": "Point",
        "coordinates": [
          -82.094848,
          38.8991054
        ]
      },
      "id": "way/945962715"
    },
    {
      "type": "Feature",
      "properties": {
        "@id": "way/945962716",
        "name": "McClintic Pond Number 11",
        "natural": "water",
        "water": "reservoir",
        "@geometry": "center"
      },
      "geometry": {
        "type": "Point",
        "coordinates": [
          -82.0635647,
          38.9149577
        ]
      },
      "id": "way/945962716"
    },
    {
      "type": "Feature",
      "properties": {
        "@id": "way/945962719",
        "name": "McClintic Pond Number 7B",
        "natural": "water",
        "water": "reservoir",
        "@geometry": "center"
      },
      "geometry": {
        "type": "Point",
        "coordinates": [
          -82.065488,
          38.9106333
        ]
      },
      "id": "way/945962719"
    },
    {
      "type": "Feature",
      "properties": {
        "@id": "way/946000909",
        "ele": "496",
        "gnis:feature_id": "1548003",
        "name": "The Fishpond",
        "natural": "water",
        "water": "reservoir",
        "@geometry": "center"
      },
      "geometry": {
        "type": "Point",
        "coordinates": [
          -80.3108747,
          38.8521507
        ]
      },
      "id": "way/946000909"
    },
    {
      "type": "Feature",
      "properties": {
        "@id": "way/946006290",
        "ele": "340",
        "gnis:feature_id": "1559303",
        "name": "Silcott Lake",
        "natural": "water",
        "water": "reservoir",
        "@geometry": "center"
      },
      "geometry": {
        "type": "Point",
        "coordinates": [
          -81.3977312,
          38.6754403
        ]
      },
      "id": "way/946006290"
    },
    {
      "type": "Feature",
      "properties": {
        "@id": "way/947203906",
        "ele": "22",
        "gnis:feature_id": "594516",
        "name": "McAllister Pond Number One",
        "natural": "water",
        "water": "reservoir",
        "@geometry": "center"
      },
      "geometry": {
        "type": "Point",
        "coordinates": [
          -76.9229276,
          38.5407713
        ]
      },
      "id": "way/947203906"
    },
    {
      "type": "Feature",
      "properties": {
        "@id": "way/947209509",
        "ele": "0",
        "fixme": "Don't know if this is the correct Pleasant Lake. Can't see any other candidates.",
        "gnis:feature_id": "1709783",
        "name": "Pleasant Lake",
        "natural": "water",
        "water": "reservoir",
        "@geometry": "center"
      },
      "geometry": {
        "type": "Point",
        "coordinates": [
          -76.4389527,
          38.9995667
        ]
      },
      "id": "way/947209509"
    },
    {
      "type": "Feature",
      "properties": {
        "@id": "way/948004049",
        "ele": "70",
        "gnis:feature_id": "1490306",
        "name": "Sheltons Millpond",
        "natural": "water",
        "water": "reservoir",
        "@geometry": "center"
      },
      "geometry": {
        "type": "Point",
        "coordinates": [
          -77.8321684,
          37.7927574
        ]
      },
      "id": "way/948004049"
    },
    {
      "type": "Feature",
      "properties": {
        "@id": "way/948226662",
        "ele": "243",
        "gnis:feature_id": "1490847",
        "name": "Edinburg Reservoir",
        "natural": "water",
        "water": "reservoir",
        "@geometry": "center"
      },
      "geometry": {
        "type": "Point",
        "coordinates": [
          -78.5479633,
          38.8266985
        ]
      },
      "id": "way/948226662"
    },
    {
      "type": "Feature",
      "properties": {
        "@id": "way/948229652",
        "ele": "212",
        "gnis:feature_id": "1490845",
        "name": "Chapman Reservoir",
        "natural": "water",
        "water": "reservoir",
        "@geometry": "center"
      },
      "geometry": {
        "type": "Point",
        "coordinates": [
          -78.4950926,
          38.8443118
        ]
      },
      "id": "way/948229652"
    },
    {
      "type": "Feature",
      "properties": {
        "@id": "way/978586971",
        "fishing": "no",
        "name": "The Ol' Swimming Hole",
        "natural": "water",
        "water": "reservoir",
        "@geometry": "center"
      },
      "geometry": {
        "type": "Point",
        "coordinates": [
          -79.4876606,
          37.6142895
        ]
      },
      "id": "way/978586971"
    },
    {
      "type": "Feature",
      "properties": {
        "@id": "way/978586978",
        "fishing": "yes",
        "name": "Fishing Lake",
        "natural": "water",
        "water": "reservoir",
        "@geometry": "center"
      },
      "geometry": {
        "type": "Point",
        "coordinates": [
          -79.4883202,
          37.6134077
        ]
      },
      "id": "way/978586978"
    },
    {
      "type": "Feature",
      "properties": {
        "@id": "way/993083566",
        "boat": "no",
        "canoe": "yes",
        "motorboat": "no",
        "name": "Lake",
        "natural": "water",
        "ship": "no",
        "water": "lake",
        "@geometry": "center"
      },
      "geometry": {
        "type": "Point",
        "coordinates": [
          -78.4270044,
          38.128474
        ]
      },
      "id": "way/993083566"
    },
    {
      "type": "Feature",
      "properties": {
        "@id": "way/1000072934",
        "NHD:ComID": "8466173",
        "NHD:FCode": "39004",
        "NHD:FDate": "1999/08/13",
        "NHD:FTYPE": "LakePond",
        "NHD:GNIS_Name": "Lake of the Woods Number Two",
        "NHD:RESOLUTION": "Medium",
        "NHD:ReachCode": "02080103001394",
        "gnis:feature_id": "1490531",
        "name": "Lake Of The Woods Number Two",
        "natural": "water",
        "source": "NHD",
        "water": "reservoir",
        "@geometry": "center"
      },
      "geometry": {
        "type": "Point",
        "coordinates": [
          -77.7412889,
          38.3300024
        ]
      },
      "id": "way/1000072934"
    },
    {
      "type": "Feature",
      "properties": {
        "@id": "way/1008039093",
        "ele": "210",
        "gnis:feature_id": "510016",
        "name": "Curtis Crum Reservoir",
        "natural": "water",
        "water": "reservoir",
        "@geometry": "center"
      },
      "geometry": {
        "type": "Point",
        "coordinates": [
          -82.5200648,
          37.8808962
        ]
      },
      "id": "way/1008039093"
    },
    {
      "type": "Feature",
      "properties": {
        "@id": "way/1042100004",
        "name": "Woodridge Lake",
        "natural": "water",
        "water": "lake",
        "@geometry": "center"
      },
      "geometry": {
        "type": "Point",
        "coordinates": [
          -81.524608,
          39.1706513
        ]
      },
      "id": "way/1042100004"
    },
    {
      "type": "Feature",
      "properties": {
        "@id": "way/1059940131",
        "gnis:feature_id": "1037575",
        "name": "Bailey Lake",
        "natural": "water",
        "water": "lake",
        "@geometry": "center"
      },
      "geometry": {
        "type": "Point",
        "coordinates": [
          -81.9392965,
          38.9974514
        ]
      },
      "id": "way/1059940131"
    },
    {
      "type": "Feature",
      "properties": {
        "@id": "way/1061086091",
        "gnis:feature_id": "1046322",
        "name": "Sky Lake",
        "natural": "water",
        "water": "lake",
        "@geometry": "center"
      },
      "geometry": {
        "type": "Point",
        "coordinates": [
          -82.4358142,
          38.4531873
        ]
      },
      "id": "way/1061086091"
    },
    {
      "type": "Feature",
      "properties": {
        "@id": "way/1061169776",
        "gnis:feature_id": "1047514",
        "name": "Walleye Lake",
        "natural": "water",
        "water": "lake",
        "@geometry": "center"
      },
      "geometry": {
        "type": "Point",
        "coordinates": [
          -82.5320681,
          39.1606673
        ]
      },
      "id": "way/1061169776"
    },
    {
      "type": "Feature",
      "properties": {
        "@id": "way/1065589553",
        "ele": "219",
        "gnis:feature_id": "1037707",
        "name": "Beal Lake",
        "natural": "water",
        "water": "reservoir",
        "@geometry": "center"
      },
      "geometry": {
        "type": "Point",
        "coordinates": [
          -82.1547779,
          39.2873103
        ]
      },
      "id": "way/1065589553"
    },
    {
      "type": "Feature",
      "properties": {
        "@id": "way/1066138733",
        "ele": "207;208",
        "gnis:feature_id": "1040635",
        "name": "Fox Lake",
        "natural": "water",
        "water": "reservoir",
        "@geometry": "center"
      },
      "geometry": {
        "type": "Point",
        "coordinates": [
          -82.1915229,
          39.299721
        ]
      },
      "id": "way/1066138733"
    },
    {
      "type": "Feature",
      "properties": {
        "@id": "way/1066165449",
        "ele": "253",
        "gnis:feature_id": "1079283",
        "name": "Wagner Pond",
        "natural": "water",
        "water": "reservoir",
        "@geometry": "center"
      },
      "geometry": {
        "type": "Point",
        "coordinates": [
          -81.7257345,
          39.432649
        ]
      },
      "id": "way/1066165449"
    },
    {
      "type": "Feature",
      "properties": {
        "@id": "way/1066166248",
        "ele": "206",
        "gnis:feature_id": "1077969",
        "name": "Upper Hickory Hills Lake",
        "natural": "water",
        "water": "reservoir",
        "@geometry": "center"
      },
      "geometry": {
        "type": "Point",
        "coordinates": [
          -81.8568702,
          39.1637064
        ]
      },
      "id": "way/1066166248"
    },
    {
      "type": "Feature",
      "properties": {
        "@id": "way/1066166344",
        "ele": "214",
        "gnis:feature_id": "1077971",
        "name": "Lower Hickory Hills Lake",
        "natural": "water",
        "water": "reservoir",
        "@geometry": "center"
      },
      "geometry": {
        "type": "Point",
        "coordinates": [
          -81.862169,
          39.1665727
        ]
      },
      "id": "way/1066166344"
    },
    {
      "type": "Feature",
      "properties": {
        "@id": "way/1066166719",
        "ele": "183",
        "gnis:feature_id": "1046105",
        "name": "Shade Valley Lake",
        "natural": "water",
        "water": "reservoir",
        "@geometry": "center"
      },
      "geometry": {
        "type": "Point",
        "coordinates": [
          -81.8706819,
          39.1080775
        ]
      },
      "id": "way/1066166719"
    },
    {
      "type": "Feature",
      "properties": {
        "@id": "way/1066167421",
        "ele": "230",
        "gnis:feature_id": "1077963",
        "name": "Porter Pond",
        "natural": "water",
        "water": "reservoir",
        "@geometry": "center"
      },
      "geometry": {
        "type": "Point",
        "coordinates": [
          -81.8706465,
          38.9879725
        ]
      },
      "id": "way/1066167421"
    },
    {
      "type": "Feature",
      "properties": {
        "@id": "way/1066168386",
        "alt_name": "Steve Finlaw Lake",
        "ele": "210",
        "gnis:feature_id": "1079270",
        "name": "Wilson Lake",
        "natural": "water",
        "water": "reservoir",
        "@geometry": "center"
      },
      "geometry": {
        "type": "Point",
        "coordinates": [
          -81.8905788,
          38.9561247
        ]
      },
      "id": "way/1066168386"
    },
    {
      "type": "Feature",
      "properties": {
        "@id": "way/1066169008",
        "ele": "225",
        "gnis:feature_id": "1079206",
        "name": "Karr Lake",
        "natural": "water",
        "water": "reservoir",
        "@geometry": "center"
      },
      "geometry": {
        "type": "Point",
        "coordinates": [
          -81.9549841,
          39.057806
        ]
      },
      "id": "way/1066169008"
    },
    {
      "type": "Feature",
      "properties": {
        "@id": "way/1066169456",
        "ele": "196",
        "gnis:feature_id": "1041536",
        "name": "Hidden Lakes",
        "natural": "water",
        "water": "reservoir",
        "@geometry": "center"
      },
      "geometry": {
        "type": "Point",
        "coordinates": [
          -81.976561,
          39.0447205
        ]
      },
      "id": "way/1066169456"
    },
    {
      "type": "Feature",
      "properties": {
        "@id": "way/1066169730",
        "ele": "223",
        "gnis:feature_id": "1077967",
        "name": "Lambert Pond",
        "natural": "water",
        "water": "reservoir",
        "@geometry": "center"
      },
      "geometry": {
        "type": "Point",
        "coordinates": [
          -82.1586353,
          39.103531
        ]
      },
      "id": "way/1066169730"
    },
    {
      "type": "Feature",
      "properties": {
        "@id": "way/1066172418",
        "ele": "202",
        "gnis:feature_id": "1079515",
        "name": "Carter and Evans Lake",
        "natural": "water",
        "water": "reservoir",
        "@geometry": "center"
      },
      "geometry": {
        "type": "Point",
        "coordinates": [
          -82.248251,
          38.8795308
        ]
      },
      "id": "way/1066172418"
    },
    {
      "type": "Feature",
      "properties": {
        "@id": "way/1093002968",
        "name": "Bigler Millpond",
        "natural": "water",
        "reservoir_type": "water_storage",
        "water": "reservoir",
        "@geometry": "center"
      },
      "geometry": {
        "type": "Point",
        "coordinates": [
          -76.6541237,
          37.3300028
        ]
      },
      "id": "way/1093002968"
    },
    {
      "type": "Feature",
      "properties": {
        "@id": "way/1097567268",
        "name": "Beasey Pond",
        "natural": "water",
        "water": "lake",
        "@geometry": "center"
      },
      "geometry": {
        "type": "Point",
        "coordinates": [
          -75.3635259,
          38.0523683
        ]
      },
      "id": "way/1097567268"
    },
    {
      "type": "Feature",
      "properties": {
        "@id": "way/1110102359",
        "name": "Dry Pond",
        "natural": "water",
        "water": "reservoir",
        "@geometry": "center"
      },
      "geometry": {
        "type": "Point",
        "coordinates": [
          -77.2844693,
          39.1605954
        ]
      },
      "id": "way/1110102359"
    },
    {
      "type": "Feature",
      "properties": {
        "@id": "way/1112050140",
        "intermittent": "no",
        "name": "Champ's Pond",
        "natural": "water",
        "salt": "no",
        "water": "reservoir",
        "@geometry": "center"
      },
      "geometry": {
        "type": "Point",
        "coordinates": [
          -77.7149759,
          38.8046247
        ]
      },
      "id": "way/1112050140"
    },
    {
      "type": "Feature",
      "properties": {
        "@id": "way/1125728373",
        "name": "Tusculum Lake",
        "natural": "water",
        "water": "reservoir",
        "@geometry": "center"
      },
      "geometry": {
        "type": "Point",
        "coordinates": [
          -79.0044898,
          37.6331984
        ]
      },
      "id": "way/1125728373"
    },
    {
      "type": "Feature",
      "properties": {
        "@id": "way/1134948230",
        "name": "Mason Millpond",
        "natural": "water",
        "water": "reservoir",
        "@geometry": "center"
      },
      "geometry": {
        "type": "Point",
        "coordinates": [
          -77.1505945,
          38.2858596
        ]
      },
      "id": "way/1134948230"
    },
    {
      "type": "Feature",
      "properties": {
        "@id": "way/1149307386",
        "ele": "5",
        "gnis:feature_id": "1501952",
        "name": "Big Bethel Reservoir",
        "natural": "water",
        "source": "PGS",
        "water": "reservoir",
        "@geometry": "center"
      },
      "geometry": {
        "type": "Point",
        "coordinates": [
          -76.4202457,
          37.0925773
        ]
      },
      "id": "way/1149307386"
    },
    {
      "type": "Feature",
      "properties": {
        "@id": "way/1157544416",
        "name": "Engineer Pond",
        "natural": "water",
        "water": "reservoir",
        "@geometry": "center"
      },
      "geometry": {
        "type": "Point",
        "coordinates": [
          -77.3314045,
          38.1562999
        ]
      },
      "id": "way/1157544416"
    },
    {
      "type": "Feature",
      "properties": {
        "@id": "way/1161550173",
        "name": "East Lake",
        "natural": "water",
        "water": "reservoir",
        "@geometry": "center"
      },
      "geometry": {
        "type": "Point",
        "coordinates": [
          -75.2226215,
          39.4306527
        ]
      },
      "id": "way/1161550173"
    },
    {
      "type": "Feature",
      "properties": {
        "@id": "way/1176671931",
        "name": "Bishop Lake",
        "natural": "water",
        "salt": "no",
        "tidal": "no",
        "water": "lake",
        "@geometry": "center"
      },
      "geometry": {
        "type": "Point",
        "coordinates": [
          -77.2518624,
          36.5596661
        ]
      },
      "id": "way/1176671931"
    },
    {
      "type": "Feature",
      "properties": {
        "@id": "way/1198950312",
        "ele": "315",
        "gnis:feature_id": "1078155",
        "name": "Kornvolt Farms Pond",
        "natural": "water",
        "water": "reservoir",
        "@geometry": "center"
      },
      "geometry": {
        "type": "Point",
        "coordinates": [
          -83.6169814,
          39.2578411
        ]
      },
      "id": "way/1198950312"
    },
    {
      "type": "Feature",
      "properties": {
        "@id": "way/1205674804",
        "ele": "286",
        "gnis:feature_id": "1078050",
        "name": "Hidden Lake",
        "natural": "water",
        "water": "reservoir",
        "@geometry": "center"
      },
      "geometry": {
        "type": "Point",
        "coordinates": [
          -82.4914232,
          39.4608207
        ]
      },
      "id": "way/1205674804"
    },
    {
      "type": "Feature",
      "properties": {
        "@id": "way/1210221275",
        "name": "Annice Reservoir",
        "natural": "water",
        "water": "reservoir",
        "@geometry": "center"
      },
      "geometry": {
        "type": "Point",
        "coordinates": [
          -77.4851608,
          37.2844815
        ]
      },
      "id": "way/1210221275"
    },
    {
      "type": "Feature",
      "properties": {
        "@id": "way/1210776789",
        "name": "Harryman Pond",
        "natural": "water",
        "water": "lake",
        "@geometry": "center"
      },
      "geometry": {
        "type": "Point",
        "coordinates": [
          -77.5109228,
          37.3099644
        ]
      },
      "id": "way/1210776789"
    },
    {
      "type": "Feature",
      "properties": {
        "@id": "way/1211074225",
        "name": "Stammers Pond",
        "natural": "water",
        "water": "reservoir",
        "@geometry": "center"
      },
      "geometry": {
        "type": "Point",
        "coordinates": [
          -77.7919022,
          37.4149755
        ]
      },
      "id": "way/1211074225"
    },
    {
      "type": "Feature",
      "properties": {
        "@id": "way/1211074226",
        "name": "Badens Pond",
        "natural": "water",
        "water": "reservoir",
        "@geometry": "center"
      },
      "geometry": {
        "type": "Point",
        "coordinates": [
          -77.7932148,
          37.4178761
        ]
      },
      "id": "way/1211074226"
    },
    {
      "type": "Feature",
      "properties": {
        "@id": "way/1213051657",
        "alt_name": "Woodland Lake",
        "ele": "269",
        "gnis:feature_id": "1078146",
        "name": "Lake of the Woods",
        "natural": "water",
        "water": "reservoir",
        "@geometry": "center"
      },
      "geometry": {
        "type": "Point",
        "coordinates": [
          -83.5594013,
          39.0987913
        ]
      },
      "id": "way/1213051657"
    },
    {
      "type": "Feature",
      "properties": {
        "@id": "way/1213199430",
        "ele": "25",
        "gnis:feature_id": "1490731",
        "landuse": "reservoir",
        "name": "Sykes Lake",
        "natural": "water",
        "water": "reservoir",
        "@geometry": "center"
      },
      "geometry": {
        "type": "Point",
        "coordinates": [
          -77.3556317,
          37.2171967
        ]
      },
      "id": "way/1213199430"
    },
    {
      "type": "Feature",
      "properties": {
        "@id": "way/1216016279",
        "ele": "3",
        "gnis:feature_id": "1472901",
        "name": "Queen's Lake",
        "natural": "water",
        "water": "reservoir",
        "@geometry": "center"
      },
      "geometry": {
        "type": "Point",
        "coordinates": [
          -76.6590085,
          37.291862
        ]
      },
      "id": "way/1216016279"
    },
    {
      "type": "Feature",
      "properties": {
        "@id": "way/1219667008",
        "ele": "226",
        "gnis:feature_id": "1077751",
        "name": "Slater Brothers Pond",
        "natural": "water",
        "water": "reservoir",
        "@geometry": "center"
      },
      "geometry": {
        "type": "Point",
        "coordinates": [
          -82.12323,
          39.3551951
        ]
      },
      "id": "way/1219667008"
    },
    {
      "type": "Feature",
      "properties": {
        "@id": "way/1219667080",
        "ele": "241",
        "gnis:feature_id": "1077749",
        "name": "Matters Pond",
        "natural": "water",
        "water": "reservoir",
        "@geometry": "center"
      },
      "geometry": {
        "type": "Point",
        "coordinates": [
          -82.1311065,
          39.3419425
        ]
      },
      "id": "way/1219667080"
    },
    {
      "type": "Feature",
      "properties": {
        "@id": "way/1220415719",
        "name": "Anawalt Lake",
        "natural": "water",
        "water": "reservoir",
        "@geometry": "center"
      },
      "geometry": {
        "type": "Point",
        "coordinates": [
          -81.4217886,
          37.319309
        ]
      },
      "id": "way/1220415719"
    },
    {
      "type": "Feature",
      "properties": {
        "@id": "way/1220416746",
        "name": "Lake Washington",
        "natural": "water",
        "water": "reservoir",
        "@geometry": "center"
      },
      "geometry": {
        "type": "Point",
        "coordinates": [
          -82.0083896,
          38.4088612
        ]
      },
      "id": "way/1220416746"
    },
    {
      "type": "Feature",
      "properties": {
        "@id": "way/1221776202",
        "ele": "251",
        "gnis:feature_id": "1079236",
        "name": "Lankamer Lake",
        "natural": "water",
        "water": "reservoir",
        "@geometry": "center"
      },
      "geometry": {
        "type": "Point",
        "coordinates": [
          -82.5244218,
          39.2200056
        ]
      },
      "id": "way/1221776202"
    },
    {
      "type": "Feature",
      "properties": {
        "@id": "way/1231429492",
        "ele": "215",
        "gnis:feature_id": "1077734",
        "name": "Lake Rupert",
        "natural": "water",
        "water": "reservoir",
        "website": "https://ohiodnr.gov/go-and-do/plan-a-visit/find-a-property/lake-rupert-fishing-area",
        "@geometry": "center"
      },
      "geometry": {
        "type": "Point",
        "coordinates": [
          -82.522003,
          39.1894115
        ]
      },
      "id": "way/1231429492"
    },
    {
      "type": "Feature",
      "properties": {
        "@id": "way/1237546126",
        "name": "Lake Rillhurst",
        "natural": "water",
        "water": "reservoir",
        "@geometry": "center"
      },
      "geometry": {
        "type": "Point",
        "coordinates": [
          -78.0951534,
          38.5040544
        ]
      },
      "id": "way/1237546126"
    },
    {
      "type": "Feature",
      "properties": {
        "@id": "way/1271284734",
        "gnis:feature_id": "594307",
        "name": "Smithville Community Lake",
        "natural": "water",
        "water": "reservoir",
        "@geometry": "center"
      },
      "geometry": {
        "type": "Point",
        "coordinates": [
          -75.7626039,
          38.7682949
        ]
      },
      "id": "way/1271284734"
    },
    {
      "type": "Feature",
      "properties": {
        "@id": "way/1271364458",
        "alt_name": "Bryants Millpond",
        "gnis:feature_id": "1464865",
        "name": "Chinns Pond",
        "natural": "water",
        "old_name": "Chinns Millpond",
        "water": "reservoir",
        "@geometry": "center"
      },
      "geometry": {
        "type": "Point",
        "coordinates": [
          -76.572643,
          37.8326218
        ]
      },
      "id": "way/1271364458"
    },
    {
      "type": "Feature",
      "properties": {
        "@id": "way/1271474675",
        "gnis:feature_id": "1490169",
        "name": "Corbin Millpond",
        "natural": "water",
        "water": "reservoir",
        "@geometry": "center"
      },
      "geometry": {
        "type": "Point",
        "coordinates": [
          -76.760612,
          37.5760683
        ]
      },
      "id": "way/1271474675"
    },
    {
      "type": "Feature",
      "properties": {
        "@id": "way/1272015848",
        "ele": "311",
        "gnis:feature_id": "1078151",
        "name": "Hillsboro Reservoir",
        "natural": "water",
        "water": "reservoir",
        "@geometry": "center"
      },
      "geometry": {
        "type": "Point",
        "coordinates": [
          -83.6014588,
          39.2483388
        ]
      },
      "id": "way/1272015848"
    },
    {
      "type": "Feature",
      "properties": {
        "@id": "way/1274701994",
        "ele": "221",
        "gnis:feature_id": "1077753",
        "name": "Margaret Creek Conservancy District Reservoir",
        "natural": "water",
        "water": "reservoir",
        "@geometry": "center"
      },
      "geometry": {
        "type": "Point",
        "coordinates": [
          -82.1154569,
          39.2617523
        ]
      },
      "id": "way/1274701994"
    },
    {
      "type": "Feature",
      "properties": {
        "@id": "way/1278560654",
        "ele": "226",
        "gnis:feature_id": "1077856",
        "name": "Brammer Pond",
        "natural": "water",
        "water": "reservoir",
        "@geometry": "center"
      },
      "geometry": {
        "type": "Point",
        "coordinates": [
          -82.5465713,
          38.5084817
        ]
      },
      "id": "way/1278560654"
    },
    {
      "type": "Feature",
      "properties": {
        "@id": "way/1281789121",
        "ele": "299",
        "gnis:feature_id": "1078153",
        "name": "Armco Pond",
        "natural": "water",
        "water": "reservoir",
        "@geometry": "center"
      },
      "geometry": {
        "type": "Point",
        "coordinates": [
          -83.5155895,
          39.3665486
        ]
      },
      "id": "way/1281789121"
    },
    {
      "type": "Feature",
      "properties": {
        "@id": "way/1312290214",
        "name": "Jarratt Reservoir",
        "natural": "water",
        "water": "reservoir",
        "@geometry": "center"
      },
      "geometry": {
        "type": "Point",
        "coordinates": [
          -77.511508,
          36.8331585
        ]
      },
      "id": "way/1312290214"
    },
    {
      "type": "Feature",
      "properties": {
        "@id": "way/1341924163",
        "name": "Duck's Pond",
        "natural": "water",
        "water": "lake",
        "@geometry": "center"
      },
      "geometry": {
        "type": "Point",
        "coordinates": [
          -78.4056936,
          37.8899741
        ]
      },
      "id": "way/1341924163"
    },
    {
      "type": "Feature",
      "properties": {
        "@id": "way/1343860166",
        "name": "Slate River Lake",
        "natural": "water",
        "water": "reservoir",
        "@geometry": "center"
      },
      "geometry": {
        "type": "Point",
        "coordinates": [
          -78.6435723,
          37.4613982
        ]
      },
      "id": "way/1343860166"
    },
    {
      "type": "Feature",
      "properties": {
        "@id": "way/1353973617",
        "ele": "268",
        "gnis:feature_id": "1078149",
        "name": "Hickory Hills Lake",
        "natural": "water",
        "water": "reservoir",
        "@geometry": "center"
      },
      "geometry": {
        "type": "Point",
        "coordinates": [
          -83.3943446,
          39.1791712
        ]
      },
      "id": "way/1353973617"
    },
    {
      "type": "Feature",
      "properties": {
        "@id": "way/1366297900",
        "ele": "192",
        "gnis:feature_id": "1077730",
        "name": "Sproat Lake",
        "natural": "water",
        "water": "reservoir",
        "@geometry": "center"
      },
      "geometry": {
        "type": "Point",
        "coordinates": [
          -82.7344853,
          39.2077848
        ]
      },
      "id": "way/1366297900"
    },
    {
      "type": "Feature",
      "properties": {
        "@id": "way/1368951937",
        "name": "Mimosa Lake",
        "natural": "water",
        "water": "lake",
        "@geometry": "center"
      },
      "geometry": {
        "type": "Point",
        "coordinates": [
          -78.2688557,
          36.9579148
        ]
      },
      "id": "way/1368951937"
    },
    {
      "type": "Feature",
      "properties": {
        "@id": "way/1380043163",
        "ele": "283",
        "gnis:feature_id": "1080471",
        "name": "Camp Otterbein Lake",
        "natural": "water",
        "water": "reservoir",
        "@geometry": "center"
      },
      "geometry": {
        "type": "Point",
        "coordinates": [
          -82.3647322,
          39.4563026
        ]
      },
      "id": "way/1380043163"
    },
    {
      "type": "Feature",
      "properties": {
        "@id": "way/1385873751",
        "alt_name": "Gallahan Pond",
        "ele": "231",
        "gnis:feature_id": "1078511",
        "name": "Callahan Pond",
        "natural": "water",
        "water": "reservoir",
        "@geometry": "center"
      },
      "geometry": {
        "type": "Point",
        "coordinates": [
          -82.6285963,
          39.1397287
        ]
      },
      "id": "way/1385873751"
    },
    {
      "type": "Feature",
      "properties": {
        "@id": "way/1385875272",
        "ele": "243",
        "gnis:feature_id": "1078500",
        "name": "Morrow Lake",
        "natural": "water",
        "old_name": "Ohnoname 22 Reservoir",
        "water": "reservoir",
        "@geometry": "center"
      },
      "geometry": {
        "type": "Point",
        "coordinates": [
          -82.5160517,
          39.0718367
        ]
      },
      "id": "way/1385875272"
    },
    {
      "type": "Feature",
      "properties": {
        "@id": "way/1385875273",
        "ele": "235",
        "gnis:feature_id": "1078498",
        "name": "Lake Milton",
        "natural": "water",
        "old_name": "Ohnoname 21 Reservoir",
        "water": "reservoir",
        "@geometry": "center"
      },
      "geometry": {
        "type": "Point",
        "coordinates": [
          -82.5198443,
          39.0625974
        ]
      },
      "id": "way/1385875273"
    },
    {
      "type": "Feature",
      "properties": {
        "@id": "way/1385875274",
        "ele": "225",
        "gnis:feature_id": "1078496",
        "name": "Ohnoname 20 Reservoir",
        "natural": "water",
        "water": "reservoir",
        "@geometry": "center"
      },
      "geometry": {
        "type": "Point",
        "coordinates": [
          -82.5106308,
          39.0572021
        ]
      },
      "id": "way/1385875274"
    },
    {
      "type": "Feature",
      "properties": {
        "@id": "way/1386128786",
        "ele": "226",
        "gnis:feature_id": "1079281",
        "name": "Sickles Pond",
        "natural": "water",
        "water": "reservoir",
        "@geometry": "center"
      },
      "geometry": {
        "type": "Point",
        "coordinates": [
          -82.5782935,
          39.0446881
        ]
      },
      "id": "way/1386128786"
    },
    {
      "type": "Feature",
      "properties": {
        "@id": "way/1386130012",
        "alt_name": "Wayne National Forest Pond 8623-",
        "ele": "206",
        "gnis:feature_id": "1078111;1080985",
        "name": "Kenton Lake",
        "natural": "water",
        "water": "reservoir",
        "@geometry": "center"
      },
      "geometry": {
        "type": "Point",
        "coordinates": [
          -82.4893727,
          38.8189674
        ]
      },
      "id": "way/1386130012"
    },
    {
      "type": "Feature",
      "properties": {
        "@id": "way/1386142285",
        "ele": "195",
        "gnis:feature_id": "1077859",
        "name": "Payne Lake",
        "natural": "water",
        "water": "reservoir",
        "@geometry": "center"
      },
      "geometry": {
        "type": "Point",
        "coordinates": [
          -82.4823877,
          38.6997102
        ]
      },
      "id": "way/1386142285"
    },
    {
      "type": "Feature",
      "properties": {
        "@id": "way/1386154275",
        "ele": "256",
        "gnis:feature_id": "1079272",
        "name": "Nobles Paradise Lake",
        "natural": "water",
        "water": "reservoir",
        "@geometry": "center"
      },
      "geometry": {
        "type": "Point",
        "coordinates": [
          -82.3164044,
          38.6853031
        ]
      },
      "id": "way/1386154275"
    },
    {
      "type": "Feature",
      "properties": {
        "@id": "way/1386155297",
        "ele": "195",
        "gnis:feature_id": "1077089",
        "name": "Twin Lake",
        "natural": "water",
        "water": "reservoir",
        "@geometry": "center"
      },
      "geometry": {
        "type": "Point",
        "coordinates": [
          -82.4128084,
          38.5114843
        ]
      },
      "id": "way/1386155297"
    },
    {
      "type": "Feature",
      "properties": {
        "@id": "way/1386159738",
        "ele": "229",
        "gnis:feature_id": "1079261",
        "name": "Izaak Walton Lake",
        "natural": "water",
        "water": "reservoir",
        "@geometry": "center"
      },
      "geometry": {
        "type": "Point",
        "coordinates": [
          -82.5867801,
          38.6758747
        ]
      },
      "id": "way/1386159738"
    },
    {
      "type": "Feature",
      "properties": {
        "@id": "way/1392356292",
        "fishing": "yes",
        "intermittent": "no",
        "name": "Lovill's Creek Lake",
        "natural": "water",
        "salt": "no",
        "water": "reservoir",
        "wikidata": "Q22073404",
        "wikipedia": "en:Lovill's Creek Lake",
        "@geometry": "center"
      },
      "geometry": {
        "type": "Point",
        "coordinates": [
          -80.6452997,
          36.5845508
        ]
      },
      "id": "way/1392356292"
    },
    {
      "type": "Feature",
      "properties": {
        "@id": "way/1413546951",
        "ele": "596",
        "fixme": "This is on the correct stream but the two \"reservoirs\" look tiny. Can these be what these are?",
        "gnis:feature_id": "1559276",
        "name": "Wingrove Branch Dam Number Two",
        "natural": "water",
        "water": "reservoir",
        "waterway": "dam",
        "wikidata": "Q31591120",
        "@geometry": "center"
      },
      "geometry": {
        "type": "Point",
        "coordinates": [
          -81.3585439,
          37.8457166
        ]
      },
      "id": "way/1413546951"
    },
    {
      "type": "Feature",
      "properties": {
        "@id": "way/1416751301",
        "ele": "764",
        "emergency": "water_tank",
        "name": "Little Yok Number 2 Reservoir",
        "natural": "water",
        "water": "reservoir",
        "@geometry": "center"
      },
      "geometry": {
        "type": "Point",
        "coordinates": [
          -79.3914725,
          39.4249393
        ]
      },
      "id": "way/1416751301"
    },
    {
      "type": "Feature",
      "properties": {
        "@id": "way/1430391323",
        "name": "Harrisonburg Reservoir",
        "natural": "water",
        "water": "reservoir",
        "@geometry": "center"
      },
      "geometry": {
        "type": "Point",
        "coordinates": [
          -79.0586469,
          38.517143
        ]
      },
      "id": "way/1430391323"
    },
    {
      "type": "Feature",
      "properties": {
        "@id": "way/1433124817",
        "gnis:feature_id": "1067482",
        "name": "Wolf Plains",
        "natural": "water",
        "salt": "no",
        "tidal": "no",
        "water": "lake",
        "wikidata": "Q8029881",
        "wikipedia": "en:Wolf Plains",
        "@geometry": "center"
      },
      "geometry": {
        "type": "Point",
        "coordinates": [
          -82.1408547,
          39.3918893
        ]
      },
      "id": "way/1433124817"
    },
    {
      "type": "Feature",
      "properties": {
        "@id": "way/1433129044",
        "gnis:feature_id": "1038448",
        "intermittent": "no",
        "name": "Buck Lake",
        "natural": "water",
        "salt": "no",
        "tidal": "no",
        "water": "lake",
        "@geometry": "center"
      },
      "geometry": {
        "type": "Point",
        "coordinates": [
          -81.9754123,
          39.211685
        ]
      },
      "id": "way/1433129044"
    },
    {
      "type": "Feature",
      "properties": {
        "@id": "way/1433324725",
        "name": "Clay Lake",
        "natural": "water",
        "water": "lake",
        "@geometry": "center"
      },
      "geometry": {
        "type": "Point",
        "coordinates": [
          -75.9624983,
          38.2380098
        ]
      },
      "id": "way/1433324725"
    },
    {
      "type": "Feature",
      "properties": {
        "@id": "way/1435783927",
        "fishing": "yes_-_town_permit_and_license_required",
        "name": "Oxbow Lake",
        "natural": "water",
        "salt": "no",
        "tidal": "no",
        "water": "lake",
        "wikidata": "Q7115134",
        "wikipedia": "en:Oxbow Lake (Virginia)",
        "@geometry": "center"
      },
      "geometry": {
        "type": "Point",
        "coordinates": [
          -82.3199349,
          36.903993
        ]
      },
      "id": "way/1435783927"
    },
    {
      "type": "Feature",
      "properties": {
        "@id": "way/1442729180",
        "ele": "241",
        "gnis:feature_id": "1078062",
        "name": "Mineral Springs Lake",
        "natural": "water",
        "water": "reservoir",
        "wikidata": "Q113412851",
        "@geometry": "center"
      },
      "geometry": {
        "type": "Point",
        "coordinates": [
          -83.3737893,
          38.9231918
        ]
      },
      "id": "way/1442729180"
    },
    {
      "type": "Feature",
      "properties": {
        "@id": "way/1480849058",
        "name": "Crowe Lake",
        "natural": "water",
        "water": "lake",
        "@geometry": "center"
      },
      "geometry": {
        "type": "Point",
        "coordinates": [
          -78.4038025,
          38.3442439
        ]
      },
      "id": "way/1480849058"
    },
    {
      "type": "Feature",
      "properties": {
        "@id": "way/1480849067",
        "name": "Jun's Lake",
        "natural": "water",
        "water": "lake",
        "@geometry": "center"
      },
      "geometry": {
        "type": "Point",
        "coordinates": [
          -78.4032471,
          38.3424314
        ]
      },
      "id": "way/1480849067"
    },
    {
      "type": "Feature",
      "properties": {
        "@id": "way/1488380501",
        "intermittent": "no",
        "name": "Lake Whitehurst",
        "natural": "water",
        "water": "reservoir",
        "@geometry": "center"
      },
      "geometry": {
        "type": "Point",
        "coordinates": [
          -76.1824717,
          36.9034762
        ]
      },
      "id": "way/1488380501"
    }
  ]
}