{
  "type": "FeatureCollection",
  "generator": "overpass-turbo",
  "copyright": "The data included in this document is from www.openstreetmap.org. The data is made available under ODbL.",
  "timestamp": "2026-06-27T23:58:59Z",
  "features": [
    {
      "type": "Feature",
      "properties": {
        "@id": "relation/3919732",
        "landuse": "forest",
        "leaf_type": "mixed",
        "type": "multipolygon",
        "@geometry": "center"
      },
      "geometry": {
        "type": "Point",
        "coordinates": [
          -79.948076,
          37.4751629
        ]
      },
      "id": "relation/3919732"
    },
    {
      "type": "Feature",
      "properties": {
        "@id": "relation/8276458",
        "landuse": "forest",
        "leaf_type": "mixed",
        "type": "multipolygon",
        "@geometry": "center"
      },
      "geometry": {
        "type": "Point",
        "coordinates": [
          -82.301395,
          40.5814893
        ]
      },
      "id": "relation/8276458"
    },
    {
      "type": "Feature",
      "properties": {
        "@id": "relation/8276459",
        "landuse": "forest",
        "leaf_type": "mixed",
        "type": "multipolygon",
        "@geometry": "center"
      },
      "geometry": {
        "type": "Point",
        "coordinates": [
          -82.2692983,
          40.5815767
        ]
      },
      "id": "relation/8276459"
    },
    {
      "type": "Feature",
      "properties": {
        "@id": "relation/8284055",
        "landuse": "forest",
        "leaf_type": "mixed",
        "type": "multipolygon",
        "@geometry": "center"
      },
      "geometry": {
        "type": "Point",
        "coordinates": [
          -82.2997011,
          40.6104078
        ]
      },
      "id": "relation/8284055"
    },
    {
      "type": "Feature",
      "properties": {
        "@id": "relation/8337611",
        "landuse": "forest",
        "leaf_type": "mixed",
        "type": "multipolygon",
        "@geometry": "center"
      },
      "geometry": {
        "type": "Point",
        "coordinates": [
          -82.2883191,
          40.6186184
        ]
      },
      "id": "relation/8337611"
    },
    {
      "type": "Feature",
      "properties": {
        "@id": "relation/8337612",
        "landuse": "forest",
        "leaf_type": "mixed",
        "type": "multipolygon",
        "@geometry": "center"
      },
      "geometry": {
        "type": "Point",
        "coordinates": [
          -82.3002791,
          40.6259033
        ]
      },
      "id": "relation/8337612"
    },
    {
      "type": "Feature",
      "properties": {
        "@id": "relation/8339427",
        "landuse": "forest",
        "leaf_type": "mixed",
        "type": "multipolygon",
        "@geometry": "center"
      },
      "geometry": {
        "type": "Point",
        "coordinates": [
          -82.3469724,
          40.6345229
        ]
      },
      "id": "relation/8339427"
    },
    {
      "type": "Feature",
      "properties": {
        "@id": "relation/8339428",
        "landuse": "forest",
        "leaf_type": "mixed",
        "type": "multipolygon",
        "@geometry": "center"
      },
      "geometry": {
        "type": "Point",
        "coordinates": [
          -82.3366738,
          40.630897
        ]
      },
      "id": "relation/8339428"
    },
    {
      "type": "Feature",
      "properties": {
        "@id": "relation/8341133",
        "landuse": "forest",
        "leaf_type": "mixed",
        "type": "multipolygon",
        "@geometry": "center"
      },
      "geometry": {
        "type": "Point",
        "coordinates": [
          -82.322921,
          40.639009
        ]
      },
      "id": "relation/8341133"
    },
    {
      "type": "Feature",
      "properties": {
        "@id": "relation/8341134",
        "landuse": "forest",
        "leaf_type": "mixed",
        "type": "multipolygon",
        "@geometry": "center"
      },
      "geometry": {
        "type": "Point",
        "coordinates": [
          -82.3143889,
          40.6309076
        ]
      },
      "id": "relation/8341134"
    },
    {
      "type": "Feature",
      "properties": {
        "@id": "relation/9043842",
        "landuse": "forest",
        "leaf_type": "mixed",
        "type": "multipolygon",
        "@geometry": "center"
      },
      "geometry": {
        "type": "Point",
        "coordinates": [
          -82.2461281,
          40.5632773
        ]
      },
      "id": "relation/9043842"
    },
    {
      "type": "Feature",
      "properties": {
        "@id": "relation/9043843",
        "landuse": "forest",
        "leaf_type": "mixed",
        "type": "multipolygon",
        "@geometry": "center"
      },
      "geometry": {
        "type": "Point",
        "coordinates": [
          -82.2378239,
          40.5847781
        ]
      },
      "id": "relation/9043843"
    },
    {
      "type": "Feature",
      "properties": {
        "@id": "relation/9044306",
        "landuse": "forest",
        "leaf_type": "mixed",
        "type": "multipolygon",
        "@geometry": "center"
      },
      "geometry": {
        "type": "Point",
        "coordinates": [
          -82.2651824,
          40.560597
        ]
      },
      "id": "relation/9044306"
    },
    {
      "type": "Feature",
      "properties": {
        "@id": "relation/9046522",
        "landuse": "forest",
        "leaf_type": "mixed",
        "type": "multipolygon",
        "@geometry": "center"
      },
      "geometry": {
        "type": "Point",
        "coordinates": [
          -82.3319292,
          40.5648189
        ]
      },
      "id": "relation/9046522"
    },
    {
      "type": "Feature",
      "properties": {
        "@id": "relation/9046523",
        "landuse": "forest",
        "leaf_type": "mixed",
        "type": "multipolygon",
        "@geometry": "center"
      },
      "geometry": {
        "type": "Point",
        "coordinates": [
          -82.3196045,
          40.5675436
        ]
      },
      "id": "relation/9046523"
    },
    {
      "type": "Feature",
      "properties": {
        "@id": "relation/9046584",
        "landuse": "forest",
        "leaf_type": "mixed",
        "type": "multipolygon",
        "@geometry": "center"
      },
      "geometry": {
        "type": "Point",
        "coordinates": [
          -82.3079623,
          40.6424772
        ]
      },
      "id": "relation/9046584"
    },
    {
      "type": "Feature",
      "properties": {
        "@id": "relation/9046807",
        "landuse": "forest",
        "leaf_type": "mixed",
        "type": "multipolygon",
        "@geometry": "center"
      },
      "geometry": {
        "type": "Point",
        "coordinates": [
          -82.2759059,
          40.6359947
        ]
      },
      "id": "relation/9046807"
    },
    {
      "type": "Feature",
      "properties": {
        "@id": "relation/9049694",
        "landuse": "forest",
        "leaf_type": "mixed",
        "type": "multipolygon",
        "@geometry": "center"
      },
      "geometry": {
        "type": "Point",
        "coordinates": [
          -82.2477963,
          40.6287071
        ]
      },
      "id": "relation/9049694"
    },
    {
      "type": "Feature",
      "properties": {
        "@id": "relation/9049695",
        "landuse": "forest",
        "leaf_type": "mixed",
        "type": "multipolygon",
        "@geometry": "center"
      },
      "geometry": {
        "type": "Point",
        "coordinates": [
          -82.2394587,
          40.6291597
        ]
      },
      "id": "relation/9049695"
    },
    {
      "type": "Feature",
      "properties": {
        "@id": "relation/9064870",
        "landuse": "forest",
        "leaf_type": "mixed",
        "type": "multipolygon",
        "@geometry": "center"
      },
      "geometry": {
        "type": "Point",
        "coordinates": [
          -82.2341439,
          40.6108626
        ]
      },
      "id": "relation/9064870"
    },
    {
      "type": "Feature",
      "properties": {
        "@id": "relation/11619359",
        "landuse": "forest",
        "leaf_type": "mixed",
        "type": "multipolygon",
        "@geometry": "center"
      },
      "geometry": {
        "type": "Point",
        "coordinates": [
          -78.2705991,
          37.897062
        ]
      },
      "id": "relation/11619359"
    },
    {
      "type": "Feature",
      "properties": {
        "@id": "relation/13384399",
        "landuse": "forest",
        "leaf_type": "needleleaved",
        "type": "multipolygon",
        "@geometry": "center"
      },
      "geometry": {
        "type": "Point",
        "coordinates": [
          -79.3077273,
          40.0257646
        ]
      },
      "id": "relation/13384399"
    },
    {
      "type": "Feature",
      "properties": {
        "@id": "relation/13737377",
        "landuse": "forest",
        "leaf_cycle": "evergreen",
        "leaf_type": "needleleaved",
        "type": "multipolygon",
        "@geometry": "center"
      },
      "geometry": {
        "type": "Point",
        "coordinates": [
          -79.0221277,
          39.64771
        ]
      },
      "id": "relation/13737377"
    },
    {
      "type": "Feature",
      "properties": {
        "@id": "relation/13804924",
        "landuse": "forest",
        "leaf_cycle": "deciduous",
        "leaf_type": "broadleaved",
        "type": "multipolygon",
        "@geometry": "center"
      },
      "geometry": {
        "type": "Point",
        "coordinates": [
          -78.7664341,
          38.8130783
        ]
      },
      "id": "relation/13804924"
    },
    {
      "type": "Feature",
      "properties": {
        "@id": "relation/17990754",
        "landuse": "forest",
        "leaf_cycle": "evergreen",
        "leaf_type": "needleleaved",
        "type": "multipolygon",
        "@geometry": "center"
      },
      "geometry": {
        "type": "Point",
        "coordinates": [
          -78.2721768,
          38.0233493
        ]
      },
      "id": "relation/17990754"
    },
    {
      "type": "Feature",
      "properties": {
        "@id": "relation/17993207",
        "landuse": "forest",
        "leaf_cycle": "evergreen",
        "leaf_type": "needleleaved",
        "type": "multipolygon",
        "@geometry": "center"
      },
      "geometry": {
        "type": "Point",
        "coordinates": [
          -78.2425933,
          38.0163774
        ]
      },
      "id": "relation/17993207"
    },
    {
      "type": "Feature",
      "properties": {
        "@id": "way/256502238",
        "landuse": "forest",
        "leaf_type": "needleleaved",
        "natural": "wood",
        "@geometry": "center"
      },
      "geometry": {
        "type": "Point",
        "coordinates": [
          -79.2921669,
          40.0159886
        ]
      },
      "id": "way/256502238"
    },
    {
      "type": "Feature",
      "properties": {
        "@id": "way/256503788",
        "landuse": "forest",
        "leaf_type": "needleleaved",
        "natural": "wood",
        "@geometry": "center"
      },
      "geometry": {
        "type": "Point",
        "coordinates": [
          -79.2939915,
          40.0158679
        ]
      },
      "id": "way/256503788"
    },
    {
      "type": "Feature",
      "properties": {
        "@id": "way/256503963",
        "landuse": "forest",
        "leaf_type": "needleleaved",
        "natural": "wood",
        "@geometry": "center"
      },
      "geometry": {
        "type": "Point",
        "coordinates": [
          -79.2941537,
          40.0171499
        ]
      },
      "id": "way/256503963"
    },
    {
      "type": "Feature",
      "properties": {
        "@id": "way/256503997",
        "landuse": "forest",
        "leaf_type": "needleleaved",
        "natural": "wood",
        "@geometry": "center"
      },
      "geometry": {
        "type": "Point",
        "coordinates": [
          -79.2937056,
          40.0190255
        ]
      },
      "id": "way/256503997"
    },
    {
      "type": "Feature",
      "properties": {
        "@id": "way/256504157",
        "landuse": "forest",
        "leaf_type": "needleleaved",
        "natural": "wood",
        "@geometry": "center"
      },
      "geometry": {
        "type": "Point",
        "coordinates": [
          -79.2960087,
          40.0182916
        ]
      },
      "id": "way/256504157"
    },
    {
      "type": "Feature",
      "properties": {
        "@id": "way/256504215",
        "landuse": "forest",
        "leaf_type": "needleleaved",
        "name": "Avalanche Glades",
        "natural": "wood",
        "piste:difficulty": "expert",
        "piste:type": "downhill",
        "@geometry": "center"
      },
      "geometry": {
        "type": "Point",
        "coordinates": [
          -79.2967161,
          40.0199874
        ]
      },
      "id": "way/256504215"
    },
    {
      "type": "Feature",
      "properties": {
        "@id": "way/256505200",
        "landuse": "forest",
        "leaf_type": "needleleaved",
        "name": "Tyrol Glades",
        "natural": "wood",
        "piste:difficulty": "expert",
        "piste:type": "downhill",
        "@geometry": "center"
      },
      "geometry": {
        "type": "Point",
        "coordinates": [
          -79.2985987,
          40.0200559
        ]
      },
      "id": "way/256505200"
    },
    {
      "type": "Feature",
      "properties": {
        "@id": "way/256505560",
        "landuse": "forest",
        "leaf_type": "needleleaved",
        "natural": "wood",
        "@geometry": "center"
      },
      "geometry": {
        "type": "Point",
        "coordinates": [
          -79.3008892,
          40.0198314
        ]
      },
      "id": "way/256505560"
    },
    {
      "type": "Feature",
      "properties": {
        "@id": "way/256505613",
        "landuse": "forest",
        "leaf_type": "needleleaved",
        "natural": "wood",
        "@geometry": "center"
      },
      "geometry": {
        "type": "Point",
        "coordinates": [
          -79.3015747,
          40.0201574
        ]
      },
      "id": "way/256505613"
    },
    {
      "type": "Feature",
      "properties": {
        "@id": "way/256506202",
        "landuse": "forest",
        "leaf_type": "needleleaved",
        "natural": "wood",
        "@geometry": "center"
      },
      "geometry": {
        "type": "Point",
        "coordinates": [
          -79.3019687,
          40.0203024
        ]
      },
      "id": "way/256506202"
    },
    {
      "type": "Feature",
      "properties": {
        "@id": "way/256506247",
        "landuse": "forest",
        "leaf_type": "needleleaved",
        "natural": "wood",
        "@geometry": "center"
      },
      "geometry": {
        "type": "Point",
        "coordinates": [
          -79.3031464,
          40.0199372
        ]
      },
      "id": "way/256506247"
    },
    {
      "type": "Feature",
      "properties": {
        "@id": "way/256507253",
        "landuse": "forest",
        "leaf_type": "needleleaved",
        "natural": "wood",
        "@geometry": "center"
      },
      "geometry": {
        "type": "Point",
        "coordinates": [
          -79.3029,
          40.0214747
        ]
      },
      "id": "way/256507253"
    },
    {
      "type": "Feature",
      "properties": {
        "@id": "way/256515761",
        "landuse": "forest",
        "leaf_type": "needleleaved",
        "natural": "wood",
        "@geometry": "center"
      },
      "geometry": {
        "type": "Point",
        "coordinates": [
          -79.3033197,
          40.0221724
        ]
      },
      "id": "way/256515761"
    },
    {
      "type": "Feature",
      "properties": {
        "@id": "way/256516408",
        "landuse": "forest",
        "leaf_type": "needleleaved",
        "natural": "wood",
        "@geometry": "center"
      },
      "geometry": {
        "type": "Point",
        "coordinates": [
          -79.3051597,
          40.0212132
        ]
      },
      "id": "way/256516408"
    },
    {
      "type": "Feature",
      "properties": {
        "@id": "way/256516486",
        "landuse": "forest",
        "leaf_type": "needleleaved",
        "natural": "wood",
        "@geometry": "center"
      },
      "geometry": {
        "type": "Point",
        "coordinates": [
          -79.3052112,
          40.0220401
        ]
      },
      "id": "way/256516486"
    },
    {
      "type": "Feature",
      "properties": {
        "@id": "way/256516491",
        "landuse": "forest",
        "leaf_type": "needleleaved",
        "natural": "wood",
        "@geometry": "center"
      },
      "geometry": {
        "type": "Point",
        "coordinates": [
          -79.3052881,
          40.0227977
        ]
      },
      "id": "way/256516491"
    },
    {
      "type": "Feature",
      "properties": {
        "@id": "way/256516713",
        "landuse": "forest",
        "leaf_type": "needleleaved",
        "natural": "wood",
        "@geometry": "center"
      },
      "geometry": {
        "type": "Point",
        "coordinates": [
          -79.3060593,
          40.0223311
        ]
      },
      "id": "way/256516713"
    },
    {
      "type": "Feature",
      "properties": {
        "@id": "way/256516717",
        "landuse": "forest",
        "leaf_type": "needleleaved",
        "natural": "wood",
        "@geometry": "center"
      },
      "geometry": {
        "type": "Point",
        "coordinates": [
          -79.3039341,
          40.0221644
        ]
      },
      "id": "way/256516717"
    },
    {
      "type": "Feature",
      "properties": {
        "@id": "way/256516740",
        "landuse": "forest",
        "leaf_type": "needleleaved",
        "natural": "wood",
        "@geometry": "center"
      },
      "geometry": {
        "type": "Point",
        "coordinates": [
          -79.3041107,
          40.0235371
        ]
      },
      "id": "way/256516740"
    },
    {
      "type": "Feature",
      "properties": {
        "@id": "way/256516921",
        "landuse": "forest",
        "leaf_type": "needleleaved",
        "natural": "wood",
        "@geometry": "center"
      },
      "geometry": {
        "type": "Point",
        "coordinates": [
          -79.3038256,
          40.0246902
        ]
      },
      "id": "way/256516921"
    },
    {
      "type": "Feature",
      "properties": {
        "@id": "way/256516942",
        "landuse": "forest",
        "leaf_type": "needleleaved",
        "natural": "wood",
        "@geometry": "center"
      },
      "geometry": {
        "type": "Point",
        "coordinates": [
          -79.3021952,
          40.0248579
        ]
      },
      "id": "way/256516942"
    },
    {
      "type": "Feature",
      "properties": {
        "@id": "way/256517542",
        "landuse": "forest",
        "leaf_type": "needleleaved",
        "natural": "wood",
        "@geometry": "center"
      },
      "geometry": {
        "type": "Point",
        "coordinates": [
          -79.3033123,
          40.0266084
        ]
      },
      "id": "way/256517542"
    },
    {
      "type": "Feature",
      "properties": {
        "@id": "way/256517839",
        "landuse": "forest",
        "leaf_type": "needleleaved",
        "name": "Little North Face Glades",
        "natural": "wood",
        "piste:difficulty": "expert",
        "piste:grooming": "backcountry",
        "piste:type": "downhill",
        "@geometry": "center"
      },
      "geometry": {
        "type": "Point",
        "coordinates": [
          -79.3038934,
          40.0271053
        ]
      },
      "id": "way/256517839"
    },
    {
      "type": "Feature",
      "properties": {
        "@id": "way/256517921",
        "landuse": "forest",
        "leaf_type": "needleleaved",
        "natural": "wood",
        "@geometry": "center"
      },
      "geometry": {
        "type": "Point",
        "coordinates": [
          -79.3025502,
          40.0278353
        ]
      },
      "id": "way/256517921"
    },
    {
      "type": "Feature",
      "properties": {
        "@id": "way/256518340",
        "landuse": "forest",
        "leaf_type": "needleleaved",
        "natural": "wood",
        "@geometry": "center"
      },
      "geometry": {
        "type": "Point",
        "coordinates": [
          -79.3022045,
          40.0286529
        ]
      },
      "id": "way/256518340"
    },
    {
      "type": "Feature",
      "properties": {
        "@id": "way/256519079",
        "landuse": "forest",
        "leaf_type": "needleleaved",
        "natural": "wood",
        "@geometry": "center"
      },
      "geometry": {
        "type": "Point",
        "coordinates": [
          -79.3042864,
          40.0297164
        ]
      },
      "id": "way/256519079"
    },
    {
      "type": "Feature",
      "properties": {
        "@id": "way/256519104",
        "landuse": "forest",
        "leaf_type": "needleleaved",
        "natural": "wood",
        "@geometry": "center"
      },
      "geometry": {
        "type": "Point",
        "coordinates": [
          -79.3073332,
          40.0283185
        ]
      },
      "id": "way/256519104"
    },
    {
      "type": "Feature",
      "properties": {
        "@id": "way/256520500",
        "landuse": "forest",
        "leaf_type": "needleleaved",
        "natural": "wood",
        "@geometry": "center"
      },
      "geometry": {
        "type": "Point",
        "coordinates": [
          -79.3078366,
          40.0271039
        ]
      },
      "id": "way/256520500"
    },
    {
      "type": "Feature",
      "properties": {
        "@id": "way/256520756",
        "landuse": "forest",
        "leaf_type": "needleleaved",
        "natural": "wood",
        "@geometry": "center"
      },
      "geometry": {
        "type": "Point",
        "coordinates": [
          -79.308217,
          40.0271925
        ]
      },
      "id": "way/256520756"
    },
    {
      "type": "Feature",
      "properties": {
        "@id": "way/256563727",
        "landuse": "forest",
        "leaf_type": "needleleaved",
        "@geometry": "center"
      },
      "geometry": {
        "type": "Point",
        "coordinates": [
          -79.3079317,
          40.025151
        ]
      },
      "id": "way/256563727"
    },
    {
      "type": "Feature",
      "properties": {
        "@id": "way/256564657",
        "landuse": "forest",
        "leaf_type": "needleleaved",
        "natural": "wood",
        "@geometry": "center"
      },
      "geometry": {
        "type": "Point",
        "coordinates": [
          -79.3087992,
          40.0254619
        ]
      },
      "id": "way/256564657"
    },
    {
      "type": "Feature",
      "properties": {
        "@id": "way/256565182",
        "landuse": "forest",
        "leaf_type": "needleleaved",
        "@geometry": "center"
      },
      "geometry": {
        "type": "Point",
        "coordinates": [
          -79.3100594,
          40.0247153
        ]
      },
      "id": "way/256565182"
    },
    {
      "type": "Feature",
      "properties": {
        "@id": "way/256565337",
        "landuse": "forest",
        "leaf_type": "needleleaved",
        "natural": "wood",
        "@geometry": "center"
      },
      "geometry": {
        "type": "Point",
        "coordinates": [
          -79.3100002,
          40.026761
        ]
      },
      "id": "way/256565337"
    },
    {
      "type": "Feature",
      "properties": {
        "@id": "way/256565489",
        "landuse": "forest",
        "leaf_type": "needleleaved",
        "@geometry": "center"
      },
      "geometry": {
        "type": "Point",
        "coordinates": [
          -79.3105929,
          40.0248237
        ]
      },
      "id": "way/256565489"
    },
    {
      "type": "Feature",
      "properties": {
        "@id": "way/256565607",
        "landuse": "forest",
        "leaf_type": "needleleaved",
        "@geometry": "center"
      },
      "geometry": {
        "type": "Point",
        "coordinates": [
          -79.3105897,
          40.0253632
        ]
      },
      "id": "way/256565607"
    },
    {
      "type": "Feature",
      "properties": {
        "@id": "way/256565726",
        "landuse": "forest",
        "leaf_type": "needleleaved",
        "natural": "wood",
        "@geometry": "center"
      },
      "geometry": {
        "type": "Point",
        "coordinates": [
          -79.3111455,
          40.0277483
        ]
      },
      "id": "way/256565726"
    },
    {
      "type": "Feature",
      "properties": {
        "@id": "way/256566679",
        "landuse": "forest",
        "leaf_type": "needleleaved",
        "natural": "wood",
        "@geometry": "center"
      },
      "geometry": {
        "type": "Point",
        "coordinates": [
          -79.3117598,
          40.0264689
        ]
      },
      "id": "way/256566679"
    },
    {
      "type": "Feature",
      "properties": {
        "@id": "way/256567006",
        "landuse": "forest",
        "leaf_type": "needleleaved",
        "natural": "wood",
        "@geometry": "center"
      },
      "geometry": {
        "type": "Point",
        "coordinates": [
          -79.3124324,
          40.025357
        ]
      },
      "id": "way/256567006"
    },
    {
      "type": "Feature",
      "properties": {
        "@id": "way/256567334",
        "landuse": "forest",
        "leaf_type": "needleleaved",
        "name": "Turtleneck Glades",
        "natural": "wood",
        "piste:difficulty": "expert",
        "piste:grooming": "backcountry",
        "piste:type": "downhill",
        "@geometry": "center"
      },
      "geometry": {
        "type": "Point",
        "coordinates": [
          -79.3134092,
          40.0267796
        ]
      },
      "id": "way/256567334"
    },
    {
      "type": "Feature",
      "properties": {
        "@id": "way/256567854",
        "landuse": "forest",
        "leaf_type": "needleleaved",
        "natural": "wood",
        "@geometry": "center"
      },
      "geometry": {
        "type": "Point",
        "coordinates": [
          -79.3135946,
          40.0293257
        ]
      },
      "id": "way/256567854"
    },
    {
      "type": "Feature",
      "properties": {
        "@id": "way/256568140",
        "landuse": "forest",
        "leaf_type": "needleleaved",
        "natural": "wood",
        "@geometry": "center"
      },
      "geometry": {
        "type": "Point",
        "coordinates": [
          -79.312866,
          40.0307181
        ]
      },
      "id": "way/256568140"
    },
    {
      "type": "Feature",
      "properties": {
        "@id": "way/256568213",
        "landuse": "forest",
        "leaf_type": "needleleaved",
        "natural": "wood",
        "@geometry": "center"
      },
      "geometry": {
        "type": "Point",
        "coordinates": [
          -79.3119775,
          40.0311357
        ]
      },
      "id": "way/256568213"
    },
    {
      "type": "Feature",
      "properties": {
        "@id": "way/256568254",
        "landuse": "forest",
        "leaf_type": "needleleaved",
        "natural": "wood",
        "@geometry": "center"
      },
      "geometry": {
        "type": "Point",
        "coordinates": [
          -79.3101403,
          40.0319396
        ]
      },
      "id": "way/256568254"
    },
    {
      "type": "Feature",
      "properties": {
        "@id": "way/256568324",
        "landuse": "forest",
        "leaf_type": "needleleaved",
        "natural": "wood",
        "@geometry": "center"
      },
      "geometry": {
        "type": "Point",
        "coordinates": [
          -79.3108206,
          40.0318734
        ]
      },
      "id": "way/256568324"
    },
    {
      "type": "Feature",
      "properties": {
        "@id": "way/256568432",
        "landuse": "forest",
        "leaf_type": "needleleaved",
        "natural": "wood",
        "@geometry": "center"
      },
      "geometry": {
        "type": "Point",
        "coordinates": [
          -79.3082035,
          40.0321447
        ]
      },
      "id": "way/256568432"
    },
    {
      "type": "Feature",
      "properties": {
        "@id": "way/256568462",
        "landuse": "forest",
        "leaf_type": "needleleaved",
        "natural": "wood",
        "@geometry": "center"
      },
      "geometry": {
        "type": "Point",
        "coordinates": [
          -79.3093934,
          40.0295469
        ]
      },
      "id": "way/256568462"
    },
    {
      "type": "Feature",
      "properties": {
        "@id": "way/256568641",
        "landuse": "forest",
        "leaf_type": "needleleaved",
        "natural": "wood",
        "@geometry": "center"
      },
      "geometry": {
        "type": "Point",
        "coordinates": [
          -79.3086923,
          40.0281326
        ]
      },
      "id": "way/256568641"
    },
    {
      "type": "Feature",
      "properties": {
        "@id": "way/256568672",
        "landuse": "forest",
        "leaf_type": "needleleaved",
        "natural": "wood",
        "@geometry": "center"
      },
      "geometry": {
        "type": "Point",
        "coordinates": [
          -79.3086055,
          40.028725
        ]
      },
      "id": "way/256568672"
    },
    {
      "type": "Feature",
      "properties": {
        "@id": "way/256568698",
        "landuse": "forest",
        "leaf_type": "needleleaved",
        "natural": "wood",
        "@geometry": "center"
      },
      "geometry": {
        "type": "Point",
        "coordinates": [
          -79.3083782,
          40.0293178
        ]
      },
      "id": "way/256568698"
    },
    {
      "type": "Feature",
      "properties": {
        "@id": "way/256570629",
        "landuse": "forest",
        "leaf_type": "needleleaved",
        "natural": "wood",
        "@geometry": "center"
      },
      "geometry": {
        "type": "Point",
        "coordinates": [
          -79.3085986,
          40.0294581
        ]
      },
      "id": "way/256570629"
    },
    {
      "type": "Feature",
      "properties": {
        "@id": "way/256570683",
        "landuse": "forest",
        "leaf_type": "needleleaved",
        "natural": "wood",
        "@geometry": "center"
      },
      "geometry": {
        "type": "Point",
        "coordinates": [
          -79.3077457,
          40.0290393
        ]
      },
      "id": "way/256570683"
    },
    {
      "type": "Feature",
      "properties": {
        "@id": "way/256571385",
        "landuse": "forest",
        "leaf_type": "needleleaved",
        "natural": "wood",
        "@geometry": "center"
      },
      "geometry": {
        "type": "Point",
        "coordinates": [
          -79.3079428,
          40.0280733
        ]
      },
      "id": "way/256571385"
    },
    {
      "type": "Feature",
      "properties": {
        "@id": "way/256571485",
        "landuse": "forest",
        "leaf_type": "needleleaved",
        "@geometry": "center"
      },
      "geometry": {
        "type": "Point",
        "coordinates": [
          -79.3044625,
          40.0285637
        ]
      },
      "id": "way/256571485"
    },
    {
      "type": "Feature",
      "properties": {
        "@id": "way/256571597",
        "landuse": "forest",
        "leaf_type": "needleleaved",
        "@geometry": "center"
      },
      "geometry": {
        "type": "Point",
        "coordinates": [
          -79.3048284,
          40.0284503
        ]
      },
      "id": "way/256571597"
    },
    {
      "type": "Feature",
      "properties": {
        "@id": "way/256571684",
        "landuse": "forest",
        "leaf_type": "needleleaved",
        "natural": "wood",
        "@geometry": "center"
      },
      "geometry": {
        "type": "Point",
        "coordinates": [
          -79.3023134,
          40.0241786
        ]
      },
      "id": "way/256571684"
    },
    {
      "type": "Feature",
      "properties": {
        "@id": "way/256571726",
        "landuse": "forest",
        "leaf_type": "needleleaved",
        "natural": "wood",
        "@geometry": "center"
      },
      "geometry": {
        "type": "Point",
        "coordinates": [
          -79.3018053,
          40.0227235
        ]
      },
      "id": "way/256571726"
    },
    {
      "type": "Feature",
      "properties": {
        "@id": "way/256571875",
        "landuse": "forest",
        "leaf_type": "needleleaved",
        "natural": "wood",
        "@geometry": "center"
      },
      "geometry": {
        "type": "Point",
        "coordinates": [
          -79.3006191,
          40.0235166
        ]
      },
      "id": "way/256571875"
    },
    {
      "type": "Feature",
      "properties": {
        "@id": "way/256571924",
        "landuse": "forest",
        "leaf_type": "needleleaved",
        "@geometry": "center"
      },
      "geometry": {
        "type": "Point",
        "coordinates": [
          -79.2992216,
          40.0261625
        ]
      },
      "id": "way/256571924"
    },
    {
      "type": "Feature",
      "properties": {
        "@id": "way/256571950",
        "landuse": "forest",
        "leaf_type": "needleleaved",
        "natural": "wood",
        "@geometry": "center"
      },
      "geometry": {
        "type": "Point",
        "coordinates": [
          -79.3007958,
          40.0264926
        ]
      },
      "id": "way/256571950"
    },
    {
      "type": "Feature",
      "properties": {
        "@id": "way/256571980",
        "landuse": "forest",
        "leaf_type": "needleleaved",
        "natural": "wood",
        "@geometry": "center"
      },
      "geometry": {
        "type": "Point",
        "coordinates": [
          -79.3002565,
          40.0270325
        ]
      },
      "id": "way/256571980"
    },
    {
      "type": "Feature",
      "properties": {
        "@id": "way/256573536",
        "landuse": "forest",
        "leaf_type": "needleleaved",
        "natural": "wood",
        "@geometry": "center"
      },
      "geometry": {
        "type": "Point",
        "coordinates": [
          -79.314085,
          40.0256257
        ]
      },
      "id": "way/256573536"
    },
    {
      "type": "Feature",
      "properties": {
        "@id": "way/256575631",
        "landuse": "forest",
        "leaf_type": "needleleaved",
        "natural": "wood",
        "@geometry": "center"
      },
      "geometry": {
        "type": "Point",
        "coordinates": [
          -79.3255654,
          40.0264631
        ]
      },
      "id": "way/256575631"
    },
    {
      "type": "Feature",
      "properties": {
        "@id": "way/256575951",
        "landuse": "forest",
        "leaf_type": "needleleaved",
        "natural": "wood",
        "@geometry": "center"
      },
      "geometry": {
        "type": "Point",
        "coordinates": [
          -79.2945801,
          40.0248409
        ]
      },
      "id": "way/256575951"
    },
    {
      "type": "Feature",
      "properties": {
        "@id": "way/256576490",
        "landuse": "forest",
        "leaf_type": "needleleaved",
        "natural": "wood",
        "@geometry": "center"
      },
      "geometry": {
        "type": "Point",
        "coordinates": [
          -79.2990593,
          40.030172
        ]
      },
      "id": "way/256576490"
    },
    {
      "type": "Feature",
      "properties": {
        "@id": "way/256576705",
        "landuse": "forest",
        "leaf_type": "needleleaved",
        "@geometry": "center"
      },
      "geometry": {
        "type": "Point",
        "coordinates": [
          -79.2934038,
          40.020212
        ]
      },
      "id": "way/256576705"
    },
    {
      "type": "Feature",
      "properties": {
        "@id": "way/256577005",
        "landuse": "forest",
        "leaf_type": "needleleaved",
        "natural": "wood",
        "@geometry": "center"
      },
      "geometry": {
        "type": "Point",
        "coordinates": [
          -79.2905748,
          40.0154285
        ]
      },
      "id": "way/256577005"
    },
    {
      "type": "Feature",
      "properties": {
        "@id": "way/256577780",
        "landuse": "forest",
        "leaf_type": "needleleaved",
        "natural": "wood",
        "@geometry": "center"
      },
      "geometry": {
        "type": "Point",
        "coordinates": [
          -79.2968789,
          40.01506
        ]
      },
      "id": "way/256577780"
    },
    {
      "type": "Feature",
      "properties": {
        "@id": "way/343019846",
        "landuse": "forest",
        "leaf_type": "broadleaved",
        "@geometry": "center"
      },
      "geometry": {
        "type": "Point",
        "coordinates": [
          -78.5079054,
          38.0322719
        ]
      },
      "id": "way/343019846"
    },
    {
      "type": "Feature",
      "properties": {
        "@id": "way/413229312",
        "landuse": "forest",
        "leaf_cycle": "deciduous",
        "leaf_type": "broadleaved",
        "@geometry": "center"
      },
      "geometry": {
        "type": "Point",
        "coordinates": [
          -79.999953,
          40.3935019
        ]
      },
      "id": "way/413229312"
    },
    {
      "type": "Feature",
      "properties": {
        "@id": "way/468563028",
        "landuse": "forest",
        "leaf_cycle": "deciduous",
        "leaf_type": "broadleaved",
        "@geometry": "center"
      },
      "geometry": {
        "type": "Point",
        "coordinates": [
          -79.9720643,
          39.6440064
        ]
      },
      "id": "way/468563028"
    },
    {
      "type": "Feature",
      "properties": {
        "@id": "way/472036871",
        "landuse": "forest",
        "leaf_type": "mixed",
        "@geometry": "center"
      },
      "geometry": {
        "type": "Point",
        "coordinates": [
          -82.4414779,
          40.2370673
        ]
      },
      "id": "way/472036871"
    },
    {
      "type": "Feature",
      "properties": {
        "@id": "way/520467763",
        "landuse": "forest",
        "leaf_cycle": "evergreen",
        "leaf_type": "needleleaved",
        "@geometry": "center"
      },
      "geometry": {
        "type": "Point",
        "coordinates": [
          -78.5737467,
          38.2733456
        ]
      },
      "id": "way/520467763"
    },
    {
      "type": "Feature",
      "properties": {
        "@id": "way/520467764",
        "landuse": "forest",
        "leaf_cycle": "evergreen",
        "leaf_type": "needleleaved",
        "@geometry": "center"
      },
      "geometry": {
        "type": "Point",
        "coordinates": [
          -78.5699299,
          38.2607099
        ]
      },
      "id": "way/520467764"
    },
    {
      "type": "Feature",
      "properties": {
        "@id": "way/520467765",
        "landuse": "forest",
        "leaf_cycle": "evergreen",
        "leaf_type": "needleleaved",
        "@geometry": "center"
      },
      "geometry": {
        "type": "Point",
        "coordinates": [
          -78.5714937,
          38.2690498
        ]
      },
      "id": "way/520467765"
    },
    {
      "type": "Feature",
      "properties": {
        "@id": "way/520467766",
        "landuse": "forest",
        "leaf_cycle": "evergreen",
        "leaf_type": "needleleaved",
        "@geometry": "center"
      },
      "geometry": {
        "type": "Point",
        "coordinates": [
          -78.5599924,
          38.2562956
        ]
      },
      "id": "way/520467766"
    },
    {
      "type": "Feature",
      "properties": {
        "@id": "way/520467767",
        "landuse": "forest",
        "leaf_cycle": "evergreen",
        "leaf_type": "needleleaved",
        "@geometry": "center"
      },
      "geometry": {
        "type": "Point",
        "coordinates": [
          -78.5762331,
          38.2548824
        ]
      },
      "id": "way/520467767"
    },
    {
      "type": "Feature",
      "properties": {
        "@id": "way/520467768",
        "landuse": "forest",
        "leaf_cycle": "evergreen",
        "leaf_type": "needleleaved",
        "@geometry": "center"
      },
      "geometry": {
        "type": "Point",
        "coordinates": [
          -78.5790468,
          38.2608619
        ]
      },
      "id": "way/520467768"
    },
    {
      "type": "Feature",
      "properties": {
        "@id": "way/520467769",
        "landuse": "forest",
        "leaf_cycle": "evergreen",
        "leaf_type": "needleleaved",
        "@geometry": "center"
      },
      "geometry": {
        "type": "Point",
        "coordinates": [
          -78.5518814,
          38.2549477
        ]
      },
      "id": "way/520467769"
    },
    {
      "type": "Feature",
      "properties": {
        "@id": "way/520467770",
        "landuse": "forest",
        "leaf_cycle": "evergreen",
        "leaf_type": "needleleaved",
        "@geometry": "center"
      },
      "geometry": {
        "type": "Point",
        "coordinates": [
          -78.5584474,
          38.2727728
        ]
      },
      "id": "way/520467770"
    },
    {
      "type": "Feature",
      "properties": {
        "@id": "way/520467771",
        "landuse": "forest",
        "leaf_cycle": "evergreen",
        "leaf_type": "needleleaved",
        "@geometry": "center"
      },
      "geometry": {
        "type": "Point",
        "coordinates": [
          -78.5715152,
          38.2625972
        ]
      },
      "id": "way/520467771"
    },
    {
      "type": "Feature",
      "properties": {
        "@id": "way/526022810",
        "landuse": "forest",
        "leaf_cycle": "evergreen",
        "leaf_type": "needleleaved",
        "@geometry": "center"
      },
      "geometry": {
        "type": "Point",
        "coordinates": [
          -78.557687,
          38.2643536
        ]
      },
      "id": "way/526022810"
    },
    {
      "type": "Feature",
      "properties": {
        "@id": "way/526022811",
        "landuse": "forest",
        "leaf_cycle": "evergreen",
        "leaf_type": "needleleaved",
        "@geometry": "center"
      },
      "geometry": {
        "type": "Point",
        "coordinates": [
          -78.5596691,
          38.2651075
        ]
      },
      "id": "way/526022811"
    },
    {
      "type": "Feature",
      "properties": {
        "@id": "way/545728620",
        "landuse": "forest",
        "leaf_type": "mixed",
        "@geometry": "center"
      },
      "geometry": {
        "type": "Point",
        "coordinates": [
          -79.9977753,
          40.3485782
        ]
      },
      "id": "way/545728620"
    },
    {
      "type": "Feature",
      "properties": {
        "@id": "way/551923171",
        "landuse": "forest",
        "leaf_cycle": "evergreen",
        "leaf_type": "needleleaved",
        "@geometry": "center"
      },
      "geometry": {
        "type": "Point",
        "coordinates": [
          -77.7786631,
          37.4638598
        ]
      },
      "id": "way/551923171"
    },
    {
      "type": "Feature",
      "properties": {
        "@id": "way/551923172",
        "landuse": "forest",
        "leaf_cycle": "evergreen",
        "leaf_type": "needleleaved",
        "@geometry": "center"
      },
      "geometry": {
        "type": "Point",
        "coordinates": [
          -77.7779641,
          37.4654271
        ]
      },
      "id": "way/551923172"
    },
    {
      "type": "Feature",
      "properties": {
        "@id": "way/551923173",
        "landuse": "forest",
        "leaf_cycle": "evergreen",
        "leaf_type": "needleleaved",
        "@geometry": "center"
      },
      "geometry": {
        "type": "Point",
        "coordinates": [
          -77.7794153,
          37.4656445
        ]
      },
      "id": "way/551923173"
    },
    {
      "type": "Feature",
      "properties": {
        "@id": "way/551923174",
        "landuse": "forest",
        "leaf_type": "mixed",
        "@geometry": "center"
      },
      "geometry": {
        "type": "Point",
        "coordinates": [
          -77.7786964,
          37.4644195
        ]
      },
      "id": "way/551923174"
    },
    {
      "type": "Feature",
      "properties": {
        "@id": "way/551923175",
        "landuse": "forest",
        "leaf_cycle": "mixed",
        "leaf_type": "mixed",
        "@geometry": "center"
      },
      "geometry": {
        "type": "Point",
        "coordinates": [
          -77.7799085,
          37.4696036
        ]
      },
      "id": "way/551923175"
    },
    {
      "type": "Feature",
      "properties": {
        "@id": "way/554167827",
        "landuse": "forest",
        "leaf_type": "mixed",
        "@geometry": "center"
      },
      "geometry": {
        "type": "Point",
        "coordinates": [
          -77.7780624,
          37.4669388
        ]
      },
      "id": "way/554167827"
    },
    {
      "type": "Feature",
      "properties": {
        "@id": "way/558915924",
        "landuse": "forest",
        "leaf_type": "mixed",
        "@geometry": "center"
      },
      "geometry": {
        "type": "Point",
        "coordinates": [
          -77.767328,
          37.4377958
        ]
      },
      "id": "way/558915924"
    },
    {
      "type": "Feature",
      "properties": {
        "@id": "way/586084369",
        "landuse": "forest",
        "leaf_type": "mixed",
        "@geometry": "center"
      },
      "geometry": {
        "type": "Point",
        "coordinates": [
          -82.2789073,
          40.5617876
        ]
      },
      "id": "way/586084369"
    },
    {
      "type": "Feature",
      "properties": {
        "@id": "way/586084383",
        "landuse": "forest",
        "leaf_type": "mixed",
        "@geometry": "center"
      },
      "geometry": {
        "type": "Point",
        "coordinates": [
          -82.2632472,
          40.5784416
        ]
      },
      "id": "way/586084383"
    },
    {
      "type": "Feature",
      "properties": {
        "@id": "way/586084384",
        "landuse": "forest",
        "leaf_type": "mixed",
        "@geometry": "center"
      },
      "geometry": {
        "type": "Point",
        "coordinates": [
          -82.262511,
          40.576003
        ]
      },
      "id": "way/586084384"
    },
    {
      "type": "Feature",
      "properties": {
        "@id": "way/586084385",
        "landuse": "forest",
        "leaf_type": "mixed",
        "@geometry": "center"
      },
      "geometry": {
        "type": "Point",
        "coordinates": [
          -82.2623205,
          40.5835811
        ]
      },
      "id": "way/586084385"
    },
    {
      "type": "Feature",
      "properties": {
        "@id": "way/586084388",
        "landuse": "forest",
        "leaf_type": "mixed",
        "@geometry": "center"
      },
      "geometry": {
        "type": "Point",
        "coordinates": [
          -82.3138431,
          40.5742099
        ]
      },
      "id": "way/586084388"
    },
    {
      "type": "Feature",
      "properties": {
        "@id": "way/586904209",
        "landuse": "forest",
        "leaf_type": "mixed",
        "@geometry": "center"
      },
      "geometry": {
        "type": "Point",
        "coordinates": [
          -82.3070477,
          40.6106702
        ]
      },
      "id": "way/586904209"
    },
    {
      "type": "Feature",
      "properties": {
        "@id": "way/586904210",
        "landuse": "forest",
        "leaf_type": "mixed",
        "@geometry": "center"
      },
      "geometry": {
        "type": "Point",
        "coordinates": [
          -82.2984855,
          40.6103703
        ]
      },
      "id": "way/586904210"
    },
    {
      "type": "Feature",
      "properties": {
        "@id": "way/586904214",
        "landuse": "forest",
        "leaf_type": "mixed",
        "@geometry": "center"
      },
      "geometry": {
        "type": "Point",
        "coordinates": [
          -82.2780369,
          40.61438
        ]
      },
      "id": "way/586904214"
    },
    {
      "type": "Feature",
      "properties": {
        "@id": "way/586904271",
        "landuse": "forest",
        "leaf_type": "mixed",
        "@geometry": "center"
      },
      "geometry": {
        "type": "Point",
        "coordinates": [
          -82.296099,
          40.5995801
        ]
      },
      "id": "way/586904271"
    },
    {
      "type": "Feature",
      "properties": {
        "@id": "way/586904342",
        "landuse": "forest",
        "leaf_type": "mixed",
        "@geometry": "center"
      },
      "geometry": {
        "type": "Point",
        "coordinates": [
          -82.3278415,
          40.5957269
        ]
      },
      "id": "way/586904342"
    },
    {
      "type": "Feature",
      "properties": {
        "@id": "way/586904346",
        "landuse": "forest",
        "leaf_type": "mixed",
        "@geometry": "center"
      },
      "geometry": {
        "type": "Point",
        "coordinates": [
          -82.335058,
          40.5994496
        ]
      },
      "id": "way/586904346"
    },
    {
      "type": "Feature",
      "properties": {
        "@id": "way/586904360",
        "landuse": "forest",
        "leaf_type": "mixed",
        "@geometry": "center"
      },
      "geometry": {
        "type": "Point",
        "coordinates": [
          -82.3351506,
          40.596569
        ]
      },
      "id": "way/586904360"
    },
    {
      "type": "Feature",
      "properties": {
        "@id": "way/591851028",
        "landuse": "forest",
        "leaf_type": "mixed",
        "@geometry": "center"
      },
      "geometry": {
        "type": "Point",
        "coordinates": [
          -82.3207191,
          40.624638
        ]
      },
      "id": "way/591851028"
    },
    {
      "type": "Feature",
      "properties": {
        "@id": "way/591851032",
        "landuse": "forest",
        "leaf_type": "mixed",
        "@geometry": "center"
      },
      "geometry": {
        "type": "Point",
        "coordinates": [
          -82.2886156,
          40.6224251
        ]
      },
      "id": "way/591851032"
    },
    {
      "type": "Feature",
      "properties": {
        "@id": "way/591851033",
        "landuse": "forest",
        "leaf_type": "mixed",
        "@geometry": "center"
      },
      "geometry": {
        "type": "Point",
        "coordinates": [
          -82.2881676,
          40.6233127
        ]
      },
      "id": "way/591851033"
    },
    {
      "type": "Feature",
      "properties": {
        "@id": "way/591851034",
        "landuse": "forest",
        "leaf_type": "mixed",
        "@geometry": "center"
      },
      "geometry": {
        "type": "Point",
        "coordinates": [
          -82.2898279,
          40.6225147
        ]
      },
      "id": "way/591851034"
    },
    {
      "type": "Feature",
      "properties": {
        "@id": "way/591851035",
        "landuse": "forest",
        "leaf_type": "mixed",
        "@geometry": "center"
      },
      "geometry": {
        "type": "Point",
        "coordinates": [
          -82.2889763,
          40.621567
        ]
      },
      "id": "way/591851035"
    },
    {
      "type": "Feature",
      "properties": {
        "@id": "way/591851036",
        "landuse": "forest",
        "leaf_type": "mixed",
        "@geometry": "center"
      },
      "geometry": {
        "type": "Point",
        "coordinates": [
          -82.2919683,
          40.6229178
        ]
      },
      "id": "way/591851036"
    },
    {
      "type": "Feature",
      "properties": {
        "@id": "way/591851037",
        "landuse": "forest",
        "leaf_type": "mixed",
        "@geometry": "center"
      },
      "geometry": {
        "type": "Point",
        "coordinates": [
          -82.2965066,
          40.6227153
        ]
      },
      "id": "way/591851037"
    },
    {
      "type": "Feature",
      "properties": {
        "@id": "way/591851038",
        "landuse": "forest",
        "leaf_type": "mixed",
        "@geometry": "center"
      },
      "geometry": {
        "type": "Point",
        "coordinates": [
          -82.2931096,
          40.6253882
        ]
      },
      "id": "way/591851038"
    },
    {
      "type": "Feature",
      "properties": {
        "@id": "way/591851041",
        "landuse": "forest",
        "leaf_type": "mixed",
        "@geometry": "center"
      },
      "geometry": {
        "type": "Point",
        "coordinates": [
          -82.3044902,
          40.6252172
        ]
      },
      "id": "way/591851041"
    },
    {
      "type": "Feature",
      "properties": {
        "@id": "way/591851044",
        "landuse": "forest",
        "leaf_type": "mixed",
        "@geometry": "center"
      },
      "geometry": {
        "type": "Point",
        "coordinates": [
          -82.2928119,
          40.6203454
        ]
      },
      "id": "way/591851044"
    },
    {
      "type": "Feature",
      "properties": {
        "@id": "way/591851045",
        "landuse": "forest",
        "leaf_type": "mixed",
        "@geometry": "center"
      },
      "geometry": {
        "type": "Point",
        "coordinates": [
          -82.279838,
          40.6259623
        ]
      },
      "id": "way/591851045"
    },
    {
      "type": "Feature",
      "properties": {
        "@id": "way/591851046",
        "landuse": "forest",
        "leaf_type": "mixed",
        "@geometry": "center"
      },
      "geometry": {
        "type": "Point",
        "coordinates": [
          -82.2808198,
          40.6270432
        ]
      },
      "id": "way/591851046"
    },
    {
      "type": "Feature",
      "properties": {
        "@id": "way/591851047",
        "landuse": "forest",
        "leaf_type": "mixed",
        "@geometry": "center"
      },
      "geometry": {
        "type": "Point",
        "coordinates": [
          -82.2811335,
          40.6240771
        ]
      },
      "id": "way/591851047"
    },
    {
      "type": "Feature",
      "properties": {
        "@id": "way/591851048",
        "landuse": "forest",
        "leaf_type": "mixed",
        "@geometry": "center"
      },
      "geometry": {
        "type": "Point",
        "coordinates": [
          -82.2763377,
          40.6258565
        ]
      },
      "id": "way/591851048"
    },
    {
      "type": "Feature",
      "properties": {
        "@id": "way/591851051",
        "landuse": "forest",
        "leaf_type": "mixed",
        "@geometry": "center"
      },
      "geometry": {
        "type": "Point",
        "coordinates": [
          -82.2663117,
          40.6250269
        ]
      },
      "id": "way/591851051"
    },
    {
      "type": "Feature",
      "properties": {
        "@id": "way/591851054",
        "landuse": "forest",
        "leaf_type": "mixed",
        "@geometry": "center"
      },
      "geometry": {
        "type": "Point",
        "coordinates": [
          -82.2561515,
          40.6251908
        ]
      },
      "id": "way/591851054"
    },
    {
      "type": "Feature",
      "properties": {
        "@id": "way/591851058",
        "landuse": "forest",
        "leaf_type": "mixed",
        "@geometry": "center"
      },
      "geometry": {
        "type": "Point",
        "coordinates": [
          -82.2610411,
          40.6082828
        ]
      },
      "id": "way/591851058"
    },
    {
      "type": "Feature",
      "properties": {
        "@id": "way/592079646",
        "landuse": "forest",
        "leaf_type": "mixed",
        "@geometry": "center"
      },
      "geometry": {
        "type": "Point",
        "coordinates": [
          -82.3475343,
          40.6306057
        ]
      },
      "id": "way/592079646"
    },
    {
      "type": "Feature",
      "properties": {
        "@id": "way/592079654",
        "landuse": "forest",
        "leaf_type": "mixed",
        "@geometry": "center"
      },
      "geometry": {
        "type": "Point",
        "coordinates": [
          -82.338679,
          40.6353474
        ]
      },
      "id": "way/592079654"
    },
    {
      "type": "Feature",
      "properties": {
        "@id": "way/592079663",
        "landuse": "forest",
        "leaf_type": "mixed",
        "@geometry": "center"
      },
      "geometry": {
        "type": "Point",
        "coordinates": [
          -82.3450988,
          40.6210326
        ]
      },
      "id": "way/592079663"
    },
    {
      "type": "Feature",
      "properties": {
        "@id": "way/592079664",
        "landuse": "forest",
        "leaf_type": "mixed",
        "@geometry": "center"
      },
      "geometry": {
        "type": "Point",
        "coordinates": [
          -82.3397803,
          40.6225239
        ]
      },
      "id": "way/592079664"
    },
    {
      "type": "Feature",
      "properties": {
        "@id": "way/592282944",
        "landuse": "forest",
        "leaf_type": "mixed",
        "@geometry": "center"
      },
      "geometry": {
        "type": "Point",
        "coordinates": [
          -82.3168874,
          40.6380061
        ]
      },
      "id": "way/592282944"
    },
    {
      "type": "Feature",
      "properties": {
        "@id": "way/592282951",
        "landuse": "forest",
        "leaf_type": "mixed",
        "@geometry": "center"
      },
      "geometry": {
        "type": "Point",
        "coordinates": [
          -82.3242514,
          40.636542
        ]
      },
      "id": "way/592282951"
    },
    {
      "type": "Feature",
      "properties": {
        "@id": "way/592282952",
        "landuse": "forest",
        "leaf_type": "mixed",
        "@geometry": "center"
      },
      "geometry": {
        "type": "Point",
        "coordinates": [
          -82.3144412,
          40.634631
        ]
      },
      "id": "way/592282952"
    },
    {
      "type": "Feature",
      "properties": {
        "@id": "way/592282953",
        "landuse": "forest",
        "leaf_type": "mixed",
        "@geometry": "center"
      },
      "geometry": {
        "type": "Point",
        "coordinates": [
          -82.3216724,
          40.6371376
        ]
      },
      "id": "way/592282953"
    },
    {
      "type": "Feature",
      "properties": {
        "@id": "way/592282954",
        "landuse": "forest",
        "leaf_type": "mixed",
        "@geometry": "center"
      },
      "geometry": {
        "type": "Point",
        "coordinates": [
          -82.320507,
          40.6369788
        ]
      },
      "id": "way/592282954"
    },
    {
      "type": "Feature",
      "properties": {
        "@id": "way/592282955",
        "landuse": "forest",
        "leaf_type": "mixed",
        "@geometry": "center"
      },
      "geometry": {
        "type": "Point",
        "coordinates": [
          -82.3209429,
          40.6368007
        ]
      },
      "id": "way/592282955"
    },
    {
      "type": "Feature",
      "properties": {
        "@id": "way/592282956",
        "landuse": "forest",
        "leaf_type": "mixed",
        "@geometry": "center"
      },
      "geometry": {
        "type": "Point",
        "coordinates": [
          -82.3213948,
          40.637448
        ]
      },
      "id": "way/592282956"
    },
    {
      "type": "Feature",
      "properties": {
        "@id": "way/616630809",
        "landuse": "forest",
        "leaf_cycle": "evergreen",
        "leaf_type": "needleleaved",
        "@geometry": "center"
      },
      "geometry": {
        "type": "Point",
        "coordinates": [
          -77.8191426,
          37.4882181
        ]
      },
      "id": "way/616630809"
    },
    {
      "type": "Feature",
      "properties": {
        "@id": "way/616630812",
        "landuse": "forest",
        "leaf_type": "mixed",
        "@geometry": "center"
      },
      "geometry": {
        "type": "Point",
        "coordinates": [
          -77.8171421,
          37.4871261
        ]
      },
      "id": "way/616630812"
    },
    {
      "type": "Feature",
      "properties": {
        "@id": "way/616630814",
        "landuse": "forest",
        "leaf_cycle": "evergreen",
        "leaf_type": "needleleaved",
        "@geometry": "center"
      },
      "geometry": {
        "type": "Point",
        "coordinates": [
          -77.8118745,
          37.486683
        ]
      },
      "id": "way/616630814"
    },
    {
      "type": "Feature",
      "properties": {
        "@id": "way/641925640",
        "landuse": "forest",
        "leaf_type": "mixed",
        "@geometry": "center"
      },
      "geometry": {
        "type": "Point",
        "coordinates": [
          -77.7735373,
          37.4215119
        ]
      },
      "id": "way/641925640"
    },
    {
      "type": "Feature",
      "properties": {
        "@id": "way/648389153",
        "landuse": "forest",
        "leaf_type": "mixed",
        "@geometry": "center"
      },
      "geometry": {
        "type": "Point",
        "coordinates": [
          -82.2363835,
          40.5966576
        ]
      },
      "id": "way/648389153"
    },
    {
      "type": "Feature",
      "properties": {
        "@id": "way/648389158",
        "landuse": "forest",
        "leaf_type": "mixed",
        "@geometry": "center"
      },
      "geometry": {
        "type": "Point",
        "coordinates": [
          -82.2488532,
          40.6060631
        ]
      },
      "id": "way/648389158"
    },
    {
      "type": "Feature",
      "properties": {
        "@id": "way/648389161",
        "landuse": "forest",
        "leaf_type": "mixed",
        "@geometry": "center"
      },
      "geometry": {
        "type": "Point",
        "coordinates": [
          -82.2521416,
          40.6074325
        ]
      },
      "id": "way/648389161"
    },
    {
      "type": "Feature",
      "properties": {
        "@id": "way/648389165",
        "landuse": "forest",
        "leaf_type": "mixed",
        "@geometry": "center"
      },
      "geometry": {
        "type": "Point",
        "coordinates": [
          -82.2503472,
          40.6073307
        ]
      },
      "id": "way/648389165"
    },
    {
      "type": "Feature",
      "properties": {
        "@id": "way/648450330",
        "landuse": "forest",
        "leaf_type": "mixed",
        "@geometry": "center"
      },
      "geometry": {
        "type": "Point",
        "coordinates": [
          -82.2600018,
          40.5601157
        ]
      },
      "id": "way/648450330"
    },
    {
      "type": "Feature",
      "properties": {
        "@id": "way/648450331",
        "landuse": "forest",
        "leaf_type": "mixed",
        "@geometry": "center"
      },
      "geometry": {
        "type": "Point",
        "coordinates": [
          -82.2639916,
          40.570544
        ]
      },
      "id": "way/648450331"
    },
    {
      "type": "Feature",
      "properties": {
        "@id": "way/648803933",
        "landuse": "forest",
        "leaf_type": "mixed",
        "@geometry": "center"
      },
      "geometry": {
        "type": "Point",
        "coordinates": [
          -82.3303011,
          40.569457
        ]
      },
      "id": "way/648803933"
    },
    {
      "type": "Feature",
      "properties": {
        "@id": "way/648803935",
        "landuse": "forest",
        "leaf_type": "mixed",
        "@geometry": "center"
      },
      "geometry": {
        "type": "Point",
        "coordinates": [
          -82.3238839,
          40.5550894
        ]
      },
      "id": "way/648803935"
    },
    {
      "type": "Feature",
      "properties": {
        "@id": "way/648803936",
        "landuse": "forest",
        "leaf_type": "mixed",
        "@geometry": "center"
      },
      "geometry": {
        "type": "Point",
        "coordinates": [
          -82.326086,
          40.5590214
        ]
      },
      "id": "way/648803936"
    },
    {
      "type": "Feature",
      "properties": {
        "@id": "way/648803937",
        "landuse": "forest",
        "leaf_type": "mixed",
        "@geometry": "center"
      },
      "geometry": {
        "type": "Point",
        "coordinates": [
          -82.3254517,
          40.5587331
        ]
      },
      "id": "way/648803937"
    },
    {
      "type": "Feature",
      "properties": {
        "@id": "way/648803938",
        "landuse": "forest",
        "leaf_type": "mixed",
        "@geometry": "center"
      },
      "geometry": {
        "type": "Point",
        "coordinates": [
          -82.3278402,
          40.5580688
        ]
      },
      "id": "way/648803938"
    },
    {
      "type": "Feature",
      "properties": {
        "@id": "way/648803944",
        "landuse": "forest",
        "leaf_type": "mixed",
        "@geometry": "center"
      },
      "geometry": {
        "type": "Point",
        "coordinates": [
          -82.326192,
          40.564135
        ]
      },
      "id": "way/648803944"
    },
    {
      "type": "Feature",
      "properties": {
        "@id": "way/648803951",
        "landuse": "forest",
        "leaf_type": "mixed",
        "@geometry": "center"
      },
      "geometry": {
        "type": "Point",
        "coordinates": [
          -82.3339637,
          40.5627707
        ]
      },
      "id": "way/648803951"
    },
    {
      "type": "Feature",
      "properties": {
        "@id": "way/648803955",
        "landuse": "forest",
        "leaf_type": "mixed",
        "@geometry": "center"
      },
      "geometry": {
        "type": "Point",
        "coordinates": [
          -82.3243761,
          40.5786992
        ]
      },
      "id": "way/648803955"
    },
    {
      "type": "Feature",
      "properties": {
        "@id": "way/648803960",
        "landuse": "forest",
        "leaf_type": "mixed",
        "@geometry": "center"
      },
      "geometry": {
        "type": "Point",
        "coordinates": [
          -82.3112708,
          40.5567829
        ]
      },
      "id": "way/648803960"
    },
    {
      "type": "Feature",
      "properties": {
        "@id": "way/648803973",
        "landuse": "forest",
        "leaf_type": "mixed",
        "@geometry": "center"
      },
      "geometry": {
        "type": "Point",
        "coordinates": [
          -82.3066427,
          40.5616735
        ]
      },
      "id": "way/648803973"
    },
    {
      "type": "Feature",
      "properties": {
        "@id": "way/648814373",
        "landuse": "forest",
        "leaf_type": "mixed",
        "@geometry": "center"
      },
      "geometry": {
        "type": "Point",
        "coordinates": [
          -82.2996569,
          40.6357942
        ]
      },
      "id": "way/648814373"
    },
    {
      "type": "Feature",
      "properties": {
        "@id": "way/648814380",
        "landuse": "forest",
        "leaf_type": "mixed",
        "@geometry": "center"
      },
      "geometry": {
        "type": "Point",
        "coordinates": [
          -82.3151855,
          40.6381104
        ]
      },
      "id": "way/648814380"
    },
    {
      "type": "Feature",
      "properties": {
        "@id": "way/648814381",
        "landuse": "forest",
        "leaf_type": "mixed",
        "@geometry": "center"
      },
      "geometry": {
        "type": "Point",
        "coordinates": [
          -82.3135158,
          40.6372058
        ]
      },
      "id": "way/648814381"
    },
    {
      "type": "Feature",
      "properties": {
        "@id": "way/648814382",
        "landuse": "forest",
        "leaf_type": "mixed",
        "@geometry": "center"
      },
      "geometry": {
        "type": "Point",
        "coordinates": [
          -82.3116141,
          40.6361158
        ]
      },
      "id": "way/648814382"
    },
    {
      "type": "Feature",
      "properties": {
        "@id": "way/648814384",
        "landuse": "forest",
        "leaf_type": "mixed",
        "@geometry": "center"
      },
      "geometry": {
        "type": "Point",
        "coordinates": [
          -82.2968472,
          40.6261313
        ]
      },
      "id": "way/648814384"
    },
    {
      "type": "Feature",
      "properties": {
        "@id": "way/648814385",
        "landuse": "forest",
        "leaf_type": "mixed",
        "@geometry": "center"
      },
      "geometry": {
        "type": "Point",
        "coordinates": [
          -82.2937372,
          40.6288774
        ]
      },
      "id": "way/648814385"
    },
    {
      "type": "Feature",
      "properties": {
        "@id": "way/648814386",
        "landuse": "forest",
        "leaf_type": "mixed",
        "@geometry": "center"
      },
      "geometry": {
        "type": "Point",
        "coordinates": [
          -82.3019394,
          40.6299665
        ]
      },
      "id": "way/648814386"
    },
    {
      "type": "Feature",
      "properties": {
        "@id": "way/648849023",
        "landuse": "forest",
        "leaf_type": "mixed",
        "@geometry": "center"
      },
      "geometry": {
        "type": "Point",
        "coordinates": [
          -82.2760119,
          40.6296041
        ]
      },
      "id": "way/648849023"
    },
    {
      "type": "Feature",
      "properties": {
        "@id": "way/648849024",
        "landuse": "forest",
        "leaf_type": "mixed",
        "@geometry": "center"
      },
      "geometry": {
        "type": "Point",
        "coordinates": [
          -82.2878913,
          40.629649
        ]
      },
      "id": "way/648849024"
    },
    {
      "type": "Feature",
      "properties": {
        "@id": "way/648849025",
        "landuse": "forest",
        "leaf_type": "mixed",
        "@geometry": "center"
      },
      "geometry": {
        "type": "Point",
        "coordinates": [
          -82.2881542,
          40.6274616
        ]
      },
      "id": "way/648849025"
    },
    {
      "type": "Feature",
      "properties": {
        "@id": "way/648849026",
        "landuse": "forest",
        "leaf_type": "mixed",
        "@geometry": "center"
      },
      "geometry": {
        "type": "Point",
        "coordinates": [
          -82.2721414,
          40.6329049
        ]
      },
      "id": "way/648849026"
    },
    {
      "type": "Feature",
      "properties": {
        "@id": "way/648849027",
        "landuse": "forest",
        "leaf_type": "mixed",
        "@geometry": "center"
      },
      "geometry": {
        "type": "Point",
        "coordinates": [
          -82.269183,
          40.6357433
        ]
      },
      "id": "way/648849027"
    },
    {
      "type": "Feature",
      "properties": {
        "@id": "way/648849032",
        "landuse": "forest",
        "leaf_type": "mixed",
        "@geometry": "center"
      },
      "geometry": {
        "type": "Point",
        "coordinates": [
          -82.2694646,
          40.638369
        ]
      },
      "id": "way/648849032"
    },
    {
      "type": "Feature",
      "properties": {
        "@id": "way/648849033",
        "landuse": "forest",
        "leaf_type": "mixed",
        "@geometry": "center"
      },
      "geometry": {
        "type": "Point",
        "coordinates": [
          -82.2731566,
          40.641837
        ]
      },
      "id": "way/648849033"
    },
    {
      "type": "Feature",
      "properties": {
        "@id": "way/648849059",
        "landuse": "forest",
        "leaf_type": "mixed",
        "@geometry": "center"
      },
      "geometry": {
        "type": "Point",
        "coordinates": [
          -82.2845158,
          40.6349077
        ]
      },
      "id": "way/648849059"
    },
    {
      "type": "Feature",
      "properties": {
        "@id": "way/648849080",
        "landuse": "forest",
        "leaf_type": "mixed",
        "@geometry": "center"
      },
      "geometry": {
        "type": "Point",
        "coordinates": [
          -82.2914815,
          40.6396044
        ]
      },
      "id": "way/648849080"
    },
    {
      "type": "Feature",
      "properties": {
        "@id": "way/648849081",
        "landuse": "forest",
        "leaf_type": "mixed",
        "@geometry": "center"
      },
      "geometry": {
        "type": "Point",
        "coordinates": [
          -82.297955,
          40.6404285
        ]
      },
      "id": "way/648849081"
    },
    {
      "type": "Feature",
      "properties": {
        "@id": "way/649206875",
        "landuse": "forest",
        "leaf_type": "mixed",
        "@geometry": "center"
      },
      "geometry": {
        "type": "Point",
        "coordinates": [
          -82.2521039,
          40.6147383
        ]
      },
      "id": "way/649206875"
    },
    {
      "type": "Feature",
      "properties": {
        "@id": "way/649206877",
        "landuse": "forest",
        "leaf_type": "mixed",
        "@geometry": "center"
      },
      "geometry": {
        "type": "Point",
        "coordinates": [
          -82.2500058,
          40.6060008
        ]
      },
      "id": "way/649206877"
    },
    {
      "type": "Feature",
      "properties": {
        "@id": "way/649206880",
        "landuse": "forest",
        "leaf_type": "mixed",
        "@geometry": "center"
      },
      "geometry": {
        "type": "Point",
        "coordinates": [
          -82.2559382,
          40.6114551
        ]
      },
      "id": "way/649206880"
    },
    {
      "type": "Feature",
      "properties": {
        "@id": "way/649206881",
        "landuse": "forest",
        "leaf_type": "mixed",
        "@geometry": "center"
      },
      "geometry": {
        "type": "Point",
        "coordinates": [
          -82.2552274,
          40.6129914
        ]
      },
      "id": "way/649206881"
    },
    {
      "type": "Feature",
      "properties": {
        "@id": "way/649206883",
        "landuse": "forest",
        "leaf_type": "mixed",
        "@geometry": "center"
      },
      "geometry": {
        "type": "Point",
        "coordinates": [
          -82.2566731,
          40.6102456
        ]
      },
      "id": "way/649206883"
    },
    {
      "type": "Feature",
      "properties": {
        "@id": "way/649206895",
        "landuse": "forest",
        "leaf_type": "mixed",
        "@geometry": "center"
      },
      "geometry": {
        "type": "Point",
        "coordinates": [
          -82.2564708,
          40.6100215
        ]
      },
      "id": "way/649206895"
    },
    {
      "type": "Feature",
      "properties": {
        "@id": "way/649218876",
        "landuse": "forest",
        "leaf_type": "mixed",
        "@geometry": "center"
      },
      "geometry": {
        "type": "Point",
        "coordinates": [
          -82.2479935,
          40.6348996
        ]
      },
      "id": "way/649218876"
    },
    {
      "type": "Feature",
      "properties": {
        "@id": "way/649218877",
        "landuse": "forest",
        "leaf_type": "mixed",
        "@geometry": "center"
      },
      "geometry": {
        "type": "Point",
        "coordinates": [
          -82.2438703,
          40.6254249
        ]
      },
      "id": "way/649218877"
    },
    {
      "type": "Feature",
      "properties": {
        "@id": "way/649218880",
        "landuse": "forest",
        "leaf_type": "mixed",
        "@geometry": "center"
      },
      "geometry": {
        "type": "Point",
        "coordinates": [
          -82.2397562,
          40.6373567
        ]
      },
      "id": "way/649218880"
    },
    {
      "type": "Feature",
      "properties": {
        "@id": "way/649218881",
        "landuse": "forest",
        "leaf_type": "mixed",
        "@geometry": "center"
      },
      "geometry": {
        "type": "Point",
        "coordinates": [
          -82.2368529,
          40.6303446
        ]
      },
      "id": "way/649218881"
    },
    {
      "type": "Feature",
      "properties": {
        "@id": "way/649218885",
        "landuse": "forest",
        "leaf_type": "mixed",
        "@geometry": "center"
      },
      "geometry": {
        "type": "Point",
        "coordinates": [
          -82.2418579,
          40.6240446
        ]
      },
      "id": "way/649218885"
    },
    {
      "type": "Feature",
      "properties": {
        "@id": "way/649218886",
        "landuse": "forest",
        "leaf_type": "mixed",
        "@geometry": "center"
      },
      "geometry": {
        "type": "Point",
        "coordinates": [
          -82.2431749,
          40.6247256
        ]
      },
      "id": "way/649218886"
    },
    {
      "type": "Feature",
      "properties": {
        "@id": "way/649218888",
        "landuse": "forest",
        "leaf_type": "mixed",
        "@geometry": "center"
      },
      "geometry": {
        "type": "Point",
        "coordinates": [
          -82.247618,
          40.6189478
        ]
      },
      "id": "way/649218888"
    },
    {
      "type": "Feature",
      "properties": {
        "@id": "way/649218889",
        "landuse": "forest",
        "leaf_type": "mixed",
        "@geometry": "center"
      },
      "geometry": {
        "type": "Point",
        "coordinates": [
          -82.2365217,
          40.6256573
        ]
      },
      "id": "way/649218889"
    },
    {
      "type": "Feature",
      "properties": {
        "@id": "way/649218891",
        "landuse": "forest",
        "leaf_type": "mixed",
        "@geometry": "center"
      },
      "geometry": {
        "type": "Point",
        "coordinates": [
          -82.2393608,
          40.6246635
        ]
      },
      "id": "way/649218891"
    },
    {
      "type": "Feature",
      "properties": {
        "@id": "way/649218892",
        "landuse": "forest",
        "leaf_type": "mixed",
        "@geometry": "center"
      },
      "geometry": {
        "type": "Point",
        "coordinates": [
          -82.2398074,
          40.6231407
        ]
      },
      "id": "way/649218892"
    },
    {
      "type": "Feature",
      "properties": {
        "@id": "way/649218893",
        "landuse": "forest",
        "leaf_type": "mixed",
        "@geometry": "center"
      },
      "geometry": {
        "type": "Point",
        "coordinates": [
          -82.2440681,
          40.6208962
        ]
      },
      "id": "way/649218893"
    },
    {
      "type": "Feature",
      "properties": {
        "@id": "way/649218894",
        "landuse": "forest",
        "leaf_type": "mixed",
        "@geometry": "center"
      },
      "geometry": {
        "type": "Point",
        "coordinates": [
          -82.2474865,
          40.6196044
        ]
      },
      "id": "way/649218894"
    },
    {
      "type": "Feature",
      "properties": {
        "@id": "way/649218895",
        "landuse": "forest",
        "leaf_type": "mixed",
        "@geometry": "center"
      },
      "geometry": {
        "type": "Point",
        "coordinates": [
          -82.2516466,
          40.6368098
        ]
      },
      "id": "way/649218895"
    },
    {
      "type": "Feature",
      "properties": {
        "@id": "way/649218900",
        "landuse": "forest",
        "leaf_type": "mixed",
        "@geometry": "center"
      },
      "geometry": {
        "type": "Point",
        "coordinates": [
          -82.2431682,
          40.6375914
        ]
      },
      "id": "way/649218900"
    },
    {
      "type": "Feature",
      "properties": {
        "@id": "way/649218901",
        "landuse": "forest",
        "leaf_type": "mixed",
        "@geometry": "center"
      },
      "geometry": {
        "type": "Point",
        "coordinates": [
          -82.2430367,
          40.6366317
        ]
      },
      "id": "way/649218901"
    },
    {
      "type": "Feature",
      "properties": {
        "@id": "way/649218902",
        "landuse": "forest",
        "leaf_type": "mixed",
        "@geometry": "center"
      },
      "geometry": {
        "type": "Point",
        "coordinates": [
          -82.2451424,
          40.636819
        ]
      },
      "id": "way/649218902"
    },
    {
      "type": "Feature",
      "properties": {
        "@id": "way/649218903",
        "landuse": "forest",
        "leaf_type": "mixed",
        "@geometry": "center"
      },
      "geometry": {
        "type": "Point",
        "coordinates": [
          -82.2477964,
          40.6368496
        ]
      },
      "id": "way/649218903"
    },
    {
      "type": "Feature",
      "properties": {
        "@id": "way/649218904",
        "landuse": "forest",
        "leaf_type": "mixed",
        "@geometry": "center"
      },
      "geometry": {
        "type": "Point",
        "coordinates": [
          -82.2494607,
          40.6371488
        ]
      },
      "id": "way/649218904"
    },
    {
      "type": "Feature",
      "properties": {
        "@id": "way/649218906",
        "landuse": "forest",
        "leaf_type": "mixed",
        "@geometry": "center"
      },
      "geometry": {
        "type": "Point",
        "coordinates": [
          -82.2530803,
          40.631372
        ]
      },
      "id": "way/649218906"
    },
    {
      "type": "Feature",
      "properties": {
        "@id": "way/649218907",
        "landuse": "forest",
        "leaf_type": "mixed",
        "@geometry": "center"
      },
      "geometry": {
        "type": "Point",
        "coordinates": [
          -82.2556405,
          40.6315064
        ]
      },
      "id": "way/649218907"
    },
    {
      "type": "Feature",
      "properties": {
        "@id": "way/649218908",
        "landuse": "forest",
        "leaf_type": "mixed",
        "@geometry": "center"
      },
      "geometry": {
        "type": "Point",
        "coordinates": [
          -82.2683756,
          40.6291837
        ]
      },
      "id": "way/649218908"
    },
    {
      "type": "Feature",
      "properties": {
        "@id": "way/649218909",
        "landuse": "forest",
        "leaf_type": "mixed",
        "@geometry": "center"
      },
      "geometry": {
        "type": "Point",
        "coordinates": [
          -82.2651838,
          40.6312875
        ]
      },
      "id": "way/649218909"
    },
    {
      "type": "Feature",
      "properties": {
        "@id": "way/649218910",
        "landuse": "forest",
        "leaf_type": "mixed",
        "@geometry": "center"
      },
      "geometry": {
        "type": "Point",
        "coordinates": [
          -82.2650162,
          40.6341678
        ]
      },
      "id": "way/649218910"
    },
    {
      "type": "Feature",
      "properties": {
        "@id": "way/649218926",
        "landuse": "forest",
        "leaf_type": "mixed",
        "@geometry": "center"
      },
      "geometry": {
        "type": "Point",
        "coordinates": [
          -82.2636951,
          40.6385816
        ]
      },
      "id": "way/649218926"
    },
    {
      "type": "Feature",
      "properties": {
        "@id": "way/649218932",
        "landuse": "forest",
        "leaf_type": "mixed",
        "@geometry": "center"
      },
      "geometry": {
        "type": "Point",
        "coordinates": [
          -82.2549123,
          40.6383221
        ]
      },
      "id": "way/649218932"
    },
    {
      "type": "Feature",
      "properties": {
        "@id": "way/651186063",
        "landuse": "forest",
        "leaf_type": "mixed",
        "@geometry": "center"
      },
      "geometry": {
        "type": "Point",
        "coordinates": [
          -82.2278273,
          40.6249546
        ]
      },
      "id": "way/651186063"
    },
    {
      "type": "Feature",
      "properties": {
        "@id": "way/651186064",
        "landuse": "forest",
        "leaf_type": "mixed",
        "@geometry": "center"
      },
      "geometry": {
        "type": "Point",
        "coordinates": [
          -82.2236525,
          40.6306362
        ]
      },
      "id": "way/651186064"
    },
    {
      "type": "Feature",
      "properties": {
        "@id": "way/651186065",
        "landuse": "forest",
        "leaf_type": "mixed",
        "@geometry": "center"
      },
      "geometry": {
        "type": "Point",
        "coordinates": [
          -82.2274317,
          40.6290383
        ]
      },
      "id": "way/651186065"
    },
    {
      "type": "Feature",
      "properties": {
        "@id": "way/651186066",
        "landuse": "forest",
        "leaf_type": "mixed",
        "@geometry": "center"
      },
      "geometry": {
        "type": "Point",
        "coordinates": [
          -82.2264286,
          40.6300224
        ]
      },
      "id": "way/651186066"
    },
    {
      "type": "Feature",
      "properties": {
        "@id": "way/651186067",
        "landuse": "forest",
        "leaf_type": "mixed",
        "@geometry": "center"
      },
      "geometry": {
        "type": "Point",
        "coordinates": [
          -82.2179165,
          40.630802
        ]
      },
      "id": "way/651186067"
    },
    {
      "type": "Feature",
      "properties": {
        "@id": "way/651186068",
        "landuse": "forest",
        "leaf_type": "mixed",
        "@geometry": "center"
      },
      "geometry": {
        "type": "Point",
        "coordinates": [
          -82.2265412,
          40.6238247
        ]
      },
      "id": "way/651186068"
    },
    {
      "type": "Feature",
      "properties": {
        "@id": "way/651186069",
        "landuse": "forest",
        "leaf_type": "mixed",
        "@geometry": "center"
      },
      "geometry": {
        "type": "Point",
        "coordinates": [
          -82.2247562,
          40.6276782
        ]
      },
      "id": "way/651186069"
    },
    {
      "type": "Feature",
      "properties": {
        "@id": "way/651186070",
        "landuse": "forest",
        "leaf_type": "mixed",
        "@geometry": "center"
      },
      "geometry": {
        "type": "Point",
        "coordinates": [
          -82.2267906,
          40.6079742
        ]
      },
      "id": "way/651186070"
    },
    {
      "type": "Feature",
      "properties": {
        "@id": "way/651186071",
        "landuse": "forest",
        "leaf_type": "mixed",
        "@geometry": "center"
      },
      "geometry": {
        "type": "Point",
        "coordinates": [
          -82.2276851,
          40.6089485
        ]
      },
      "id": "way/651186071"
    },
    {
      "type": "Feature",
      "properties": {
        "@id": "way/651186072",
        "landuse": "forest",
        "leaf_type": "mixed",
        "@geometry": "center"
      },
      "geometry": {
        "type": "Point",
        "coordinates": [
          -82.2276784,
          40.6102782
        ]
      },
      "id": "way/651186072"
    },
    {
      "type": "Feature",
      "properties": {
        "@id": "way/651186073",
        "landuse": "forest",
        "leaf_type": "mixed",
        "@geometry": "center"
      },
      "geometry": {
        "type": "Point",
        "coordinates": [
          -82.2275202,
          40.6159274
        ]
      },
      "id": "way/651186073"
    },
    {
      "type": "Feature",
      "properties": {
        "@id": "way/651186074",
        "landuse": "forest",
        "leaf_type": "mixed",
        "@geometry": "center"
      },
      "geometry": {
        "type": "Point",
        "coordinates": [
          -82.2316454,
          40.6161066
        ]
      },
      "id": "way/651186074"
    },
    {
      "type": "Feature",
      "properties": {
        "@id": "way/651186075",
        "landuse": "forest",
        "leaf_type": "mixed",
        "@geometry": "center"
      },
      "geometry": {
        "type": "Point",
        "coordinates": [
          -82.2310138,
          40.6261536
        ]
      },
      "id": "way/651186075"
    },
    {
      "type": "Feature",
      "properties": {
        "@id": "way/651186076",
        "landuse": "forest",
        "leaf_type": "mixed",
        "@geometry": "center"
      },
      "geometry": {
        "type": "Point",
        "coordinates": [
          -82.2474155,
          40.6166848
        ]
      },
      "id": "way/651186076"
    },
    {
      "type": "Feature",
      "properties": {
        "@id": "way/651186078",
        "landuse": "forest",
        "leaf_type": "mixed",
        "@geometry": "center"
      },
      "geometry": {
        "type": "Point",
        "coordinates": [
          -82.2376105,
          40.6098669
        ]
      },
      "id": "way/651186078"
    },
    {
      "type": "Feature",
      "properties": {
        "@id": "way/651186079",
        "landuse": "forest",
        "leaf_type": "mixed",
        "@geometry": "center"
      },
      "geometry": {
        "type": "Point",
        "coordinates": [
          -82.2376469,
          40.6113696
        ]
      },
      "id": "way/651186079"
    },
    {
      "type": "Feature",
      "properties": {
        "@id": "way/651186085",
        "landuse": "forest",
        "leaf_type": "mixed",
        "@geometry": "center"
      },
      "geometry": {
        "type": "Point",
        "coordinates": [
          -82.2329215,
          40.6044076
        ]
      },
      "id": "way/651186085"
    },
    {
      "type": "Feature",
      "properties": {
        "@id": "way/651186092",
        "landuse": "forest",
        "leaf_type": "mixed",
        "@geometry": "center"
      },
      "geometry": {
        "type": "Point",
        "coordinates": [
          -82.2391167,
          40.5972992
        ]
      },
      "id": "way/651186092"
    },
    {
      "type": "Feature",
      "properties": {
        "@id": "way/651186095",
        "landuse": "forest",
        "leaf_type": "mixed",
        "@geometry": "center"
      },
      "geometry": {
        "type": "Point",
        "coordinates": [
          -82.2371882,
          40.5962815
        ]
      },
      "id": "way/651186095"
    },
    {
      "type": "Feature",
      "properties": {
        "@id": "way/666008653",
        "landuse": "forest",
        "leaf_cycle": "deciduous",
        "leaf_type": "mixed",
        "name": "Korff Woods",
        "produce": "timber;wood",
        "@geometry": "center"
      },
      "geometry": {
        "type": "Point",
        "coordinates": [
          -82.1546138,
          38.2705331
        ]
      },
      "id": "way/666008653"
    },
    {
      "type": "Feature",
      "properties": {
        "@id": "way/696755526",
        "landuse": "forest",
        "leaf_cycle": "mixed",
        "leaf_type": "mixed",
        "@geometry": "center"
      },
      "geometry": {
        "type": "Point",
        "coordinates": [
          -78.8330096,
          38.3816846
        ]
      },
      "id": "way/696755526"
    },
    {
      "type": "Feature",
      "properties": {
        "@id": "way/700005430",
        "landuse": "forest",
        "leaf_cycle": "evergreen",
        "leaf_type": "needleleaved",
        "@geometry": "center"
      },
      "geometry": {
        "type": "Point",
        "coordinates": [
          -79.1421328,
          37.3609378
        ]
      },
      "id": "way/700005430"
    },
    {
      "type": "Feature",
      "properties": {
        "@id": "way/768713706",
        "landuse": "forest",
        "leaf_type": "needleleaved",
        "@geometry": "center"
      },
      "geometry": {
        "type": "Point",
        "coordinates": [
          -78.2939121,
          38.0187795
        ]
      },
      "id": "way/768713706"
    },
    {
      "type": "Feature",
      "properties": {
        "@id": "way/768713707",
        "landuse": "forest",
        "leaf_cycle": "evergreen",
        "leaf_type": "needleleaved",
        "@geometry": "center"
      },
      "geometry": {
        "type": "Point",
        "coordinates": [
          -78.291664,
          38.0201374
        ]
      },
      "id": "way/768713707"
    },
    {
      "type": "Feature",
      "properties": {
        "@id": "way/768713709",
        "landuse": "forest",
        "leaf_cycle": "evergreen",
        "leaf_type": "needleleaved",
        "@geometry": "center"
      },
      "geometry": {
        "type": "Point",
        "coordinates": [
          -78.2897212,
          38.0201309
        ]
      },
      "id": "way/768713709"
    },
    {
      "type": "Feature",
      "properties": {
        "@id": "way/768713710",
        "landuse": "forest",
        "leaf_cycle": "evergreen",
        "leaf_type": "needleleaved",
        "@geometry": "center"
      },
      "geometry": {
        "type": "Point",
        "coordinates": [
          -78.2866342,
          38.019763
        ]
      },
      "id": "way/768713710"
    },
    {
      "type": "Feature",
      "properties": {
        "@id": "way/768713711",
        "landuse": "forest",
        "leaf_cycle": "evergreen",
        "leaf_type": "needleleaved",
        "@geometry": "center"
      },
      "geometry": {
        "type": "Point",
        "coordinates": [
          -78.281849,
          38.0194365
        ]
      },
      "id": "way/768713711"
    },
    {
      "type": "Feature",
      "properties": {
        "@id": "way/771785840",
        "landuse": "forest",
        "leaf_cycle": "semi_evergreen",
        "leaf_type": "needleleaved",
        "@geometry": "center"
      },
      "geometry": {
        "type": "Point",
        "coordinates": [
          -78.2655984,
          37.5232725
        ]
      },
      "id": "way/771785840"
    },
    {
      "type": "Feature",
      "properties": {
        "@id": "way/802793223",
        "landuse": "forest",
        "leaf_type": "mixed",
        "@geometry": "center"
      },
      "geometry": {
        "type": "Point",
        "coordinates": [
          -80.1669641,
          40.4474787
        ]
      },
      "id": "way/802793223"
    },
    {
      "type": "Feature",
      "properties": {
        "@id": "way/802793224",
        "landuse": "forest",
        "leaf_type": "mixed",
        "@geometry": "center"
      },
      "geometry": {
        "type": "Point",
        "coordinates": [
          -80.1652022,
          40.4471009
        ]
      },
      "id": "way/802793224"
    },
    {
      "type": "Feature",
      "properties": {
        "@id": "way/802793225",
        "landuse": "forest",
        "leaf_type": "mixed",
        "@geometry": "center"
      },
      "geometry": {
        "type": "Point",
        "coordinates": [
          -80.166162,
          40.4469258
        ]
      },
      "id": "way/802793225"
    },
    {
      "type": "Feature",
      "properties": {
        "@id": "way/802793253",
        "landuse": "forest",
        "leaf_type": "needleleaved",
        "@geometry": "center"
      },
      "geometry": {
        "type": "Point",
        "coordinates": [
          -80.1611442,
          40.4443669
        ]
      },
      "id": "way/802793253"
    },
    {
      "type": "Feature",
      "properties": {
        "@id": "way/805152732",
        "landuse": "forest",
        "leaf_type": "broadleaved",
        "@geometry": "center"
      },
      "geometry": {
        "type": "Point",
        "coordinates": [
          -79.7166829,
          40.4207483
        ]
      },
      "id": "way/805152732"
    },
    {
      "type": "Feature",
      "properties": {
        "@id": "way/807942795",
        "landuse": "forest",
        "leaf_type": "broadleaved",
        "@geometry": "center"
      },
      "geometry": {
        "type": "Point",
        "coordinates": [
          -80.1018395,
          40.4223074
        ]
      },
      "id": "way/807942795"
    },
    {
      "type": "Feature",
      "properties": {
        "@id": "way/915435786",
        "landuse": "forest",
        "leaf_cycle": "mixed",
        "leaf_type": "mixed",
        "produce": "timber",
        "@geometry": "center"
      },
      "geometry": {
        "type": "Point",
        "coordinates": [
          -80.535146,
          40.6096879
        ]
      },
      "id": "way/915435786"
    },
    {
      "type": "Feature",
      "properties": {
        "@id": "way/959127649",
        "landuse": "forest",
        "leaf_cycle": "deciduous",
        "leaf_type": "broadleaved",
        "@geometry": "center"
      },
      "geometry": {
        "type": "Point",
        "coordinates": [
          -77.9869223,
          37.929221
        ]
      },
      "id": "way/959127649"
    },
    {
      "type": "Feature",
      "properties": {
        "@id": "way/1005427359",
        "landuse": "forest",
        "leaf_type": "needleleaved",
        "@geometry": "center"
      },
      "geometry": {
        "type": "Point",
        "coordinates": [
          -79.7357524,
          37.731577
        ]
      },
      "id": "way/1005427359"
    },
    {
      "type": "Feature",
      "properties": {
        "@id": "way/1008638406",
        "landuse": "forest",
        "leaf_cycle": "deciduous",
        "leaf_type": "broadleaved",
        "@geometry": "center"
      },
      "geometry": {
        "type": "Point",
        "coordinates": [
          -78.7869655,
          37.3982776
        ]
      },
      "id": "way/1008638406"
    },
    {
      "type": "Feature",
      "properties": {
        "@id": "way/1019056910",
        "landuse": "forest",
        "leaf_cycle": "evergreen",
        "leaf_type": "needleleaved",
        "@geometry": "center"
      },
      "geometry": {
        "type": "Point",
        "coordinates": [
          -77.8692316,
          38.1508462
        ]
      },
      "id": "way/1019056910"
    },
    {
      "type": "Feature",
      "properties": {
        "@id": "way/1019071122",
        "landuse": "forest",
        "leaf_type": "mixed",
        "@geometry": "center"
      },
      "geometry": {
        "type": "Point",
        "coordinates": [
          -77.912183,
          38.124457
        ]
      },
      "id": "way/1019071122"
    },
    {
      "type": "Feature",
      "properties": {
        "@id": "way/1021248018",
        "landuse": "forest",
        "leaf_cycle": "evergreen",
        "leaf_type": "needleleaved",
        "@geometry": "center"
      },
      "geometry": {
        "type": "Point",
        "coordinates": [
          -78.2680552,
          38.3130022
        ]
      },
      "id": "way/1021248018"
    },
    {
      "type": "Feature",
      "properties": {
        "@id": "way/1025984792",
        "landuse": "forest",
        "leaf_cycle": "evergreen",
        "leaf_type": "needleleaved",
        "@geometry": "center"
      },
      "geometry": {
        "type": "Point",
        "coordinates": [
          -79.0220753,
          39.6544494
        ]
      },
      "id": "way/1025984792"
    },
    {
      "type": "Feature",
      "properties": {
        "@id": "way/1025991046",
        "landuse": "forest",
        "leaf_cycle": "evergreen",
        "leaf_type": "needleleaved",
        "@geometry": "center"
      },
      "geometry": {
        "type": "Point",
        "coordinates": [
          -79.0193423,
          39.6474771
        ]
      },
      "id": "way/1025991046"
    },
    {
      "type": "Feature",
      "properties": {
        "@id": "way/1025993664",
        "landuse": "forest",
        "leaf_cycle": "evergreen",
        "leaf_type": "needleleaved",
        "@geometry": "center"
      },
      "geometry": {
        "type": "Point",
        "coordinates": [
          -79.0236285,
          39.6485787
        ]
      },
      "id": "way/1025993664"
    },
    {
      "type": "Feature",
      "properties": {
        "@id": "way/1025993674",
        "landuse": "forest",
        "leaf_cycle": "evergreen",
        "leaf_type": "needleleaved",
        "@geometry": "center"
      },
      "geometry": {
        "type": "Point",
        "coordinates": [
          -79.0214919,
          39.643108
        ]
      },
      "id": "way/1025993674"
    },
    {
      "type": "Feature",
      "properties": {
        "@id": "way/1034327892",
        "landuse": "forest",
        "leaf_cycle": "evergreen",
        "leaf_type": "needleleaved",
        "@geometry": "center"
      },
      "geometry": {
        "type": "Point",
        "coordinates": [
          -79.1336954,
          37.3311317
        ]
      },
      "id": "way/1034327892"
    },
    {
      "type": "Feature",
      "properties": {
        "@id": "way/1034327893",
        "landuse": "forest",
        "leaf_cycle": "evergreen",
        "leaf_type": "needleleaved",
        "@geometry": "center"
      },
      "geometry": {
        "type": "Point",
        "coordinates": [
          -79.1305867,
          37.3383592
        ]
      },
      "id": "way/1034327893"
    },
    {
      "type": "Feature",
      "properties": {
        "@id": "way/1034327894",
        "landuse": "forest",
        "leaf_cycle": "evergreen",
        "leaf_type": "needleleaved",
        "@geometry": "center"
      },
      "geometry": {
        "type": "Point",
        "coordinates": [
          -79.1292617,
          37.334913
        ]
      },
      "id": "way/1034327894"
    },
    {
      "type": "Feature",
      "properties": {
        "@id": "way/1034334878",
        "landuse": "forest",
        "leaf_cycle": "evergreen",
        "leaf_type": "needleleaved",
        "@geometry": "center"
      },
      "geometry": {
        "type": "Point",
        "coordinates": [
          -79.1151238,
          37.3516085
        ]
      },
      "id": "way/1034334878"
    },
    {
      "type": "Feature",
      "properties": {
        "@id": "way/1034334882",
        "landuse": "forest",
        "leaf_cycle": "evergreen",
        "leaf_type": "needleleaved",
        "@geometry": "center"
      },
      "geometry": {
        "type": "Point",
        "coordinates": [
          -79.114311,
          37.3545754
        ]
      },
      "id": "way/1034334882"
    },
    {
      "type": "Feature",
      "properties": {
        "@id": "way/1056474571",
        "landuse": "forest",
        "leaf_type": "needleleaved",
        "@geometry": "center"
      },
      "geometry": {
        "type": "Point",
        "coordinates": [
          -79.4285909,
          37.3305175
        ]
      },
      "id": "way/1056474571"
    },
    {
      "type": "Feature",
      "properties": {
        "@id": "way/1056474572",
        "landuse": "forest",
        "leaf_type": "needleleaved",
        "@geometry": "center"
      },
      "geometry": {
        "type": "Point",
        "coordinates": [
          -79.4213462,
          37.3298691
        ]
      },
      "id": "way/1056474572"
    },
    {
      "type": "Feature",
      "properties": {
        "@id": "way/1056474581",
        "landuse": "forest",
        "leaf_type": "needleleaved",
        "@geometry": "center"
      },
      "geometry": {
        "type": "Point",
        "coordinates": [
          -79.4293607,
          37.3232167
        ]
      },
      "id": "way/1056474581"
    },
    {
      "type": "Feature",
      "properties": {
        "@id": "way/1061382848",
        "landuse": "forest",
        "leaf_type": "needleleaved",
        "@geometry": "center"
      },
      "geometry": {
        "type": "Point",
        "coordinates": [
          -77.8186659,
          38.1548313
        ]
      },
      "id": "way/1061382848"
    },
    {
      "type": "Feature",
      "properties": {
        "@id": "way/1061382849",
        "landuse": "forest",
        "leaf_type": "needleleaved",
        "@geometry": "center"
      },
      "geometry": {
        "type": "Point",
        "coordinates": [
          -77.7986853,
          38.1555649
        ]
      },
      "id": "way/1061382849"
    },
    {
      "type": "Feature",
      "properties": {
        "@id": "way/1061382850",
        "landuse": "forest",
        "leaf_cycle": "evergreen",
        "leaf_type": "needleleaved",
        "@geometry": "center"
      },
      "geometry": {
        "type": "Point",
        "coordinates": [
          -77.7924578,
          38.1555095
        ]
      },
      "id": "way/1061382850"
    },
    {
      "type": "Feature",
      "properties": {
        "@id": "way/1061695409",
        "landuse": "forest",
        "leaf_cycle": "evergreen",
        "leaf_type": "needleleaved",
        "@geometry": "center"
      },
      "geometry": {
        "type": "Point",
        "coordinates": [
          -77.7384695,
          38.2244676
        ]
      },
      "id": "way/1061695409"
    },
    {
      "type": "Feature",
      "properties": {
        "@id": "way/1096381861",
        "landuse": "forest",
        "leaf_cycle": "deciduous",
        "leaf_type": "broadleaved",
        "@geometry": "center"
      },
      "geometry": {
        "type": "Point",
        "coordinates": [
          -78.6711265,
          38.6405831
        ]
      },
      "id": "way/1096381861"
    },
    {
      "type": "Feature",
      "properties": {
        "@id": "way/1096381862",
        "landuse": "forest",
        "leaf_cycle": "deciduous",
        "leaf_type": "broadleaved",
        "@geometry": "center"
      },
      "geometry": {
        "type": "Point",
        "coordinates": [
          -78.6714397,
          38.6398464
        ]
      },
      "id": "way/1096381862"
    },
    {
      "type": "Feature",
      "properties": {
        "@id": "way/1105482813",
        "landuse": "forest",
        "leaf_cycle": "evergreen",
        "leaf_type": "needleleaved",
        "@geometry": "center"
      },
      "geometry": {
        "type": "Point",
        "coordinates": [
          -77.8055982,
          38.1641358
        ]
      },
      "id": "way/1105482813"
    },
    {
      "type": "Feature",
      "properties": {
        "@id": "way/1105482814",
        "landuse": "forest",
        "leaf_cycle": "evergreen",
        "leaf_type": "needleleaved",
        "@geometry": "center"
      },
      "geometry": {
        "type": "Point",
        "coordinates": [
          -77.813575,
          38.161042
        ]
      },
      "id": "way/1105482814"
    },
    {
      "type": "Feature",
      "properties": {
        "@id": "way/1117934543",
        "landuse": "forest",
        "leaf_cycle": "deciduous",
        "leaf_type": "broadleaved",
        "@geometry": "center"
      },
      "geometry": {
        "type": "Point",
        "coordinates": [
          -77.9874793,
          37.9365442
        ]
      },
      "id": "way/1117934543"
    },
    {
      "type": "Feature",
      "properties": {
        "@id": "way/1117936341",
        "landuse": "forest",
        "leaf_cycle": "deciduous",
        "leaf_type": "broadleaved",
        "@geometry": "center"
      },
      "geometry": {
        "type": "Point",
        "coordinates": [
          -77.9930897,
          37.9312499
        ]
      },
      "id": "way/1117936341"
    },
    {
      "type": "Feature",
      "properties": {
        "@id": "way/1117936758",
        "landuse": "forest",
        "leaf_cycle": "deciduous",
        "leaf_type": "broadleaved",
        "@geometry": "center"
      },
      "geometry": {
        "type": "Point",
        "coordinates": [
          -77.9949484,
          37.9169616
        ]
      },
      "id": "way/1117936758"
    },
    {
      "type": "Feature",
      "properties": {
        "@id": "way/1117947179",
        "landuse": "forest",
        "leaf_cycle": "deciduous",
        "leaf_type": "broadleaved",
        "@geometry": "center"
      },
      "geometry": {
        "type": "Point",
        "coordinates": [
          -77.9934798,
          37.9403248
        ]
      },
      "id": "way/1117947179"
    },
    {
      "type": "Feature",
      "properties": {
        "@id": "way/1117947487",
        "landuse": "forest",
        "leaf_cycle": "deciduous",
        "leaf_type": "broadleaved",
        "@geometry": "center"
      },
      "geometry": {
        "type": "Point",
        "coordinates": [
          -77.9757303,
          37.9290872
        ]
      },
      "id": "way/1117947487"
    },
    {
      "type": "Feature",
      "properties": {
        "@id": "way/1193668152",
        "landuse": "forest",
        "leaf_type": "mixed",
        "@geometry": "center"
      },
      "geometry": {
        "type": "Point",
        "coordinates": [
          -78.357307,
          38.0090615
        ]
      },
      "id": "way/1193668152"
    },
    {
      "type": "Feature",
      "properties": {
        "@id": "way/1193668154",
        "landuse": "forest",
        "leaf_type": "broadleaved",
        "@geometry": "center"
      },
      "geometry": {
        "type": "Point",
        "coordinates": [
          -78.3562635,
          38.0080745
        ]
      },
      "id": "way/1193668154"
    },
    {
      "type": "Feature",
      "properties": {
        "@id": "way/1193675366",
        "landuse": "forest",
        "leaf_type": "broadleaved",
        "@geometry": "center"
      },
      "geometry": {
        "type": "Point",
        "coordinates": [
          -78.3536115,
          38.0111269
        ]
      },
      "id": "way/1193675366"
    },
    {
      "type": "Feature",
      "properties": {
        "@id": "way/1193870713",
        "landuse": "forest",
        "leaf_type": "broadleaved",
        "@geometry": "center"
      },
      "geometry": {
        "type": "Point",
        "coordinates": [
          -78.3616391,
          38.0147942
        ]
      },
      "id": "way/1193870713"
    },
    {
      "type": "Feature",
      "properties": {
        "@id": "way/1193873505",
        "landuse": "forest",
        "leaf_type": "broadleaved",
        "@geometry": "center"
      },
      "geometry": {
        "type": "Point",
        "coordinates": [
          -78.3612538,
          38.0176963
        ]
      },
      "id": "way/1193873505"
    },
    {
      "type": "Feature",
      "properties": {
        "@id": "way/1193873510",
        "landuse": "forest",
        "leaf_type": "broadleaved",
        "@geometry": "center"
      },
      "geometry": {
        "type": "Point",
        "coordinates": [
          -78.3609896,
          38.0156951
        ]
      },
      "id": "way/1193873510"
    },
    {
      "type": "Feature",
      "properties": {
        "@id": "way/1229041141",
        "landuse": "forest",
        "leaf_cycle": "evergreen",
        "leaf_type": "needleleaved",
        "@geometry": "center"
      },
      "geometry": {
        "type": "Point",
        "coordinates": [
          -78.1682794,
          37.6213663
        ]
      },
      "id": "way/1229041141"
    },
    {
      "type": "Feature",
      "properties": {
        "@id": "way/1229041144",
        "landuse": "forest",
        "leaf_cycle": "evergreen",
        "leaf_type": "needleleaved",
        "@geometry": "center"
      },
      "geometry": {
        "type": "Point",
        "coordinates": [
          -78.1817405,
          37.6181718
        ]
      },
      "id": "way/1229041144"
    },
    {
      "type": "Feature",
      "properties": {
        "@id": "way/1229042493",
        "landuse": "forest",
        "leaf_type": "mixed",
        "@geometry": "center"
      },
      "geometry": {
        "type": "Point",
        "coordinates": [
          -78.2884857,
          37.4840935
        ]
      },
      "id": "way/1229042493"
    },
    {
      "type": "Feature",
      "properties": {
        "@id": "way/1229053496",
        "landuse": "forest",
        "leaf_cycle": "evergreen",
        "leaf_type": "needleleaved",
        "@geometry": "center"
      },
      "geometry": {
        "type": "Point",
        "coordinates": [
          -78.1806828,
          37.6298135
        ]
      },
      "id": "way/1229053496"
    },
    {
      "type": "Feature",
      "properties": {
        "@id": "way/1229289614",
        "landuse": "forest",
        "leaf_cycle": "semi_evergreen",
        "leaf_type": "mixed",
        "@geometry": "center"
      },
      "geometry": {
        "type": "Point",
        "coordinates": [
          -78.2644797,
          37.5434067
        ]
      },
      "id": "way/1229289614"
    },
    {
      "type": "Feature",
      "properties": {
        "@id": "way/1229289616",
        "landuse": "forest",
        "leaf_cycle": "semi_evergreen",
        "leaf_type": "mixed",
        "@geometry": "center"
      },
      "geometry": {
        "type": "Point",
        "coordinates": [
          -78.2599379,
          37.5089498
        ]
      },
      "id": "way/1229289616"
    },
    {
      "type": "Feature",
      "properties": {
        "@id": "way/1229510973",
        "landuse": "forest",
        "leaf_cycle": "evergreen",
        "leaf_type": "needleleaved",
        "@geometry": "center"
      },
      "geometry": {
        "type": "Point",
        "coordinates": [
          -78.1823318,
          37.5671683
        ]
      },
      "id": "way/1229510973"
    },
    {
      "type": "Feature",
      "properties": {
        "@id": "way/1265698963",
        "landuse": "forest",
        "leaf_cycle": "evergreen",
        "leaf_type": "needleleaved",
        "@geometry": "center"
      },
      "geometry": {
        "type": "Point",
        "coordinates": [
          -78.2401137,
          38.0083696
        ]
      },
      "id": "way/1265698963"
    },
    {
      "type": "Feature",
      "properties": {
        "@id": "way/1335096772",
        "landuse": "forest",
        "leaf_cycle": "mixed",
        "leaf_type": "mixed",
        "name": "Tree Pgh Planting Site",
        "@geometry": "center"
      },
      "geometry": {
        "type": "Point",
        "coordinates": [
          -79.9467061,
          40.4863448
        ]
      },
      "id": "way/1335096772"
    },
    {
      "type": "Feature",
      "properties": {
        "@id": "way/1356922120",
        "landuse": "forest",
        "leaf_type": "needleleaved",
        "@geometry": "center"
      },
      "geometry": {
        "type": "Point",
        "coordinates": [
          -80.4369228,
          39.8907081
        ]
      },
      "id": "way/1356922120"
    },
    {
      "type": "Feature",
      "properties": {
        "@id": "way/1363410255",
        "landuse": "forest",
        "leaf_type": "needleleaved",
        "@geometry": "center"
      },
      "geometry": {
        "type": "Point",
        "coordinates": [
          -80.2735374,
          39.8476323
        ]
      },
      "id": "way/1363410255"
    },
    {
      "type": "Feature",
      "properties": {
        "@id": "way/1363410256",
        "landuse": "forest",
        "leaf_type": "needleleaved",
        "@geometry": "center"
      },
      "geometry": {
        "type": "Point",
        "coordinates": [
          -80.2729221,
          39.8477309
        ]
      },
      "id": "way/1363410256"
    },
    {
      "type": "Feature",
      "properties": {
        "@id": "way/1363410257",
        "landuse": "forest",
        "leaf_type": "needleleaved",
        "@geometry": "center"
      },
      "geometry": {
        "type": "Point",
        "coordinates": [
          -80.2734452,
          39.8474396
        ]
      },
      "id": "way/1363410257"
    },
    {
      "type": "Feature",
      "properties": {
        "@id": "way/1364282876",
        "landuse": "forest",
        "leaf_type": "needleleaved",
        "@geometry": "center"
      },
      "geometry": {
        "type": "Point",
        "coordinates": [
          -80.2101856,
          39.8995559
        ]
      },
      "id": "way/1364282876"
    },
    {
      "type": "Feature",
      "properties": {
        "@id": "way/1368762680",
        "landuse": "forest",
        "leaf_cycle": "evergreen",
        "leaf_type": "needleleaved",
        "@geometry": "center"
      },
      "geometry": {
        "type": "Point",
        "coordinates": [
          -80.1877654,
          39.9182845
        ]
      },
      "id": "way/1368762680"
    },
    {
      "type": "Feature",
      "properties": {
        "@id": "way/1523113550",
        "landuse": "forest",
        "leaf_type": "needleleaved",
        "@geometry": "center"
      },
      "geometry": {
        "type": "Point",
        "coordinates": [
          -79.6241051,
          39.7538879
        ]
      },
      "id": "way/1523113550"
    },
    {
      "type": "Feature",
      "properties": {
        "@id": "way/1523113551",
        "landuse": "forest",
        "leaf_type": "needleleaved",
        "@geometry": "center"
      },
      "geometry": {
        "type": "Point",
        "coordinates": [
          -79.6348286,
          39.7502131
        ]
      },
      "id": "way/1523113551"
    }
  ]
}