{
  "type": "FeatureCollection",
  "generator": "overpass-turbo",
  "copyright": "The data included in this document is from www.openstreetmap.org. The data is made available under ODbL.",
  "timestamp": "2026-06-27T21:37:45Z",
  "features": [
    {
      "type": "Feature",
      "properties": {
        "@id": "relation/2783490",
        "landuse": "forest",
        "source": "Bing",
        "type": "multipolygon",
        "@geometry": "center"
      },
      "geometry": {
        "type": "Point",
        "coordinates": [
          -88.0690358,
          38.7634123
        ]
      },
      "id": "relation/2783490"
    },
    {
      "type": "Feature",
      "properties": {
        "@id": "relation/2783491",
        "landuse": "forest",
        "source": "Bing",
        "type": "multipolygon",
        "@geometry": "center"
      },
      "geometry": {
        "type": "Point",
        "coordinates": [
          -88.0814055,
          38.7640818
        ]
      },
      "id": "relation/2783491"
    },
    {
      "type": "Feature",
      "properties": {
        "@id": "relation/2805623",
        "landuse": "forest",
        "source": "Bing",
        "type": "multipolygon",
        "@geometry": "center"
      },
      "geometry": {
        "type": "Point",
        "coordinates": [
          -88.023596,
          38.8019847
        ]
      },
      "id": "relation/2805623"
    },
    {
      "type": "Feature",
      "properties": {
        "@id": "relation/2805624",
        "landuse": "forest",
        "source": "Bing",
        "type": "multipolygon",
        "@geometry": "center"
      },
      "geometry": {
        "type": "Point",
        "coordinates": [
          -88.0034015,
          38.7710963
        ]
      },
      "id": "relation/2805624"
    },
    {
      "type": "Feature",
      "properties": {
        "@id": "relation/2805625",
        "landuse": "forest",
        "source": "Bing",
        "type": "multipolygon",
        "@geometry": "center"
      },
      "geometry": {
        "type": "Point",
        "coordinates": [
          -88.0145222,
          38.7267078
        ]
      },
      "id": "relation/2805625"
    },
    {
      "type": "Feature",
      "properties": {
        "@id": "relation/3998202",
        "landuse": "forest",
        "type": "multipolygon",
        "@geometry": "center"
      },
      "geometry": {
        "type": "Point",
        "coordinates": [
          -88.2998575,
          37.0130247
        ]
      },
      "id": "relation/3998202"
    },
    {
      "type": "Feature",
      "properties": {
        "@id": "relation/5593752",
        "landuse": "forest",
        "type": "multipolygon",
        "@geometry": "center"
      },
      "geometry": {
        "type": "Point",
        "coordinates": [
          -89.1283396,
          36.671285
        ]
      },
      "id": "relation/5593752"
    },
    {
      "type": "Feature",
      "properties": {
        "@id": "relation/5594556",
        "landuse": "forest",
        "type": "multipolygon",
        "@geometry": "center"
      },
      "geometry": {
        "type": "Point",
        "coordinates": [
          -88.9970503,
          36.7509512
        ]
      },
      "id": "relation/5594556"
    },
    {
      "type": "Feature",
      "properties": {
        "@id": "relation/5595020",
        "landuse": "forest",
        "type": "multipolygon",
        "@geometry": "center"
      },
      "geometry": {
        "type": "Point",
        "coordinates": [
          -89.1640147,
          36.636828
        ]
      },
      "id": "relation/5595020"
    },
    {
      "type": "Feature",
      "properties": {
        "@id": "relation/5595021",
        "landuse": "forest",
        "type": "multipolygon",
        "@geometry": "center"
      },
      "geometry": {
        "type": "Point",
        "coordinates": [
          -89.1955531,
          36.602686
        ]
      },
      "id": "relation/5595021"
    },
    {
      "type": "Feature",
      "properties": {
        "@id": "relation/5612583",
        "landuse": "forest",
        "type": "multipolygon",
        "@geometry": "center"
      },
      "geometry": {
        "type": "Point",
        "coordinates": [
          -89.1154547,
          36.6038748
        ]
      },
      "id": "relation/5612583"
    },
    {
      "type": "Feature",
      "properties": {
        "@id": "relation/5613901",
        "landuse": "forest",
        "type": "multipolygon",
        "@geometry": "center"
      },
      "geometry": {
        "type": "Point",
        "coordinates": [
          -89.0812558,
          36.6047965
        ]
      },
      "id": "relation/5613901"
    },
    {
      "type": "Feature",
      "properties": {
        "@id": "relation/5626562",
        "landuse": "forest",
        "type": "multipolygon",
        "@geometry": "center"
      },
      "geometry": {
        "type": "Point",
        "coordinates": [
          -89.3467502,
          36.6358691
        ]
      },
      "id": "relation/5626562"
    },
    {
      "type": "Feature",
      "properties": {
        "@id": "relation/5626563",
        "landuse": "forest",
        "type": "multipolygon",
        "@geometry": "center"
      },
      "geometry": {
        "type": "Point",
        "coordinates": [
          -89.3648572,
          36.6326857
        ]
      },
      "id": "relation/5626563"
    },
    {
      "type": "Feature",
      "properties": {
        "@id": "relation/5626564",
        "landuse": "forest",
        "type": "multipolygon",
        "@geometry": "center"
      },
      "geometry": {
        "type": "Point",
        "coordinates": [
          -89.3806983,
          36.6197669
        ]
      },
      "id": "relation/5626564"
    },
    {
      "type": "Feature",
      "properties": {
        "@id": "relation/6447399",
        "landuse": "forest",
        "type": "multipolygon",
        "@geometry": "center"
      },
      "geometry": {
        "type": "Point",
        "coordinates": [
          -87.2620171,
          36.8524575
        ]
      },
      "id": "relation/6447399"
    },
    {
      "type": "Feature",
      "properties": {
        "@id": "relation/7088335",
        "landuse": "forest",
        "type": "multipolygon",
        "@geometry": "center"
      },
      "geometry": {
        "type": "Point",
        "coordinates": [
          -85.2297553,
          38.6857605
        ]
      },
      "id": "relation/7088335"
    },
    {
      "type": "Feature",
      "properties": {
        "@id": "relation/7478468",
        "landuse": "forest",
        "type": "multipolygon",
        "@geometry": "center"
      },
      "geometry": {
        "type": "Point",
        "coordinates": [
          -89.1575018,
          37.6248191
        ]
      },
      "id": "relation/7478468"
    },
    {
      "type": "Feature",
      "properties": {
        "@id": "relation/7478469",
        "landuse": "forest",
        "type": "multipolygon",
        "@geometry": "center"
      },
      "geometry": {
        "type": "Point",
        "coordinates": [
          -89.1835353,
          37.6211683
        ]
      },
      "id": "relation/7478469"
    },
    {
      "type": "Feature",
      "properties": {
        "@id": "relation/7478470",
        "landuse": "forest",
        "type": "multipolygon",
        "@geometry": "center"
      },
      "geometry": {
        "type": "Point",
        "coordinates": [
          -89.2000551,
          37.6149394
        ]
      },
      "id": "relation/7478470"
    },
    {
      "type": "Feature",
      "properties": {
        "@id": "relation/7478751",
        "landuse": "forest",
        "type": "multipolygon",
        "@geometry": "center"
      },
      "geometry": {
        "type": "Point",
        "coordinates": [
          -89.2387241,
          37.6245076
        ]
      },
      "id": "relation/7478751"
    },
    {
      "type": "Feature",
      "properties": {
        "@id": "relation/7478752",
        "landuse": "forest",
        "type": "multipolygon",
        "@geometry": "center"
      },
      "geometry": {
        "type": "Point",
        "coordinates": [
          -89.2327943,
          37.685957
        ]
      },
      "id": "relation/7478752"
    },
    {
      "type": "Feature",
      "properties": {
        "@id": "relation/7478753",
        "landuse": "forest",
        "type": "multipolygon",
        "@geometry": "center"
      },
      "geometry": {
        "type": "Point",
        "coordinates": [
          -89.2283177,
          37.664945
        ]
      },
      "id": "relation/7478753"
    },
    {
      "type": "Feature",
      "properties": {
        "@id": "relation/7478859",
        "landuse": "forest",
        "type": "multipolygon",
        "@geometry": "center"
      },
      "geometry": {
        "type": "Point",
        "coordinates": [
          -89.225072,
          37.6433409
        ]
      },
      "id": "relation/7478859"
    },
    {
      "type": "Feature",
      "properties": {
        "@id": "relation/7479223",
        "landuse": "forest",
        "type": "multipolygon",
        "@geometry": "center"
      },
      "geometry": {
        "type": "Point",
        "coordinates": [
          -89.1961749,
          37.6405945
        ]
      },
      "id": "relation/7479223"
    },
    {
      "type": "Feature",
      "properties": {
        "@id": "relation/7480464",
        "landuse": "forest",
        "type": "multipolygon",
        "@geometry": "center"
      },
      "geometry": {
        "type": "Point",
        "coordinates": [
          -89.3733688,
          37.5700767
        ]
      },
      "id": "relation/7480464"
    },
    {
      "type": "Feature",
      "properties": {
        "@id": "relation/7484173",
        "landuse": "forest",
        "source": "USGS-Large_Scale",
        "type": "multipolygon",
        "@geometry": "center"
      },
      "geometry": {
        "type": "Point",
        "coordinates": [
          -89.2967892,
          37.6078269
        ]
      },
      "id": "relation/7484173"
    },
    {
      "type": "Feature",
      "properties": {
        "@id": "relation/7484273",
        "landuse": "forest",
        "source": "USGS-Large_Scale",
        "type": "multipolygon",
        "@geometry": "center"
      },
      "geometry": {
        "type": "Point",
        "coordinates": [
          -89.2646082,
          37.626978
        ]
      },
      "id": "relation/7484273"
    },
    {
      "type": "Feature",
      "properties": {
        "@id": "relation/7484628",
        "landuse": "forest",
        "source": "USGS-Large_Scale",
        "type": "multipolygon",
        "@geometry": "center"
      },
      "geometry": {
        "type": "Point",
        "coordinates": [
          -89.1293188,
          37.6008995
        ]
      },
      "id": "relation/7484628"
    },
    {
      "type": "Feature",
      "properties": {
        "@id": "relation/7484629",
        "landuse": "forest",
        "source": "USGS-Large_Scale",
        "type": "multipolygon",
        "@geometry": "center"
      },
      "geometry": {
        "type": "Point",
        "coordinates": [
          -89.1676182,
          37.5897388
        ]
      },
      "id": "relation/7484629"
    },
    {
      "type": "Feature",
      "properties": {
        "@id": "relation/7485184",
        "landuse": "forest",
        "source": "USGS-Large_Scale",
        "type": "multipolygon",
        "@geometry": "center"
      },
      "geometry": {
        "type": "Point",
        "coordinates": [
          -89.1587372,
          37.6328798
        ]
      },
      "id": "relation/7485184"
    },
    {
      "type": "Feature",
      "properties": {
        "@id": "relation/7485185",
        "landuse": "forest",
        "source": "USGS-Large_Scale",
        "type": "multipolygon",
        "@geometry": "center"
      },
      "geometry": {
        "type": "Point",
        "coordinates": [
          -89.1558361,
          37.624214
        ]
      },
      "id": "relation/7485185"
    },
    {
      "type": "Feature",
      "properties": {
        "@id": "relation/7485186",
        "landuse": "forest",
        "source": "USGS-Large_Scale",
        "type": "multipolygon",
        "@geometry": "center"
      },
      "geometry": {
        "type": "Point",
        "coordinates": [
          -89.2136409,
          37.586438
        ]
      },
      "id": "relation/7485186"
    },
    {
      "type": "Feature",
      "properties": {
        "@id": "relation/7493002",
        "landuse": "forest",
        "source": "USGS-Large_Scale",
        "type": "multipolygon",
        "@geometry": "center"
      },
      "geometry": {
        "type": "Point",
        "coordinates": [
          -89.1007919,
          37.569728
        ]
      },
      "id": "relation/7493002"
    },
    {
      "type": "Feature",
      "properties": {
        "@id": "relation/7493003",
        "landuse": "forest",
        "source": "USGS-Large_Scale",
        "type": "multipolygon",
        "@geometry": "center"
      },
      "geometry": {
        "type": "Point",
        "coordinates": [
          -89.0963475,
          37.5933133
        ]
      },
      "id": "relation/7493003"
    },
    {
      "type": "Feature",
      "properties": {
        "@id": "relation/7493004",
        "landuse": "forest",
        "source": "USGS-Large_Scale",
        "type": "multipolygon",
        "@geometry": "center"
      },
      "geometry": {
        "type": "Point",
        "coordinates": [
          -89.0571387,
          37.6096493
        ]
      },
      "id": "relation/7493004"
    },
    {
      "type": "Feature",
      "properties": {
        "@id": "relation/7493005",
        "landuse": "forest",
        "source": "USGS-Large_Scale",
        "type": "multipolygon",
        "@geometry": "center"
      },
      "geometry": {
        "type": "Point",
        "coordinates": [
          -89.1111265,
          37.5809628
        ]
      },
      "id": "relation/7493005"
    },
    {
      "type": "Feature",
      "properties": {
        "@id": "relation/7493511",
        "landuse": "forest",
        "source": "USGS-Large_Scale",
        "type": "multipolygon",
        "@geometry": "center"
      },
      "geometry": {
        "type": "Point",
        "coordinates": [
          -89.1032194,
          37.5555547
        ]
      },
      "id": "relation/7493511"
    },
    {
      "type": "Feature",
      "properties": {
        "@id": "relation/7493823",
        "landuse": "forest",
        "source": "USGS-Large_Scale",
        "type": "multipolygon",
        "@geometry": "center"
      },
      "geometry": {
        "type": "Point",
        "coordinates": [
          -89.0687209,
          37.5937569
        ]
      },
      "id": "relation/7493823"
    },
    {
      "type": "Feature",
      "properties": {
        "@id": "relation/7495346",
        "landuse": "forest",
        "source": "USGS-Large_Scale",
        "type": "multipolygon",
        "@geometry": "center"
      },
      "geometry": {
        "type": "Point",
        "coordinates": [
          -89.2181465,
          37.6209708
        ]
      },
      "id": "relation/7495346"
    },
    {
      "type": "Feature",
      "properties": {
        "@id": "relation/7495347",
        "landuse": "forest",
        "source": "USGS-Large_Scale",
        "type": "multipolygon",
        "@geometry": "center"
      },
      "geometry": {
        "type": "Point",
        "coordinates": [
          -89.2573497,
          37.6356892
        ]
      },
      "id": "relation/7495347"
    },
    {
      "type": "Feature",
      "properties": {
        "@id": "relation/7496145",
        "landuse": "forest",
        "source": "DigitalGlobe-Standard",
        "type": "multipolygon",
        "@geometry": "center"
      },
      "geometry": {
        "type": "Point",
        "coordinates": [
          -89.3403318,
          37.5595948
        ]
      },
      "id": "relation/7496145"
    },
    {
      "type": "Feature",
      "properties": {
        "@id": "relation/7504916",
        "landuse": "forest",
        "source": "USGS-Large_Scale",
        "type": "multipolygon",
        "@geometry": "center"
      },
      "geometry": {
        "type": "Point",
        "coordinates": [
          -89.0683902,
          37.7244426
        ]
      },
      "id": "relation/7504916"
    },
    {
      "type": "Feature",
      "properties": {
        "@id": "relation/7504917",
        "landuse": "forest",
        "source": "Bing",
        "type": "multipolygon",
        "@geometry": "center"
      },
      "geometry": {
        "type": "Point",
        "coordinates": [
          -89.0836533,
          37.7333209
        ]
      },
      "id": "relation/7504917"
    },
    {
      "type": "Feature",
      "properties": {
        "@id": "relation/7505366",
        "landuse": "forest",
        "source": "USGS-Large_Scale",
        "type": "multipolygon",
        "@geometry": "center"
      },
      "geometry": {
        "type": "Point",
        "coordinates": [
          -88.9101784,
          37.6066629
        ]
      },
      "id": "relation/7505366"
    },
    {
      "type": "Feature",
      "properties": {
        "@id": "relation/10276380",
        "landuse": "forest",
        "type": "multipolygon",
        "@geometry": "center"
      },
      "geometry": {
        "type": "Point",
        "coordinates": [
          -86.7839751,
          37.2878349
        ]
      },
      "id": "relation/10276380"
    },
    {
      "type": "Feature",
      "properties": {
        "@id": "relation/10416370",
        "landuse": "forest",
        "type": "multipolygon",
        "@geometry": "center"
      },
      "geometry": {
        "type": "Point",
        "coordinates": [
          -87.0206692,
          37.1560362
        ]
      },
      "id": "relation/10416370"
    },
    {
      "type": "Feature",
      "properties": {
        "@id": "relation/10441890",
        "landuse": "forest",
        "type": "multipolygon",
        "@geometry": "center"
      },
      "geometry": {
        "type": "Point",
        "coordinates": [
          -86.744041,
          37.2409516
        ]
      },
      "id": "relation/10441890"
    },
    {
      "type": "Feature",
      "properties": {
        "@id": "relation/10561844",
        "landuse": "forest",
        "type": "multipolygon",
        "@geometry": "center"
      },
      "geometry": {
        "type": "Point",
        "coordinates": [
          -87.4962022,
          37.5288913
        ]
      },
      "id": "relation/10561844"
    },
    {
      "type": "Feature",
      "properties": {
        "@id": "relation/11067715",
        "landuse": "forest",
        "type": "multipolygon",
        "@geometry": "center"
      },
      "geometry": {
        "type": "Point",
        "coordinates": [
          -85.9988125,
          37.148809
        ]
      },
      "id": "relation/11067715"
    },
    {
      "type": "Feature",
      "properties": {
        "@id": "relation/11070623",
        "landuse": "forest",
        "type": "multipolygon",
        "@geometry": "center"
      },
      "geometry": {
        "type": "Point",
        "coordinates": [
          -85.9371963,
          37.1662969
        ]
      },
      "id": "relation/11070623"
    },
    {
      "type": "Feature",
      "properties": {
        "@id": "relation/11731207",
        "landuse": "forest",
        "type": "multipolygon",
        "@geometry": "center"
      },
      "geometry": {
        "type": "Point",
        "coordinates": [
          -87.2651621,
          38.6488284
        ]
      },
      "id": "relation/11731207"
    },
    {
      "type": "Feature",
      "properties": {
        "@id": "relation/11785174",
        "landuse": "forest",
        "type": "multipolygon",
        "@geometry": "center"
      },
      "geometry": {
        "type": "Point",
        "coordinates": [
          -87.3100528,
          36.5483638
        ]
      },
      "id": "relation/11785174"
    },
    {
      "type": "Feature",
      "properties": {
        "@id": "relation/11785178",
        "landuse": "forest",
        "type": "multipolygon",
        "@geometry": "center"
      },
      "geometry": {
        "type": "Point",
        "coordinates": [
          -87.300038,
          36.5563186
        ]
      },
      "id": "relation/11785178"
    },
    {
      "type": "Feature",
      "properties": {
        "@id": "relation/11785208",
        "landuse": "forest",
        "type": "multipolygon",
        "@geometry": "center"
      },
      "geometry": {
        "type": "Point",
        "coordinates": [
          -87.2953664,
          36.5635819
        ]
      },
      "id": "relation/11785208"
    },
    {
      "type": "Feature",
      "properties": {
        "@id": "relation/11792719",
        "landuse": "forest",
        "type": "multipolygon",
        "@geometry": "center"
      },
      "geometry": {
        "type": "Point",
        "coordinates": [
          -87.6348006,
          38.5226422
        ]
      },
      "id": "relation/11792719"
    },
    {
      "type": "Feature",
      "properties": {
        "@id": "relation/13145656",
        "landuse": "forest",
        "type": "multipolygon",
        "@geometry": "center"
      },
      "geometry": {
        "type": "Point",
        "coordinates": [
          -82.5301065,
          37.479044
        ]
      },
      "id": "relation/13145656"
    },
    {
      "type": "Feature",
      "properties": {
        "@id": "relation/13275938",
        "landuse": "forest",
        "type": "multipolygon",
        "@geometry": "center"
      },
      "geometry": {
        "type": "Point",
        "coordinates": [
          -82.3307886,
          39.0404655
        ]
      },
      "id": "relation/13275938"
    },
    {
      "type": "Feature",
      "properties": {
        "@id": "relation/14263595",
        "landuse": "forest",
        "natural": "wood",
        "type": "multipolygon",
        "@geometry": "center"
      },
      "geometry": {
        "type": "Point",
        "coordinates": [
          -87.9113418,
          38.2108455
        ]
      },
      "id": "relation/14263595"
    },
    {
      "type": "Feature",
      "properties": {
        "@id": "relation/14263597",
        "landuse": "forest",
        "natural": "wood",
        "type": "multipolygon",
        "@geometry": "center"
      },
      "geometry": {
        "type": "Point",
        "coordinates": [
          -87.9094417,
          38.2143255
        ]
      },
      "id": "relation/14263597"
    },
    {
      "type": "Feature",
      "properties": {
        "@id": "relation/14263598",
        "landuse": "forest",
        "natural": "wood",
        "type": "multipolygon",
        "@geometry": "center"
      },
      "geometry": {
        "type": "Point",
        "coordinates": [
          -87.9070023,
          38.2132061
        ]
      },
      "id": "relation/14263598"
    },
    {
      "type": "Feature",
      "properties": {
        "@id": "relation/14263599",
        "landuse": "forest",
        "natural": "wood",
        "type": "multipolygon",
        "@geometry": "center"
      },
      "geometry": {
        "type": "Point",
        "coordinates": [
          -87.9131605,
          38.2127288
        ]
      },
      "id": "relation/14263599"
    },
    {
      "type": "Feature",
      "properties": {
        "@id": "relation/14263601",
        "landuse": "forest",
        "natural": "wood",
        "type": "multipolygon",
        "@geometry": "center"
      },
      "geometry": {
        "type": "Point",
        "coordinates": [
          -87.9119443,
          38.2174229
        ]
      },
      "id": "relation/14263601"
    },
    {
      "type": "Feature",
      "properties": {
        "@id": "relation/14286664",
        "landuse": "forest",
        "natural": "wood",
        "type": "multipolygon",
        "@geometry": "center"
      },
      "geometry": {
        "type": "Point",
        "coordinates": [
          -87.8885114,
          38.1215199
        ]
      },
      "id": "relation/14286664"
    },
    {
      "type": "Feature",
      "properties": {
        "@id": "relation/14286666",
        "landuse": "forest",
        "natural": "wood",
        "type": "multipolygon",
        "@geometry": "center"
      },
      "geometry": {
        "type": "Point",
        "coordinates": [
          -87.8912902,
          38.1112837
        ]
      },
      "id": "relation/14286666"
    },
    {
      "type": "Feature",
      "properties": {
        "@id": "relation/14286668",
        "landuse": "forest",
        "natural": "wood",
        "type": "multipolygon",
        "@geometry": "center"
      },
      "geometry": {
        "type": "Point",
        "coordinates": [
          -87.8971589,
          38.101724
        ]
      },
      "id": "relation/14286668"
    },
    {
      "type": "Feature",
      "properties": {
        "@id": "relation/14286671",
        "landuse": "forest",
        "natural": "wood",
        "type": "multipolygon",
        "@geometry": "center"
      },
      "geometry": {
        "type": "Point",
        "coordinates": [
          -87.9000288,
          38.1126383
        ]
      },
      "id": "relation/14286671"
    },
    {
      "type": "Feature",
      "properties": {
        "@id": "relation/14287590",
        "landuse": "forest",
        "natural": "wood",
        "type": "multipolygon",
        "@geometry": "center"
      },
      "geometry": {
        "type": "Point",
        "coordinates": [
          -87.9198516,
          38.1320903
        ]
      },
      "id": "relation/14287590"
    },
    {
      "type": "Feature",
      "properties": {
        "@id": "relation/14287593",
        "landuse": "forest",
        "natural": "wood",
        "type": "multipolygon",
        "@geometry": "center"
      },
      "geometry": {
        "type": "Point",
        "coordinates": [
          -87.9230355,
          38.1353044
        ]
      },
      "id": "relation/14287593"
    },
    {
      "type": "Feature",
      "properties": {
        "@id": "relation/14287601",
        "landuse": "forest",
        "natural": "wood",
        "type": "multipolygon",
        "@geometry": "center"
      },
      "geometry": {
        "type": "Point",
        "coordinates": [
          -87.9247668,
          38.1287926
        ]
      },
      "id": "relation/14287601"
    },
    {
      "type": "Feature",
      "properties": {
        "@id": "relation/14287744",
        "landuse": "forest",
        "natural": "wood",
        "type": "multipolygon",
        "@geometry": "center"
      },
      "geometry": {
        "type": "Point",
        "coordinates": [
          -87.8822512,
          38.1622498
        ]
      },
      "id": "relation/14287744"
    },
    {
      "type": "Feature",
      "properties": {
        "@id": "relation/14287745",
        "landuse": "forest",
        "natural": "wood",
        "type": "multipolygon",
        "@geometry": "center"
      },
      "geometry": {
        "type": "Point",
        "coordinates": [
          -87.8674963,
          38.1475512
        ]
      },
      "id": "relation/14287745"
    },
    {
      "type": "Feature",
      "properties": {
        "@id": "relation/14287748",
        "landuse": "forest",
        "natural": "wood",
        "type": "multipolygon",
        "@geometry": "center"
      },
      "geometry": {
        "type": "Point",
        "coordinates": [
          -87.8732737,
          38.1380964
        ]
      },
      "id": "relation/14287748"
    },
    {
      "type": "Feature",
      "properties": {
        "@id": "relation/14287749",
        "landuse": "forest",
        "natural": "wood",
        "type": "multipolygon",
        "@geometry": "center"
      },
      "geometry": {
        "type": "Point",
        "coordinates": [
          -87.8855461,
          38.1390623
        ]
      },
      "id": "relation/14287749"
    },
    {
      "type": "Feature",
      "properties": {
        "@id": "relation/14287754",
        "landuse": "forest",
        "natural": "wood",
        "type": "multipolygon",
        "@geometry": "center"
      },
      "geometry": {
        "type": "Point",
        "coordinates": [
          -87.8977858,
          38.1304699
        ]
      },
      "id": "relation/14287754"
    },
    {
      "type": "Feature",
      "properties": {
        "@id": "relation/14287758",
        "landuse": "forest",
        "natural": "wood",
        "type": "multipolygon",
        "@geometry": "center"
      },
      "geometry": {
        "type": "Point",
        "coordinates": [
          -87.9095051,
          38.1268283
        ]
      },
      "id": "relation/14287758"
    },
    {
      "type": "Feature",
      "properties": {
        "@id": "relation/14287764",
        "landuse": "forest",
        "natural": "wood",
        "type": "multipolygon",
        "@geometry": "center"
      },
      "geometry": {
        "type": "Point",
        "coordinates": [
          -87.9057996,
          38.1210299
        ]
      },
      "id": "relation/14287764"
    },
    {
      "type": "Feature",
      "properties": {
        "@id": "relation/14287768",
        "landuse": "forest",
        "natural": "wood",
        "type": "multipolygon",
        "@geometry": "center"
      },
      "geometry": {
        "type": "Point",
        "coordinates": [
          -87.9079733,
          38.1290873
        ]
      },
      "id": "relation/14287768"
    },
    {
      "type": "Feature",
      "properties": {
        "@id": "relation/14292124",
        "landuse": "forest",
        "natural": "wood",
        "type": "multipolygon",
        "@geometry": "center"
      },
      "geometry": {
        "type": "Point",
        "coordinates": [
          -87.9216732,
          38.2175439
        ]
      },
      "id": "relation/14292124"
    },
    {
      "type": "Feature",
      "properties": {
        "@id": "relation/14292128",
        "landuse": "forest",
        "natural": "wood",
        "type": "multipolygon",
        "@geometry": "center"
      },
      "geometry": {
        "type": "Point",
        "coordinates": [
          -87.9165204,
          38.2165064
        ]
      },
      "id": "relation/14292128"
    },
    {
      "type": "Feature",
      "properties": {
        "@id": "relation/14292129",
        "landuse": "forest",
        "natural": "wood",
        "type": "multipolygon",
        "@geometry": "center"
      },
      "geometry": {
        "type": "Point",
        "coordinates": [
          -87.9174853,
          38.2130416
        ]
      },
      "id": "relation/14292129"
    },
    {
      "type": "Feature",
      "properties": {
        "@id": "relation/14294558",
        "landuse": "forest",
        "natural": "wood",
        "type": "multipolygon",
        "@geometry": "center"
      },
      "geometry": {
        "type": "Point",
        "coordinates": [
          -87.9189934,
          38.2120478
        ]
      },
      "id": "relation/14294558"
    },
    {
      "type": "Feature",
      "properties": {
        "@id": "relation/14294563",
        "landuse": "forest",
        "natural": "wood",
        "type": "multipolygon",
        "@geometry": "center"
      },
      "geometry": {
        "type": "Point",
        "coordinates": [
          -87.9250993,
          38.2110504
        ]
      },
      "id": "relation/14294563"
    },
    {
      "type": "Feature",
      "properties": {
        "@id": "relation/14301150",
        "landuse": "forest",
        "natural": "wood",
        "type": "multipolygon",
        "@geometry": "center"
      },
      "geometry": {
        "type": "Point",
        "coordinates": [
          -87.9568417,
          38.2155297
        ]
      },
      "id": "relation/14301150"
    },
    {
      "type": "Feature",
      "properties": {
        "@id": "relation/14301151",
        "landuse": "forest",
        "natural": "wood",
        "type": "multipolygon",
        "@geometry": "center"
      },
      "geometry": {
        "type": "Point",
        "coordinates": [
          -87.9484266,
          38.2181697
        ]
      },
      "id": "relation/14301151"
    },
    {
      "type": "Feature",
      "properties": {
        "@id": "relation/14301153",
        "landuse": "forest",
        "natural": "wood",
        "type": "multipolygon",
        "@geometry": "center"
      },
      "geometry": {
        "type": "Point",
        "coordinates": [
          -87.9444595,
          38.2084691
        ]
      },
      "id": "relation/14301153"
    },
    {
      "type": "Feature",
      "properties": {
        "@id": "relation/14301158",
        "landuse": "forest",
        "natural": "wood",
        "type": "multipolygon",
        "@geometry": "center"
      },
      "geometry": {
        "type": "Point",
        "coordinates": [
          -87.9225428,
          38.2334679
        ]
      },
      "id": "relation/14301158"
    },
    {
      "type": "Feature",
      "properties": {
        "@id": "relation/14301164",
        "landuse": "forest",
        "natural": "wood",
        "type": "multipolygon",
        "@geometry": "center"
      },
      "geometry": {
        "type": "Point",
        "coordinates": [
          -87.8676813,
          38.2133565
        ]
      },
      "id": "relation/14301164"
    },
    {
      "type": "Feature",
      "properties": {
        "@id": "relation/14301165",
        "landuse": "forest",
        "natural": "wood",
        "type": "multipolygon",
        "@geometry": "center"
      },
      "geometry": {
        "type": "Point",
        "coordinates": [
          -87.8634891,
          38.2136514
        ]
      },
      "id": "relation/14301165"
    },
    {
      "type": "Feature",
      "properties": {
        "@id": "relation/14305805",
        "landuse": "forest",
        "natural": "wood",
        "type": "multipolygon",
        "@geometry": "center"
      },
      "geometry": {
        "type": "Point",
        "coordinates": [
          -87.9837493,
          38.0483604
        ]
      },
      "id": "relation/14305805"
    },
    {
      "type": "Feature",
      "properties": {
        "@id": "relation/14308108",
        "landuse": "forest",
        "natural": "wood",
        "type": "multipolygon",
        "@geometry": "center"
      },
      "geometry": {
        "type": "Point",
        "coordinates": [
          -87.9358846,
          38.0956637
        ]
      },
      "id": "relation/14308108"
    },
    {
      "type": "Feature",
      "properties": {
        "@id": "relation/14329455",
        "landuse": "forest",
        "natural": "wood",
        "type": "multipolygon",
        "@geometry": "center"
      },
      "geometry": {
        "type": "Point",
        "coordinates": [
          -87.9566988,
          38.2417183
        ]
      },
      "id": "relation/14329455"
    },
    {
      "type": "Feature",
      "properties": {
        "@id": "relation/14329456",
        "landuse": "forest",
        "natural": "wood",
        "type": "multipolygon",
        "@geometry": "center"
      },
      "geometry": {
        "type": "Point",
        "coordinates": [
          -87.9580222,
          38.2265498
        ]
      },
      "id": "relation/14329456"
    },
    {
      "type": "Feature",
      "properties": {
        "@id": "relation/14329771",
        "landuse": "forest",
        "natural": "wood",
        "type": "multipolygon",
        "@geometry": "center"
      },
      "geometry": {
        "type": "Point",
        "coordinates": [
          -87.9483556,
          38.2358416
        ]
      },
      "id": "relation/14329771"
    },
    {
      "type": "Feature",
      "properties": {
        "@id": "relation/14329775",
        "landuse": "forest",
        "natural": "wetland",
        "type": "multipolygon",
        "wetland": "swamp",
        "@geometry": "center"
      },
      "geometry": {
        "type": "Point",
        "coordinates": [
          -87.947917,
          38.2373648
        ]
      },
      "id": "relation/14329775"
    },
    {
      "type": "Feature",
      "properties": {
        "@id": "relation/14330174",
        "landuse": "forest",
        "natural": "wood",
        "type": "multipolygon",
        "@geometry": "center"
      },
      "geometry": {
        "type": "Point",
        "coordinates": [
          -87.8828439,
          38.2039585
        ]
      },
      "id": "relation/14330174"
    },
    {
      "type": "Feature",
      "properties": {
        "@id": "relation/14341108",
        "landuse": "forest",
        "leaf_type": "broadleaved",
        "type": "multipolygon",
        "@geometry": "center"
      },
      "geometry": {
        "type": "Point",
        "coordinates": [
          -84.5941754,
          38.6232827
        ]
      },
      "id": "relation/14341108"
    },
    {
      "type": "Feature",
      "properties": {
        "@id": "relation/14377741",
        "landuse": "forest",
        "leaf_cycle": "mixed",
        "leaf_type": "mixed",
        "type": "multipolygon",
        "@geometry": "center"
      },
      "geometry": {
        "type": "Point",
        "coordinates": [
          -84.7830235,
          39.0849927
        ]
      },
      "id": "relation/14377741"
    },
    {
      "type": "Feature",
      "properties": {
        "@id": "relation/14388526",
        "landuse": "forest",
        "type": "multipolygon",
        "@geometry": "center"
      },
      "geometry": {
        "type": "Point",
        "coordinates": [
          -82.1228782,
          36.6474533
        ]
      },
      "id": "relation/14388526"
    },
    {
      "type": "Feature",
      "properties": {
        "@id": "relation/14412305",
        "landuse": "forest",
        "natural": "wood",
        "source": "USGS-Large_Scale",
        "type": "multipolygon",
        "@geometry": "center"
      },
      "geometry": {
        "type": "Point",
        "coordinates": [
          -88.9693098,
          37.6218934
        ]
      },
      "id": "relation/14412305"
    },
    {
      "type": "Feature",
      "properties": {
        "@id": "relation/14631300",
        "landuse": "forest",
        "natural": "wood",
        "type": "multipolygon",
        "@geometry": "center"
      },
      "geometry": {
        "type": "Point",
        "coordinates": [
          -87.941142,
          38.1359154
        ]
      },
      "id": "relation/14631300"
    },
    {
      "type": "Feature",
      "properties": {
        "@id": "relation/14632006",
        "landuse": "forest",
        "natural": "wood",
        "type": "multipolygon",
        "@geometry": "center"
      },
      "geometry": {
        "type": "Point",
        "coordinates": [
          -88.0047092,
          38.067415
        ]
      },
      "id": "relation/14632006"
    },
    {
      "type": "Feature",
      "properties": {
        "@id": "relation/14730841",
        "landuse": "forest",
        "type": "multipolygon",
        "@geometry": "center"
      },
      "geometry": {
        "type": "Point",
        "coordinates": [
          -83.6676928,
          37.8922006
        ]
      },
      "id": "relation/14730841"
    },
    {
      "type": "Feature",
      "properties": {
        "@id": "relation/14742437",
        "landuse": "forest",
        "type": "multipolygon",
        "@geometry": "center"
      },
      "geometry": {
        "type": "Point",
        "coordinates": [
          -84.526855,
          36.7926421
        ]
      },
      "id": "relation/14742437"
    },
    {
      "type": "Feature",
      "properties": {
        "@id": "relation/14743224",
        "landuse": "forest",
        "type": "multipolygon",
        "@geometry": "center"
      },
      "geometry": {
        "type": "Point",
        "coordinates": [
          -83.71214,
          37.64531
        ]
      },
      "id": "relation/14743224"
    },
    {
      "type": "Feature",
      "properties": {
        "@id": "relation/14889670",
        "landuse": "forest",
        "type": "multipolygon",
        "@geometry": "center"
      },
      "geometry": {
        "type": "Point",
        "coordinates": [
          -82.734413,
          38.7140309
        ]
      },
      "id": "relation/14889670"
    },
    {
      "type": "Feature",
      "properties": {
        "@id": "relation/15307878",
        "landuse": "forest",
        "natural": "wood",
        "type": "multipolygon",
        "@geometry": "center"
      },
      "geometry": {
        "type": "Point",
        "coordinates": [
          -87.5708279,
          37.8885913
        ]
      },
      "id": "relation/15307878"
    },
    {
      "type": "Feature",
      "properties": {
        "@id": "relation/15307883",
        "landuse": "forest",
        "natural": "wood",
        "type": "multipolygon",
        "@geometry": "center"
      },
      "geometry": {
        "type": "Point",
        "coordinates": [
          -87.5634303,
          37.8958822
        ]
      },
      "id": "relation/15307883"
    },
    {
      "type": "Feature",
      "properties": {
        "@id": "relation/15307902",
        "landuse": "forest",
        "natural": "wood",
        "type": "multipolygon",
        "@geometry": "center"
      },
      "geometry": {
        "type": "Point",
        "coordinates": [
          -87.6071417,
          37.9048248
        ]
      },
      "id": "relation/15307902"
    },
    {
      "type": "Feature",
      "properties": {
        "@id": "relation/15307924",
        "landuse": "forest",
        "natural": "wood",
        "type": "multipolygon",
        "@geometry": "center"
      },
      "geometry": {
        "type": "Point",
        "coordinates": [
          -87.5924117,
          37.9502052
        ]
      },
      "id": "relation/15307924"
    },
    {
      "type": "Feature",
      "properties": {
        "@id": "relation/15308093",
        "landuse": "forest",
        "natural": "wood",
        "type": "multipolygon",
        "@geometry": "center"
      },
      "geometry": {
        "type": "Point",
        "coordinates": [
          -87.522277,
          37.8913659
        ]
      },
      "id": "relation/15308093"
    },
    {
      "type": "Feature",
      "properties": {
        "@id": "relation/15433180",
        "landuse": "forest",
        "natural": "wood",
        "type": "multipolygon",
        "@geometry": "center"
      },
      "geometry": {
        "type": "Point",
        "coordinates": [
          -87.8814546,
          38.1691705
        ]
      },
      "id": "relation/15433180"
    },
    {
      "type": "Feature",
      "properties": {
        "@id": "relation/15926461",
        "landuse": "forest",
        "source": "bing",
        "type": "multipolygon",
        "@geometry": "center"
      },
      "geometry": {
        "type": "Point",
        "coordinates": [
          -89.4428764,
          37.8147934
        ]
      },
      "id": "relation/15926461"
    },
    {
      "type": "Feature",
      "properties": {
        "@id": "relation/16020950",
        "landuse": "forest",
        "type": "multipolygon",
        "@geometry": "center"
      },
      "geometry": {
        "type": "Point",
        "coordinates": [
          -83.7189027,
          37.650265
        ]
      },
      "id": "relation/16020950"
    },
    {
      "type": "Feature",
      "properties": {
        "@id": "relation/16030565",
        "landuse": "forest",
        "type": "multipolygon",
        "@geometry": "center"
      },
      "geometry": {
        "type": "Point",
        "coordinates": [
          -83.5876724,
          37.8663067
        ]
      },
      "id": "relation/16030565"
    },
    {
      "type": "Feature",
      "properties": {
        "@id": "relation/16030964",
        "landuse": "forest",
        "leaf_cycle": "deciduous",
        "type": "multipolygon",
        "@geometry": "center"
      },
      "geometry": {
        "type": "Point",
        "coordinates": [
          -83.6637709,
          37.810693
        ]
      },
      "id": "relation/16030964"
    },
    {
      "type": "Feature",
      "properties": {
        "@id": "relation/16030997",
        "landuse": "forest",
        "natural": "wood",
        "type": "multipolygon",
        "@geometry": "center"
      },
      "geometry": {
        "type": "Point",
        "coordinates": [
          -83.6584323,
          37.7711046
        ]
      },
      "id": "relation/16030997"
    },
    {
      "type": "Feature",
      "properties": {
        "@id": "relation/16031013",
        "landuse": "forest",
        "type": "multipolygon",
        "@geometry": "center"
      },
      "geometry": {
        "type": "Point",
        "coordinates": [
          -83.5494228,
          37.7893971
        ]
      },
      "id": "relation/16031013"
    },
    {
      "type": "Feature",
      "properties": {
        "@id": "relation/16033753",
        "landuse": "forest",
        "type": "multipolygon",
        "@geometry": "center"
      },
      "geometry": {
        "type": "Point",
        "coordinates": [
          -83.6089532,
          37.8344201
        ]
      },
      "id": "relation/16033753"
    },
    {
      "type": "Feature",
      "properties": {
        "@id": "relation/16058012",
        "landuse": "forest",
        "type": "multipolygon",
        "@geometry": "center"
      },
      "geometry": {
        "type": "Point",
        "coordinates": [
          -83.7196737,
          37.8659433
        ]
      },
      "id": "relation/16058012"
    },
    {
      "type": "Feature",
      "properties": {
        "@id": "relation/16065896",
        "landuse": "forest",
        "type": "multipolygon",
        "@geometry": "center"
      },
      "geometry": {
        "type": "Point",
        "coordinates": [
          -83.4919747,
          37.8235328
        ]
      },
      "id": "relation/16065896"
    },
    {
      "type": "Feature",
      "properties": {
        "@id": "relation/16389414",
        "landuse": "forest",
        "natural": "wood",
        "type": "multipolygon",
        "@geometry": "center"
      },
      "geometry": {
        "type": "Point",
        "coordinates": [
          -87.8737291,
          38.1525618
        ]
      },
      "id": "relation/16389414"
    },
    {
      "type": "Feature",
      "properties": {
        "@id": "relation/16389421",
        "landuse": "forest",
        "natural": "wood",
        "type": "multipolygon",
        "@geometry": "center"
      },
      "geometry": {
        "type": "Point",
        "coordinates": [
          -87.8846491,
          38.1590084
        ]
      },
      "id": "relation/16389421"
    },
    {
      "type": "Feature",
      "properties": {
        "@id": "relation/16389431",
        "landuse": "forest",
        "natural": "wood",
        "type": "multipolygon",
        "@geometry": "center"
      },
      "geometry": {
        "type": "Point",
        "coordinates": [
          -87.9224521,
          38.1374383
        ]
      },
      "id": "relation/16389431"
    },
    {
      "type": "Feature",
      "properties": {
        "@id": "relation/16394170",
        "landuse": "forest",
        "natural": "wood",
        "type": "multipolygon",
        "@geometry": "center"
      },
      "geometry": {
        "type": "Point",
        "coordinates": [
          -87.8630626,
          38.1463279
        ]
      },
      "id": "relation/16394170"
    },
    {
      "type": "Feature",
      "properties": {
        "@id": "relation/16674156",
        "landuse": "forest",
        "natural": "wood",
        "type": "multipolygon",
        "@geometry": "center"
      },
      "geometry": {
        "type": "Point",
        "coordinates": [
          -87.8743065,
          38.1997538
        ]
      },
      "id": "relation/16674156"
    },
    {
      "type": "Feature",
      "properties": {
        "@id": "relation/16674162",
        "landuse": "forest",
        "natural": "wood",
        "type": "multipolygon",
        "@geometry": "center"
      },
      "geometry": {
        "type": "Point",
        "coordinates": [
          -87.8846812,
          38.1990034
        ]
      },
      "id": "relation/16674162"
    },
    {
      "type": "Feature",
      "properties": {
        "@id": "relation/16702728",
        "landuse": "forest",
        "natural": "wood",
        "type": "multipolygon",
        "@geometry": "center"
      },
      "geometry": {
        "type": "Point",
        "coordinates": [
          -87.9498548,
          38.2290268
        ]
      },
      "id": "relation/16702728"
    },
    {
      "type": "Feature",
      "properties": {
        "@id": "relation/16702733",
        "landuse": "forest",
        "natural": "wood",
        "type": "multipolygon",
        "@geometry": "center"
      },
      "geometry": {
        "type": "Point",
        "coordinates": [
          -87.9651998,
          38.2245199
        ]
      },
      "id": "relation/16702733"
    },
    {
      "type": "Feature",
      "properties": {
        "@id": "relation/16702741",
        "landuse": "forest",
        "natural": "wood",
        "type": "multipolygon",
        "@geometry": "center"
      },
      "geometry": {
        "type": "Point",
        "coordinates": [
          -87.9455835,
          38.2153459
        ]
      },
      "id": "relation/16702741"
    },
    {
      "type": "Feature",
      "properties": {
        "@id": "relation/16702742",
        "landuse": "forest",
        "natural": "wood",
        "type": "multipolygon",
        "@geometry": "center"
      },
      "geometry": {
        "type": "Point",
        "coordinates": [
          -87.9475227,
          38.2120478
        ]
      },
      "id": "relation/16702742"
    },
    {
      "type": "Feature",
      "properties": {
        "@id": "relation/17406820",
        "landuse": "forest",
        "type": "multipolygon",
        "@geometry": "center"
      },
      "geometry": {
        "type": "Point",
        "coordinates": [
          -88.7524012,
          38.2404309
        ]
      },
      "id": "relation/17406820"
    },
    {
      "type": "Feature",
      "properties": {
        "@id": "relation/17808155",
        "landuse": "forest",
        "type": "multipolygon",
        "@geometry": "center"
      },
      "geometry": {
        "type": "Point",
        "coordinates": [
          -83.7263836,
          37.6682614
        ]
      },
      "id": "relation/17808155"
    },
    {
      "type": "Feature",
      "properties": {
        "@id": "relation/17936116",
        "landuse": "forest",
        "source": "USGS-Large_Scale",
        "type": "multipolygon",
        "@geometry": "center"
      },
      "geometry": {
        "type": "Point",
        "coordinates": [
          -89.1689768,
          37.6407778
        ]
      },
      "id": "relation/17936116"
    },
    {
      "type": "Feature",
      "properties": {
        "@id": "relation/17937761",
        "landuse": "forest",
        "natural": "wood",
        "type": "multipolygon",
        "@geometry": "center"
      },
      "geometry": {
        "type": "Point",
        "coordinates": [
          -87.8751004,
          38.1983542
        ]
      },
      "id": "relation/17937761"
    },
    {
      "type": "Feature",
      "properties": {
        "@id": "relation/18099857",
        "landuse": "forest",
        "natural": "wood",
        "type": "multipolygon",
        "@geometry": "center"
      },
      "geometry": {
        "type": "Point",
        "coordinates": [
          -83.5582347,
          37.9518121
        ]
      },
      "id": "relation/18099857"
    },
    {
      "type": "Feature",
      "properties": {
        "@id": "relation/18175359",
        "boundary": "forest",
        "landuse": "forest",
        "name": "Bat Wing Cave Single Tree Selection Area",
        "operator": "Indiana Department of Natural Resources",
        "type": "boundary",
        "@geometry": "center"
      },
      "geometry": {
        "type": "Point",
        "coordinates": [
          -86.2840485,
          38.2621573
        ]
      },
      "id": "relation/18175359"
    },
    {
      "type": "Feature",
      "properties": {
        "@id": "relation/18175360",
        "boundary": "forest",
        "landuse": "forest",
        "name": "Bat Wing Cave Forestry Management Area",
        "operator": "Indiana Department of Natural Resources",
        "type": "boundary",
        "@geometry": "center"
      },
      "geometry": {
        "type": "Point",
        "coordinates": [
          -86.2840496,
          38.2612746
        ]
      },
      "id": "relation/18175360"
    },
    {
      "type": "Feature",
      "properties": {
        "@id": "relation/18185907",
        "landuse": "forest",
        "type": "multipolygon",
        "@geometry": "center"
      },
      "geometry": {
        "type": "Point",
        "coordinates": [
          -86.9424351,
          38.3361351
        ]
      },
      "id": "relation/18185907"
    },
    {
      "type": "Feature",
      "properties": {
        "@id": "relation/18185908",
        "landuse": "forest",
        "type": "multipolygon",
        "@geometry": "center"
      },
      "geometry": {
        "type": "Point",
        "coordinates": [
          -86.9560629,
          38.3358935
        ]
      },
      "id": "relation/18185908"
    },
    {
      "type": "Feature",
      "properties": {
        "@id": "relation/18223749",
        "landuse": "forest",
        "type": "multipolygon",
        "@geometry": "center"
      },
      "geometry": {
        "type": "Point",
        "coordinates": [
          -86.9356868,
          38.2872324
        ]
      },
      "id": "relation/18223749"
    },
    {
      "type": "Feature",
      "properties": {
        "@id": "relation/18223750",
        "landuse": "forest",
        "type": "multipolygon",
        "@geometry": "center"
      },
      "geometry": {
        "type": "Point",
        "coordinates": [
          -86.9225804,
          38.3899975
        ]
      },
      "id": "relation/18223750"
    },
    {
      "type": "Feature",
      "properties": {
        "@id": "relation/18303502",
        "landuse": "forest",
        "type": "multipolygon",
        "@geometry": "center"
      },
      "geometry": {
        "type": "Point",
        "coordinates": [
          -86.9397061,
          38.3231998
        ]
      },
      "id": "relation/18303502"
    },
    {
      "type": "Feature",
      "properties": {
        "@id": "relation/18454650",
        "landuse": "forest",
        "type": "multipolygon",
        "@geometry": "center"
      },
      "geometry": {
        "type": "Point",
        "coordinates": [
          -86.6465753,
          38.567818
        ]
      },
      "id": "relation/18454650"
    },
    {
      "type": "Feature",
      "properties": {
        "@id": "relation/18727933",
        "landuse": "forest",
        "type": "multipolygon",
        "@geometry": "center"
      },
      "geometry": {
        "type": "Point",
        "coordinates": [
          -83.6962429,
          37.6792709
        ]
      },
      "id": "relation/18727933"
    },
    {
      "type": "Feature",
      "properties": {
        "@id": "relation/18811089",
        "landuse": "forest",
        "leaf_cycle": "mixed",
        "leaf_type": "mixed",
        "managed": "yes",
        "name": "Berea College Forest",
        "natural": "wood",
        "type": "multipolygon",
        "@geometry": "center"
      },
      "geometry": {
        "type": "Point",
        "coordinates": [
          -84.2342283,
          37.5684385
        ]
      },
      "id": "relation/18811089"
    },
    {
      "type": "Feature",
      "properties": {
        "@id": "relation/19592188",
        "landuse": "forest",
        "type": "multipolygon",
        "@geometry": "center"
      },
      "geometry": {
        "type": "Point",
        "coordinates": [
          -82.1101534,
          37.0510072
        ]
      },
      "id": "relation/19592188"
    },
    {
      "type": "Feature",
      "properties": {
        "@id": "relation/19597891",
        "landuse": "forest",
        "natural": "scrub",
        "type": "multipolygon",
        "@geometry": "center"
      },
      "geometry": {
        "type": "Point",
        "coordinates": [
          -82.0199346,
          37.0684623
        ]
      },
      "id": "relation/19597891"
    },
    {
      "type": "Feature",
      "properties": {
        "@id": "relation/19597892",
        "landuse": "forest",
        "natural": "scrub",
        "type": "multipolygon",
        "@geometry": "center"
      },
      "geometry": {
        "type": "Point",
        "coordinates": [
          -82.0197415,
          37.0686004
        ]
      },
      "id": "relation/19597892"
    },
    {
      "type": "Feature",
      "properties": {
        "@id": "relation/19860318",
        "landuse": "forest",
        "natural": "wood",
        "type": "multipolygon",
        "@geometry": "center"
      },
      "geometry": {
        "type": "Point",
        "coordinates": [
          -83.5366853,
          38.9509109
        ]
      },
      "id": "relation/19860318"
    },
    {
      "type": "Feature",
      "properties": {
        "@id": "relation/19998970",
        "landuse": "forest",
        "type": "multipolygon",
        "@geometry": "center"
      },
      "geometry": {
        "type": "Point",
        "coordinates": [
          -83.8963471,
          38.75927
        ]
      },
      "id": "relation/19998970"
    },
    {
      "type": "Feature",
      "properties": {
        "@id": "relation/20146875",
        "landuse": "forest",
        "natural": "wood",
        "type": "multipolygon",
        "@geometry": "center"
      },
      "geometry": {
        "type": "Point",
        "coordinates": [
          -83.4999581,
          38.9419183
        ]
      },
      "id": "relation/20146875"
    },
    {
      "type": "Feature",
      "properties": {
        "@id": "relation/20666985",
        "landuse": "forest",
        "type": "multipolygon",
        "@geometry": "center"
      },
      "geometry": {
        "type": "Point",
        "coordinates": [
          -86.1058759,
          39.0038206
        ]
      },
      "id": "relation/20666985"
    },
    {
      "type": "Feature",
      "properties": {
        "@id": "relation/20961885",
        "landuse": "forest",
        "type": "multipolygon",
        "@geometry": "center"
      },
      "geometry": {
        "type": "Point",
        "coordinates": [
          -83.5129229,
          38.0376532
        ]
      },
      "id": "relation/20961885"
    },
    {
      "type": "Feature",
      "properties": {
        "@id": "way/24322746",
        "boundary": "protected_area",
        "landuse": "forest",
        "leisure": "nature_reserve",
        "name": "Kleber WMA",
        "protection_title": "Wildlife Management Area",
        "@geometry": "center"
      },
      "geometry": {
        "type": "Point",
        "coordinates": [
          -84.7735423,
          38.3494645
        ]
      },
      "id": "way/24322746"
    },
    {
      "type": "Feature",
      "properties": {
        "@id": "way/60322536",
        "landuse": "forest",
        "@geometry": "center"
      },
      "geometry": {
        "type": "Point",
        "coordinates": [
          -85.7041134,
          38.1605154
        ]
      },
      "id": "way/60322536"
    },
    {
      "type": "Feature",
      "properties": {
        "@id": "way/60357086",
        "landuse": "forest",
        "@geometry": "center"
      },
      "geometry": {
        "type": "Point",
        "coordinates": [
          -85.7352312,
          38.1327803
        ]
      },
      "id": "way/60357086"
    },
    {
      "type": "Feature",
      "properties": {
        "@id": "way/62127614",
        "landuse": "forest",
        "@geometry": "center"
      },
      "geometry": {
        "type": "Point",
        "coordinates": [
          -85.7550746,
          38.1280004
        ]
      },
      "id": "way/62127614"
    },
    {
      "type": "Feature",
      "properties": {
        "@id": "way/62127615",
        "landuse": "forest",
        "@geometry": "center"
      },
      "geometry": {
        "type": "Point",
        "coordinates": [
          -85.7642719,
          38.1289836
        ]
      },
      "id": "way/62127615"
    },
    {
      "type": "Feature",
      "properties": {
        "@id": "way/62128633",
        "landuse": "forest",
        "@geometry": "center"
      },
      "geometry": {
        "type": "Point",
        "coordinates": [
          -85.7646206,
          38.1316062
        ]
      },
      "id": "way/62128633"
    },
    {
      "type": "Feature",
      "properties": {
        "@id": "way/62128778",
        "landuse": "forest",
        "@geometry": "center"
      },
      "geometry": {
        "type": "Point",
        "coordinates": [
          -85.7712403,
          38.1264919
        ]
      },
      "id": "way/62128778"
    },
    {
      "type": "Feature",
      "properties": {
        "@id": "way/62128785",
        "landuse": "forest",
        "@geometry": "center"
      },
      "geometry": {
        "type": "Point",
        "coordinates": [
          -85.7505336,
          38.127454
        ]
      },
      "id": "way/62128785"
    },
    {
      "type": "Feature",
      "properties": {
        "@id": "way/62227307",
        "landuse": "forest",
        "@geometry": "center"
      },
      "geometry": {
        "type": "Point",
        "coordinates": [
          -85.6252615,
          38.2440969
        ]
      },
      "id": "way/62227307"
    },
    {
      "type": "Feature",
      "properties": {
        "@id": "way/137954020",
        "landuse": "forest",
        "leaf_cycle": "mixed",
        "leaf_type": "mixed",
        "source": "bing",
        "@geometry": "center"
      },
      "geometry": {
        "type": "Point",
        "coordinates": [
          -89.2932933,
          37.7218913
        ]
      },
      "id": "way/137954020"
    },
    {
      "type": "Feature",
      "properties": {
        "@id": "way/137954021",
        "landuse": "forest",
        "leaf_cycle": "mixed",
        "leaf_type": "mixed",
        "source": "bing",
        "@geometry": "center"
      },
      "geometry": {
        "type": "Point",
        "coordinates": [
          -89.3004125,
          37.7261393
        ]
      },
      "id": "way/137954021"
    },
    {
      "type": "Feature",
      "properties": {
        "@id": "way/137954022",
        "landuse": "forest",
        "leaf_cycle": "mixed",
        "leaf_type": "mixed",
        "source": "bing",
        "@geometry": "center"
      },
      "geometry": {
        "type": "Point",
        "coordinates": [
          -89.2995561,
          37.7235321
        ]
      },
      "id": "way/137954022"
    },
    {
      "type": "Feature",
      "properties": {
        "@id": "way/137954023",
        "landuse": "forest",
        "leaf_cycle": "mixed",
        "leaf_type": "mixed",
        "source": "bing",
        "@geometry": "center"
      },
      "geometry": {
        "type": "Point",
        "coordinates": [
          -89.3150694,
          37.7234357
        ]
      },
      "id": "way/137954023"
    },
    {
      "type": "Feature",
      "properties": {
        "@id": "way/137954024",
        "landuse": "forest",
        "leaf_cycle": "mixed",
        "leaf_type": "mixed",
        "source": "bing",
        "@geometry": "center"
      },
      "geometry": {
        "type": "Point",
        "coordinates": [
          -89.3109731,
          37.7205501
        ]
      },
      "id": "way/137954024"
    },
    {
      "type": "Feature",
      "properties": {
        "@id": "way/137955950",
        "landuse": "forest",
        "leaf_cycle": "mixed",
        "leaf_type": "mixed",
        "source": "bing",
        "@geometry": "center"
      },
      "geometry": {
        "type": "Point",
        "coordinates": [
          -89.315384,
          37.7269366
        ]
      },
      "id": "way/137955950"
    },
    {
      "type": "Feature",
      "properties": {
        "@id": "way/137955952",
        "landuse": "forest",
        "leaf_cycle": "mixed",
        "leaf_type": "mixed",
        "source": "bing",
        "@geometry": "center"
      },
      "geometry": {
        "type": "Point",
        "coordinates": [
          -89.2990408,
          37.7214615
        ]
      },
      "id": "way/137955952"
    },
    {
      "type": "Feature",
      "properties": {
        "@id": "way/137955954",
        "landuse": "forest",
        "leaf_cycle": "mixed",
        "leaf_type": "mixed",
        "source": "bing",
        "@geometry": "center"
      },
      "geometry": {
        "type": "Point",
        "coordinates": [
          -89.2972075,
          37.7225579
        ]
      },
      "id": "way/137955954"
    },
    {
      "type": "Feature",
      "properties": {
        "@id": "way/137955955",
        "landuse": "forest",
        "leaf_cycle": "mixed",
        "leaf_type": "mixed",
        "source": "bing",
        "@geometry": "center"
      },
      "geometry": {
        "type": "Point",
        "coordinates": [
          -89.292829,
          37.7281535
        ]
      },
      "id": "way/137955955"
    },
    {
      "type": "Feature",
      "properties": {
        "@id": "way/137955956",
        "landuse": "forest",
        "leaf_cycle": "mixed",
        "leaf_type": "mixed",
        "source": "bing",
        "@geometry": "center"
      },
      "geometry": {
        "type": "Point",
        "coordinates": [
          -89.2949478,
          37.7241355
        ]
      },
      "id": "way/137955956"
    },
    {
      "type": "Feature",
      "properties": {
        "@id": "way/137955958",
        "landuse": "forest",
        "leaf_cycle": "mixed",
        "leaf_type": "mixed",
        "source": "bing",
        "@geometry": "center"
      },
      "geometry": {
        "type": "Point",
        "coordinates": [
          -89.2950357,
          37.7274142
        ]
      },
      "id": "way/137955958"
    },
    {
      "type": "Feature",
      "properties": {
        "@id": "way/137955962",
        "landuse": "forest",
        "leaf_cycle": "mixed",
        "leaf_type": "mixed",
        "source": "bing",
        "@geometry": "center"
      },
      "geometry": {
        "type": "Point",
        "coordinates": [
          -89.3152214,
          37.7178042
        ]
      },
      "id": "way/137955962"
    },
    {
      "type": "Feature",
      "properties": {
        "@id": "way/137955964",
        "landuse": "forest",
        "leaf_cycle": "mixed",
        "leaf_type": "mixed",
        "source": "bing",
        "@geometry": "center"
      },
      "geometry": {
        "type": "Point",
        "coordinates": [
          -89.2999575,
          37.7295002
        ]
      },
      "id": "way/137955964"
    },
    {
      "type": "Feature",
      "properties": {
        "@id": "way/137955966",
        "landuse": "forest",
        "leaf_cycle": "mixed",
        "leaf_type": "mixed",
        "source": "bing",
        "@geometry": "center"
      },
      "geometry": {
        "type": "Point",
        "coordinates": [
          -89.3081769,
          37.7256437
        ]
      },
      "id": "way/137955966"
    },
    {
      "type": "Feature",
      "properties": {
        "@id": "way/137955968",
        "landuse": "forest",
        "leaf_cycle": "mixed",
        "leaf_type": "mixed",
        "source": "bing",
        "@geometry": "center"
      },
      "geometry": {
        "type": "Point",
        "coordinates": [
          -89.2928525,
          37.7248588
        ]
      },
      "id": "way/137955968"
    },
    {
      "type": "Feature",
      "properties": {
        "@id": "way/137955972",
        "landuse": "forest",
        "leaf_cycle": "mixed",
        "leaf_type": "mixed",
        "source": "bing",
        "@geometry": "center"
      },
      "geometry": {
        "type": "Point",
        "coordinates": [
          -89.2982755,
          37.7219626
        ]
      },
      "id": "way/137955972"
    },
    {
      "type": "Feature",
      "properties": {
        "@id": "way/137955975",
        "landuse": "forest",
        "leaf_cycle": "mixed",
        "leaf_type": "mixed",
        "source": "bing",
        "@geometry": "center"
      },
      "geometry": {
        "type": "Point",
        "coordinates": [
          -89.3044596,
          37.7280597
        ]
      },
      "id": "way/137955975"
    },
    {
      "type": "Feature",
      "properties": {
        "@id": "way/137955980",
        "landuse": "forest",
        "leaf_cycle": "mixed",
        "leaf_type": "mixed",
        "source": "bing",
        "@geometry": "center"
      },
      "geometry": {
        "type": "Point",
        "coordinates": [
          -89.2909383,
          37.7240067
        ]
      },
      "id": "way/137955980"
    },
    {
      "type": "Feature",
      "properties": {
        "@id": "way/137955984",
        "landuse": "forest",
        "leaf_cycle": "mixed",
        "leaf_type": "mixed",
        "source": "bing",
        "@geometry": "center"
      },
      "geometry": {
        "type": "Point",
        "coordinates": [
          -89.2865828,
          37.7263906
        ]
      },
      "id": "way/137955984"
    },
    {
      "type": "Feature",
      "properties": {
        "@id": "way/137955985",
        "landuse": "forest",
        "leaf_cycle": "mixed",
        "leaf_type": "mixed",
        "source": "bing",
        "@geometry": "center"
      },
      "geometry": {
        "type": "Point",
        "coordinates": [
          -89.2966451,
          37.7233832
        ]
      },
      "id": "way/137955985"
    },
    {
      "type": "Feature",
      "properties": {
        "@id": "way/137963546",
        "landuse": "forest",
        "leaf_cycle": "mixed",
        "leaf_type": "mixed",
        "source": "bing",
        "@geometry": "center"
      },
      "geometry": {
        "type": "Point",
        "coordinates": [
          -89.3475535,
          37.7208024
        ]
      },
      "id": "way/137963546"
    },
    {
      "type": "Feature",
      "properties": {
        "@id": "way/137963559",
        "landuse": "forest",
        "leaf_cycle": "mixed",
        "leaf_type": "mixed",
        "source": "bing",
        "@geometry": "center"
      },
      "geometry": {
        "type": "Point",
        "coordinates": [
          -89.3543016,
          37.7256397
        ]
      },
      "id": "way/137963559"
    },
    {
      "type": "Feature",
      "properties": {
        "@id": "way/137963572",
        "landuse": "forest",
        "leaf_cycle": "mixed",
        "leaf_type": "mixed",
        "source": "bing",
        "@geometry": "center"
      },
      "geometry": {
        "type": "Point",
        "coordinates": [
          -89.3392325,
          37.7174661
        ]
      },
      "id": "way/137963572"
    },
    {
      "type": "Feature",
      "properties": {
        "@id": "way/137963576",
        "landuse": "forest",
        "leaf_cycle": "mixed",
        "leaf_type": "mixed",
        "source": "bing",
        "@geometry": "center"
      },
      "geometry": {
        "type": "Point",
        "coordinates": [
          -89.322563,
          37.7260798
        ]
      },
      "id": "way/137963576"
    },
    {
      "type": "Feature",
      "properties": {
        "@id": "way/137963580",
        "landuse": "forest",
        "leaf_cycle": "mixed",
        "leaf_type": "mixed",
        "source": "bing",
        "@geometry": "center"
      },
      "geometry": {
        "type": "Point",
        "coordinates": [
          -89.3447522,
          37.7208955
        ]
      },
      "id": "way/137963580"
    },
    {
      "type": "Feature",
      "properties": {
        "@id": "way/137963626",
        "landuse": "forest",
        "leaf_cycle": "mixed",
        "leaf_type": "mixed",
        "source": "bing",
        "@geometry": "center"
      },
      "geometry": {
        "type": "Point",
        "coordinates": [
          -89.3294409,
          37.7185718
        ]
      },
      "id": "way/137963626"
    },
    {
      "type": "Feature",
      "properties": {
        "@id": "way/137963635",
        "landuse": "forest",
        "leaf_cycle": "mixed",
        "leaf_type": "mixed",
        "source": "bing",
        "@geometry": "center"
      },
      "geometry": {
        "type": "Point",
        "coordinates": [
          -89.3406546,
          37.7182975
        ]
      },
      "id": "way/137963635"
    },
    {
      "type": "Feature",
      "properties": {
        "@id": "way/137963691",
        "landuse": "forest",
        "leaf_cycle": "mixed",
        "leaf_type": "mixed",
        "source": "bing",
        "@geometry": "center"
      },
      "geometry": {
        "type": "Point",
        "coordinates": [
          -89.3354717,
          37.7132494
        ]
      },
      "id": "way/137963691"
    },
    {
      "type": "Feature",
      "properties": {
        "@id": "way/137963695",
        "landuse": "forest",
        "leaf_cycle": "mixed",
        "leaf_type": "mixed",
        "source": "bing",
        "@geometry": "center"
      },
      "geometry": {
        "type": "Point",
        "coordinates": [
          -89.3348508,
          37.720367
        ]
      },
      "id": "way/137963695"
    },
    {
      "type": "Feature",
      "properties": {
        "@id": "way/137964545",
        "landuse": "forest",
        "leaf_cycle": "mixed",
        "leaf_type": "mixed",
        "source": "bing",
        "@geometry": "center"
      },
      "geometry": {
        "type": "Point",
        "coordinates": [
          -89.3437335,
          37.7214304
        ]
      },
      "id": "way/137964545"
    },
    {
      "type": "Feature",
      "properties": {
        "@id": "way/137972776",
        "landuse": "forest",
        "leaf_cycle": "mixed",
        "leaf_type": "mixed",
        "source": "bing",
        "@geometry": "center"
      },
      "geometry": {
        "type": "Point",
        "coordinates": [
          -89.2873419,
          37.7182732
        ]
      },
      "id": "way/137972776"
    },
    {
      "type": "Feature",
      "properties": {
        "@id": "way/137972777",
        "landuse": "forest",
        "leaf_cycle": "mixed",
        "leaf_type": "mixed",
        "source": "bing",
        "@geometry": "center"
      },
      "geometry": {
        "type": "Point",
        "coordinates": [
          -89.3425046,
          37.7246052
        ]
      },
      "id": "way/137972777"
    },
    {
      "type": "Feature",
      "properties": {
        "@id": "way/137972782",
        "landuse": "forest",
        "leaf_cycle": "mixed",
        "leaf_type": "mixed",
        "source": "bing",
        "@geometry": "center"
      },
      "geometry": {
        "type": "Point",
        "coordinates": [
          -89.2905289,
          37.7166431
        ]
      },
      "id": "way/137972782"
    },
    {
      "type": "Feature",
      "properties": {
        "@id": "way/137972785",
        "landuse": "forest",
        "leaf_cycle": "mixed",
        "leaf_type": "mixed",
        "source": "bing",
        "@geometry": "center"
      },
      "geometry": {
        "type": "Point",
        "coordinates": [
          -89.2933488,
          37.7149655
        ]
      },
      "id": "way/137972785"
    },
    {
      "type": "Feature",
      "properties": {
        "@id": "way/137972787",
        "landuse": "forest",
        "leaf_cycle": "mixed",
        "leaf_type": "mixed",
        "source": "bing",
        "@geometry": "center"
      },
      "geometry": {
        "type": "Point",
        "coordinates": [
          -89.2870646,
          37.7186698
        ]
      },
      "id": "way/137972787"
    },
    {
      "type": "Feature",
      "properties": {
        "@id": "way/137972788",
        "landuse": "forest",
        "leaf_cycle": "mixed",
        "leaf_type": "mixed",
        "source": "bing",
        "@geometry": "center"
      },
      "geometry": {
        "type": "Point",
        "coordinates": [
          -89.2939131,
          37.7159017
        ]
      },
      "id": "way/137972788"
    },
    {
      "type": "Feature",
      "properties": {
        "@id": "way/137972790",
        "landuse": "forest",
        "leaf_cycle": "mixed",
        "leaf_type": "mixed",
        "source": "bing",
        "@geometry": "center"
      },
      "geometry": {
        "type": "Point",
        "coordinates": [
          -89.3396305,
          37.7302142
        ]
      },
      "id": "way/137972790"
    },
    {
      "type": "Feature",
      "properties": {
        "@id": "way/137972795",
        "landuse": "forest",
        "leaf_cycle": "mixed",
        "leaf_type": "mixed",
        "source": "bing",
        "@geometry": "center"
      },
      "geometry": {
        "type": "Point",
        "coordinates": [
          -89.3189889,
          37.7182169
        ]
      },
      "id": "way/137972795"
    },
    {
      "type": "Feature",
      "properties": {
        "@id": "way/137972797",
        "landuse": "forest",
        "leaf_cycle": "mixed",
        "leaf_type": "mixed",
        "source": "bing",
        "@geometry": "center"
      },
      "geometry": {
        "type": "Point",
        "coordinates": [
          -89.3335712,
          37.7248386
        ]
      },
      "id": "way/137972797"
    },
    {
      "type": "Feature",
      "properties": {
        "@id": "way/137972818",
        "landuse": "forest",
        "leaf_cycle": "mixed",
        "leaf_type": "mixed",
        "source": "bing",
        "@geometry": "center"
      },
      "geometry": {
        "type": "Point",
        "coordinates": [
          -89.3485367,
          37.7285225
        ]
      },
      "id": "way/137972818"
    },
    {
      "type": "Feature",
      "properties": {
        "@id": "way/137975255",
        "landuse": "forest",
        "leaf_cycle": "mixed",
        "leaf_type": "mixed",
        "source": "bing",
        "@geometry": "center"
      },
      "geometry": {
        "type": "Point",
        "coordinates": [
          -89.3499464,
          37.7244475
        ]
      },
      "id": "way/137975255"
    },
    {
      "type": "Feature",
      "properties": {
        "@id": "way/137975256",
        "landuse": "forest",
        "leaf_cycle": "mixed",
        "leaf_type": "mixed",
        "source": "bing",
        "@geometry": "center"
      },
      "geometry": {
        "type": "Point",
        "coordinates": [
          -89.3565287,
          37.7181513
        ]
      },
      "id": "way/137975256"
    },
    {
      "type": "Feature",
      "properties": {
        "@id": "way/137975257",
        "landuse": "forest",
        "leaf_cycle": "mixed",
        "leaf_type": "mixed",
        "source": "bing",
        "@geometry": "center"
      },
      "geometry": {
        "type": "Point",
        "coordinates": [
          -89.3699197,
          37.7183713
        ]
      },
      "id": "way/137975257"
    },
    {
      "type": "Feature",
      "properties": {
        "@id": "way/137975259",
        "landuse": "forest",
        "leaf_cycle": "mixed",
        "leaf_type": "mixed",
        "source": "bing",
        "@geometry": "center"
      },
      "geometry": {
        "type": "Point",
        "coordinates": [
          -89.365723,
          37.7190619
        ]
      },
      "id": "way/137975259"
    },
    {
      "type": "Feature",
      "properties": {
        "@id": "way/137975260",
        "landuse": "forest",
        "leaf_cycle": "mixed",
        "leaf_type": "mixed",
        "source": "bing",
        "@geometry": "center"
      },
      "geometry": {
        "type": "Point",
        "coordinates": [
          -89.3449644,
          37.7302655
        ]
      },
      "id": "way/137975260"
    },
    {
      "type": "Feature",
      "properties": {
        "@id": "way/137975261",
        "landuse": "forest",
        "leaf_cycle": "mixed",
        "leaf_type": "mixed",
        "source": "bing",
        "@geometry": "center"
      },
      "geometry": {
        "type": "Point",
        "coordinates": [
          -89.3492205,
          37.7162306
        ]
      },
      "id": "way/137975261"
    },
    {
      "type": "Feature",
      "properties": {
        "@id": "way/137975262",
        "landuse": "forest",
        "leaf_cycle": "mixed",
        "leaf_type": "mixed",
        "source": "bing",
        "@geometry": "center"
      },
      "geometry": {
        "type": "Point",
        "coordinates": [
          -89.3609446,
          37.7290761
        ]
      },
      "id": "way/137975262"
    },
    {
      "type": "Feature",
      "properties": {
        "@id": "way/137975263",
        "landuse": "forest",
        "leaf_cycle": "mixed",
        "leaf_type": "mixed",
        "source": "bing",
        "@geometry": "center"
      },
      "geometry": {
        "type": "Point",
        "coordinates": [
          -89.367533,
          37.72587
        ]
      },
      "id": "way/137975263"
    },
    {
      "type": "Feature",
      "properties": {
        "@id": "way/137975265",
        "landuse": "forest",
        "leaf_cycle": "mixed",
        "leaf_type": "mixed",
        "source": "bing",
        "@geometry": "center"
      },
      "geometry": {
        "type": "Point",
        "coordinates": [
          -89.355796,
          37.7308472
        ]
      },
      "id": "way/137975265"
    },
    {
      "type": "Feature",
      "properties": {
        "@id": "way/138100428",
        "landuse": "forest",
        "leaf_cycle": "mixed",
        "leaf_type": "mixed",
        "source": "bing",
        "@geometry": "center"
      },
      "geometry": {
        "type": "Point",
        "coordinates": [
          -89.2720346,
          37.7949493
        ]
      },
      "id": "way/138100428"
    },
    {
      "type": "Feature",
      "properties": {
        "@id": "way/138100430",
        "landuse": "forest",
        "leaf_cycle": "mixed",
        "leaf_type": "mixed",
        "source": "bing",
        "@geometry": "center"
      },
      "geometry": {
        "type": "Point",
        "coordinates": [
          -89.2626485,
          37.7898883
        ]
      },
      "id": "way/138100430"
    },
    {
      "type": "Feature",
      "properties": {
        "@id": "way/138101171",
        "landuse": "forest",
        "leaf_cycle": "mixed",
        "leaf_type": "mixed",
        "source": "bing",
        "@geometry": "center"
      },
      "geometry": {
        "type": "Point",
        "coordinates": [
          -89.2544079,
          37.7909371
        ]
      },
      "id": "way/138101171"
    },
    {
      "type": "Feature",
      "properties": {
        "@id": "way/138118990",
        "landuse": "forest",
        "leaf_cycle": "mixed",
        "leaf_type": "mixed",
        "source": "bing",
        "@geometry": "center"
      },
      "geometry": {
        "type": "Point",
        "coordinates": [
          -89.2864541,
          37.788773
        ]
      },
      "id": "way/138118990"
    },
    {
      "type": "Feature",
      "properties": {
        "@id": "way/138118995",
        "landuse": "forest",
        "leaf_cycle": "mixed",
        "leaf_type": "mixed",
        "source": "bing",
        "@geometry": "center"
      },
      "geometry": {
        "type": "Point",
        "coordinates": [
          -89.2887098,
          37.7860038
        ]
      },
      "id": "way/138118995"
    },
    {
      "type": "Feature",
      "properties": {
        "@id": "way/138119000",
        "landuse": "forest",
        "leaf_cycle": "mixed",
        "leaf_type": "mixed",
        "source": "bing",
        "@geometry": "center"
      },
      "geometry": {
        "type": "Point",
        "coordinates": [
          -89.2856637,
          37.7982167
        ]
      },
      "id": "way/138119000"
    },
    {
      "type": "Feature",
      "properties": {
        "@id": "way/138119005",
        "landuse": "forest",
        "leaf_cycle": "mixed",
        "leaf_type": "mixed",
        "source": "bing",
        "@geometry": "center"
      },
      "geometry": {
        "type": "Point",
        "coordinates": [
          -89.2832541,
          37.786886
        ]
      },
      "id": "way/138119005"
    },
    {
      "type": "Feature",
      "properties": {
        "@id": "way/138119008",
        "landuse": "forest",
        "leaf_cycle": "mixed",
        "leaf_type": "mixed",
        "source": "bing",
        "@geometry": "center"
      },
      "geometry": {
        "type": "Point",
        "coordinates": [
          -89.2701072,
          37.7899774
        ]
      },
      "id": "way/138119008"
    },
    {
      "type": "Feature",
      "properties": {
        "@id": "way/138119018",
        "landuse": "forest",
        "leaf_cycle": "mixed",
        "leaf_type": "mixed",
        "source": "bing",
        "@geometry": "center"
      },
      "geometry": {
        "type": "Point",
        "coordinates": [
          -89.2820066,
          37.7917636
        ]
      },
      "id": "way/138119018"
    },
    {
      "type": "Feature",
      "properties": {
        "@id": "way/138119021",
        "landuse": "forest",
        "leaf_cycle": "mixed",
        "leaf_type": "mixed",
        "source": "bing",
        "@geometry": "center"
      },
      "geometry": {
        "type": "Point",
        "coordinates": [
          -89.2913777,
          37.7984086
        ]
      },
      "id": "way/138119021"
    },
    {
      "type": "Feature",
      "properties": {
        "@id": "way/138126031",
        "landuse": "forest",
        "leaf_cycle": "mixed",
        "leaf_type": "mixed",
        "source": "bing",
        "@geometry": "center"
      },
      "geometry": {
        "type": "Point",
        "coordinates": [
          -89.2870619,
          37.7928353
        ]
      },
      "id": "way/138126031"
    },
    {
      "type": "Feature",
      "properties": {
        "@id": "way/138206113",
        "landuse": "forest",
        "leaf_cycle": "deciduous",
        "source": "bing",
        "@geometry": "center"
      },
      "geometry": {
        "type": "Point",
        "coordinates": [
          -89.5221993,
          37.617832
        ]
      },
      "id": "way/138206113"
    },
    {
      "type": "Feature",
      "properties": {
        "@id": "way/138206117",
        "landuse": "forest",
        "leaf_cycle": "deciduous",
        "leaf_type": "broadleaved",
        "source": "bing",
        "@geometry": "center"
      },
      "geometry": {
        "type": "Point",
        "coordinates": [
          -89.4829774,
          37.5930636
        ]
      },
      "id": "way/138206117"
    },
    {
      "type": "Feature",
      "properties": {
        "@id": "way/138207062",
        "fixme": "refine me, please !",
        "landuse": "forest",
        "leaf_cycle": "deciduous",
        "source": "bing",
        "@geometry": "center"
      },
      "geometry": {
        "type": "Point",
        "coordinates": [
          -89.5510698,
          37.567965
        ]
      },
      "id": "way/138207062"
    },
    {
      "type": "Feature",
      "properties": {
        "@id": "way/138208397",
        "fixme": "refine me, please !",
        "landuse": "forest",
        "leaf_cycle": "deciduous",
        "source": "bing",
        "@geometry": "center"
      },
      "geometry": {
        "type": "Point",
        "coordinates": [
          -89.5677169,
          37.4635598
        ]
      },
      "id": "way/138208397"
    },
    {
      "type": "Feature",
      "properties": {
        "@id": "way/138208415",
        "fixme": "refine me, please !",
        "landuse": "forest",
        "leaf_cycle": "deciduous",
        "source": "bing",
        "@geometry": "center"
      },
      "geometry": {
        "type": "Point",
        "coordinates": [
          -89.5601679,
          37.4688843
        ]
      },
      "id": "way/138208415"
    },
    {
      "type": "Feature",
      "properties": {
        "@id": "way/138209568",
        "fixme": "refine me, please !",
        "landuse": "forest",
        "leaf_cycle": "deciduous",
        "source": "bing",
        "@geometry": "center"
      },
      "geometry": {
        "type": "Point",
        "coordinates": [
          -89.5082893,
          37.4893338
        ]
      },
      "id": "way/138209568"
    },
    {
      "type": "Feature",
      "properties": {
        "@id": "way/138209577",
        "fixme": "refine me, please !",
        "landuse": "forest",
        "leaf_cycle": "deciduous",
        "source": "bing",
        "@geometry": "center"
      },
      "geometry": {
        "type": "Point",
        "coordinates": [
          -89.5200873,
          37.458568
        ]
      },
      "id": "way/138209577"
    },
    {
      "type": "Feature",
      "properties": {
        "@id": "way/138209591",
        "fixme": "refine me, please !",
        "landuse": "forest",
        "leaf_cycle": "deciduous",
        "source": "bing",
        "@geometry": "center"
      },
      "geometry": {
        "type": "Point",
        "coordinates": [
          -89.5649618,
          37.5010949
        ]
      },
      "id": "way/138209591"
    },
    {
      "type": "Feature",
      "properties": {
        "@id": "way/138209593",
        "fixme": "refine me, please !",
        "landuse": "forest",
        "leaf_cycle": "deciduous",
        "source": "bing",
        "@geometry": "center"
      },
      "geometry": {
        "type": "Point",
        "coordinates": [
          -89.521866,
          37.4856769
        ]
      },
      "id": "way/138209593"
    },
    {
      "type": "Feature",
      "properties": {
        "@id": "way/138209596",
        "fixme": "refine me, please !",
        "landuse": "forest",
        "leaf_cycle": "deciduous",
        "source": "bing",
        "@geometry": "center"
      },
      "geometry": {
        "type": "Point",
        "coordinates": [
          -89.5425546,
          37.4658019
        ]
      },
      "id": "way/138209596"
    },
    {
      "type": "Feature",
      "properties": {
        "@id": "way/138209613",
        "fixme": "refine me, please !",
        "landuse": "forest",
        "leaf_cycle": "deciduous",
        "source": "bing",
        "@geometry": "center"
      },
      "geometry": {
        "type": "Point",
        "coordinates": [
          -89.5702922,
          37.524993
        ]
      },
      "id": "way/138209613"
    },
    {
      "type": "Feature",
      "properties": {
        "@id": "way/138209628",
        "fixme": "refine me, please !",
        "landuse": "forest",
        "leaf_cycle": "deciduous",
        "source": "bing",
        "@geometry": "center"
      },
      "geometry": {
        "type": "Point",
        "coordinates": [
          -89.5335612,
          37.4835475
        ]
      },
      "id": "way/138209628"
    },
    {
      "type": "Feature",
      "properties": {
        "@id": "way/138209653",
        "fixme": "refine me, please !",
        "landuse": "forest",
        "leaf_cycle": "deciduous",
        "source": "bing",
        "@geometry": "center"
      },
      "geometry": {
        "type": "Point",
        "coordinates": [
          -89.5718641,
          37.5139391
        ]
      },
      "id": "way/138209653"
    },
    {
      "type": "Feature",
      "properties": {
        "@id": "way/138209661",
        "fixme": "refine me, please !",
        "landuse": "forest",
        "leaf_cycle": "deciduous",
        "source": "bing",
        "@geometry": "center"
      },
      "geometry": {
        "type": "Point",
        "coordinates": [
          -89.5334175,
          37.4687003
        ]
      },
      "id": "way/138209661"
    },
    {
      "type": "Feature",
      "properties": {
        "@id": "way/138219667",
        "landuse": "forest",
        "leaf_cycle": "deciduous",
        "source": "bing",
        "@geometry": "center"
      },
      "geometry": {
        "type": "Point",
        "coordinates": [
          -89.5579156,
          37.6008895
        ]
      },
      "id": "way/138219667"
    },
    {
      "type": "Feature",
      "properties": {
        "@id": "way/138219670",
        "landuse": "forest",
        "leaf_cycle": "deciduous",
        "source": "bing",
        "@geometry": "center"
      },
      "geometry": {
        "type": "Point",
        "coordinates": [
          -89.5635874,
          37.5993546
        ]
      },
      "id": "way/138219670"
    },
    {
      "type": "Feature",
      "properties": {
        "@id": "way/138219711",
        "landuse": "forest",
        "leaf_cycle": "deciduous",
        "source": "bing",
        "@geometry": "center"
      },
      "geometry": {
        "type": "Point",
        "coordinates": [
          -89.547043,
          37.6488183
        ]
      },
      "id": "way/138219711"
    },
    {
      "type": "Feature",
      "properties": {
        "@id": "way/138219714",
        "fixme": "refine me, please !",
        "landuse": "forest",
        "leaf_cycle": "deciduous",
        "source": "bing",
        "@geometry": "center"
      },
      "geometry": {
        "type": "Point",
        "coordinates": [
          -89.5718116,
          37.6424774
        ]
      },
      "id": "way/138219714"
    },
    {
      "type": "Feature",
      "properties": {
        "@id": "way/138219726",
        "landuse": "forest",
        "leaf_cycle": "deciduous",
        "@geometry": "center"
      },
      "geometry": {
        "type": "Point",
        "coordinates": [
          -89.5539961,
          37.6460277
        ]
      },
      "id": "way/138219726"
    },
    {
      "type": "Feature",
      "properties": {
        "@id": "way/138219742",
        "fixme": "refine me, please !",
        "landuse": "forest",
        "leaf_cycle": "deciduous",
        "source": "bing",
        "@geometry": "center"
      },
      "geometry": {
        "type": "Point",
        "coordinates": [
          -89.5630618,
          37.6421031
        ]
      },
      "id": "way/138219742"
    },
    {
      "type": "Feature",
      "properties": {
        "@id": "way/138341163",
        "landuse": "forest",
        "leaf_cycle": "deciduous",
        "source": "bing",
        "@geometry": "center"
      },
      "geometry": {
        "type": "Point",
        "coordinates": [
          -89.5575888,
          37.4910405
        ]
      },
      "id": "way/138341163"
    },
    {
      "type": "Feature",
      "properties": {
        "@id": "way/138341165",
        "landuse": "forest",
        "leaf_cycle": "deciduous",
        "source": "bing",
        "@geometry": "center"
      },
      "geometry": {
        "type": "Point",
        "coordinates": [
          -89.5507034,
          37.4798944
        ]
      },
      "id": "way/138341165"
    },
    {
      "type": "Feature",
      "properties": {
        "@id": "way/138341174",
        "landuse": "forest",
        "leaf_cycle": "deciduous",
        "source": "bing",
        "@geometry": "center"
      },
      "geometry": {
        "type": "Point",
        "coordinates": [
          -89.5636439,
          37.4899312
        ]
      },
      "id": "way/138341174"
    },
    {
      "type": "Feature",
      "properties": {
        "@id": "way/138341185",
        "landuse": "forest",
        "leaf_cycle": "deciduous",
        "source": "bing",
        "@geometry": "center"
      },
      "geometry": {
        "type": "Point",
        "coordinates": [
          -89.5617846,
          37.4859716
        ]
      },
      "id": "way/138341185"
    },
    {
      "type": "Feature",
      "properties": {
        "@id": "way/138341199",
        "landuse": "forest",
        "leaf_cycle": "deciduous",
        "source": "bing",
        "@geometry": "center"
      },
      "geometry": {
        "type": "Point",
        "coordinates": [
          -89.5686786,
          37.478104
        ]
      },
      "id": "way/138341199"
    },
    {
      "type": "Feature",
      "properties": {
        "@id": "way/138341202",
        "landuse": "forest",
        "leaf_cycle": "deciduous",
        "source": "bing",
        "@geometry": "center"
      },
      "geometry": {
        "type": "Point",
        "coordinates": [
          -89.577535,
          37.4809867
        ]
      },
      "id": "way/138341202"
    },
    {
      "type": "Feature",
      "properties": {
        "@id": "way/138347770",
        "fixme": "refine me, please !",
        "landuse": "forest",
        "leaf_cycle": "deciduous",
        "source": "bing",
        "@geometry": "center"
      },
      "geometry": {
        "type": "Point",
        "coordinates": [
          -89.5192573,
          37.4985896
        ]
      },
      "id": "way/138347770"
    },
    {
      "type": "Feature",
      "properties": {
        "@id": "way/138347798",
        "fixme": "refine me, please !",
        "landuse": "forest",
        "leaf_cycle": "deciduous",
        "source": "bing",
        "@geometry": "center"
      },
      "geometry": {
        "type": "Point",
        "coordinates": [
          -89.5241098,
          37.4922956
        ]
      },
      "id": "way/138347798"
    },
    {
      "type": "Feature",
      "properties": {
        "@id": "way/138349655",
        "landuse": "forest",
        "source": "bing",
        "@geometry": "center"
      },
      "geometry": {
        "type": "Point",
        "coordinates": [
          -89.3762905,
          37.7869778
        ]
      },
      "id": "way/138349655"
    },
    {
      "type": "Feature",
      "properties": {
        "@id": "way/138357212",
        "landuse": "forest",
        "source": "bing",
        "@geometry": "center"
      },
      "geometry": {
        "type": "Point",
        "coordinates": [
          -89.4262724,
          37.7678363
        ]
      },
      "id": "way/138357212"
    },
    {
      "type": "Feature",
      "properties": {
        "@id": "way/138357219",
        "landuse": "forest",
        "source": "bing",
        "@geometry": "center"
      },
      "geometry": {
        "type": "Point",
        "coordinates": [
          -89.4075233,
          37.7821418
        ]
      },
      "id": "way/138357219"
    },
    {
      "type": "Feature",
      "properties": {
        "@id": "way/138357220",
        "landuse": "forest",
        "source": "bing",
        "@geometry": "center"
      },
      "geometry": {
        "type": "Point",
        "coordinates": [
          -89.3883216,
          37.7723003
        ]
      },
      "id": "way/138357220"
    },
    {
      "type": "Feature",
      "properties": {
        "@id": "way/138357223",
        "landuse": "forest",
        "source": "bing",
        "@geometry": "center"
      },
      "geometry": {
        "type": "Point",
        "coordinates": [
          -89.3928697,
          37.7838795
        ]
      },
      "id": "way/138357223"
    },
    {
      "type": "Feature",
      "properties": {
        "@id": "way/138357246",
        "landuse": "forest",
        "source": "bing",
        "@geometry": "center"
      },
      "geometry": {
        "type": "Point",
        "coordinates": [
          -89.4217311,
          37.7755857
        ]
      },
      "id": "way/138357246"
    },
    {
      "type": "Feature",
      "properties": {
        "@id": "way/138357255",
        "landuse": "forest",
        "source": "bing",
        "@geometry": "center"
      },
      "geometry": {
        "type": "Point",
        "coordinates": [
          -89.4012818,
          37.7685215
        ]
      },
      "id": "way/138357255"
    },
    {
      "type": "Feature",
      "properties": {
        "@id": "way/138360932",
        "landuse": "forest",
        "source": "bing",
        "@geometry": "center"
      },
      "geometry": {
        "type": "Point",
        "coordinates": [
          -89.450986,
          37.7945509
        ]
      },
      "id": "way/138360932"
    },
    {
      "type": "Feature",
      "properties": {
        "@id": "way/138389415",
        "landuse": "forest",
        "source": "bing",
        "@geometry": "center"
      },
      "geometry": {
        "type": "Point",
        "coordinates": [
          -89.4576167,
          37.8425183
        ]
      },
      "id": "way/138389415"
    },
    {
      "type": "Feature",
      "properties": {
        "@id": "way/138389416",
        "landuse": "forest",
        "source": "bing",
        "@geometry": "center"
      },
      "geometry": {
        "type": "Point",
        "coordinates": [
          -89.4750724,
          37.8275874
        ]
      },
      "id": "way/138389416"
    },
    {
      "type": "Feature",
      "properties": {
        "@id": "way/138389784",
        "landuse": "forest",
        "source": "bing",
        "@geometry": "center"
      },
      "geometry": {
        "type": "Point",
        "coordinates": [
          -89.4997384,
          37.8463805
        ]
      },
      "id": "way/138389784"
    },
    {
      "type": "Feature",
      "properties": {
        "@id": "way/138389787",
        "landuse": "forest",
        "source": "bing",
        "@geometry": "center"
      },
      "geometry": {
        "type": "Point",
        "coordinates": [
          -89.4734721,
          37.79083
        ]
      },
      "id": "way/138389787"
    },
    {
      "type": "Feature",
      "properties": {
        "@id": "way/140756313",
        "landuse": "forest",
        "source": "bing",
        "@geometry": "center"
      },
      "geometry": {
        "type": "Point",
        "coordinates": [
          -89.4309909,
          37.7889909
        ]
      },
      "id": "way/140756313"
    },
    {
      "type": "Feature",
      "properties": {
        "@id": "way/140756314",
        "landuse": "forest",
        "source": "bing",
        "@geometry": "center"
      },
      "geometry": {
        "type": "Point",
        "coordinates": [
          -89.4237218,
          37.7878456
        ]
      },
      "id": "way/140756314"
    },
    {
      "type": "Feature",
      "properties": {
        "@id": "way/140756318",
        "landuse": "forest",
        "source": "bing",
        "wp:reviewed": "Sunday, 11. December 2011",
        "@geometry": "center"
      },
      "geometry": {
        "type": "Point",
        "coordinates": [
          -89.4424963,
          37.7831993
        ]
      },
      "id": "way/140756318"
    },
    {
      "type": "Feature",
      "properties": {
        "@id": "way/140756320",
        "landuse": "forest",
        "source": "bing",
        "@geometry": "center"
      },
      "geometry": {
        "type": "Point",
        "coordinates": [
          -89.42089,
          37.8088349
        ]
      },
      "id": "way/140756320"
    },
    {
      "type": "Feature",
      "properties": {
        "@id": "way/141751342",
        "landuse": "forest",
        "source": "bing",
        "@geometry": "center"
      },
      "geometry": {
        "type": "Point",
        "coordinates": [
          -89.3657707,
          37.7775725
        ]
      },
      "id": "way/141751342"
    },
    {
      "type": "Feature",
      "properties": {
        "@id": "way/141751348",
        "landuse": "forest",
        "source": "bing",
        "@geometry": "center"
      },
      "geometry": {
        "type": "Point",
        "coordinates": [
          -89.3799707,
          37.7937918
        ]
      },
      "id": "way/141751348"
    },
    {
      "type": "Feature",
      "properties": {
        "@id": "way/141759995",
        "landuse": "forest",
        "source": "bing",
        "@geometry": "center"
      },
      "geometry": {
        "type": "Point",
        "coordinates": [
          -89.5258214,
          37.8331879
        ]
      },
      "id": "way/141759995"
    },
    {
      "type": "Feature",
      "properties": {
        "@id": "way/141759996",
        "landuse": "forest",
        "source": "bing",
        "@geometry": "center"
      },
      "geometry": {
        "type": "Point",
        "coordinates": [
          -89.5012023,
          37.8431824
        ]
      },
      "id": "way/141759996"
    },
    {
      "type": "Feature",
      "properties": {
        "@id": "way/141759999",
        "landuse": "forest",
        "source": "bing",
        "@geometry": "center"
      },
      "geometry": {
        "type": "Point",
        "coordinates": [
          -89.5009173,
          37.8431455
        ]
      },
      "id": "way/141759999"
    },
    {
      "type": "Feature",
      "properties": {
        "@id": "way/141760000",
        "landuse": "forest",
        "source": "bing",
        "@geometry": "center"
      },
      "geometry": {
        "type": "Point",
        "coordinates": [
          -89.5111964,
          37.8162515
        ]
      },
      "id": "way/141760000"
    },
    {
      "type": "Feature",
      "properties": {
        "@id": "way/141760003",
        "landuse": "forest",
        "source": "bing",
        "@geometry": "center"
      },
      "geometry": {
        "type": "Point",
        "coordinates": [
          -89.5076558,
          37.8292081
        ]
      },
      "id": "way/141760003"
    },
    {
      "type": "Feature",
      "properties": {
        "@id": "way/141760071",
        "landuse": "forest",
        "place": "islet",
        "source": "bing",
        "@geometry": "center"
      },
      "geometry": {
        "type": "Point",
        "coordinates": [
          -89.4389601,
          37.7999971
        ]
      },
      "id": "way/141760071"
    },
    {
      "type": "Feature",
      "properties": {
        "@id": "way/141760079",
        "landuse": "forest",
        "place": "islet",
        "source": "bing",
        "@geometry": "center"
      },
      "geometry": {
        "type": "Point",
        "coordinates": [
          -89.4246265,
          37.794276
        ]
      },
      "id": "way/141760079"
    },
    {
      "type": "Feature",
      "properties": {
        "@id": "way/141760097",
        "landuse": "forest",
        "place": "islet",
        "source": "bing",
        "@geometry": "center"
      },
      "geometry": {
        "type": "Point",
        "coordinates": [
          -89.4348562,
          37.7965554
        ]
      },
      "id": "way/141760097"
    },
    {
      "type": "Feature",
      "properties": {
        "@id": "way/141760207",
        "landuse": "forest",
        "place": "islet",
        "source": "bing",
        "@geometry": "center"
      },
      "geometry": {
        "type": "Point",
        "coordinates": [
          -89.4960282,
          37.8335943
        ]
      },
      "id": "way/141760207"
    },
    {
      "type": "Feature",
      "properties": {
        "@id": "way/141763682",
        "landuse": "forest",
        "source": "bing",
        "@geometry": "center"
      },
      "geometry": {
        "type": "Point",
        "coordinates": [
          -89.5152099,
          37.8097587
        ]
      },
      "id": "way/141763682"
    },
    {
      "type": "Feature",
      "properties": {
        "@id": "way/141763685",
        "landuse": "forest",
        "source": "bing",
        "@geometry": "center"
      },
      "geometry": {
        "type": "Point",
        "coordinates": [
          -89.5153676,
          37.7965277
        ]
      },
      "id": "way/141763685"
    },
    {
      "type": "Feature",
      "properties": {
        "@id": "way/141763701",
        "landuse": "forest",
        "source": "bing",
        "@geometry": "center"
      },
      "geometry": {
        "type": "Point",
        "coordinates": [
          -89.4805047,
          37.7973343
        ]
      },
      "id": "way/141763701"
    },
    {
      "type": "Feature",
      "properties": {
        "@id": "way/141763706",
        "landuse": "forest",
        "source": "bing",
        "@geometry": "center"
      },
      "geometry": {
        "type": "Point",
        "coordinates": [
          -89.4684369,
          37.774454
        ]
      },
      "id": "way/141763706"
    },
    {
      "type": "Feature",
      "properties": {
        "@id": "way/141763727",
        "landuse": "forest",
        "source": "bing",
        "@geometry": "center"
      },
      "geometry": {
        "type": "Point",
        "coordinates": [
          -89.5154303,
          37.7877307
        ]
      },
      "id": "way/141763727"
    },
    {
      "type": "Feature",
      "properties": {
        "@id": "way/141763731",
        "landuse": "forest",
        "source": "bing",
        "@geometry": "center"
      },
      "geometry": {
        "type": "Point",
        "coordinates": [
          -89.5107359,
          37.8094437
        ]
      },
      "id": "way/141763731"
    },
    {
      "type": "Feature",
      "properties": {
        "@id": "way/141763735",
        "landuse": "forest",
        "source": "bing",
        "tiger:zip_right": "62907",
        "@geometry": "center"
      },
      "geometry": {
        "type": "Point",
        "coordinates": [
          -89.4950558,
          37.7909878
        ]
      },
      "id": "way/141763735"
    },
    {
      "type": "Feature",
      "properties": {
        "@id": "way/141763761",
        "landuse": "forest",
        "source": "bing",
        "@geometry": "center"
      },
      "geometry": {
        "type": "Point",
        "coordinates": [
          -89.4797899,
          37.8079379
        ]
      },
      "id": "way/141763761"
    },
    {
      "type": "Feature",
      "properties": {
        "@id": "way/141796522",
        "landuse": "forest",
        "leaf_cycle": "mixed",
        "leaf_type": "mixed",
        "name": "De Soto Natural Area",
        "source": "bing",
        "@geometry": "center"
      },
      "geometry": {
        "type": "Point",
        "coordinates": [
          -89.2369776,
          37.809467
        ]
      },
      "id": "way/141796522"
    },
    {
      "type": "Feature",
      "properties": {
        "@id": "way/141796530",
        "landuse": "forest",
        "leaf_cycle": "mixed",
        "leaf_type": "mixed",
        "source": "bing",
        "@geometry": "center"
      },
      "geometry": {
        "type": "Point",
        "coordinates": [
          -89.2280191,
          37.8051504
        ]
      },
      "id": "way/141796530"
    },
    {
      "type": "Feature",
      "properties": {
        "@id": "way/141796535",
        "landuse": "forest",
        "leaf_cycle": "mixed",
        "leaf_type": "mixed",
        "source": "bing",
        "@geometry": "center"
      },
      "geometry": {
        "type": "Point",
        "coordinates": [
          -89.2325647,
          37.7894728
        ]
      },
      "id": "way/141796535"
    },
    {
      "type": "Feature",
      "properties": {
        "@id": "way/141796544",
        "landuse": "forest",
        "leaf_cycle": "mixed",
        "leaf_type": "mixed",
        "source": "bing",
        "@geometry": "center"
      },
      "geometry": {
        "type": "Point",
        "coordinates": [
          -89.2473884,
          37.7996751
        ]
      },
      "id": "way/141796544"
    },
    {
      "type": "Feature",
      "properties": {
        "@id": "way/141796545",
        "landuse": "forest",
        "leaf_cycle": "mixed",
        "leaf_type": "mixed",
        "source": "bing",
        "@geometry": "center"
      },
      "geometry": {
        "type": "Point",
        "coordinates": [
          -89.2458582,
          37.8014982
        ]
      },
      "id": "way/141796545"
    },
    {
      "type": "Feature",
      "properties": {
        "@id": "way/141796546",
        "landuse": "forest",
        "leaf_cycle": "mixed",
        "leaf_type": "mixed",
        "source": "bing",
        "@geometry": "center"
      },
      "geometry": {
        "type": "Point",
        "coordinates": [
          -89.2431155,
          37.7895578
        ]
      },
      "id": "way/141796546"
    },
    {
      "type": "Feature",
      "properties": {
        "@id": "way/141796547",
        "landuse": "forest",
        "leaf_cycle": "mixed",
        "leaf_type": "mixed",
        "source": "bing",
        "@geometry": "center"
      },
      "geometry": {
        "type": "Point",
        "coordinates": [
          -89.2344399,
          37.7976104
        ]
      },
      "id": "way/141796547"
    },
    {
      "type": "Feature",
      "properties": {
        "@id": "way/141796548",
        "landuse": "forest",
        "leaf_cycle": "mixed",
        "leaf_type": "mixed",
        "source": "bing",
        "@geometry": "center"
      },
      "geometry": {
        "type": "Point",
        "coordinates": [
          -89.2338406,
          37.7967462
        ]
      },
      "id": "way/141796548"
    },
    {
      "type": "Feature",
      "properties": {
        "@id": "way/141796549",
        "landuse": "forest",
        "leaf_cycle": "mixed",
        "leaf_type": "mixed",
        "source": "bing",
        "@geometry": "center"
      },
      "geometry": {
        "type": "Point",
        "coordinates": [
          -89.2333799,
          37.7981787
        ]
      },
      "id": "way/141796549"
    },
    {
      "type": "Feature",
      "properties": {
        "@id": "way/141796551",
        "landuse": "forest",
        "leaf_cycle": "mixed",
        "leaf_type": "mixed",
        "source": "bing",
        "@geometry": "center"
      },
      "geometry": {
        "type": "Point",
        "coordinates": [
          -89.2340989,
          37.801735
        ]
      },
      "id": "way/141796551"
    },
    {
      "type": "Feature",
      "properties": {
        "@id": "way/141796554",
        "landuse": "forest",
        "leaf_type": "mixed",
        "source": "bing",
        "@geometry": "center"
      },
      "geometry": {
        "type": "Point",
        "coordinates": [
          -89.2478337,
          37.8079641
        ]
      },
      "id": "way/141796554"
    },
    {
      "type": "Feature",
      "properties": {
        "@id": "way/141796563",
        "landuse": "forest",
        "leaf_cycle": "mixed",
        "leaf_type": "mixed",
        "source": "bing",
        "@geometry": "center"
      },
      "geometry": {
        "type": "Point",
        "coordinates": [
          -89.2446915,
          37.7971414
        ]
      },
      "id": "way/141796563"
    },
    {
      "type": "Feature",
      "properties": {
        "@id": "way/141801061",
        "landuse": "forest",
        "source": "bing",
        "@geometry": "center"
      },
      "geometry": {
        "type": "Point",
        "coordinates": [
          -89.4942925,
          37.6658622
        ]
      },
      "id": "way/141801061"
    },
    {
      "type": "Feature",
      "properties": {
        "@id": "way/141801062",
        "landuse": "forest",
        "source": "bing",
        "@geometry": "center"
      },
      "geometry": {
        "type": "Point",
        "coordinates": [
          -89.4930018,
          37.6836804
        ]
      },
      "id": "way/141801062"
    },
    {
      "type": "Feature",
      "properties": {
        "@id": "way/141801063",
        "landuse": "forest",
        "source": "bing",
        "@geometry": "center"
      },
      "geometry": {
        "type": "Point",
        "coordinates": [
          -89.5075891,
          37.6797562
        ]
      },
      "id": "way/141801063"
    },
    {
      "type": "Feature",
      "properties": {
        "@id": "way/141801064",
        "landuse": "forest",
        "source": "bing",
        "@geometry": "center"
      },
      "geometry": {
        "type": "Point",
        "coordinates": [
          -89.4959287,
          37.6535278
        ]
      },
      "id": "way/141801064"
    },
    {
      "type": "Feature",
      "properties": {
        "@id": "way/148981026",
        "landuse": "forest",
        "source": "bing",
        "@geometry": "center"
      },
      "geometry": {
        "type": "Point",
        "coordinates": [
          -89.4156545,
          37.7946323
        ]
      },
      "id": "way/148981026"
    },
    {
      "type": "Feature",
      "properties": {
        "@id": "way/149123742",
        "landuse": "forest",
        "source": "bing",
        "@geometry": "center"
      },
      "geometry": {
        "type": "Point",
        "coordinates": [
          -89.0538182,
          38.4197648
        ]
      },
      "id": "way/149123742"
    },
    {
      "type": "Feature",
      "properties": {
        "@id": "way/149123743",
        "landuse": "forest",
        "source": "bing",
        "@geometry": "center"
      },
      "geometry": {
        "type": "Point",
        "coordinates": [
          -89.0417183,
          38.4260765
        ]
      },
      "id": "way/149123743"
    },
    {
      "type": "Feature",
      "properties": {
        "@id": "way/149123745",
        "landuse": "forest",
        "source": "bing",
        "@geometry": "center"
      },
      "geometry": {
        "type": "Point",
        "coordinates": [
          -89.0510118,
          38.4239534
        ]
      },
      "id": "way/149123745"
    },
    {
      "type": "Feature",
      "properties": {
        "@id": "way/149123747",
        "landuse": "forest",
        "source": "bing",
        "@geometry": "center"
      },
      "geometry": {
        "type": "Point",
        "coordinates": [
          -89.0478311,
          38.4224133
        ]
      },
      "id": "way/149123747"
    },
    {
      "type": "Feature",
      "properties": {
        "@id": "way/149123750",
        "landuse": "forest",
        "source": "bing",
        "@geometry": "center"
      },
      "geometry": {
        "type": "Point",
        "coordinates": [
          -89.0425833,
          38.4177093
        ]
      },
      "id": "way/149123750"
    },
    {
      "type": "Feature",
      "properties": {
        "@id": "way/152232262",
        "landuse": "forest",
        "source": "bing",
        "@geometry": "center"
      },
      "geometry": {
        "type": "Point",
        "coordinates": [
          -89.1865243,
          37.8196418
        ]
      },
      "id": "way/152232262"
    },
    {
      "type": "Feature",
      "properties": {
        "@id": "way/152232266",
        "landuse": "forest",
        "source": "bing",
        "@geometry": "center"
      },
      "geometry": {
        "type": "Point",
        "coordinates": [
          -89.1874444,
          37.8162608
        ]
      },
      "id": "way/152232266"
    },
    {
      "type": "Feature",
      "properties": {
        "@id": "way/152232268",
        "landuse": "forest",
        "source": "bing",
        "@geometry": "center"
      },
      "geometry": {
        "type": "Point",
        "coordinates": [
          -89.1547273,
          37.8138189
        ]
      },
      "id": "way/152232268"
    },
    {
      "type": "Feature",
      "properties": {
        "@id": "way/152232270",
        "landuse": "forest",
        "source": "bing",
        "@geometry": "center"
      },
      "geometry": {
        "type": "Point",
        "coordinates": [
          -89.1736596,
          37.8078725
        ]
      },
      "id": "way/152232270"
    },
    {
      "type": "Feature",
      "properties": {
        "@id": "way/152232271",
        "landuse": "forest",
        "source": "bing",
        "@geometry": "center"
      },
      "geometry": {
        "type": "Point",
        "coordinates": [
          -89.1726815,
          37.8004609
        ]
      },
      "id": "way/152232271"
    },
    {
      "type": "Feature",
      "properties": {
        "@id": "way/152232272",
        "landuse": "forest",
        "source": "bing",
        "@geometry": "center"
      },
      "geometry": {
        "type": "Point",
        "coordinates": [
          -89.1789484,
          37.8074075
        ]
      },
      "id": "way/152232272"
    },
    {
      "type": "Feature",
      "properties": {
        "@id": "way/153604581",
        "fixme": "refine me, please !",
        "landuse": "forest",
        "leaf_cycle": "deciduous",
        "source": "bing",
        "@geometry": "center"
      },
      "geometry": {
        "type": "Point",
        "coordinates": [
          -89.552935,
          37.5205167
        ]
      },
      "id": "way/153604581"
    },
    {
      "type": "Feature",
      "properties": {
        "@id": "way/153604584",
        "fixme": "refine me, please !",
        "landuse": "forest",
        "leaf_cycle": "deciduous",
        "source": "bing",
        "@geometry": "center"
      },
      "geometry": {
        "type": "Point",
        "coordinates": [
          -89.5682433,
          37.5247642
        ]
      },
      "id": "way/153604584"
    },
    {
      "type": "Feature",
      "properties": {
        "@id": "way/153641330",
        "landuse": "forest",
        "leaf_cycle": "deciduous",
        "source": "bing",
        "@geometry": "center"
      },
      "geometry": {
        "type": "Point",
        "coordinates": [
          -89.5649634,
          37.647348
        ]
      },
      "id": "way/153641330"
    },
    {
      "type": "Feature",
      "properties": {
        "@id": "way/153641333",
        "landuse": "forest",
        "leaf_cycle": "deciduous",
        "source": "bing",
        "@geometry": "center"
      },
      "geometry": {
        "type": "Point",
        "coordinates": [
          -89.5657245,
          37.6578408
        ]
      },
      "id": "way/153641333"
    },
    {
      "type": "Feature",
      "properties": {
        "@id": "way/153641341",
        "landuse": "forest",
        "leaf_cycle": "deciduous",
        "source": "bing",
        "@geometry": "center"
      },
      "geometry": {
        "type": "Point",
        "coordinates": [
          -89.565005,
          37.6517882
        ]
      },
      "id": "way/153641341"
    },
    {
      "type": "Feature",
      "properties": {
        "@id": "way/153641343",
        "landuse": "forest",
        "leaf_cycle": "deciduous",
        "source": "bing",
        "@geometry": "center"
      },
      "geometry": {
        "type": "Point",
        "coordinates": [
          -89.5695027,
          37.6488789
        ]
      },
      "id": "way/153641343"
    },
    {
      "type": "Feature",
      "properties": {
        "@id": "way/153641353",
        "fixme": "refine me, please !",
        "landuse": "forest",
        "leaf_cycle": "deciduous",
        "source": "bing",
        "@geometry": "center"
      },
      "geometry": {
        "type": "Point",
        "coordinates": [
          -89.5637312,
          37.6444829
        ]
      },
      "id": "way/153641353"
    },
    {
      "type": "Feature",
      "properties": {
        "@id": "way/153840300",
        "fixme": "refine me, please !",
        "landuse": "forest",
        "leaf_cycle": "deciduous",
        "source": "bing",
        "@geometry": "center"
      },
      "geometry": {
        "type": "Point",
        "coordinates": [
          -89.5606309,
          37.5735105
        ]
      },
      "id": "way/153840300"
    },
    {
      "type": "Feature",
      "properties": {
        "@id": "way/154641421",
        "description": "Owned and managed by Mayfair Property Owners.",
        "landuse": "forest",
        "name": "Mayfair Forest",
        "@geometry": "center"
      },
      "geometry": {
        "type": "Point",
        "coordinates": [
          -86.5128442,
          39.1412112
        ]
      },
      "id": "way/154641421"
    },
    {
      "type": "Feature",
      "properties": {
        "@id": "way/154642948",
        "landuse": "forest",
        "@geometry": "center"
      },
      "geometry": {
        "type": "Point",
        "coordinates": [
          -86.5186997,
          39.1421562
        ]
      },
      "id": "way/154642948"
    },
    {
      "type": "Feature",
      "properties": {
        "@id": "way/155667489",
        "landuse": "forest",
        "source": "bing",
        "@geometry": "center"
      },
      "geometry": {
        "type": "Point",
        "coordinates": [
          -89.2821062,
          37.6722939
        ]
      },
      "id": "way/155667489"
    },
    {
      "type": "Feature",
      "properties": {
        "@id": "way/155667574",
        "landuse": "forest",
        "source": "bing",
        "@geometry": "center"
      },
      "geometry": {
        "type": "Point",
        "coordinates": [
          -89.2662036,
          37.6566301
        ]
      },
      "id": "way/155667574"
    },
    {
      "type": "Feature",
      "properties": {
        "@id": "way/155667593",
        "landuse": "forest",
        "source": "bing",
        "@geometry": "center"
      },
      "geometry": {
        "type": "Point",
        "coordinates": [
          -89.2680375,
          37.6638857
        ]
      },
      "id": "way/155667593"
    },
    {
      "type": "Feature",
      "properties": {
        "@id": "way/155667603",
        "landuse": "forest",
        "note": "aligned to USGS Large Scale",
        "source": "bing",
        "@geometry": "center"
      },
      "geometry": {
        "type": "Point",
        "coordinates": [
          -89.2822843,
          37.6554123
        ]
      },
      "id": "way/155667603"
    },
    {
      "type": "Feature",
      "properties": {
        "@id": "way/155667615",
        "landuse": "forest",
        "source": "bing",
        "@geometry": "center"
      },
      "geometry": {
        "type": "Point",
        "coordinates": [
          -89.2728297,
          37.6506053
        ]
      },
      "id": "way/155667615"
    },
    {
      "type": "Feature",
      "properties": {
        "@id": "way/155667628",
        "landuse": "forest",
        "source": "bing",
        "@geometry": "center"
      },
      "geometry": {
        "type": "Point",
        "coordinates": [
          -89.2774996,
          37.6601286
        ]
      },
      "id": "way/155667628"
    },
    {
      "type": "Feature",
      "properties": {
        "@id": "way/155667641",
        "landuse": "forest",
        "source": "bing",
        "@geometry": "center"
      },
      "geometry": {
        "type": "Point",
        "coordinates": [
          -89.2723233,
          37.6564626
        ]
      },
      "id": "way/155667641"
    },
    {
      "type": "Feature",
      "properties": {
        "@id": "way/155667643",
        "landuse": "forest",
        "source": "bing",
        "@geometry": "center"
      },
      "geometry": {
        "type": "Point",
        "coordinates": [
          -89.2586776,
          37.649992
        ]
      },
      "id": "way/155667643"
    },
    {
      "type": "Feature",
      "properties": {
        "@id": "way/155667657",
        "landuse": "forest",
        "source": "bing",
        "@geometry": "center"
      },
      "geometry": {
        "type": "Point",
        "coordinates": [
          -89.2877694,
          37.659373
        ]
      },
      "id": "way/155667657"
    },
    {
      "type": "Feature",
      "properties": {
        "@id": "way/155667669",
        "landuse": "forest",
        "source": "bing",
        "@geometry": "center"
      },
      "geometry": {
        "type": "Point",
        "coordinates": [
          -89.2704402,
          37.6597489
        ]
      },
      "id": "way/155667669"
    },
    {
      "type": "Feature",
      "properties": {
        "@id": "way/155667682",
        "landuse": "forest",
        "source": "bing",
        "@geometry": "center"
      },
      "geometry": {
        "type": "Point",
        "coordinates": [
          -89.2721971,
          37.6471707
        ]
      },
      "id": "way/155667682"
    },
    {
      "type": "Feature",
      "properties": {
        "@id": "way/185606784",
        "landuse": "forest",
        "leaf_cycle": "deciduous",
        "@geometry": "center"
      },
      "geometry": {
        "type": "Point",
        "coordinates": [
          -84.7283664,
          37.8049774
        ]
      },
      "id": "way/185606784"
    },
    {
      "type": "Feature",
      "properties": {
        "@id": "way/189682184",
        "landuse": "forest",
        "@geometry": "center"
      },
      "geometry": {
        "type": "Point",
        "coordinates": [
          -85.960594,
          37.8832203
        ]
      },
      "id": "way/189682184"
    },
    {
      "type": "Feature",
      "properties": {
        "@id": "way/192670375",
        "landuse": "forest",
        "@geometry": "center"
      },
      "geometry": {
        "type": "Point",
        "coordinates": [
          -88.6477543,
          38.6265331
        ]
      },
      "id": "way/192670375"
    },
    {
      "type": "Feature",
      "properties": {
        "@id": "way/201959766",
        "landuse": "forest",
        "source": "Bing",
        "@geometry": "center"
      },
      "geometry": {
        "type": "Point",
        "coordinates": [
          -89.5695111,
          37.1108586
        ]
      },
      "id": "way/201959766"
    },
    {
      "type": "Feature",
      "properties": {
        "@id": "way/202356474",
        "landuse": "forest",
        "source": "Bing",
        "@geometry": "center"
      },
      "geometry": {
        "type": "Point",
        "coordinates": [
          -88.0967214,
          38.7363458
        ]
      },
      "id": "way/202356474"
    },
    {
      "type": "Feature",
      "properties": {
        "@id": "way/202356534",
        "landuse": "forest",
        "source": "Bing",
        "@geometry": "center"
      },
      "geometry": {
        "type": "Point",
        "coordinates": [
          -88.0998721,
          38.7373178
        ]
      },
      "id": "way/202356534"
    },
    {
      "type": "Feature",
      "properties": {
        "@id": "way/203827874",
        "landuse": "forest",
        "leaf_cycle": "mixed",
        "leaf_type": "mixed",
        "@geometry": "center"
      },
      "geometry": {
        "type": "Point",
        "coordinates": [
          -88.0951031,
          38.7682271
        ]
      },
      "id": "way/203827874"
    },
    {
      "type": "Feature",
      "properties": {
        "@id": "way/204244650",
        "alt_name": "Bird Haven",
        "landuse": "forest",
        "leisure": "park",
        "name": "Robert Ridgway Memorial Arboretum and Bird Sanctuary",
        "@geometry": "center"
      },
      "geometry": {
        "type": "Point",
        "coordinates": [
          -88.0725209,
          38.7563215
        ]
      },
      "id": "way/204244650"
    },
    {
      "type": "Feature",
      "properties": {
        "@id": "way/206178391",
        "landuse": "forest",
        "source": "Bing",
        "@geometry": "center"
      },
      "geometry": {
        "type": "Point",
        "coordinates": [
          -88.0913882,
          38.7650484
        ]
      },
      "id": "way/206178391"
    },
    {
      "type": "Feature",
      "properties": {
        "@id": "way/206178392",
        "landuse": "forest",
        "source": "Bing",
        "@geometry": "center"
      },
      "geometry": {
        "type": "Point",
        "coordinates": [
          -88.1044629,
          38.7597064
        ]
      },
      "id": "way/206178392"
    },
    {
      "type": "Feature",
      "properties": {
        "@id": "way/206178394",
        "landuse": "forest",
        "@geometry": "center"
      },
      "geometry": {
        "type": "Point",
        "coordinates": [
          -88.0728254,
          38.7180758
        ]
      },
      "id": "way/206178394"
    },
    {
      "type": "Feature",
      "properties": {
        "@id": "way/207075157",
        "landuse": "forest",
        "source": "Bing",
        "@geometry": "center"
      },
      "geometry": {
        "type": "Point",
        "coordinates": [
          -88.0677209,
          38.7546049
        ]
      },
      "id": "way/207075157"
    },
    {
      "type": "Feature",
      "properties": {
        "@id": "way/207075186",
        "landuse": "forest",
        "source": "Bing",
        "@geometry": "center"
      },
      "geometry": {
        "type": "Point",
        "coordinates": [
          -88.072229,
          38.754843
        ]
      },
      "id": "way/207075186"
    },
    {
      "type": "Feature",
      "properties": {
        "@id": "way/207460735",
        "landuse": "forest",
        "source": "Bing",
        "@geometry": "center"
      },
      "geometry": {
        "type": "Point",
        "coordinates": [
          -88.0794404,
          38.7778427
        ]
      },
      "id": "way/207460735"
    },
    {
      "type": "Feature",
      "properties": {
        "@id": "way/207460749",
        "landuse": "forest",
        "source": "Bing",
        "@geometry": "center"
      },
      "geometry": {
        "type": "Point",
        "coordinates": [
          -87.9685301,
          38.8171011
        ]
      },
      "id": "way/207460749"
    },
    {
      "type": "Feature",
      "properties": {
        "@id": "way/207460751",
        "landuse": "forest",
        "source": "Bing",
        "@geometry": "center"
      },
      "geometry": {
        "type": "Point",
        "coordinates": [
          -88.0291935,
          38.7605856
        ]
      },
      "id": "way/207460751"
    },
    {
      "type": "Feature",
      "properties": {
        "@id": "way/208403896",
        "landuse": "forest",
        "source": "Bing",
        "@geometry": "center"
      },
      "geometry": {
        "type": "Point",
        "coordinates": [
          -88.0700155,
          38.7106594
        ]
      },
      "id": "way/208403896"
    },
    {
      "type": "Feature",
      "properties": {
        "@id": "way/208403898",
        "landuse": "forest",
        "source": "Bing",
        "@geometry": "center"
      },
      "geometry": {
        "type": "Point",
        "coordinates": [
          -88.0369873,
          38.7627753
        ]
      },
      "id": "way/208403898"
    },
    {
      "type": "Feature",
      "properties": {
        "@id": "way/208403899",
        "landuse": "forest",
        "source": "Bing",
        "@geometry": "center"
      },
      "geometry": {
        "type": "Point",
        "coordinates": [
          -88.0555748,
          38.7526205
        ]
      },
      "id": "way/208403899"
    },
    {
      "type": "Feature",
      "properties": {
        "@id": "way/208403902",
        "landuse": "forest",
        "source": "Bing",
        "@geometry": "center"
      },
      "geometry": {
        "type": "Point",
        "coordinates": [
          -88.00707,
          38.7535584
        ]
      },
      "id": "way/208403902"
    },
    {
      "type": "Feature",
      "properties": {
        "@id": "way/208403905",
        "landuse": "forest",
        "source": "Bing",
        "@geometry": "center"
      },
      "geometry": {
        "type": "Point",
        "coordinates": [
          -88.0608674,
          38.7644746
        ]
      },
      "id": "way/208403905"
    },
    {
      "type": "Feature",
      "properties": {
        "@id": "way/208403908",
        "landuse": "forest",
        "source": "Bing",
        "@geometry": "center"
      },
      "geometry": {
        "type": "Point",
        "coordinates": [
          -88.0057086,
          38.7617459
        ]
      },
      "id": "way/208403908"
    },
    {
      "type": "Feature",
      "properties": {
        "@id": "way/208403922",
        "landuse": "forest",
        "source": "Bing",
        "@geometry": "center"
      },
      "geometry": {
        "type": "Point",
        "coordinates": [
          -88.0897441,
          38.7472455
        ]
      },
      "id": "way/208403922"
    },
    {
      "type": "Feature",
      "properties": {
        "@id": "way/208403926",
        "landuse": "forest",
        "source": "Bing",
        "@geometry": "center"
      },
      "geometry": {
        "type": "Point",
        "coordinates": [
          -88.0306805,
          38.7524911
        ]
      },
      "id": "way/208403926"
    },
    {
      "type": "Feature",
      "properties": {
        "@id": "way/208403938",
        "landuse": "forest",
        "source": "Bing",
        "@geometry": "center"
      },
      "geometry": {
        "type": "Point",
        "coordinates": [
          -88.0609246,
          38.7467388
        ]
      },
      "id": "way/208403938"
    },
    {
      "type": "Feature",
      "properties": {
        "@id": "way/208403951",
        "landuse": "forest",
        "source": "Bing",
        "@geometry": "center"
      },
      "geometry": {
        "type": "Point",
        "coordinates": [
          -88.103689,
          38.7815143
        ]
      },
      "id": "way/208403951"
    },
    {
      "type": "Feature",
      "properties": {
        "@id": "way/208403953",
        "landuse": "forest",
        "source": "Bing",
        "@geometry": "center"
      },
      "geometry": {
        "type": "Point",
        "coordinates": [
          -88.0900702,
          38.7811937
        ]
      },
      "id": "way/208403953"
    },
    {
      "type": "Feature",
      "properties": {
        "@id": "way/208403954",
        "landuse": "forest",
        "source": "Bing",
        "@geometry": "center"
      },
      "geometry": {
        "type": "Point",
        "coordinates": [
          -88.0190144,
          38.7607655
        ]
      },
      "id": "way/208403954"
    },
    {
      "type": "Feature",
      "properties": {
        "@id": "way/208403956",
        "landuse": "forest",
        "source": "Bing",
        "@geometry": "center"
      },
      "geometry": {
        "type": "Point",
        "coordinates": [
          -88.029454,
          38.7654745
        ]
      },
      "id": "way/208403956"
    },
    {
      "type": "Feature",
      "properties": {
        "@id": "way/208403959",
        "landuse": "forest",
        "source": "Bing",
        "@geometry": "center"
      },
      "geometry": {
        "type": "Point",
        "coordinates": [
          -88.0474419,
          38.7430022
        ]
      },
      "id": "way/208403959"
    },
    {
      "type": "Feature",
      "properties": {
        "@id": "way/208403960",
        "landuse": "forest",
        "source": "Bing",
        "@geometry": "center"
      },
      "geometry": {
        "type": "Point",
        "coordinates": [
          -88.0545921,
          38.7410704
        ]
      },
      "id": "way/208403960"
    },
    {
      "type": "Feature",
      "properties": {
        "@id": "way/208403961",
        "landuse": "forest",
        "source": "Bing",
        "@geometry": "center"
      },
      "geometry": {
        "type": "Point",
        "coordinates": [
          -88.0190525,
          38.7503837
        ]
      },
      "id": "way/208403961"
    },
    {
      "type": "Feature",
      "properties": {
        "@id": "way/208403963",
        "landuse": "forest",
        "source": "Bing",
        "@geometry": "center"
      },
      "geometry": {
        "type": "Point",
        "coordinates": [
          -88.0564193,
          38.7494129
        ]
      },
      "id": "way/208403963"
    },
    {
      "type": "Feature",
      "properties": {
        "@id": "way/208403964",
        "landuse": "forest",
        "source": "Bing",
        "@geometry": "center"
      },
      "geometry": {
        "type": "Point",
        "coordinates": [
          -88.0526052,
          38.7412352
        ]
      },
      "id": "way/208403964"
    },
    {
      "type": "Feature",
      "properties": {
        "@id": "way/208403965",
        "landuse": "forest",
        "source": "Bing",
        "@geometry": "center"
      },
      "geometry": {
        "type": "Point",
        "coordinates": [
          -88.0516778,
          38.7481491
        ]
      },
      "id": "way/208403965"
    },
    {
      "type": "Feature",
      "properties": {
        "@id": "way/208403966",
        "landuse": "forest",
        "source": "Bing",
        "@geometry": "center"
      },
      "geometry": {
        "type": "Point",
        "coordinates": [
          -88.0479105,
          38.73465
        ]
      },
      "id": "way/208403966"
    },
    {
      "type": "Feature",
      "properties": {
        "@id": "way/208403967",
        "landuse": "forest",
        "source": "Bing",
        "@geometry": "center"
      },
      "geometry": {
        "type": "Point",
        "coordinates": [
          -88.0439223,
          38.7483732
        ]
      },
      "id": "way/208403967"
    },
    {
      "type": "Feature",
      "properties": {
        "@id": "way/208403968",
        "landuse": "forest",
        "source": "Bing",
        "@geometry": "center"
      },
      "geometry": {
        "type": "Point",
        "coordinates": [
          -88.0335545,
          38.7444092
        ]
      },
      "id": "way/208403968"
    },
    {
      "type": "Feature",
      "properties": {
        "@id": "way/208403969",
        "landuse": "forest",
        "source": "Bing",
        "@geometry": "center"
      },
      "geometry": {
        "type": "Point",
        "coordinates": [
          -88.0519809,
          38.7925951
        ]
      },
      "id": "way/208403969"
    },
    {
      "type": "Feature",
      "properties": {
        "@id": "way/208403970",
        "landuse": "forest",
        "source": "Bing",
        "@geometry": "center"
      },
      "geometry": {
        "type": "Point",
        "coordinates": [
          -88.0621096,
          38.7565136
        ]
      },
      "id": "way/208403970"
    },
    {
      "type": "Feature",
      "properties": {
        "@id": "way/208403971",
        "landuse": "forest",
        "source": "Bing",
        "@geometry": "center"
      },
      "geometry": {
        "type": "Point",
        "coordinates": [
          -88.0021867,
          38.7539395
        ]
      },
      "id": "way/208403971"
    },
    {
      "type": "Feature",
      "properties": {
        "@id": "way/208403972",
        "landuse": "forest",
        "source": "Bing",
        "@geometry": "center"
      },
      "geometry": {
        "type": "Point",
        "coordinates": [
          -88.0476855,
          38.748316
        ]
      },
      "id": "way/208403972"
    },
    {
      "type": "Feature",
      "properties": {
        "@id": "way/208403973",
        "landuse": "forest",
        "source": "Bing",
        "@geometry": "center"
      },
      "geometry": {
        "type": "Point",
        "coordinates": [
          -88.0319062,
          38.7700704
        ]
      },
      "id": "way/208403973"
    },
    {
      "type": "Feature",
      "properties": {
        "@id": "way/208403974",
        "landuse": "forest",
        "source": "Bing",
        "@geometry": "center"
      },
      "geometry": {
        "type": "Point",
        "coordinates": [
          -88.0160825,
          38.7429905
        ]
      },
      "id": "way/208403974"
    },
    {
      "type": "Feature",
      "properties": {
        "@id": "way/208648852",
        "landuse": "forest",
        "source": "Bing",
        "@geometry": "center"
      },
      "geometry": {
        "type": "Point",
        "coordinates": [
          -87.9988965,
          38.7707409
        ]
      },
      "id": "way/208648852"
    },
    {
      "type": "Feature",
      "properties": {
        "@id": "way/208648857",
        "landuse": "forest",
        "source": "Bing",
        "@geometry": "center"
      },
      "geometry": {
        "type": "Point",
        "coordinates": [
          -88.0103538,
          38.7709526
        ]
      },
      "id": "way/208648857"
    },
    {
      "type": "Feature",
      "properties": {
        "@id": "way/208648866",
        "landuse": "forest",
        "source": "Bing",
        "@geometry": "center"
      },
      "geometry": {
        "type": "Point",
        "coordinates": [
          -88.0204588,
          38.7198095
        ]
      },
      "id": "way/208648866"
    },
    {
      "type": "Feature",
      "properties": {
        "@id": "way/208648871",
        "landuse": "forest",
        "source": "Bing",
        "@geometry": "center"
      },
      "geometry": {
        "type": "Point",
        "coordinates": [
          -88.0046897,
          38.8011282
        ]
      },
      "id": "way/208648871"
    },
    {
      "type": "Feature",
      "properties": {
        "@id": "way/208648891",
        "landuse": "forest",
        "source": "Bing",
        "@geometry": "center"
      },
      "geometry": {
        "type": "Point",
        "coordinates": [
          -88.0563171,
          38.7840338
        ]
      },
      "id": "way/208648891"
    },
    {
      "type": "Feature",
      "properties": {
        "@id": "way/208648904",
        "landuse": "forest",
        "source": "Bing",
        "@geometry": "center"
      },
      "geometry": {
        "type": "Point",
        "coordinates": [
          -88.0223413,
          38.7341679
        ]
      },
      "id": "way/208648904"
    },
    {
      "type": "Feature",
      "properties": {
        "@id": "way/208648914",
        "landuse": "forest",
        "source": "Bing",
        "@geometry": "center"
      },
      "geometry": {
        "type": "Point",
        "coordinates": [
          -88.0056372,
          38.8045753
        ]
      },
      "id": "way/208648914"
    },
    {
      "type": "Feature",
      "properties": {
        "@id": "way/208648926",
        "landuse": "forest",
        "source": "Bing",
        "@geometry": "center"
      },
      "geometry": {
        "type": "Point",
        "coordinates": [
          -88.0330321,
          38.7368762
        ]
      },
      "id": "way/208648926"
    },
    {
      "type": "Feature",
      "properties": {
        "@id": "way/208648938",
        "landuse": "forest",
        "source": "Bing",
        "@geometry": "center"
      },
      "geometry": {
        "type": "Point",
        "coordinates": [
          -88.0626657,
          38.7258161
        ]
      },
      "id": "way/208648938"
    },
    {
      "type": "Feature",
      "properties": {
        "@id": "way/208648941",
        "landuse": "forest",
        "source": "Bing",
        "@geometry": "center"
      },
      "geometry": {
        "type": "Point",
        "coordinates": [
          -88.0209491,
          38.7359181
        ]
      },
      "id": "way/208648941"
    },
    {
      "type": "Feature",
      "properties": {
        "@id": "way/208648953",
        "landuse": "forest",
        "source": "Bing",
        "@geometry": "center"
      },
      "geometry": {
        "type": "Point",
        "coordinates": [
          -88.069658,
          38.7728238
        ]
      },
      "id": "way/208648953"
    },
    {
      "type": "Feature",
      "properties": {
        "@id": "way/208648982",
        "landuse": "forest",
        "source": "Bing",
        "@geometry": "center"
      },
      "geometry": {
        "type": "Point",
        "coordinates": [
          -88.0153108,
          38.7846611
        ]
      },
      "id": "way/208648982"
    },
    {
      "type": "Feature",
      "properties": {
        "@id": "way/208648995",
        "landuse": "forest",
        "source": "Bing",
        "@geometry": "center"
      },
      "geometry": {
        "type": "Point",
        "coordinates": [
          -88.0722624,
          38.6978116
        ]
      },
      "id": "way/208648995"
    },
    {
      "type": "Feature",
      "properties": {
        "@id": "way/208649000",
        "landuse": "forest",
        "source": "Bing",
        "@geometry": "center"
      },
      "geometry": {
        "type": "Point",
        "coordinates": [
          -88.0272451,
          38.7198169
        ]
      },
      "id": "way/208649000"
    },
    {
      "type": "Feature",
      "properties": {
        "@id": "way/208649002",
        "landuse": "forest",
        "source": "Bing",
        "@geometry": "center"
      },
      "geometry": {
        "type": "Point",
        "coordinates": [
          -88.0769639,
          38.7722998
        ]
      },
      "id": "way/208649002"
    },
    {
      "type": "Feature",
      "properties": {
        "@id": "way/208649004",
        "landuse": "forest",
        "source": "Bing",
        "@geometry": "center"
      },
      "geometry": {
        "type": "Point",
        "coordinates": [
          -88.0073369,
          38.748335
        ]
      },
      "id": "way/208649004"
    },
    {
      "type": "Feature",
      "properties": {
        "@id": "way/208649010",
        "landuse": "forest",
        "source": "Bing",
        "@geometry": "center"
      },
      "geometry": {
        "type": "Point",
        "coordinates": [
          -88.0091798,
          38.7197221
        ]
      },
      "id": "way/208649010"
    },
    {
      "type": "Feature",
      "properties": {
        "@id": "way/208649014",
        "landuse": "forest",
        "source": "Bing",
        "@geometry": "center"
      },
      "geometry": {
        "type": "Point",
        "coordinates": [
          -88.0044403,
          38.7353952
        ]
      },
      "id": "way/208649014"
    },
    {
      "type": "Feature",
      "properties": {
        "@id": "way/208649016",
        "landuse": "forest",
        "source": "Bing",
        "@geometry": "center"
      },
      "geometry": {
        "type": "Point",
        "coordinates": [
          -88.0316119,
          38.7962158
        ]
      },
      "id": "way/208649016"
    },
    {
      "type": "Feature",
      "properties": {
        "@id": "way/208649022",
        "landuse": "forest",
        "source": "Bing",
        "@geometry": "center"
      },
      "geometry": {
        "type": "Point",
        "coordinates": [
          -88.0700504,
          38.6907827
        ]
      },
      "id": "way/208649022"
    },
    {
      "type": "Feature",
      "properties": {
        "@id": "way/208649023",
        "landuse": "forest",
        "source": "Bing",
        "@geometry": "center"
      },
      "geometry": {
        "type": "Point",
        "coordinates": [
          -88.0345774,
          38.7202283
        ]
      },
      "id": "way/208649023"
    },
    {
      "type": "Feature",
      "properties": {
        "@id": "way/208649024",
        "landuse": "forest",
        "source": "Bing",
        "@geometry": "center"
      },
      "geometry": {
        "type": "Point",
        "coordinates": [
          -88.0339294,
          38.7274294
        ]
      },
      "id": "way/208649024"
    },
    {
      "type": "Feature",
      "properties": {
        "@id": "way/208649028",
        "landuse": "forest",
        "source": "Bing",
        "@geometry": "center"
      },
      "geometry": {
        "type": "Point",
        "coordinates": [
          -88.0283924,
          38.7865637
        ]
      },
      "id": "way/208649028"
    },
    {
      "type": "Feature",
      "properties": {
        "@id": "way/208649031",
        "landuse": "forest",
        "source": "Bing",
        "@geometry": "center"
      },
      "geometry": {
        "type": "Point",
        "coordinates": [
          -88.0265146,
          38.7253885
        ]
      },
      "id": "way/208649031"
    },
    {
      "type": "Feature",
      "properties": {
        "@id": "way/208649037",
        "landuse": "forest",
        "source": "Bing",
        "@geometry": "center"
      },
      "geometry": {
        "type": "Point",
        "coordinates": [
          -88.0531074,
          38.7200682
        ]
      },
      "id": "way/208649037"
    },
    {
      "type": "Feature",
      "properties": {
        "@id": "way/208649043",
        "landuse": "forest",
        "source": "Bing",
        "@geometry": "center"
      },
      "geometry": {
        "type": "Point",
        "coordinates": [
          -88.0713913,
          38.7731375
        ]
      },
      "id": "way/208649043"
    },
    {
      "type": "Feature",
      "properties": {
        "@id": "way/208649044",
        "landuse": "forest",
        "source": "Bing",
        "@geometry": "center"
      },
      "geometry": {
        "type": "Point",
        "coordinates": [
          -88.0718691,
          38.7746612
        ]
      },
      "id": "way/208649044"
    },
    {
      "type": "Feature",
      "properties": {
        "@id": "way/208649045",
        "landuse": "forest",
        "source": "Bing",
        "@geometry": "center"
      },
      "geometry": {
        "type": "Point",
        "coordinates": [
          -88.1020989,
          38.7417356
        ]
      },
      "id": "way/208649045"
    },
    {
      "type": "Feature",
      "properties": {
        "@id": "way/208649062",
        "landuse": "forest",
        "source": "Bing",
        "@geometry": "center"
      },
      "geometry": {
        "type": "Point",
        "coordinates": [
          -88.0791438,
          38.6889432
        ]
      },
      "id": "way/208649062"
    },
    {
      "type": "Feature",
      "properties": {
        "@id": "way/208649063",
        "landuse": "forest",
        "source": "Bing",
        "@geometry": "center"
      },
      "geometry": {
        "type": "Point",
        "coordinates": [
          -88.0109609,
          38.7972949
        ]
      },
      "id": "way/208649063"
    },
    {
      "type": "Feature",
      "properties": {
        "@id": "way/209070432",
        "landuse": "forest",
        "source": "Bing",
        "@geometry": "center"
      },
      "geometry": {
        "type": "Point",
        "coordinates": [
          -88.0639846,
          38.7634138
        ]
      },
      "id": "way/209070432"
    },
    {
      "type": "Feature",
      "properties": {
        "@id": "way/209070435",
        "landuse": "forest",
        "source": "Bing",
        "@geometry": "center"
      },
      "geometry": {
        "type": "Point",
        "coordinates": [
          -88.101359,
          38.7328467
        ]
      },
      "id": "way/209070435"
    },
    {
      "type": "Feature",
      "properties": {
        "@id": "way/209198815",
        "landuse": "forest",
        "source": "Bing",
        "@geometry": "center"
      },
      "geometry": {
        "type": "Point",
        "coordinates": [
          -88.0721893,
          38.7697571
        ]
      },
      "id": "way/209198815"
    },
    {
      "type": "Feature",
      "properties": {
        "@id": "way/209198816",
        "landuse": "forest",
        "source": "Bing",
        "@geometry": "center"
      },
      "geometry": {
        "type": "Point",
        "coordinates": [
          -88.0687119,
          38.7698018
        ]
      },
      "id": "way/209198816"
    },
    {
      "type": "Feature",
      "properties": {
        "@id": "way/209198817",
        "landuse": "forest",
        "source": "Bing",
        "@geometry": "center"
      },
      "geometry": {
        "type": "Point",
        "coordinates": [
          -88.0648882,
          38.7723745
        ]
      },
      "id": "way/209198817"
    },
    {
      "type": "Feature",
      "properties": {
        "@id": "way/210337278",
        "landuse": "forest",
        "source": "Bing",
        "@geometry": "center"
      },
      "geometry": {
        "type": "Point",
        "coordinates": [
          -88.1036811,
          38.7964011
        ]
      },
      "id": "way/210337278"
    },
    {
      "type": "Feature",
      "properties": {
        "@id": "way/210337284",
        "landuse": "forest",
        "source": "Bing",
        "@geometry": "center"
      },
      "geometry": {
        "type": "Point",
        "coordinates": [
          -88.0716082,
          38.8006788
        ]
      },
      "id": "way/210337284"
    },
    {
      "type": "Feature",
      "properties": {
        "@id": "way/210337299",
        "landuse": "forest",
        "source": "Bing",
        "@geometry": "center"
      },
      "geometry": {
        "type": "Point",
        "coordinates": [
          -88.0805332,
          38.7856059
        ]
      },
      "id": "way/210337299"
    },
    {
      "type": "Feature",
      "properties": {
        "@id": "way/210337301",
        "landuse": "forest",
        "source": "Bing",
        "@geometry": "center"
      },
      "geometry": {
        "type": "Point",
        "coordinates": [
          -88.0734822,
          38.785253
        ]
      },
      "id": "way/210337301"
    },
    {
      "type": "Feature",
      "properties": {
        "@id": "way/210337308",
        "landuse": "forest",
        "source": "Bing",
        "@geometry": "center"
      },
      "geometry": {
        "type": "Point",
        "coordinates": [
          -88.1116236,
          38.7965492
        ]
      },
      "id": "way/210337308"
    },
    {
      "type": "Feature",
      "properties": {
        "@id": "way/210337317",
        "landuse": "forest",
        "source": "Bing",
        "@geometry": "center"
      },
      "geometry": {
        "type": "Point",
        "coordinates": [
          -88.0899257,
          38.7874202
        ]
      },
      "id": "way/210337317"
    },
    {
      "type": "Feature",
      "properties": {
        "@id": "way/210337320",
        "landuse": "forest",
        "source": "Bing",
        "@geometry": "center"
      },
      "geometry": {
        "type": "Point",
        "coordinates": [
          -88.0805908,
          38.8022531
        ]
      },
      "id": "way/210337320"
    },
    {
      "type": "Feature",
      "properties": {
        "@id": "way/210337327",
        "landuse": "forest",
        "source": "Bing",
        "@geometry": "center"
      },
      "geometry": {
        "type": "Point",
        "coordinates": [
          -88.0897513,
          38.7930237
        ]
      },
      "id": "way/210337327"
    },
    {
      "type": "Feature",
      "properties": {
        "@id": "way/210337331",
        "landuse": "forest",
        "source": "Bing",
        "@geometry": "center"
      },
      "geometry": {
        "type": "Point",
        "coordinates": [
          -88.1073344,
          38.7976028
        ]
      },
      "id": "way/210337331"
    },
    {
      "type": "Feature",
      "properties": {
        "@id": "way/210337339",
        "landuse": "forest",
        "source": "Bing",
        "@geometry": "center"
      },
      "geometry": {
        "type": "Point",
        "coordinates": [
          -88.1088577,
          38.802451
        ]
      },
      "id": "way/210337339"
    },
    {
      "type": "Feature",
      "properties": {
        "@id": "way/222711919",
        "landuse": "forest",
        "@geometry": "center"
      },
      "geometry": {
        "type": "Point",
        "coordinates": [
          -85.8944497,
          37.0258396
        ]
      },
      "id": "way/222711919"
    },
    {
      "type": "Feature",
      "properties": {
        "@id": "way/242210150",
        "landuse": "forest",
        "leaf_cycle": "evergreen",
        "name": "Water Tower",
        "@geometry": "center"
      },
      "geometry": {
        "type": "Point",
        "coordinates": [
          -82.8027137,
          37.8197717
        ]
      },
      "id": "way/242210150"
    },
    {
      "type": "Feature",
      "properties": {
        "@id": "way/249669821",
        "landuse": "forest",
        "@geometry": "center"
      },
      "geometry": {
        "type": "Point",
        "coordinates": [
          -87.0024191,
          36.5625597
        ]
      },
      "id": "way/249669821"
    },
    {
      "type": "Feature",
      "properties": {
        "@id": "way/249669822",
        "landuse": "forest",
        "@geometry": "center"
      },
      "geometry": {
        "type": "Point",
        "coordinates": [
          -87.0468719,
          36.5783109
        ]
      },
      "id": "way/249669822"
    },
    {
      "type": "Feature",
      "properties": {
        "@id": "way/249675946",
        "landuse": "forest",
        "@geometry": "center"
      },
      "geometry": {
        "type": "Point",
        "coordinates": [
          -87.0918516,
          36.587047
        ]
      },
      "id": "way/249675946"
    },
    {
      "type": "Feature",
      "properties": {
        "@id": "way/249675947",
        "landuse": "forest",
        "@geometry": "center"
      },
      "geometry": {
        "type": "Point",
        "coordinates": [
          -87.0826048,
          36.6065819
        ]
      },
      "id": "way/249675947"
    },
    {
      "type": "Feature",
      "properties": {
        "@id": "way/249685704",
        "landuse": "forest",
        "@geometry": "center"
      },
      "geometry": {
        "type": "Point",
        "coordinates": [
          -87.0408594,
          36.5747268
        ]
      },
      "id": "way/249685704"
    },
    {
      "type": "Feature",
      "properties": {
        "@id": "way/249685705",
        "landuse": "forest",
        "@geometry": "center"
      },
      "geometry": {
        "type": "Point",
        "coordinates": [
          -87.0360055,
          36.5715368
        ]
      },
      "id": "way/249685705"
    },
    {
      "type": "Feature",
      "properties": {
        "@id": "way/249685706",
        "landuse": "forest",
        "@geometry": "center"
      },
      "geometry": {
        "type": "Point",
        "coordinates": [
          -87.0155108,
          36.5564719
        ]
      },
      "id": "way/249685706"
    },
    {
      "type": "Feature",
      "properties": {
        "@id": "way/249685707",
        "landuse": "forest",
        "@geometry": "center"
      },
      "geometry": {
        "type": "Point",
        "coordinates": [
          -87.0506228,
          36.5739863
        ]
      },
      "id": "way/249685707"
    },
    {
      "type": "Feature",
      "properties": {
        "@id": "way/249685708",
        "landuse": "forest",
        "@geometry": "center"
      },
      "geometry": {
        "type": "Point",
        "coordinates": [
          -87.0237654,
          36.5797692
        ]
      },
      "id": "way/249685708"
    },
    {
      "type": "Feature",
      "properties": {
        "@id": "way/249685709",
        "landuse": "forest",
        "@geometry": "center"
      },
      "geometry": {
        "type": "Point",
        "coordinates": [
          -87.0445229,
          36.5675448
        ]
      },
      "id": "way/249685709"
    },
    {
      "type": "Feature",
      "properties": {
        "@id": "way/249685710",
        "landuse": "forest",
        "@geometry": "center"
      },
      "geometry": {
        "type": "Point",
        "coordinates": [
          -87.0242183,
          36.5576448
        ]
      },
      "id": "way/249685710"
    },
    {
      "type": "Feature",
      "properties": {
        "@id": "way/249685711",
        "landuse": "forest",
        "@geometry": "center"
      },
      "geometry": {
        "type": "Point",
        "coordinates": [
          -87.0366561,
          36.5765994
        ]
      },
      "id": "way/249685711"
    },
    {
      "type": "Feature",
      "properties": {
        "@id": "way/249685712",
        "landuse": "forest",
        "@geometry": "center"
      },
      "geometry": {
        "type": "Point",
        "coordinates": [
          -87.0425752,
          36.5631711
        ]
      },
      "id": "way/249685712"
    },
    {
      "type": "Feature",
      "properties": {
        "@id": "way/249692216",
        "landuse": "forest",
        "@geometry": "center"
      },
      "geometry": {
        "type": "Point",
        "coordinates": [
          -87.1172211,
          36.6385545
        ]
      },
      "id": "way/249692216"
    },
    {
      "type": "Feature",
      "properties": {
        "@id": "way/249692217",
        "landuse": "forest",
        "@geometry": "center"
      },
      "geometry": {
        "type": "Point",
        "coordinates": [
          -87.1371931,
          36.6508229
        ]
      },
      "id": "way/249692217"
    },
    {
      "type": "Feature",
      "properties": {
        "@id": "way/249692218",
        "landuse": "forest",
        "@geometry": "center"
      },
      "geometry": {
        "type": "Point",
        "coordinates": [
          -87.1289273,
          36.6131529
        ]
      },
      "id": "way/249692218"
    },
    {
      "type": "Feature",
      "properties": {
        "@id": "way/249692219",
        "landuse": "forest",
        "@geometry": "center"
      },
      "geometry": {
        "type": "Point",
        "coordinates": [
          -87.1226906,
          36.611048
        ]
      },
      "id": "way/249692219"
    },
    {
      "type": "Feature",
      "properties": {
        "@id": "way/249692220",
        "landuse": "forest",
        "@geometry": "center"
      },
      "geometry": {
        "type": "Point",
        "coordinates": [
          -87.1045976,
          36.6097471
        ]
      },
      "id": "way/249692220"
    },
    {
      "type": "Feature",
      "properties": {
        "@id": "way/249692221",
        "landuse": "forest",
        "@geometry": "center"
      },
      "geometry": {
        "type": "Point",
        "coordinates": [
          -87.1260474,
          36.6135357
        ]
      },
      "id": "way/249692221"
    },
    {
      "type": "Feature",
      "properties": {
        "@id": "way/249692222",
        "landuse": "forest",
        "@geometry": "center"
      },
      "geometry": {
        "type": "Point",
        "coordinates": [
          -87.1205916,
          36.6244831
        ]
      },
      "id": "way/249692222"
    },
    {
      "type": "Feature",
      "properties": {
        "@id": "way/249692223",
        "landuse": "forest",
        "@geometry": "center"
      },
      "geometry": {
        "type": "Point",
        "coordinates": [
          -87.134698,
          36.6296973
        ]
      },
      "id": "way/249692223"
    },
    {
      "type": "Feature",
      "properties": {
        "@id": "way/249692224",
        "landuse": "forest",
        "@geometry": "center"
      },
      "geometry": {
        "type": "Point",
        "coordinates": [
          -87.1384139,
          36.6365874
        ]
      },
      "id": "way/249692224"
    },
    {
      "type": "Feature",
      "properties": {
        "@id": "way/249692225",
        "landuse": "forest",
        "@geometry": "center"
      },
      "geometry": {
        "type": "Point",
        "coordinates": [
          -87.1227778,
          36.588644
        ]
      },
      "id": "way/249692225"
    },
    {
      "type": "Feature",
      "properties": {
        "@id": "way/249692226",
        "landuse": "forest",
        "@geometry": "center"
      },
      "geometry": {
        "type": "Point",
        "coordinates": [
          -87.1452191,
          36.6346512
        ]
      },
      "id": "way/249692226"
    },
    {
      "type": "Feature",
      "properties": {
        "@id": "way/249692227",
        "landuse": "forest",
        "@geometry": "center"
      },
      "geometry": {
        "type": "Point",
        "coordinates": [
          -87.1230166,
          36.6319094
        ]
      },
      "id": "way/249692227"
    },
    {
      "type": "Feature",
      "properties": {
        "@id": "way/249692228",
        "landuse": "forest",
        "@geometry": "center"
      },
      "geometry": {
        "type": "Point",
        "coordinates": [
          -87.1311715,
          36.6290728
        ]
      },
      "id": "way/249692228"
    },
    {
      "type": "Feature",
      "properties": {
        "@id": "way/249692229",
        "landuse": "forest",
        "@geometry": "center"
      },
      "geometry": {
        "type": "Point",
        "coordinates": [
          -87.1325574,
          36.6326377
        ]
      },
      "id": "way/249692229"
    },
    {
      "type": "Feature",
      "properties": {
        "@id": "way/249692230",
        "landuse": "forest",
        "@geometry": "center"
      },
      "geometry": {
        "type": "Point",
        "coordinates": [
          -87.1259543,
          36.5948444
        ]
      },
      "id": "way/249692230"
    },
    {
      "type": "Feature",
      "properties": {
        "@id": "way/249692231",
        "landuse": "forest",
        "@geometry": "center"
      },
      "geometry": {
        "type": "Point",
        "coordinates": [
          -87.1283977,
          36.6308341
        ]
      },
      "id": "way/249692231"
    },
    {
      "type": "Feature",
      "properties": {
        "@id": "way/249720364",
        "landuse": "forest",
        "@geometry": "center"
      },
      "geometry": {
        "type": "Point",
        "coordinates": [
          -87.2168023,
          36.7261783
        ]
      },
      "id": "way/249720364"
    },
    {
      "type": "Feature",
      "properties": {
        "@id": "way/249720370",
        "landuse": "forest",
        "@geometry": "center"
      },
      "geometry": {
        "type": "Point",
        "coordinates": [
          -87.2722615,
          36.7262792
        ]
      },
      "id": "way/249720370"
    },
    {
      "type": "Feature",
      "properties": {
        "@id": "way/249720371",
        "landuse": "forest",
        "@geometry": "center"
      },
      "geometry": {
        "type": "Point",
        "coordinates": [
          -87.2444101,
          36.7285369
        ]
      },
      "id": "way/249720371"
    },
    {
      "type": "Feature",
      "properties": {
        "@id": "way/249720373",
        "landuse": "forest",
        "@geometry": "center"
      },
      "geometry": {
        "type": "Point",
        "coordinates": [
          -87.1319204,
          36.6243568
        ]
      },
      "id": "way/249720373"
    },
    {
      "type": "Feature",
      "properties": {
        "@id": "way/249793188",
        "landuse": "forest",
        "@geometry": "center"
      },
      "geometry": {
        "type": "Point",
        "coordinates": [
          -87.2865414,
          36.7076046
        ]
      },
      "id": "way/249793188"
    },
    {
      "type": "Feature",
      "properties": {
        "@id": "way/249793189",
        "landuse": "forest",
        "@geometry": "center"
      },
      "geometry": {
        "type": "Point",
        "coordinates": [
          -87.462395,
          36.8313006
        ]
      },
      "id": "way/249793189"
    },
    {
      "type": "Feature",
      "properties": {
        "@id": "way/249793190",
        "landuse": "forest",
        "@geometry": "center"
      },
      "geometry": {
        "type": "Point",
        "coordinates": [
          -87.4396757,
          36.7884728
        ]
      },
      "id": "way/249793190"
    },
    {
      "type": "Feature",
      "properties": {
        "@id": "way/249793191",
        "landuse": "forest",
        "@geometry": "center"
      },
      "geometry": {
        "type": "Point",
        "coordinates": [
          -87.4311158,
          36.785466
        ]
      },
      "id": "way/249793191"
    },
    {
      "type": "Feature",
      "properties": {
        "@id": "way/249793192",
        "landuse": "forest",
        "@geometry": "center"
      },
      "geometry": {
        "type": "Point",
        "coordinates": [
          -87.4640328,
          36.8005662
        ]
      },
      "id": "way/249793192"
    },
    {
      "type": "Feature",
      "properties": {
        "@id": "way/249793193",
        "landuse": "forest",
        "@geometry": "center"
      },
      "geometry": {
        "type": "Point",
        "coordinates": [
          -87.443484,
          36.8069454
        ]
      },
      "id": "way/249793193"
    },
    {
      "type": "Feature",
      "properties": {
        "@id": "way/249793194",
        "landuse": "forest",
        "@geometry": "center"
      },
      "geometry": {
        "type": "Point",
        "coordinates": [
          -87.2968869,
          36.7217661
        ]
      },
      "id": "way/249793194"
    },
    {
      "type": "Feature",
      "properties": {
        "@id": "way/249793195",
        "landuse": "forest",
        "@geometry": "center"
      },
      "geometry": {
        "type": "Point",
        "coordinates": [
          -87.2568707,
          36.7077524
        ]
      },
      "id": "way/249793195"
    },
    {
      "type": "Feature",
      "properties": {
        "@id": "way/249793196",
        "landuse": "forest",
        "@geometry": "center"
      },
      "geometry": {
        "type": "Point",
        "coordinates": [
          -87.4225511,
          36.8000904
        ]
      },
      "id": "way/249793196"
    },
    {
      "type": "Feature",
      "properties": {
        "@id": "way/249793197",
        "landuse": "forest",
        "@geometry": "center"
      },
      "geometry": {
        "type": "Point",
        "coordinates": [
          -87.2664676,
          36.7211105
        ]
      },
      "id": "way/249793197"
    },
    {
      "type": "Feature",
      "properties": {
        "@id": "way/249793198",
        "landuse": "forest",
        "@geometry": "center"
      },
      "geometry": {
        "type": "Point",
        "coordinates": [
          -87.4197965,
          36.8137051
        ]
      },
      "id": "way/249793198"
    },
    {
      "type": "Feature",
      "properties": {
        "@id": "way/249793199",
        "landuse": "forest",
        "@geometry": "center"
      },
      "geometry": {
        "type": "Point",
        "coordinates": [
          -87.4069075,
          36.8041317
        ]
      },
      "id": "way/249793199"
    },
    {
      "type": "Feature",
      "properties": {
        "@id": "way/249793200",
        "landuse": "forest",
        "@geometry": "center"
      },
      "geometry": {
        "type": "Point",
        "coordinates": [
          -87.4458813,
          36.8103808
        ]
      },
      "id": "way/249793200"
    },
    {
      "type": "Feature",
      "properties": {
        "@id": "way/249793201",
        "landuse": "forest",
        "@geometry": "center"
      },
      "geometry": {
        "type": "Point",
        "coordinates": [
          -87.4662857,
          36.8352388
        ]
      },
      "id": "way/249793201"
    },
    {
      "type": "Feature",
      "properties": {
        "@id": "way/249793202",
        "landuse": "forest",
        "@geometry": "center"
      },
      "geometry": {
        "type": "Point",
        "coordinates": [
          -87.236128,
          36.7229192
        ]
      },
      "id": "way/249793202"
    },
    {
      "type": "Feature",
      "properties": {
        "@id": "way/249793203",
        "landuse": "forest",
        "@geometry": "center"
      },
      "geometry": {
        "type": "Point",
        "coordinates": [
          -87.4363027,
          36.7895967
        ]
      },
      "id": "way/249793203"
    },
    {
      "type": "Feature",
      "properties": {
        "@id": "way/249793204",
        "landuse": "forest",
        "@geometry": "center"
      },
      "geometry": {
        "type": "Point",
        "coordinates": [
          -87.4269219,
          36.7999284
        ]
      },
      "id": "way/249793204"
    },
    {
      "type": "Feature",
      "properties": {
        "@id": "way/249793205",
        "landuse": "forest",
        "@geometry": "center"
      },
      "geometry": {
        "type": "Point",
        "coordinates": [
          -87.442818,
          36.7958808
        ]
      },
      "id": "way/249793205"
    },
    {
      "type": "Feature",
      "properties": {
        "@id": "way/249793206",
        "landuse": "forest",
        "@geometry": "center"
      },
      "geometry": {
        "type": "Point",
        "coordinates": [
          -87.4060583,
          36.8696449
        ]
      },
      "id": "way/249793206"
    },
    {
      "type": "Feature",
      "properties": {
        "@id": "way/249793207",
        "landuse": "forest",
        "@geometry": "center"
      },
      "geometry": {
        "type": "Point",
        "coordinates": [
          -87.440988,
          36.7865144
        ]
      },
      "id": "way/249793207"
    },
    {
      "type": "Feature",
      "properties": {
        "@id": "way/249807063",
        "landuse": "forest",
        "@geometry": "center"
      },
      "geometry": {
        "type": "Point",
        "coordinates": [
          -87.3485891,
          36.7185445
        ]
      },
      "id": "way/249807063"
    },
    {
      "type": "Feature",
      "properties": {
        "@id": "way/249807064",
        "landuse": "forest",
        "@geometry": "center"
      },
      "geometry": {
        "type": "Point",
        "coordinates": [
          -87.3133812,
          36.7238669
        ]
      },
      "id": "way/249807064"
    },
    {
      "type": "Feature",
      "properties": {
        "@id": "way/249807074",
        "landuse": "forest",
        "@geometry": "center"
      },
      "geometry": {
        "type": "Point",
        "coordinates": [
          -87.3183583,
          36.7149202
        ]
      },
      "id": "way/249807074"
    },
    {
      "type": "Feature",
      "properties": {
        "@id": "way/249807075",
        "landuse": "forest",
        "@geometry": "center"
      },
      "geometry": {
        "type": "Point",
        "coordinates": [
          -87.3580798,
          36.7191249
        ]
      },
      "id": "way/249807075"
    },
    {
      "type": "Feature",
      "properties": {
        "@id": "way/249807076",
        "landuse": "forest",
        "@geometry": "center"
      },
      "geometry": {
        "type": "Point",
        "coordinates": [
          -87.3319164,
          36.7230097
        ]
      },
      "id": "way/249807076"
    },
    {
      "type": "Feature",
      "properties": {
        "@id": "way/249807077",
        "landuse": "forest",
        "@geometry": "center"
      },
      "geometry": {
        "type": "Point",
        "coordinates": [
          -87.3532939,
          36.7516526
        ]
      },
      "id": "way/249807077"
    },
    {
      "type": "Feature",
      "properties": {
        "@id": "way/249807078",
        "landuse": "forest",
        "@geometry": "center"
      },
      "geometry": {
        "type": "Point",
        "coordinates": [
          -87.3340873,
          36.7169676
        ]
      },
      "id": "way/249807078"
    },
    {
      "type": "Feature",
      "properties": {
        "@id": "way/249807079",
        "landuse": "forest",
        "@geometry": "center"
      },
      "geometry": {
        "type": "Point",
        "coordinates": [
          -87.340326,
          36.714945
        ]
      },
      "id": "way/249807079"
    },
    {
      "type": "Feature",
      "properties": {
        "@id": "way/249807080",
        "landuse": "forest",
        "@geometry": "center"
      },
      "geometry": {
        "type": "Point",
        "coordinates": [
          -87.3785705,
          36.8631945
        ]
      },
      "id": "way/249807080"
    },
    {
      "type": "Feature",
      "properties": {
        "@id": "way/249807081",
        "landuse": "forest",
        "@geometry": "center"
      },
      "geometry": {
        "type": "Point",
        "coordinates": [
          -87.3549704,
          36.7299881
        ]
      },
      "id": "way/249807081"
    },
    {
      "type": "Feature",
      "properties": {
        "@id": "way/249807082",
        "landuse": "forest",
        "@geometry": "center"
      },
      "geometry": {
        "type": "Point",
        "coordinates": [
          -87.3939132,
          36.861294
        ]
      },
      "id": "way/249807082"
    },
    {
      "type": "Feature",
      "properties": {
        "@id": "way/249807083",
        "landuse": "forest",
        "@geometry": "center"
      },
      "geometry": {
        "type": "Point",
        "coordinates": [
          -87.3071078,
          36.7462076
        ]
      },
      "id": "way/249807083"
    },
    {
      "type": "Feature",
      "properties": {
        "@id": "way/249807084",
        "landuse": "forest",
        "@geometry": "center"
      },
      "geometry": {
        "type": "Point",
        "coordinates": [
          -87.3483063,
          36.7651779
        ]
      },
      "id": "way/249807084"
    },
    {
      "type": "Feature",
      "properties": {
        "@id": "way/249807085",
        "landuse": "forest",
        "@geometry": "center"
      },
      "geometry": {
        "type": "Point",
        "coordinates": [
          -87.330459,
          36.7136122
        ]
      },
      "id": "way/249807085"
    },
    {
      "type": "Feature",
      "properties": {
        "@id": "way/249807086",
        "landuse": "forest",
        "@geometry": "center"
      },
      "geometry": {
        "type": "Point",
        "coordinates": [
          -87.3757651,
          36.8691568
        ]
      },
      "id": "way/249807086"
    },
    {
      "type": "Feature",
      "properties": {
        "@id": "way/249807087",
        "landuse": "forest",
        "@geometry": "center"
      },
      "geometry": {
        "type": "Point",
        "coordinates": [
          -87.3655983,
          36.7195005
        ]
      },
      "id": "way/249807087"
    },
    {
      "type": "Feature",
      "properties": {
        "@id": "way/249807088",
        "landuse": "forest",
        "@geometry": "center"
      },
      "geometry": {
        "type": "Point",
        "coordinates": [
          -87.3504255,
          36.7254376
        ]
      },
      "id": "way/249807088"
    },
    {
      "type": "Feature",
      "properties": {
        "@id": "way/249807089",
        "landuse": "forest",
        "@geometry": "center"
      },
      "geometry": {
        "type": "Point",
        "coordinates": [
          -87.3563583,
          36.7221932
        ]
      },
      "id": "way/249807089"
    },
    {
      "type": "Feature",
      "properties": {
        "@id": "way/249807090",
        "landuse": "forest",
        "@geometry": "center"
      },
      "geometry": {
        "type": "Point",
        "coordinates": [
          -87.332532,
          36.7189968
        ]
      },
      "id": "way/249807090"
    },
    {
      "type": "Feature",
      "properties": {
        "@id": "way/249807091",
        "landuse": "forest",
        "@geometry": "center"
      },
      "geometry": {
        "type": "Point",
        "coordinates": [
          -87.3874909,
          36.8699771
        ]
      },
      "id": "way/249807091"
    },
    {
      "type": "Feature",
      "properties": {
        "@id": "way/249807092",
        "landuse": "forest",
        "@geometry": "center"
      },
      "geometry": {
        "type": "Point",
        "coordinates": [
          -87.3650132,
          36.7578658
        ]
      },
      "id": "way/249807092"
    },
    {
      "type": "Feature",
      "properties": {
        "@id": "way/249807093",
        "landuse": "forest",
        "@geometry": "center"
      },
      "geometry": {
        "type": "Point",
        "coordinates": [
          -87.3470943,
          36.7161192
        ]
      },
      "id": "way/249807093"
    },
    {
      "type": "Feature",
      "properties": {
        "@id": "way/249807094",
        "landuse": "forest",
        "@geometry": "center"
      },
      "geometry": {
        "type": "Point",
        "coordinates": [
          -87.3438226,
          36.7215645
        ]
      },
      "id": "way/249807094"
    },
    {
      "type": "Feature",
      "properties": {
        "@id": "way/249807095",
        "landuse": "forest",
        "@geometry": "center"
      },
      "geometry": {
        "type": "Point",
        "coordinates": [
          -87.34208,
          36.715775
        ]
      },
      "id": "way/249807095"
    },
    {
      "type": "Feature",
      "properties": {
        "@id": "way/249807096",
        "landuse": "forest",
        "@geometry": "center"
      },
      "geometry": {
        "type": "Point",
        "coordinates": [
          -87.3650789,
          36.7266969
        ]
      },
      "id": "way/249807096"
    },
    {
      "type": "Feature",
      "properties": {
        "@id": "way/249807097",
        "landuse": "forest",
        "@geometry": "center"
      },
      "geometry": {
        "type": "Point",
        "coordinates": [
          -87.3115616,
          36.7395457
        ]
      },
      "id": "way/249807097"
    },
    {
      "type": "Feature",
      "properties": {
        "@id": "way/249807098",
        "landuse": "forest",
        "@geometry": "center"
      },
      "geometry": {
        "type": "Point",
        "coordinates": [
          -87.3691405,
          36.7178007
        ]
      },
      "id": "way/249807098"
    },
    {
      "type": "Feature",
      "properties": {
        "@id": "way/249807099",
        "landuse": "forest",
        "@geometry": "center"
      },
      "geometry": {
        "type": "Point",
        "coordinates": [
          -87.3571741,
          36.7157108
        ]
      },
      "id": "way/249807099"
    },
    {
      "type": "Feature",
      "properties": {
        "@id": "way/249807100",
        "landuse": "forest",
        "@geometry": "center"
      },
      "geometry": {
        "type": "Point",
        "coordinates": [
          -87.343103,
          36.7172033
        ]
      },
      "id": "way/249807100"
    },
    {
      "type": "Feature",
      "properties": {
        "@id": "way/249807101",
        "landuse": "forest",
        "@geometry": "center"
      },
      "geometry": {
        "type": "Point",
        "coordinates": [
          -87.3390821,
          36.7190521
        ]
      },
      "id": "way/249807101"
    },
    {
      "type": "Feature",
      "properties": {
        "@id": "way/249807102",
        "landuse": "forest",
        "@geometry": "center"
      },
      "geometry": {
        "type": "Point",
        "coordinates": [
          -87.3269541,
          36.7212793
        ]
      },
      "id": "way/249807102"
    },
    {
      "type": "Feature",
      "properties": {
        "@id": "way/249809679",
        "landuse": "forest",
        "@geometry": "center"
      },
      "geometry": {
        "type": "Point",
        "coordinates": [
          -87.2273129,
          36.6013796
        ]
      },
      "id": "way/249809679"
    },
    {
      "type": "Feature",
      "properties": {
        "@id": "way/249809680",
        "landuse": "forest",
        "@geometry": "center"
      },
      "geometry": {
        "type": "Point",
        "coordinates": [
          -87.2465385,
          36.7330801
        ]
      },
      "id": "way/249809680"
    },
    {
      "type": "Feature",
      "properties": {
        "@id": "way/249809681",
        "landuse": "forest",
        "@geometry": "center"
      },
      "geometry": {
        "type": "Point",
        "coordinates": [
          -87.2681928,
          36.7498316
        ]
      },
      "id": "way/249809681"
    },
    {
      "type": "Feature",
      "properties": {
        "@id": "way/249809682",
        "landuse": "forest",
        "@geometry": "center"
      },
      "geometry": {
        "type": "Point",
        "coordinates": [
          -87.2681846,
          36.7457225
        ]
      },
      "id": "way/249809682"
    },
    {
      "type": "Feature",
      "properties": {
        "@id": "way/249809683",
        "landuse": "forest",
        "@geometry": "center"
      },
      "geometry": {
        "type": "Point",
        "coordinates": [
          -87.1927499,
          36.7263276
        ]
      },
      "id": "way/249809683"
    },
    {
      "type": "Feature",
      "properties": {
        "@id": "way/249809685",
        "landuse": "forest",
        "@geometry": "center"
      },
      "geometry": {
        "type": "Point",
        "coordinates": [
          -87.1861465,
          36.7283752
        ]
      },
      "id": "way/249809685"
    },
    {
      "type": "Feature",
      "properties": {
        "@id": "way/249809686",
        "landuse": "forest",
        "@geometry": "center"
      },
      "geometry": {
        "type": "Point",
        "coordinates": [
          -87.1998621,
          36.6869473
        ]
      },
      "id": "way/249809686"
    },
    {
      "type": "Feature",
      "properties": {
        "@id": "way/249809687",
        "landuse": "forest",
        "@geometry": "center"
      },
      "geometry": {
        "type": "Point",
        "coordinates": [
          -87.1876046,
          36.7397175
        ]
      },
      "id": "way/249809687"
    },
    {
      "type": "Feature",
      "properties": {
        "@id": "way/249809689",
        "landuse": "forest",
        "@geometry": "center"
      },
      "geometry": {
        "type": "Point",
        "coordinates": [
          -87.3073709,
          36.7327348
        ]
      },
      "id": "way/249809689"
    },
    {
      "type": "Feature",
      "properties": {
        "@id": "way/249809690",
        "landuse": "forest",
        "@geometry": "center"
      },
      "geometry": {
        "type": "Point",
        "coordinates": [
          -87.3040184,
          36.7345238
        ]
      },
      "id": "way/249809690"
    },
    {
      "type": "Feature",
      "properties": {
        "@id": "way/249809691",
        "landuse": "forest",
        "@geometry": "center"
      },
      "geometry": {
        "type": "Point",
        "coordinates": [
          -87.1774032,
          36.7322029
        ]
      },
      "id": "way/249809691"
    },
    {
      "type": "Feature",
      "properties": {
        "@id": "way/249809692",
        "landuse": "forest",
        "@geometry": "center"
      },
      "geometry": {
        "type": "Point",
        "coordinates": [
          -87.2420731,
          36.7320809
        ]
      },
      "id": "way/249809692"
    },
    {
      "type": "Feature",
      "properties": {
        "@id": "way/249809694",
        "landuse": "forest",
        "@geometry": "center"
      },
      "geometry": {
        "type": "Point",
        "coordinates": [
          -87.1982829,
          36.7412408
        ]
      },
      "id": "way/249809694"
    },
    {
      "type": "Feature",
      "properties": {
        "@id": "way/250000757",
        "landuse": "forest",
        "@geometry": "center"
      },
      "geometry": {
        "type": "Point",
        "coordinates": [
          -87.4920571,
          37.0543577
        ]
      },
      "id": "way/250000757"
    },
    {
      "type": "Feature",
      "properties": {
        "@id": "way/250000759",
        "landuse": "forest",
        "@geometry": "center"
      },
      "geometry": {
        "type": "Point",
        "coordinates": [
          -87.5035493,
          37.0700332
        ]
      },
      "id": "way/250000759"
    },
    {
      "type": "Feature",
      "properties": {
        "@id": "way/250000761",
        "landuse": "forest",
        "@geometry": "center"
      },
      "geometry": {
        "type": "Point",
        "coordinates": [
          -87.4963301,
          37.0925692
        ]
      },
      "id": "way/250000761"
    },
    {
      "type": "Feature",
      "properties": {
        "@id": "way/250000764",
        "landuse": "forest",
        "@geometry": "center"
      },
      "geometry": {
        "type": "Point",
        "coordinates": [
          -87.4737222,
          37.1009822
        ]
      },
      "id": "way/250000764"
    },
    {
      "type": "Feature",
      "properties": {
        "@id": "way/250000775",
        "landuse": "forest",
        "@geometry": "center"
      },
      "geometry": {
        "type": "Point",
        "coordinates": [
          -87.479506,
          37.1144185
        ]
      },
      "id": "way/250000775"
    },
    {
      "type": "Feature",
      "properties": {
        "@id": "way/250000778",
        "landuse": "forest",
        "@geometry": "center"
      },
      "geometry": {
        "type": "Point",
        "coordinates": [
          -87.4968309,
          37.0622571
        ]
      },
      "id": "way/250000778"
    },
    {
      "type": "Feature",
      "properties": {
        "@id": "way/250000780",
        "landuse": "forest",
        "@geometry": "center"
      },
      "geometry": {
        "type": "Point",
        "coordinates": [
          -87.4950056,
          37.0743715
        ]
      },
      "id": "way/250000780"
    },
    {
      "type": "Feature",
      "properties": {
        "@id": "way/250003515",
        "landuse": "forest",
        "@geometry": "center"
      },
      "geometry": {
        "type": "Point",
        "coordinates": [
          -87.4590436,
          37.2933017
        ]
      },
      "id": "way/250003515"
    },
    {
      "type": "Feature",
      "properties": {
        "@id": "way/250003516",
        "landuse": "forest",
        "@geometry": "center"
      },
      "geometry": {
        "type": "Point",
        "coordinates": [
          -87.454887,
          37.1343966
        ]
      },
      "id": "way/250003516"
    },
    {
      "type": "Feature",
      "properties": {
        "@id": "way/250003517",
        "landuse": "forest",
        "@geometry": "center"
      },
      "geometry": {
        "type": "Point",
        "coordinates": [
          -87.4670549,
          37.128753
        ]
      },
      "id": "way/250003517"
    },
    {
      "type": "Feature",
      "properties": {
        "@id": "way/250443753",
        "landuse": "forest",
        "@geometry": "center"
      },
      "geometry": {
        "type": "Point",
        "coordinates": [
          -87.6284311,
          37.8220047
        ]
      },
      "id": "way/250443753"
    },
    {
      "type": "Feature",
      "properties": {
        "@id": "way/250443757",
        "landuse": "forest",
        "@geometry": "center"
      },
      "geometry": {
        "type": "Point",
        "coordinates": [
          -87.522568,
          37.8539076
        ]
      },
      "id": "way/250443757"
    },
    {
      "type": "Feature",
      "properties": {
        "@id": "way/250453533",
        "landuse": "forest",
        "@geometry": "center"
      },
      "geometry": {
        "type": "Point",
        "coordinates": [
          -87.5569897,
          37.7493241
        ]
      },
      "id": "way/250453533"
    },
    {
      "type": "Feature",
      "properties": {
        "@id": "way/250453534",
        "landuse": "forest",
        "@geometry": "center"
      },
      "geometry": {
        "type": "Point",
        "coordinates": [
          -87.5958729,
          37.7281753
        ]
      },
      "id": "way/250453534"
    },
    {
      "type": "Feature",
      "properties": {
        "@id": "way/250453535",
        "landuse": "forest",
        "@geometry": "center"
      },
      "geometry": {
        "type": "Point",
        "coordinates": [
          -87.6078508,
          37.7454271
        ]
      },
      "id": "way/250453535"
    },
    {
      "type": "Feature",
      "properties": {
        "@id": "way/250453536",
        "landuse": "forest",
        "@geometry": "center"
      },
      "geometry": {
        "type": "Point",
        "coordinates": [
          -87.6003712,
          37.7231019
        ]
      },
      "id": "way/250453536"
    },
    {
      "type": "Feature",
      "properties": {
        "@id": "way/250453537",
        "landuse": "forest",
        "@geometry": "center"
      },
      "geometry": {
        "type": "Point",
        "coordinates": [
          -87.617511,
          37.7372714
        ]
      },
      "id": "way/250453537"
    },
    {
      "type": "Feature",
      "properties": {
        "@id": "way/250453538",
        "landuse": "forest",
        "@geometry": "center"
      },
      "geometry": {
        "type": "Point",
        "coordinates": [
          -87.5619053,
          37.7533585
        ]
      },
      "id": "way/250453538"
    },
    {
      "type": "Feature",
      "properties": {
        "@id": "way/250453539",
        "landuse": "forest",
        "@geometry": "center"
      },
      "geometry": {
        "type": "Point",
        "coordinates": [
          -87.6022674,
          37.7490937
        ]
      },
      "id": "way/250453539"
    },
    {
      "type": "Feature",
      "properties": {
        "@id": "way/250453540",
        "landuse": "forest",
        "@geometry": "center"
      },
      "geometry": {
        "type": "Point",
        "coordinates": [
          -87.5979636,
          37.7437842
        ]
      },
      "id": "way/250453540"
    },
    {
      "type": "Feature",
      "properties": {
        "@id": "way/250453541",
        "landuse": "forest",
        "@geometry": "center"
      },
      "geometry": {
        "type": "Point",
        "coordinates": [
          -87.5686685,
          37.7521198
        ]
      },
      "id": "way/250453541"
    },
    {
      "type": "Feature",
      "properties": {
        "@id": "way/250453542",
        "landuse": "forest",
        "@geometry": "center"
      },
      "geometry": {
        "type": "Point",
        "coordinates": [
          -87.5945464,
          37.7448378
        ]
      },
      "id": "way/250453542"
    },
    {
      "type": "Feature",
      "properties": {
        "@id": "way/250453543",
        "landuse": "forest",
        "@geometry": "center"
      },
      "geometry": {
        "type": "Point",
        "coordinates": [
          -87.5951459,
          37.7424335
        ]
      },
      "id": "way/250453543"
    },
    {
      "type": "Feature",
      "properties": {
        "@id": "way/250453544",
        "landuse": "forest",
        "@geometry": "center"
      },
      "geometry": {
        "type": "Point",
        "coordinates": [
          -87.5972614,
          37.7378352
        ]
      },
      "id": "way/250453544"
    },
    {
      "type": "Feature",
      "properties": {
        "@id": "way/250453545",
        "landuse": "forest",
        "@geometry": "center"
      },
      "geometry": {
        "type": "Point",
        "coordinates": [
          -87.6136899,
          37.7329114
        ]
      },
      "id": "way/250453545"
    },
    {
      "type": "Feature",
      "properties": {
        "@id": "way/250453546",
        "landuse": "forest",
        "@geometry": "center"
      },
      "geometry": {
        "type": "Point",
        "coordinates": [
          -87.5981275,
          37.7488246
        ]
      },
      "id": "way/250453546"
    },
    {
      "type": "Feature",
      "properties": {
        "@id": "way/250453547",
        "landuse": "forest",
        "@geometry": "center"
      },
      "geometry": {
        "type": "Point",
        "coordinates": [
          -87.5885152,
          37.7454331
        ]
      },
      "id": "way/250453547"
    },
    {
      "type": "Feature",
      "properties": {
        "@id": "way/250453548",
        "landuse": "forest",
        "@geometry": "center"
      },
      "geometry": {
        "type": "Point",
        "coordinates": [
          -87.5919981,
          37.7290459
        ]
      },
      "id": "way/250453548"
    },
    {
      "type": "Feature",
      "properties": {
        "@id": "way/250625158",
        "landuse": "forest",
        "@geometry": "center"
      },
      "geometry": {
        "type": "Point",
        "coordinates": [
          -87.2974667,
          37.7599213
        ]
      },
      "id": "way/250625158"
    },
    {
      "type": "Feature",
      "properties": {
        "@id": "way/250625159",
        "landuse": "forest",
        "@geometry": "center"
      },
      "geometry": {
        "type": "Point",
        "coordinates": [
          -87.3088614,
          37.7539998
        ]
      },
      "id": "way/250625159"
    },
    {
      "type": "Feature",
      "properties": {
        "@id": "way/250625160",
        "landuse": "forest",
        "@geometry": "center"
      },
      "geometry": {
        "type": "Point",
        "coordinates": [
          -87.2977489,
          37.7379413
        ]
      },
      "id": "way/250625160"
    },
    {
      "type": "Feature",
      "properties": {
        "@id": "way/250625161",
        "landuse": "forest",
        "@geometry": "center"
      },
      "geometry": {
        "type": "Point",
        "coordinates": [
          -87.4654096,
          37.7522297
        ]
      },
      "id": "way/250625161"
    },
    {
      "type": "Feature",
      "properties": {
        "@id": "way/250625162",
        "landuse": "forest",
        "@geometry": "center"
      },
      "geometry": {
        "type": "Point",
        "coordinates": [
          -87.2894743,
          37.7560565
        ]
      },
      "id": "way/250625162"
    },
    {
      "type": "Feature",
      "properties": {
        "@id": "way/250625163",
        "landuse": "forest",
        "@geometry": "center"
      },
      "geometry": {
        "type": "Point",
        "coordinates": [
          -87.4647875,
          37.7672687
        ]
      },
      "id": "way/250625163"
    },
    {
      "type": "Feature",
      "properties": {
        "@id": "way/250635267",
        "landuse": "forest",
        "@geometry": "center"
      },
      "geometry": {
        "type": "Point",
        "coordinates": [
          -87.3883399,
          37.5764301
        ]
      },
      "id": "way/250635267"
    },
    {
      "type": "Feature",
      "properties": {
        "@id": "way/250854798",
        "landuse": "forest",
        "@geometry": "center"
      },
      "geometry": {
        "type": "Point",
        "coordinates": [
          -87.6470263,
          37.8897034
        ]
      },
      "id": "way/250854798"
    },
    {
      "type": "Feature",
      "properties": {
        "@id": "way/250927743",
        "landuse": "forest",
        "@geometry": "center"
      },
      "geometry": {
        "type": "Point",
        "coordinates": [
          -87.3580008,
          38.0460741
        ]
      },
      "id": "way/250927743"
    },
    {
      "type": "Feature",
      "properties": {
        "@id": "way/250939002",
        "landuse": "forest",
        "@geometry": "center"
      },
      "geometry": {
        "type": "Point",
        "coordinates": [
          -87.3159352,
          38.042968
        ]
      },
      "id": "way/250939002"
    },
    {
      "type": "Feature",
      "properties": {
        "@id": "way/250939003",
        "landuse": "forest",
        "@geometry": "center"
      },
      "geometry": {
        "type": "Point",
        "coordinates": [
          -87.3234902,
          38.0412773
        ]
      },
      "id": "way/250939003"
    },
    {
      "type": "Feature",
      "properties": {
        "@id": "way/250939005",
        "landuse": "forest",
        "@geometry": "center"
      },
      "geometry": {
        "type": "Point",
        "coordinates": [
          -87.3401865,
          38.0438335
        ]
      },
      "id": "way/250939005"
    },
    {
      "type": "Feature",
      "properties": {
        "@id": "way/250939006",
        "landuse": "forest",
        "@geometry": "center"
      },
      "geometry": {
        "type": "Point",
        "coordinates": [
          -87.3075137,
          38.042726
        ]
      },
      "id": "way/250939006"
    },
    {
      "type": "Feature",
      "properties": {
        "@id": "way/250939007",
        "landuse": "forest",
        "@geometry": "center"
      },
      "geometry": {
        "type": "Point",
        "coordinates": [
          -87.3354949,
          38.0422836
        ]
      },
      "id": "way/250939007"
    },
    {
      "type": "Feature",
      "properties": {
        "@id": "way/250939008",
        "landuse": "forest",
        "@geometry": "center"
      },
      "geometry": {
        "type": "Point",
        "coordinates": [
          -87.3121896,
          38.0458133
        ]
      },
      "id": "way/250939008"
    },
    {
      "type": "Feature",
      "properties": {
        "@id": "way/250939009",
        "landuse": "forest",
        "@geometry": "center"
      },
      "geometry": {
        "type": "Point",
        "coordinates": [
          -87.3692246,
          38.0371862
        ]
      },
      "id": "way/250939009"
    },
    {
      "type": "Feature",
      "properties": {
        "@id": "way/250939010",
        "landuse": "forest",
        "@geometry": "center"
      },
      "geometry": {
        "type": "Point",
        "coordinates": [
          -87.3148999,
          38.0384262
        ]
      },
      "id": "way/250939010"
    },
    {
      "type": "Feature",
      "properties": {
        "@id": "way/250939011",
        "landuse": "forest",
        "@geometry": "center"
      },
      "geometry": {
        "type": "Point",
        "coordinates": [
          -87.3270689,
          38.0440728
        ]
      },
      "id": "way/250939011"
    },
    {
      "type": "Feature",
      "properties": {
        "@id": "way/251025477",
        "landuse": "forest",
        "@geometry": "center"
      },
      "geometry": {
        "type": "Point",
        "coordinates": [
          -87.3178444,
          38.0550879
        ]
      },
      "id": "way/251025477"
    },
    {
      "type": "Feature",
      "properties": {
        "@id": "way/251025484",
        "landuse": "forest",
        "@geometry": "center"
      },
      "geometry": {
        "type": "Point",
        "coordinates": [
          -87.3127659,
          38.0506375
        ]
      },
      "id": "way/251025484"
    },
    {
      "type": "Feature",
      "properties": {
        "@id": "way/251025485",
        "landuse": "forest",
        "@geometry": "center"
      },
      "geometry": {
        "type": "Point",
        "coordinates": [
          -87.3185438,
          38.050428
        ]
      },
      "id": "way/251025485"
    },
    {
      "type": "Feature",
      "properties": {
        "@id": "way/251025486",
        "landuse": "forest",
        "@geometry": "center"
      },
      "geometry": {
        "type": "Point",
        "coordinates": [
          -87.3163574,
          38.0634405
        ]
      },
      "id": "way/251025486"
    },
    {
      "type": "Feature",
      "properties": {
        "@id": "way/251025487",
        "landuse": "forest",
        "@geometry": "center"
      },
      "geometry": {
        "type": "Point",
        "coordinates": [
          -87.3137081,
          38.0580484
        ]
      },
      "id": "way/251025487"
    },
    {
      "type": "Feature",
      "properties": {
        "@id": "way/251025488",
        "landuse": "forest",
        "@geometry": "center"
      },
      "geometry": {
        "type": "Point",
        "coordinates": [
          -87.3135934,
          38.0521923
        ]
      },
      "id": "way/251025488"
    },
    {
      "type": "Feature",
      "properties": {
        "@id": "way/251025489",
        "landuse": "forest",
        "@geometry": "center"
      },
      "geometry": {
        "type": "Point",
        "coordinates": [
          -87.3141388,
          38.0501536
        ]
      },
      "id": "way/251025489"
    },
    {
      "type": "Feature",
      "properties": {
        "@id": "way/251025490",
        "landuse": "forest",
        "@geometry": "center"
      },
      "geometry": {
        "type": "Point",
        "coordinates": [
          -87.3156153,
          38.0614703
        ]
      },
      "id": "way/251025490"
    },
    {
      "type": "Feature",
      "properties": {
        "@id": "way/251025492",
        "landuse": "forest",
        "@geometry": "center"
      },
      "geometry": {
        "type": "Point",
        "coordinates": [
          -87.3392713,
          38.0466667
        ]
      },
      "id": "way/251025492"
    },
    {
      "type": "Feature",
      "properties": {
        "@id": "way/251033139",
        "landuse": "forest",
        "@geometry": "center"
      },
      "geometry": {
        "type": "Point",
        "coordinates": [
          -87.3628389,
          38.0508274
        ]
      },
      "id": "way/251033139"
    },
    {
      "type": "Feature",
      "properties": {
        "@id": "way/251033140",
        "landuse": "forest",
        "@geometry": "center"
      },
      "geometry": {
        "type": "Point",
        "coordinates": [
          -87.3630137,
          38.0509945
        ]
      },
      "id": "way/251033140"
    },
    {
      "type": "Feature",
      "properties": {
        "@id": "way/251033141",
        "landuse": "forest",
        "@geometry": "center"
      },
      "geometry": {
        "type": "Point",
        "coordinates": [
          -87.327308,
          38.0514043
        ]
      },
      "id": "way/251033141"
    },
    {
      "type": "Feature",
      "properties": {
        "@id": "way/251033142",
        "landuse": "forest",
        "@geometry": "center"
      },
      "geometry": {
        "type": "Point",
        "coordinates": [
          -87.3638712,
          38.0555473
        ]
      },
      "id": "way/251033142"
    },
    {
      "type": "Feature",
      "properties": {
        "@id": "way/251033143",
        "landuse": "forest",
        "@geometry": "center"
      },
      "geometry": {
        "type": "Point",
        "coordinates": [
          -87.3481658,
          38.0439506
        ]
      },
      "id": "way/251033143"
    },
    {
      "type": "Feature",
      "properties": {
        "@id": "way/251033145",
        "landuse": "forest",
        "@geometry": "center"
      },
      "geometry": {
        "type": "Point",
        "coordinates": [
          -87.3575223,
          38.059551
        ]
      },
      "id": "way/251033145"
    },
    {
      "type": "Feature",
      "properties": {
        "@id": "way/251033146",
        "landuse": "forest",
        "@geometry": "center"
      },
      "geometry": {
        "type": "Point",
        "coordinates": [
          -87.3267795,
          38.0562539
        ]
      },
      "id": "way/251033146"
    },
    {
      "type": "Feature",
      "properties": {
        "@id": "way/251033147",
        "landuse": "forest",
        "@geometry": "center"
      },
      "geometry": {
        "type": "Point",
        "coordinates": [
          -87.3301154,
          38.0476997
        ]
      },
      "id": "way/251033147"
    },
    {
      "type": "Feature",
      "properties": {
        "@id": "way/251033148",
        "landuse": "forest",
        "@geometry": "center"
      },
      "geometry": {
        "type": "Point",
        "coordinates": [
          -87.3648522,
          38.0601695
        ]
      },
      "id": "way/251033148"
    },
    {
      "type": "Feature",
      "properties": {
        "@id": "way/251038344",
        "landuse": "forest",
        "@geometry": "center"
      },
      "geometry": {
        "type": "Point",
        "coordinates": [
          -87.3992601,
          38.0384748
        ]
      },
      "id": "way/251038344"
    },
    {
      "type": "Feature",
      "properties": {
        "@id": "way/251038345",
        "landuse": "forest",
        "@geometry": "center"
      },
      "geometry": {
        "type": "Point",
        "coordinates": [
          -87.39915,
          38.0398359
        ]
      },
      "id": "way/251038345"
    },
    {
      "type": "Feature",
      "properties": {
        "@id": "way/251038346",
        "landuse": "forest",
        "@geometry": "center"
      },
      "geometry": {
        "type": "Point",
        "coordinates": [
          -87.4041386,
          38.0309249
        ]
      },
      "id": "way/251038346"
    },
    {
      "type": "Feature",
      "properties": {
        "@id": "way/251038347",
        "landuse": "forest",
        "@geometry": "center"
      },
      "geometry": {
        "type": "Point",
        "coordinates": [
          -87.4028493,
          38.0333653
        ]
      },
      "id": "way/251038347"
    },
    {
      "type": "Feature",
      "properties": {
        "@id": "way/251038348",
        "landuse": "forest",
        "@geometry": "center"
      },
      "geometry": {
        "type": "Point",
        "coordinates": [
          -87.4041383,
          38.0239744
        ]
      },
      "id": "way/251038348"
    },
    {
      "type": "Feature",
      "properties": {
        "@id": "way/251038349",
        "landuse": "forest",
        "@geometry": "center"
      },
      "geometry": {
        "type": "Point",
        "coordinates": [
          -87.4046697,
          38.0357431
        ]
      },
      "id": "way/251038349"
    },
    {
      "type": "Feature",
      "properties": {
        "@id": "way/251048567",
        "landuse": "forest",
        "@geometry": "center"
      },
      "geometry": {
        "type": "Point",
        "coordinates": [
          -87.3677589,
          37.9418338
        ]
      },
      "id": "way/251048567"
    },
    {
      "type": "Feature",
      "properties": {
        "@id": "way/251048568",
        "landuse": "forest",
        "@geometry": "center"
      },
      "geometry": {
        "type": "Point",
        "coordinates": [
          -87.3747264,
          37.9458829
        ]
      },
      "id": "way/251048568"
    },
    {
      "type": "Feature",
      "properties": {
        "@id": "way/253391227",
        "landuse": "forest",
        "@geometry": "center"
      },
      "geometry": {
        "type": "Point",
        "coordinates": [
          -89.5516828,
          37.8033358
        ]
      },
      "id": "way/253391227"
    },
    {
      "type": "Feature",
      "properties": {
        "@id": "way/253391228",
        "landuse": "forest",
        "@geometry": "center"
      },
      "geometry": {
        "type": "Point",
        "coordinates": [
          -89.563288,
          37.7891453
        ]
      },
      "id": "way/253391228"
    },
    {
      "type": "Feature",
      "properties": {
        "@id": "way/253391229",
        "landuse": "forest",
        "@geometry": "center"
      },
      "geometry": {
        "type": "Point",
        "coordinates": [
          -89.5456593,
          37.7654701
        ]
      },
      "id": "way/253391229"
    },
    {
      "type": "Feature",
      "properties": {
        "@id": "way/253391233",
        "landuse": "forest",
        "@geometry": "center"
      },
      "geometry": {
        "type": "Point",
        "coordinates": [
          -89.5414861,
          37.8230109
        ]
      },
      "id": "way/253391233"
    },
    {
      "type": "Feature",
      "properties": {
        "@id": "way/253391236",
        "landuse": "forest",
        "@geometry": "center"
      },
      "geometry": {
        "type": "Point",
        "coordinates": [
          -89.5317113,
          37.8081168
        ]
      },
      "id": "way/253391236"
    },
    {
      "type": "Feature",
      "properties": {
        "@id": "way/253391241",
        "landuse": "forest",
        "@geometry": "center"
      },
      "geometry": {
        "type": "Point",
        "coordinates": [
          -89.5305549,
          37.7656574
        ]
      },
      "id": "way/253391241"
    },
    {
      "type": "Feature",
      "properties": {
        "@id": "way/253391244",
        "landuse": "forest",
        "@geometry": "center"
      },
      "geometry": {
        "type": "Point",
        "coordinates": [
          -89.5066493,
          37.7650726
        ]
      },
      "id": "way/253391244"
    },
    {
      "type": "Feature",
      "properties": {
        "@id": "way/253391247",
        "landuse": "forest",
        "@geometry": "center"
      },
      "geometry": {
        "type": "Point",
        "coordinates": [
          -89.5156463,
          37.769324
        ]
      },
      "id": "way/253391247"
    },
    {
      "type": "Feature",
      "properties": {
        "@id": "way/265418704",
        "landuse": "forest",
        "@geometry": "center"
      },
      "geometry": {
        "type": "Point",
        "coordinates": [
          -86.5890768,
          39.1437651
        ]
      },
      "id": "way/265418704"
    },
    {
      "type": "Feature",
      "properties": {
        "@id": "way/285776470",
        "landuse": "forest",
        "@geometry": "center"
      },
      "geometry": {
        "type": "Point",
        "coordinates": [
          -84.7157718,
          39.0642124
        ]
      },
      "id": "way/285776470"
    },
    {
      "type": "Feature",
      "properties": {
        "@id": "way/293428081",
        "landuse": "forest",
        "@geometry": "center"
      },
      "geometry": {
        "type": "Point",
        "coordinates": [
          -84.4554719,
          39.1448688
        ]
      },
      "id": "way/293428081"
    },
    {
      "type": "Feature",
      "properties": {
        "@id": "way/300976597",
        "landuse": "forest",
        "@geometry": "center"
      },
      "geometry": {
        "type": "Point",
        "coordinates": [
          -83.6331988,
          37.783816
        ]
      },
      "id": "way/300976597"
    },
    {
      "type": "Feature",
      "properties": {
        "@id": "way/300976598",
        "landuse": "forest",
        "@geometry": "center"
      },
      "geometry": {
        "type": "Point",
        "coordinates": [
          -83.6292721,
          37.785709
        ]
      },
      "id": "way/300976598"
    },
    {
      "type": "Feature",
      "properties": {
        "@id": "way/305978176",
        "landuse": "forest",
        "@geometry": "center"
      },
      "geometry": {
        "type": "Point",
        "coordinates": [
          -84.5739975,
          38.9651797
        ]
      },
      "id": "way/305978176"
    },
    {
      "type": "Feature",
      "properties": {
        "@id": "way/314921138",
        "landuse": "forest",
        "@geometry": "center"
      },
      "geometry": {
        "type": "Point",
        "coordinates": [
          -82.9702712,
          38.7475858
        ]
      },
      "id": "way/314921138"
    },
    {
      "type": "Feature",
      "properties": {
        "@id": "way/332483261",
        "landuse": "forest",
        "@geometry": "center"
      },
      "geometry": {
        "type": "Point",
        "coordinates": [
          -84.5278076,
          38.0462185
        ]
      },
      "id": "way/332483261"
    },
    {
      "type": "Feature",
      "properties": {
        "@id": "way/332483262",
        "landuse": "forest",
        "@geometry": "center"
      },
      "geometry": {
        "type": "Point",
        "coordinates": [
          -84.5289194,
          38.0462737
        ]
      },
      "id": "way/332483262"
    },
    {
      "type": "Feature",
      "properties": {
        "@id": "way/332483265",
        "landuse": "forest",
        "@geometry": "center"
      },
      "geometry": {
        "type": "Point",
        "coordinates": [
          -84.5245351,
          38.0478883
        ]
      },
      "id": "way/332483265"
    },
    {
      "type": "Feature",
      "properties": {
        "@id": "way/350346174",
        "landuse": "forest",
        "@geometry": "center"
      },
      "geometry": {
        "type": "Point",
        "coordinates": [
          -85.7439692,
          38.2579706
        ]
      },
      "id": "way/350346174"
    },
    {
      "type": "Feature",
      "properties": {
        "@id": "way/350408176",
        "landuse": "forest",
        "@geometry": "center"
      },
      "geometry": {
        "type": "Point",
        "coordinates": [
          -85.7525068,
          38.2477944
        ]
      },
      "id": "way/350408176"
    },
    {
      "type": "Feature",
      "properties": {
        "@id": "way/350408181",
        "landuse": "forest",
        "@geometry": "center"
      },
      "geometry": {
        "type": "Point",
        "coordinates": [
          -85.7527482,
          38.2477565
        ]
      },
      "id": "way/350408181"
    },
    {
      "type": "Feature",
      "properties": {
        "@id": "way/355382180",
        "landuse": "forest",
        "natural": "wood",
        "@geometry": "center"
      },
      "geometry": {
        "type": "Point",
        "coordinates": [
          -88.6507463,
          37.4282079
        ]
      },
      "id": "way/355382180"
    },
    {
      "type": "Feature",
      "properties": {
        "@id": "way/361096411",
        "landuse": "forest",
        "@geometry": "center"
      },
      "geometry": {
        "type": "Point",
        "coordinates": [
          -89.226462,
          37.7137353
        ]
      },
      "id": "way/361096411"
    },
    {
      "type": "Feature",
      "properties": {
        "@id": "way/361096414",
        "landuse": "forest",
        "@geometry": "center"
      },
      "geometry": {
        "type": "Point",
        "coordinates": [
          -89.2267915,
          37.7148738
        ]
      },
      "id": "way/361096414"
    },
    {
      "type": "Feature",
      "properties": {
        "@id": "way/361096452",
        "landuse": "forest",
        "@geometry": "center"
      },
      "geometry": {
        "type": "Point",
        "coordinates": [
          -89.2294421,
          37.7146781
        ]
      },
      "id": "way/361096452"
    },
    {
      "type": "Feature",
      "properties": {
        "@id": "way/361096454",
        "landuse": "forest",
        "@geometry": "center"
      },
      "geometry": {
        "type": "Point",
        "coordinates": [
          -89.2290897,
          37.713424
        ]
      },
      "id": "way/361096454"
    },
    {
      "type": "Feature",
      "properties": {
        "@id": "way/361096527",
        "landuse": "forest",
        "@geometry": "center"
      },
      "geometry": {
        "type": "Point",
        "coordinates": [
          -89.2339055,
          37.7132092
        ]
      },
      "id": "way/361096527"
    },
    {
      "type": "Feature",
      "properties": {
        "@id": "way/364439014",
        "landuse": "forest",
        "leaf_cycle": "deciduous",
        "@geometry": "center"
      },
      "geometry": {
        "type": "Point",
        "coordinates": [
          -83.6884688,
          37.8450687
        ]
      },
      "id": "way/364439014"
    },
    {
      "type": "Feature",
      "properties": {
        "@id": "way/364439509",
        "landuse": "forest",
        "leaf_cycle": "deciduous",
        "@geometry": "center"
      },
      "geometry": {
        "type": "Point",
        "coordinates": [
          -83.6576991,
          37.8077613
        ]
      },
      "id": "way/364439509"
    },
    {
      "type": "Feature",
      "properties": {
        "@id": "way/364439511",
        "landuse": "forest",
        "leaf_cycle": "deciduous",
        "@geometry": "center"
      },
      "geometry": {
        "type": "Point",
        "coordinates": [
          -83.6555849,
          37.8060763
        ]
      },
      "id": "way/364439511"
    },
    {
      "type": "Feature",
      "properties": {
        "@id": "way/375290178",
        "landuse": "forest",
        "@geometry": "center"
      },
      "geometry": {
        "type": "Point",
        "coordinates": [
          -89.0060366,
          36.7225469
        ]
      },
      "id": "way/375290178"
    },
    {
      "type": "Feature",
      "properties": {
        "@id": "way/375290179",
        "landuse": "forest",
        "@geometry": "center"
      },
      "geometry": {
        "type": "Point",
        "coordinates": [
          -88.9861029,
          36.7091055
        ]
      },
      "id": "way/375290179"
    },
    {
      "type": "Feature",
      "properties": {
        "@id": "way/375290180",
        "landuse": "forest",
        "@geometry": "center"
      },
      "geometry": {
        "type": "Point",
        "coordinates": [
          -89.0184273,
          36.7125711
        ]
      },
      "id": "way/375290180"
    },
    {
      "type": "Feature",
      "properties": {
        "@id": "way/375290181",
        "landuse": "forest",
        "@geometry": "center"
      },
      "geometry": {
        "type": "Point",
        "coordinates": [
          -89.0003133,
          36.7267502
        ]
      },
      "id": "way/375290181"
    },
    {
      "type": "Feature",
      "properties": {
        "@id": "way/375290182",
        "landuse": "forest",
        "@geometry": "center"
      },
      "geometry": {
        "type": "Point",
        "coordinates": [
          -89.0018879,
          36.7272375
        ]
      },
      "id": "way/375290182"
    },
    {
      "type": "Feature",
      "properties": {
        "@id": "way/375290183",
        "landuse": "forest",
        "@geometry": "center"
      },
      "geometry": {
        "type": "Point",
        "coordinates": [
          -89.0021632,
          36.7140587
        ]
      },
      "id": "way/375290183"
    },
    {
      "type": "Feature",
      "properties": {
        "@id": "way/375290184",
        "landuse": "forest",
        "@geometry": "center"
      },
      "geometry": {
        "type": "Point",
        "coordinates": [
          -89.0190732,
          36.7078346
        ]
      },
      "id": "way/375290184"
    },
    {
      "type": "Feature",
      "properties": {
        "@id": "way/375290186",
        "landuse": "forest",
        "@geometry": "center"
      },
      "geometry": {
        "type": "Point",
        "coordinates": [
          -89.0029628,
          36.7158001
        ]
      },
      "id": "way/375290186"
    },
    {
      "type": "Feature",
      "properties": {
        "@id": "way/375290187",
        "landuse": "forest",
        "@geometry": "center"
      },
      "geometry": {
        "type": "Point",
        "coordinates": [
          -89.019427,
          36.7105463
        ]
      },
      "id": "way/375290187"
    },
    {
      "type": "Feature",
      "properties": {
        "@id": "way/375290284",
        "landuse": "forest",
        "@geometry": "center"
      },
      "geometry": {
        "type": "Point",
        "coordinates": [
          -89.0073654,
          36.7033862
        ]
      },
      "id": "way/375290284"
    },
    {
      "type": "Feature",
      "properties": {
        "@id": "way/375290285",
        "landuse": "forest",
        "@geometry": "center"
      },
      "geometry": {
        "type": "Point",
        "coordinates": [
          -89.0147848,
          36.6985391
        ]
      },
      "id": "way/375290285"
    },
    {
      "type": "Feature",
      "properties": {
        "@id": "way/375629819",
        "landuse": "forest",
        "@geometry": "center"
      },
      "geometry": {
        "type": "Point",
        "coordinates": [
          -89.1297601,
          36.6515089
        ]
      },
      "id": "way/375629819"
    },
    {
      "type": "Feature",
      "properties": {
        "@id": "way/375629820",
        "landuse": "forest",
        "@geometry": "center"
      },
      "geometry": {
        "type": "Point",
        "coordinates": [
          -89.1463119,
          36.6614222
        ]
      },
      "id": "way/375629820"
    },
    {
      "type": "Feature",
      "properties": {
        "@id": "way/375629821",
        "landuse": "forest",
        "@geometry": "center"
      },
      "geometry": {
        "type": "Point",
        "coordinates": [
          -89.1052166,
          36.6644081
        ]
      },
      "id": "way/375629821"
    },
    {
      "type": "Feature",
      "properties": {
        "@id": "way/375684832",
        "landuse": "forest",
        "@geometry": "center"
      },
      "geometry": {
        "type": "Point",
        "coordinates": [
          -89.0514929,
          36.7183228
        ]
      },
      "id": "way/375684832"
    },
    {
      "type": "Feature",
      "properties": {
        "@id": "way/375684833",
        "landuse": "forest",
        "@geometry": "center"
      },
      "geometry": {
        "type": "Point",
        "coordinates": [
          -89.0573841,
          36.7040132
        ]
      },
      "id": "way/375684833"
    },
    {
      "type": "Feature",
      "properties": {
        "@id": "way/375684834",
        "landuse": "forest",
        "@geometry": "center"
      },
      "geometry": {
        "type": "Point",
        "coordinates": [
          -89.0632212,
          36.7012653
        ]
      },
      "id": "way/375684834"
    },
    {
      "type": "Feature",
      "properties": {
        "@id": "way/375684835",
        "landuse": "forest",
        "@geometry": "center"
      },
      "geometry": {
        "type": "Point",
        "coordinates": [
          -89.081083,
          36.6831843
        ]
      },
      "id": "way/375684835"
    },
    {
      "type": "Feature",
      "properties": {
        "@id": "way/375695368",
        "landuse": "forest",
        "@geometry": "center"
      },
      "geometry": {
        "type": "Point",
        "coordinates": [
          -89.0139533,
          36.750751
        ]
      },
      "id": "way/375695368"
    },
    {
      "type": "Feature",
      "properties": {
        "@id": "way/375695369",
        "landuse": "forest",
        "@geometry": "center"
      },
      "geometry": {
        "type": "Point",
        "coordinates": [
          -89.0017884,
          36.758348
        ]
      },
      "id": "way/375695369"
    },
    {
      "type": "Feature",
      "properties": {
        "@id": "way/375695370",
        "landuse": "forest",
        "@geometry": "center"
      },
      "geometry": {
        "type": "Point",
        "coordinates": [
          -89.0292004,
          36.7400852
        ]
      },
      "id": "way/375695370"
    },
    {
      "type": "Feature",
      "properties": {
        "@id": "way/375695373",
        "landuse": "forest",
        "@geometry": "center"
      },
      "geometry": {
        "type": "Point",
        "coordinates": [
          -88.9953129,
          36.7628449
        ]
      },
      "id": "way/375695373"
    },
    {
      "type": "Feature",
      "properties": {
        "@id": "way/375695377",
        "landuse": "forest",
        "@geometry": "center"
      },
      "geometry": {
        "type": "Point",
        "coordinates": [
          -89.00692,
          36.7510825
        ]
      },
      "id": "way/375695377"
    },
    {
      "type": "Feature",
      "properties": {
        "@id": "way/375717991",
        "landuse": "forest",
        "@geometry": "center"
      },
      "geometry": {
        "type": "Point",
        "coordinates": [
          -89.2899794,
          36.7454144
        ]
      },
      "id": "way/375717991"
    },
    {
      "type": "Feature",
      "properties": {
        "@id": "way/375717993",
        "landuse": "forest",
        "@geometry": "center"
      },
      "geometry": {
        "type": "Point",
        "coordinates": [
          -89.1895223,
          36.6188212
        ]
      },
      "id": "way/375717993"
    },
    {
      "type": "Feature",
      "properties": {
        "@id": "way/375717994",
        "landuse": "forest",
        "@geometry": "center"
      },
      "geometry": {
        "type": "Point",
        "coordinates": [
          -89.3283407,
          36.7490189
        ]
      },
      "id": "way/375717994"
    },
    {
      "type": "Feature",
      "properties": {
        "@id": "way/375717995",
        "landuse": "forest",
        "@geometry": "center"
      },
      "geometry": {
        "type": "Point",
        "coordinates": [
          -89.3427603,
          36.7360357
        ]
      },
      "id": "way/375717995"
    },
    {
      "type": "Feature",
      "properties": {
        "@id": "way/375717997",
        "landuse": "forest",
        "@geometry": "center"
      },
      "geometry": {
        "type": "Point",
        "coordinates": [
          -89.2928997,
          36.6404643
        ]
      },
      "id": "way/375717997"
    },
    {
      "type": "Feature",
      "properties": {
        "@id": "way/375717998",
        "landuse": "forest",
        "@geometry": "center"
      },
      "geometry": {
        "type": "Point",
        "coordinates": [
          -89.3159346,
          36.7526632
        ]
      },
      "id": "way/375717998"
    },
    {
      "type": "Feature",
      "properties": {
        "@id": "way/375717999",
        "landuse": "forest",
        "@geometry": "center"
      },
      "geometry": {
        "type": "Point",
        "coordinates": [
          -89.3157348,
          36.7427658
        ]
      },
      "id": "way/375717999"
    },
    {
      "type": "Feature",
      "properties": {
        "@id": "way/375718001",
        "landuse": "forest",
        "@geometry": "center"
      },
      "geometry": {
        "type": "Point",
        "coordinates": [
          -89.1698169,
          36.6237156
        ]
      },
      "id": "way/375718001"
    },
    {
      "type": "Feature",
      "properties": {
        "@id": "way/375718002",
        "landuse": "forest",
        "@geometry": "center"
      },
      "geometry": {
        "type": "Point",
        "coordinates": [
          -89.2968599,
          36.7546972
        ]
      },
      "id": "way/375718002"
    },
    {
      "type": "Feature",
      "properties": {
        "@id": "way/375718003",
        "landuse": "forest",
        "@geometry": "center"
      },
      "geometry": {
        "type": "Point",
        "coordinates": [
          -89.3007722,
          36.6486783
        ]
      },
      "id": "way/375718003"
    },
    {
      "type": "Feature",
      "properties": {
        "@id": "way/375718004",
        "landuse": "forest",
        "@geometry": "center"
      },
      "geometry": {
        "type": "Point",
        "coordinates": [
          -89.1665161,
          36.6236261
        ]
      },
      "id": "way/375718004"
    },
    {
      "type": "Feature",
      "properties": {
        "@id": "way/375718005",
        "landuse": "forest",
        "@geometry": "center"
      },
      "geometry": {
        "type": "Point",
        "coordinates": [
          -89.1683489,
          36.6236638
        ]
      },
      "id": "way/375718005"
    },
    {
      "type": "Feature",
      "properties": {
        "@id": "way/375718007",
        "landuse": "forest",
        "@geometry": "center"
      },
      "geometry": {
        "type": "Point",
        "coordinates": [
          -89.3092497,
          36.7530333
        ]
      },
      "id": "way/375718007"
    },
    {
      "type": "Feature",
      "properties": {
        "@id": "way/375778108",
        "landuse": "forest",
        "@geometry": "center"
      },
      "geometry": {
        "type": "Point",
        "coordinates": [
          -88.9603426,
          36.771429
        ]
      },
      "id": "way/375778108"
    },
    {
      "type": "Feature",
      "properties": {
        "@id": "way/376737043",
        "landuse": "forest",
        "@geometry": "center"
      },
      "geometry": {
        "type": "Point",
        "coordinates": [
          -89.1406023,
          36.5965384
        ]
      },
      "id": "way/376737043"
    },
    {
      "type": "Feature",
      "properties": {
        "@id": "way/376737044",
        "landuse": "forest",
        "@geometry": "center"
      },
      "geometry": {
        "type": "Point",
        "coordinates": [
          -89.1629333,
          36.6023358
        ]
      },
      "id": "way/376737044"
    },
    {
      "type": "Feature",
      "properties": {
        "@id": "way/376737046",
        "landuse": "forest",
        "@geometry": "center"
      },
      "geometry": {
        "type": "Point",
        "coordinates": [
          -89.1289532,
          36.5880409
        ]
      },
      "id": "way/376737046"
    },
    {
      "type": "Feature",
      "properties": {
        "@id": "way/376737047",
        "landuse": "forest",
        "@geometry": "center"
      },
      "geometry": {
        "type": "Point",
        "coordinates": [
          -89.1535251,
          36.596781
        ]
      },
      "id": "way/376737047"
    },
    {
      "type": "Feature",
      "properties": {
        "@id": "way/376758102",
        "landuse": "forest",
        "@geometry": "center"
      },
      "geometry": {
        "type": "Point",
        "coordinates": [
          -89.0853606,
          37.0587533
        ]
      },
      "id": "way/376758102"
    },
    {
      "type": "Feature",
      "properties": {
        "@id": "way/376758103",
        "landuse": "forest",
        "@geometry": "center"
      },
      "geometry": {
        "type": "Point",
        "coordinates": [
          -89.049459,
          37.2573892
        ]
      },
      "id": "way/376758103"
    },
    {
      "type": "Feature",
      "properties": {
        "@id": "way/376834570",
        "landuse": "forest",
        "@geometry": "center"
      },
      "geometry": {
        "type": "Point",
        "coordinates": [
          -89.0729818,
          36.6111081
        ]
      },
      "id": "way/376834570"
    },
    {
      "type": "Feature",
      "properties": {
        "@id": "way/376834573",
        "landuse": "forest",
        "@geometry": "center"
      },
      "geometry": {
        "type": "Point",
        "coordinates": [
          -89.0369798,
          36.6063062
        ]
      },
      "id": "way/376834573"
    },
    {
      "type": "Feature",
      "properties": {
        "@id": "way/376834575",
        "landuse": "forest",
        "@geometry": "center"
      },
      "geometry": {
        "type": "Point",
        "coordinates": [
          -89.0555882,
          36.6118026
        ]
      },
      "id": "way/376834575"
    },
    {
      "type": "Feature",
      "properties": {
        "@id": "way/377668931",
        "landuse": "forest",
        "@geometry": "center"
      },
      "geometry": {
        "type": "Point",
        "coordinates": [
          -88.8981328,
          36.7491703
        ]
      },
      "id": "way/377668931"
    },
    {
      "type": "Feature",
      "properties": {
        "@id": "way/377668932",
        "landuse": "forest",
        "@geometry": "center"
      },
      "geometry": {
        "type": "Point",
        "coordinates": [
          -88.9148071,
          36.7676845
        ]
      },
      "id": "way/377668932"
    },
    {
      "type": "Feature",
      "properties": {
        "@id": "way/377668933",
        "landuse": "forest",
        "@geometry": "center"
      },
      "geometry": {
        "type": "Point",
        "coordinates": [
          -88.880675,
          36.7539177
        ]
      },
      "id": "way/377668933"
    },
    {
      "type": "Feature",
      "properties": {
        "@id": "way/377668934",
        "landuse": "forest",
        "@geometry": "center"
      },
      "geometry": {
        "type": "Point",
        "coordinates": [
          -88.892091,
          36.7380425
        ]
      },
      "id": "way/377668934"
    },
    {
      "type": "Feature",
      "properties": {
        "@id": "way/377668935",
        "landuse": "forest",
        "@geometry": "center"
      },
      "geometry": {
        "type": "Point",
        "coordinates": [
          -88.8945637,
          36.7370778
        ]
      },
      "id": "way/377668935"
    },
    {
      "type": "Feature",
      "properties": {
        "@id": "way/377668936",
        "landuse": "forest",
        "@geometry": "center"
      },
      "geometry": {
        "type": "Point",
        "coordinates": [
          -88.8920579,
          36.7625513
        ]
      },
      "id": "way/377668936"
    },
    {
      "type": "Feature",
      "properties": {
        "@id": "way/383656270",
        "landuse": "forest",
        "leaf_cycle": "semi_evergreen",
        "leaf_type": "mixed",
        "@geometry": "center"
      },
      "geometry": {
        "type": "Point",
        "coordinates": [
          -84.9955798,
          38.6218415
        ]
      },
      "id": "way/383656270"
    },
    {
      "type": "Feature",
      "properties": {
        "@id": "way/392704488",
        "landuse": "forest",
        "@geometry": "center"
      },
      "geometry": {
        "type": "Point",
        "coordinates": [
          -82.373738,
          38.8824333
        ]
      },
      "id": "way/392704488"
    },
    {
      "type": "Feature",
      "properties": {
        "@id": "way/399771181",
        "landuse": "forest",
        "@geometry": "center"
      },
      "geometry": {
        "type": "Point",
        "coordinates": [
          -89.412436,
          37.6182105
        ]
      },
      "id": "way/399771181"
    },
    {
      "type": "Feature",
      "properties": {
        "@id": "way/399773059",
        "landuse": "forest",
        "@geometry": "center"
      },
      "geometry": {
        "type": "Point",
        "coordinates": [
          -89.41174,
          37.6138761
        ]
      },
      "id": "way/399773059"
    },
    {
      "type": "Feature",
      "properties": {
        "@id": "way/399773251",
        "landuse": "forest",
        "@geometry": "center"
      },
      "geometry": {
        "type": "Point",
        "coordinates": [
          -89.4062274,
          37.6146716
        ]
      },
      "id": "way/399773251"
    },
    {
      "type": "Feature",
      "properties": {
        "@id": "way/399959995",
        "landuse": "forest",
        "@geometry": "center"
      },
      "geometry": {
        "type": "Point",
        "coordinates": [
          -89.4222674,
          37.6226257
        ]
      },
      "id": "way/399959995"
    },
    {
      "type": "Feature",
      "properties": {
        "@id": "way/399959996",
        "landuse": "forest",
        "@geometry": "center"
      },
      "geometry": {
        "type": "Point",
        "coordinates": [
          -89.4125063,
          37.6392521
        ]
      },
      "id": "way/399959996"
    },
    {
      "type": "Feature",
      "properties": {
        "@id": "way/399959997",
        "landuse": "forest",
        "@geometry": "center"
      },
      "geometry": {
        "type": "Point",
        "coordinates": [
          -89.3863515,
          37.6391335
        ]
      },
      "id": "way/399959997"
    },
    {
      "type": "Feature",
      "properties": {
        "@id": "way/399981657",
        "landuse": "forest",
        "@geometry": "center"
      },
      "geometry": {
        "type": "Point",
        "coordinates": [
          -89.4280629,
          37.6165545
        ]
      },
      "id": "way/399981657"
    },
    {
      "type": "Feature",
      "properties": {
        "@id": "way/405036953",
        "landuse": "forest",
        "@geometry": "center"
      },
      "geometry": {
        "type": "Point",
        "coordinates": [
          -85.8668303,
          38.1843496
        ]
      },
      "id": "way/405036953"
    },
    {
      "type": "Feature",
      "properties": {
        "@id": "way/408250177",
        "landuse": "forest",
        "@geometry": "center"
      },
      "geometry": {
        "type": "Point",
        "coordinates": [
          -85.81268,
          38.1666773
        ]
      },
      "id": "way/408250177"
    },
    {
      "type": "Feature",
      "properties": {
        "@id": "way/416775451",
        "landuse": "forest",
        "@geometry": "center"
      },
      "geometry": {
        "type": "Point",
        "coordinates": [
          -86.1103683,
          36.8891381
        ]
      },
      "id": "way/416775451"
    },
    {
      "type": "Feature",
      "properties": {
        "@id": "way/420483426",
        "landuse": "forest",
        "place": "island",
        "@geometry": "center"
      },
      "geometry": {
        "type": "Point",
        "coordinates": [
          -87.2444741,
          38.9497798
        ]
      },
      "id": "way/420483426"
    },
    {
      "type": "Feature",
      "properties": {
        "@id": "way/420483427",
        "landuse": "forest",
        "@geometry": "center"
      },
      "geometry": {
        "type": "Point",
        "coordinates": [
          -87.2433058,
          38.9491879
        ]
      },
      "id": "way/420483427"
    },
    {
      "type": "Feature",
      "properties": {
        "@id": "way/420483429",
        "landuse": "forest",
        "@geometry": "center"
      },
      "geometry": {
        "type": "Point",
        "coordinates": [
          -87.2429209,
          38.9491397
        ]
      },
      "id": "way/420483429"
    },
    {
      "type": "Feature",
      "properties": {
        "@id": "way/424598784",
        "landuse": "forest",
        "@geometry": "center"
      },
      "geometry": {
        "type": "Point",
        "coordinates": [
          -86.9331424,
          36.9472791
        ]
      },
      "id": "way/424598784"
    },
    {
      "type": "Feature",
      "properties": {
        "@id": "way/424598792",
        "landuse": "forest",
        "@geometry": "center"
      },
      "geometry": {
        "type": "Point",
        "coordinates": [
          -86.9211014,
          36.9680864
        ]
      },
      "id": "way/424598792"
    },
    {
      "type": "Feature",
      "properties": {
        "@id": "way/424598797",
        "landuse": "forest",
        "@geometry": "center"
      },
      "geometry": {
        "type": "Point",
        "coordinates": [
          -86.9313873,
          36.9714308
        ]
      },
      "id": "way/424598797"
    },
    {
      "type": "Feature",
      "properties": {
        "@id": "way/424598798",
        "landuse": "forest",
        "@geometry": "center"
      },
      "geometry": {
        "type": "Point",
        "coordinates": [
          -86.9312971,
          36.9482349
        ]
      },
      "id": "way/424598798"
    },
    {
      "type": "Feature",
      "properties": {
        "@id": "way/424598799",
        "landuse": "forest",
        "@geometry": "center"
      },
      "geometry": {
        "type": "Point",
        "coordinates": [
          -86.9259328,
          36.9679942
        ]
      },
      "id": "way/424598799"
    },
    {
      "type": "Feature",
      "properties": {
        "@id": "way/424598801",
        "landuse": "forest",
        "@geometry": "center"
      },
      "geometry": {
        "type": "Point",
        "coordinates": [
          -86.9377179,
          36.9519312
        ]
      },
      "id": "way/424598801"
    },
    {
      "type": "Feature",
      "properties": {
        "@id": "way/424598812",
        "landuse": "forest",
        "@geometry": "center"
      },
      "geometry": {
        "type": "Point",
        "coordinates": [
          -86.9323639,
          36.9733585
        ]
      },
      "id": "way/424598812"
    },
    {
      "type": "Feature",
      "properties": {
        "@id": "way/424598814",
        "landuse": "forest",
        "@geometry": "center"
      },
      "geometry": {
        "type": "Point",
        "coordinates": [
          -86.9341109,
          36.9350132
        ]
      },
      "id": "way/424598814"
    },
    {
      "type": "Feature",
      "properties": {
        "@id": "way/424598816",
        "landuse": "forest",
        "@geometry": "center"
      },
      "geometry": {
        "type": "Point",
        "coordinates": [
          -86.9420167,
          36.9449534
        ]
      },
      "id": "way/424598816"
    },
    {
      "type": "Feature",
      "properties": {
        "@id": "way/424812989",
        "landuse": "forest",
        "@geometry": "center"
      },
      "geometry": {
        "type": "Point",
        "coordinates": [
          -86.941866,
          36.9468782
        ]
      },
      "id": "way/424812989"
    },
    {
      "type": "Feature",
      "properties": {
        "@id": "way/424812990",
        "landuse": "forest",
        "@geometry": "center"
      },
      "geometry": {
        "type": "Point",
        "coordinates": [
          -86.945145,
          36.9421685
        ]
      },
      "id": "way/424812990"
    },
    {
      "type": "Feature",
      "properties": {
        "@id": "way/424812992",
        "landuse": "forest",
        "@geometry": "center"
      },
      "geometry": {
        "type": "Point",
        "coordinates": [
          -86.9444582,
          36.9433549
        ]
      },
      "id": "way/424812992"
    },
    {
      "type": "Feature",
      "properties": {
        "@id": "way/429973093",
        "landuse": "forest",
        "@geometry": "center"
      },
      "geometry": {
        "type": "Point",
        "coordinates": [
          -87.4817252,
          37.3091105
        ]
      },
      "id": "way/429973093"
    },
    {
      "type": "Feature",
      "properties": {
        "@id": "way/429973094",
        "landuse": "forest",
        "@geometry": "center"
      },
      "geometry": {
        "type": "Point",
        "coordinates": [
          -87.4759528,
          37.3059586
        ]
      },
      "id": "way/429973094"
    },
    {
      "type": "Feature",
      "properties": {
        "@id": "way/429973095",
        "landuse": "forest",
        "@geometry": "center"
      },
      "geometry": {
        "type": "Point",
        "coordinates": [
          -87.4797976,
          37.3117624
        ]
      },
      "id": "way/429973095"
    },
    {
      "type": "Feature",
      "properties": {
        "@id": "way/429973096",
        "landuse": "forest",
        "@geometry": "center"
      },
      "geometry": {
        "type": "Point",
        "coordinates": [
          -87.4806431,
          37.3027758
        ]
      },
      "id": "way/429973096"
    },
    {
      "type": "Feature",
      "properties": {
        "@id": "way/429973097",
        "landuse": "forest",
        "@geometry": "center"
      },
      "geometry": {
        "type": "Point",
        "coordinates": [
          -87.4736447,
          37.3062657
        ]
      },
      "id": "way/429973097"
    },
    {
      "type": "Feature",
      "properties": {
        "@id": "way/429973098",
        "landuse": "forest",
        "@geometry": "center"
      },
      "geometry": {
        "type": "Point",
        "coordinates": [
          -87.4728635,
          37.3014188
        ]
      },
      "id": "way/429973098"
    },
    {
      "type": "Feature",
      "properties": {
        "@id": "way/429973099",
        "landuse": "forest",
        "@geometry": "center"
      },
      "geometry": {
        "type": "Point",
        "coordinates": [
          -87.4764608,
          37.3119566
        ]
      },
      "id": "way/429973099"
    },
    {
      "type": "Feature",
      "properties": {
        "@id": "way/429973100",
        "landuse": "forest",
        "@geometry": "center"
      },
      "geometry": {
        "type": "Point",
        "coordinates": [
          -87.4732657,
          37.3042542
        ]
      },
      "id": "way/429973100"
    },
    {
      "type": "Feature",
      "properties": {
        "@id": "way/430453300",
        "landuse": "forest",
        "@geometry": "center"
      },
      "geometry": {
        "type": "Point",
        "coordinates": [
          -86.4150911,
          36.9452361
        ]
      },
      "id": "way/430453300"
    },
    {
      "type": "Feature",
      "properties": {
        "@id": "way/431420798",
        "landuse": "forest",
        "@geometry": "center"
      },
      "geometry": {
        "type": "Point",
        "coordinates": [
          -85.896116,
          37.5688655
        ]
      },
      "id": "way/431420798"
    },
    {
      "type": "Feature",
      "properties": {
        "@id": "way/431420800",
        "landuse": "forest",
        "@geometry": "center"
      },
      "geometry": {
        "type": "Point",
        "coordinates": [
          -85.9123755,
          37.5770111
        ]
      },
      "id": "way/431420800"
    },
    {
      "type": "Feature",
      "properties": {
        "@id": "way/431420801",
        "landuse": "forest",
        "@geometry": "center"
      },
      "geometry": {
        "type": "Point",
        "coordinates": [
          -85.8980087,
          37.5887511
        ]
      },
      "id": "way/431420801"
    },
    {
      "type": "Feature",
      "properties": {
        "@id": "way/431420802",
        "landuse": "forest",
        "@geometry": "center"
      },
      "geometry": {
        "type": "Point",
        "coordinates": [
          -85.900947,
          37.5765901
        ]
      },
      "id": "way/431420802"
    },
    {
      "type": "Feature",
      "properties": {
        "@id": "way/431420803",
        "landuse": "forest",
        "@geometry": "center"
      },
      "geometry": {
        "type": "Point",
        "coordinates": [
          -85.9129928,
          37.586893
        ]
      },
      "id": "way/431420803"
    },
    {
      "type": "Feature",
      "properties": {
        "@id": "way/431420804",
        "landuse": "forest",
        "@geometry": "center"
      },
      "geometry": {
        "type": "Point",
        "coordinates": [
          -85.9091049,
          37.5856559
        ]
      },
      "id": "way/431420804"
    },
    {
      "type": "Feature",
      "properties": {
        "@id": "way/431420805",
        "landuse": "forest",
        "@geometry": "center"
      },
      "geometry": {
        "type": "Point",
        "coordinates": [
          -85.8944564,
          37.5824758
        ]
      },
      "id": "way/431420805"
    },
    {
      "type": "Feature",
      "properties": {
        "@id": "way/431420807",
        "landuse": "forest",
        "@geometry": "center"
      },
      "geometry": {
        "type": "Point",
        "coordinates": [
          -85.8946424,
          37.5888526
        ]
      },
      "id": "way/431420807"
    },
    {
      "type": "Feature",
      "properties": {
        "@id": "way/431456239",
        "landuse": "forest",
        "@geometry": "center"
      },
      "geometry": {
        "type": "Point",
        "coordinates": [
          -86.9275738,
          36.6341037
        ]
      },
      "id": "way/431456239"
    },
    {
      "type": "Feature",
      "properties": {
        "@id": "way/431456240",
        "landuse": "forest",
        "@geometry": "center"
      },
      "geometry": {
        "type": "Point",
        "coordinates": [
          -86.9230395,
          36.6315779
        ]
      },
      "id": "way/431456240"
    },
    {
      "type": "Feature",
      "properties": {
        "@id": "way/431456241",
        "landuse": "forest",
        "@geometry": "center"
      },
      "geometry": {
        "type": "Point",
        "coordinates": [
          -86.9126474,
          36.6244648
        ]
      },
      "id": "way/431456241"
    },
    {
      "type": "Feature",
      "properties": {
        "@id": "way/431775709",
        "landuse": "forest",
        "@geometry": "center"
      },
      "geometry": {
        "type": "Point",
        "coordinates": [
          -86.6858263,
          36.5978536
        ]
      },
      "id": "way/431775709"
    },
    {
      "type": "Feature",
      "properties": {
        "@id": "way/432868430",
        "landuse": "forest",
        "source": "Bing",
        "@geometry": "center"
      },
      "geometry": {
        "type": "Point",
        "coordinates": [
          -88.0642222,
          37.1349708
        ]
      },
      "id": "way/432868430"
    },
    {
      "type": "Feature",
      "properties": {
        "@id": "way/432868432",
        "landuse": "forest",
        "source": "Bing",
        "@geometry": "center"
      },
      "geometry": {
        "type": "Point",
        "coordinates": [
          -88.0609184,
          37.133692
        ]
      },
      "id": "way/432868432"
    },
    {
      "type": "Feature",
      "properties": {
        "@id": "way/433907976",
        "landuse": "forest",
        "@geometry": "center"
      },
      "geometry": {
        "type": "Point",
        "coordinates": [
          -89.3358555,
          38.6511954
        ]
      },
      "id": "way/433907976"
    },
    {
      "type": "Feature",
      "properties": {
        "@id": "way/434873331",
        "landuse": "forest",
        "@geometry": "center"
      },
      "geometry": {
        "type": "Point",
        "coordinates": [
          -87.2222307,
          36.8287451
        ]
      },
      "id": "way/434873331"
    },
    {
      "type": "Feature",
      "properties": {
        "@id": "way/434873334",
        "landuse": "forest",
        "@geometry": "center"
      },
      "geometry": {
        "type": "Point",
        "coordinates": [
          -87.282286,
          36.7557404
        ]
      },
      "id": "way/434873334"
    },
    {
      "type": "Feature",
      "properties": {
        "@id": "way/434873335",
        "landuse": "forest",
        "@geometry": "center"
      },
      "geometry": {
        "type": "Point",
        "coordinates": [
          -87.2820405,
          36.7536343
        ]
      },
      "id": "way/434873335"
    },
    {
      "type": "Feature",
      "properties": {
        "@id": "way/436423420",
        "landuse": "forest",
        "@geometry": "center"
      },
      "geometry": {
        "type": "Point",
        "coordinates": [
          -87.5565292,
          38.2991301
        ]
      },
      "id": "way/436423420"
    },
    {
      "type": "Feature",
      "properties": {
        "@id": "way/436423421",
        "landuse": "forest",
        "@geometry": "center"
      },
      "geometry": {
        "type": "Point",
        "coordinates": [
          -87.5560248,
          38.3025878
        ]
      },
      "id": "way/436423421"
    },
    {
      "type": "Feature",
      "properties": {
        "@id": "way/436423744",
        "landuse": "forest",
        "@geometry": "center"
      },
      "geometry": {
        "type": "Point",
        "coordinates": [
          -87.5599629,
          38.285482
        ]
      },
      "id": "way/436423744"
    },
    {
      "type": "Feature",
      "properties": {
        "@id": "way/436423745",
        "landuse": "forest",
        "@geometry": "center"
      },
      "geometry": {
        "type": "Point",
        "coordinates": [
          -87.5592899,
          38.2818121
        ]
      },
      "id": "way/436423745"
    },
    {
      "type": "Feature",
      "properties": {
        "@id": "way/436509842",
        "landuse": "forest",
        "@geometry": "center"
      },
      "geometry": {
        "type": "Point",
        "coordinates": [
          -87.5493741,
          38.3033511
        ]
      },
      "id": "way/436509842"
    },
    {
      "type": "Feature",
      "properties": {
        "@id": "way/437538132",
        "landuse": "forest",
        "@geometry": "center"
      },
      "geometry": {
        "type": "Point",
        "coordinates": [
          -85.858792,
          38.1958067
        ]
      },
      "id": "way/437538132"
    },
    {
      "type": "Feature",
      "properties": {
        "@id": "way/437538133",
        "landuse": "forest",
        "@geometry": "center"
      },
      "geometry": {
        "type": "Point",
        "coordinates": [
          -85.8647203,
          38.1998756
        ]
      },
      "id": "way/437538133"
    },
    {
      "type": "Feature",
      "properties": {
        "@id": "way/444280837",
        "landuse": "forest",
        "@geometry": "center"
      },
      "geometry": {
        "type": "Point",
        "coordinates": [
          -85.7043356,
          38.1174778
        ]
      },
      "id": "way/444280837"
    },
    {
      "type": "Feature",
      "properties": {
        "@id": "way/447249204",
        "landuse": "forest",
        "@geometry": "center"
      },
      "geometry": {
        "type": "Point",
        "coordinates": [
          -85.7321771,
          38.125945
        ]
      },
      "id": "way/447249204"
    },
    {
      "type": "Feature",
      "properties": {
        "@id": "way/447944224",
        "landuse": "forest",
        "@geometry": "center"
      },
      "geometry": {
        "type": "Point",
        "coordinates": [
          -85.6092212,
          38.1197924
        ]
      },
      "id": "way/447944224"
    },
    {
      "type": "Feature",
      "properties": {
        "@id": "way/450428227",
        "landuse": "forest",
        "@geometry": "center"
      },
      "geometry": {
        "type": "Point",
        "coordinates": [
          -87.4704615,
          37.3099019
        ]
      },
      "id": "way/450428227"
    },
    {
      "type": "Feature",
      "properties": {
        "@id": "way/450428231",
        "landuse": "forest",
        "@geometry": "center"
      },
      "geometry": {
        "type": "Point",
        "coordinates": [
          -87.4629419,
          37.3082352
        ]
      },
      "id": "way/450428231"
    },
    {
      "type": "Feature",
      "properties": {
        "@id": "way/450428233",
        "landuse": "forest",
        "@geometry": "center"
      },
      "geometry": {
        "type": "Point",
        "coordinates": [
          -87.5148856,
          37.3239712
        ]
      },
      "id": "way/450428233"
    },
    {
      "type": "Feature",
      "properties": {
        "@id": "way/450481153",
        "landuse": "forest",
        "@geometry": "center"
      },
      "geometry": {
        "type": "Point",
        "coordinates": [
          -87.477958,
          37.33966
        ]
      },
      "id": "way/450481153"
    },
    {
      "type": "Feature",
      "properties": {
        "@id": "way/450481155",
        "landuse": "forest",
        "@geometry": "center"
      },
      "geometry": {
        "type": "Point",
        "coordinates": [
          -87.3337618,
          37.3553487
        ]
      },
      "id": "way/450481155"
    },
    {
      "type": "Feature",
      "properties": {
        "@id": "way/450481156",
        "landuse": "forest",
        "@geometry": "center"
      },
      "geometry": {
        "type": "Point",
        "coordinates": [
          -87.6935949,
          37.2575704
        ]
      },
      "id": "way/450481156"
    },
    {
      "type": "Feature",
      "properties": {
        "@id": "way/450481157",
        "landuse": "forest",
        "@geometry": "center"
      },
      "geometry": {
        "type": "Point",
        "coordinates": [
          -87.329129,
          37.3668442
        ]
      },
      "id": "way/450481157"
    },
    {
      "type": "Feature",
      "properties": {
        "@id": "way/450499532",
        "landuse": "forest",
        "@geometry": "center"
      },
      "geometry": {
        "type": "Point",
        "coordinates": [
          -87.1537664,
          37.4810555
        ]
      },
      "id": "way/450499532"
    },
    {
      "type": "Feature",
      "properties": {
        "@id": "way/450499533",
        "landuse": "forest",
        "@geometry": "center"
      },
      "geometry": {
        "type": "Point",
        "coordinates": [
          -87.3462793,
          37.4468196
        ]
      },
      "id": "way/450499533"
    },
    {
      "type": "Feature",
      "properties": {
        "@id": "way/450499534",
        "landuse": "forest",
        "@geometry": "center"
      },
      "geometry": {
        "type": "Point",
        "coordinates": [
          -87.3398125,
          37.454333
        ]
      },
      "id": "way/450499534"
    },
    {
      "type": "Feature",
      "properties": {
        "@id": "way/450499536",
        "landuse": "forest",
        "@geometry": "center"
      },
      "geometry": {
        "type": "Point",
        "coordinates": [
          -87.2857385,
          37.5014016
        ]
      },
      "id": "way/450499536"
    },
    {
      "type": "Feature",
      "properties": {
        "@id": "way/450499537",
        "landuse": "forest",
        "@geometry": "center"
      },
      "geometry": {
        "type": "Point",
        "coordinates": [
          -87.1228976,
          37.4369406
        ]
      },
      "id": "way/450499537"
    },
    {
      "type": "Feature",
      "properties": {
        "@id": "way/450499540",
        "landuse": "forest",
        "@geometry": "center"
      },
      "geometry": {
        "type": "Point",
        "coordinates": [
          -87.2815649,
          37.5108318
        ]
      },
      "id": "way/450499540"
    },
    {
      "type": "Feature",
      "properties": {
        "@id": "way/450501764",
        "landuse": "forest",
        "@geometry": "center"
      },
      "geometry": {
        "type": "Point",
        "coordinates": [
          -87.150441,
          37.4690281
        ]
      },
      "id": "way/450501764"
    },
    {
      "type": "Feature",
      "properties": {
        "@id": "way/450501766",
        "landuse": "forest",
        "@geometry": "center"
      },
      "geometry": {
        "type": "Point",
        "coordinates": [
          -87.1473565,
          37.4730814
        ]
      },
      "id": "way/450501766"
    },
    {
      "type": "Feature",
      "properties": {
        "@id": "way/450501767",
        "landuse": "forest",
        "@geometry": "center"
      },
      "geometry": {
        "type": "Point",
        "coordinates": [
          -87.4321475,
          37.3697471
        ]
      },
      "id": "way/450501767"
    },
    {
      "type": "Feature",
      "properties": {
        "@id": "way/450505029",
        "landuse": "forest",
        "@geometry": "center"
      },
      "geometry": {
        "type": "Point",
        "coordinates": [
          -87.407099,
          37.4623881
        ]
      },
      "id": "way/450505029"
    },
    {
      "type": "Feature",
      "properties": {
        "@id": "way/450505030",
        "landuse": "forest",
        "@geometry": "center"
      },
      "geometry": {
        "type": "Point",
        "coordinates": [
          -87.4002489,
          37.4548971
        ]
      },
      "id": "way/450505030"
    },
    {
      "type": "Feature",
      "properties": {
        "@id": "way/450505035",
        "landuse": "forest",
        "@geometry": "center"
      },
      "geometry": {
        "type": "Point",
        "coordinates": [
          -87.2577036,
          37.4809261
        ]
      },
      "id": "way/450505035"
    },
    {
      "type": "Feature",
      "properties": {
        "@id": "way/450505037",
        "landuse": "forest",
        "@geometry": "center"
      },
      "geometry": {
        "type": "Point",
        "coordinates": [
          -87.2624632,
          37.484074
        ]
      },
      "id": "way/450505037"
    },
    {
      "type": "Feature",
      "properties": {
        "@id": "way/453045001",
        "landuse": "forest",
        "@geometry": "center"
      },
      "geometry": {
        "type": "Point",
        "coordinates": [
          -85.9017222,
          38.1537061
        ]
      },
      "id": "way/453045001"
    },
    {
      "type": "Feature",
      "properties": {
        "@id": "way/453045002",
        "landuse": "forest",
        "@geometry": "center"
      },
      "geometry": {
        "type": "Point",
        "coordinates": [
          -85.9024165,
          38.1439365
        ]
      },
      "id": "way/453045002"
    },
    {
      "type": "Feature",
      "properties": {
        "@id": "way/457549815",
        "landuse": "forest",
        "@geometry": "center"
      },
      "geometry": {
        "type": "Point",
        "coordinates": [
          -85.3149915,
          38.8355925
        ]
      },
      "id": "way/457549815"
    },
    {
      "type": "Feature",
      "properties": {
        "@id": "way/462946127",
        "landuse": "forest",
        "@geometry": "center"
      },
      "geometry": {
        "type": "Point",
        "coordinates": [
          -87.1573741,
          37.7877113
        ]
      },
      "id": "way/462946127"
    },
    {
      "type": "Feature",
      "properties": {
        "@id": "way/462949085",
        "landuse": "forest",
        "@geometry": "center"
      },
      "geometry": {
        "type": "Point",
        "coordinates": [
          -87.567135,
          37.7145458
        ]
      },
      "id": "way/462949085"
    },
    {
      "type": "Feature",
      "properties": {
        "@id": "way/462949097",
        "landuse": "forest",
        "@geometry": "center"
      },
      "geometry": {
        "type": "Point",
        "coordinates": [
          -87.32119,
          37.7824967
        ]
      },
      "id": "way/462949097"
    },
    {
      "type": "Feature",
      "properties": {
        "@id": "way/462949098",
        "landuse": "forest",
        "@geometry": "center"
      },
      "geometry": {
        "type": "Point",
        "coordinates": [
          -87.3281316,
          37.7917148
        ]
      },
      "id": "way/462949098"
    },
    {
      "type": "Feature",
      "properties": {
        "@id": "way/465060308",
        "landuse": "forest",
        "@geometry": "center"
      },
      "geometry": {
        "type": "Point",
        "coordinates": [
          -82.5392971,
          37.4783052
        ]
      },
      "id": "way/465060308"
    },
    {
      "type": "Feature",
      "properties": {
        "@id": "way/465434034",
        "landuse": "forest",
        "leaf_cycle": "mixed",
        "leaf_type": "mixed",
        "@geometry": "center"
      },
      "geometry": {
        "type": "Point",
        "coordinates": [
          -84.4325741,
          39.1234618
        ]
      },
      "id": "way/465434034"
    },
    {
      "type": "Feature",
      "properties": {
        "@id": "way/468598166",
        "landuse": "forest",
        "@geometry": "center"
      },
      "geometry": {
        "type": "Point",
        "coordinates": [
          -87.1369423,
          37.7169897
        ]
      },
      "id": "way/468598166"
    },
    {
      "type": "Feature",
      "properties": {
        "@id": "way/475658015",
        "landuse": "forest",
        "@geometry": "center"
      },
      "geometry": {
        "type": "Point",
        "coordinates": [
          -85.2969175,
          38.7148382
        ]
      },
      "id": "way/475658015"
    },
    {
      "type": "Feature",
      "properties": {
        "@id": "way/475660800",
        "landuse": "forest",
        "@geometry": "center"
      },
      "geometry": {
        "type": "Point",
        "coordinates": [
          -85.3077837,
          38.7124149
        ]
      },
      "id": "way/475660800"
    },
    {
      "type": "Feature",
      "properties": {
        "@id": "way/475660801",
        "landuse": "forest",
        "@geometry": "center"
      },
      "geometry": {
        "type": "Point",
        "coordinates": [
          -85.3205296,
          38.712775
        ]
      },
      "id": "way/475660801"
    },
    {
      "type": "Feature",
      "properties": {
        "@id": "way/475660802",
        "landuse": "forest",
        "@geometry": "center"
      },
      "geometry": {
        "type": "Point",
        "coordinates": [
          -85.325576,
          38.705545
        ]
      },
      "id": "way/475660802"
    },
    {
      "type": "Feature",
      "properties": {
        "@id": "way/475661955",
        "landuse": "forest",
        "@geometry": "center"
      },
      "geometry": {
        "type": "Point",
        "coordinates": [
          -85.3505962,
          38.7180555
        ]
      },
      "id": "way/475661955"
    },
    {
      "type": "Feature",
      "properties": {
        "@id": "way/475707116",
        "landuse": "forest",
        "@geometry": "center"
      },
      "geometry": {
        "type": "Point",
        "coordinates": [
          -85.2867961,
          38.7165138
        ]
      },
      "id": "way/475707116"
    },
    {
      "type": "Feature",
      "properties": {
        "@id": "way/475710024",
        "landuse": "forest",
        "@geometry": "center"
      },
      "geometry": {
        "type": "Point",
        "coordinates": [
          -85.2825188,
          38.7227772
        ]
      },
      "id": "way/475710024"
    },
    {
      "type": "Feature",
      "properties": {
        "@id": "way/475710025",
        "landuse": "forest",
        "@geometry": "center"
      },
      "geometry": {
        "type": "Point",
        "coordinates": [
          -85.2781948,
          38.7228575
        ]
      },
      "id": "way/475710025"
    },
    {
      "type": "Feature",
      "properties": {
        "@id": "way/475710026",
        "landuse": "forest",
        "@geometry": "center"
      },
      "geometry": {
        "type": "Point",
        "coordinates": [
          -85.2780713,
          38.7191922
        ]
      },
      "id": "way/475710026"
    },
    {
      "type": "Feature",
      "properties": {
        "@id": "way/475710027",
        "landuse": "forest",
        "@geometry": "center"
      },
      "geometry": {
        "type": "Point",
        "coordinates": [
          -85.2710194,
          38.7179436
        ]
      },
      "id": "way/475710027"
    },
    {
      "type": "Feature",
      "properties": {
        "@id": "way/475710028",
        "landuse": "forest",
        "@geometry": "center"
      },
      "geometry": {
        "type": "Point",
        "coordinates": [
          -85.2546619,
          38.7189402
        ]
      },
      "id": "way/475710028"
    },
    {
      "type": "Feature",
      "properties": {
        "@id": "way/475710029",
        "landuse": "forest",
        "@geometry": "center"
      },
      "geometry": {
        "type": "Point",
        "coordinates": [
          -85.266937,
          38.7122617
        ]
      },
      "id": "way/475710029"
    },
    {
      "type": "Feature",
      "properties": {
        "@id": "way/475710311",
        "landuse": "forest",
        "@geometry": "center"
      },
      "geometry": {
        "type": "Point",
        "coordinates": [
          -85.2406655,
          38.7089241
        ]
      },
      "id": "way/475710311"
    },
    {
      "type": "Feature",
      "properties": {
        "@id": "way/475721292",
        "landuse": "forest",
        "@geometry": "center"
      },
      "geometry": {
        "type": "Point",
        "coordinates": [
          -85.2408779,
          38.7059675
        ]
      },
      "id": "way/475721292"
    },
    {
      "type": "Feature",
      "properties": {
        "@id": "way/475727072",
        "landuse": "forest",
        "@geometry": "center"
      },
      "geometry": {
        "type": "Point",
        "coordinates": [
          -85.2500496,
          38.7066461
        ]
      },
      "id": "way/475727072"
    },
    {
      "type": "Feature",
      "properties": {
        "@id": "way/475727073",
        "landuse": "forest",
        "@geometry": "center"
      },
      "geometry": {
        "type": "Point",
        "coordinates": [
          -85.2565829,
          38.7024667
        ]
      },
      "id": "way/475727073"
    },
    {
      "type": "Feature",
      "properties": {
        "@id": "way/475728737",
        "landuse": "forest",
        "@geometry": "center"
      },
      "geometry": {
        "type": "Point",
        "coordinates": [
          -85.2517724,
          38.7006054
        ]
      },
      "id": "way/475728737"
    },
    {
      "type": "Feature",
      "properties": {
        "@id": "way/475728738",
        "landuse": "forest",
        "@geometry": "center"
      },
      "geometry": {
        "type": "Point",
        "coordinates": [
          -85.2515761,
          38.6961018
        ]
      },
      "id": "way/475728738"
    },
    {
      "type": "Feature",
      "properties": {
        "@id": "way/475728739",
        "landuse": "forest",
        "@geometry": "center"
      },
      "geometry": {
        "type": "Point",
        "coordinates": [
          -85.2490094,
          38.6978206
        ]
      },
      "id": "way/475728739"
    },
    {
      "type": "Feature",
      "properties": {
        "@id": "way/475869342",
        "landuse": "forest",
        "@geometry": "center"
      },
      "geometry": {
        "type": "Point",
        "coordinates": [
          -85.2507299,
          38.6918451
        ]
      },
      "id": "way/475869342"
    },
    {
      "type": "Feature",
      "properties": {
        "@id": "way/475869343",
        "landuse": "forest",
        "@geometry": "center"
      },
      "geometry": {
        "type": "Point",
        "coordinates": [
          -85.2429269,
          38.6960093
        ]
      },
      "id": "way/475869343"
    },
    {
      "type": "Feature",
      "properties": {
        "@id": "way/475869348",
        "landuse": "forest",
        "@geometry": "center"
      },
      "geometry": {
        "type": "Point",
        "coordinates": [
          -85.2468154,
          38.6880208
        ]
      },
      "id": "way/475869348"
    },
    {
      "type": "Feature",
      "properties": {
        "@id": "way/475871313",
        "landuse": "forest",
        "@geometry": "center"
      },
      "geometry": {
        "type": "Point",
        "coordinates": [
          -85.2482831,
          38.6896668
        ]
      },
      "id": "way/475871313"
    },
    {
      "type": "Feature",
      "properties": {
        "@id": "way/475871314",
        "landuse": "forest",
        "@geometry": "center"
      },
      "geometry": {
        "type": "Point",
        "coordinates": [
          -85.2532452,
          38.6872424
        ]
      },
      "id": "way/475871314"
    },
    {
      "type": "Feature",
      "properties": {
        "@id": "way/475871315",
        "landuse": "forest",
        "@geometry": "center"
      },
      "geometry": {
        "type": "Point",
        "coordinates": [
          -85.2486615,
          38.6796056
        ]
      },
      "id": "way/475871315"
    },
    {
      "type": "Feature",
      "properties": {
        "@id": "way/475871316",
        "landuse": "forest",
        "@geometry": "center"
      },
      "geometry": {
        "type": "Point",
        "coordinates": [
          -85.2543056,
          38.6783367
        ]
      },
      "id": "way/475871316"
    },
    {
      "type": "Feature",
      "properties": {
        "@id": "way/475871317",
        "landuse": "forest",
        "@geometry": "center"
      },
      "geometry": {
        "type": "Point",
        "coordinates": [
          -85.2574384,
          38.6784205
        ]
      },
      "id": "way/475871317"
    },
    {
      "type": "Feature",
      "properties": {
        "@id": "way/475871318",
        "landuse": "forest",
        "@geometry": "center"
      },
      "geometry": {
        "type": "Point",
        "coordinates": [
          -85.2512404,
          38.6740303
        ]
      },
      "id": "way/475871318"
    },
    {
      "type": "Feature",
      "properties": {
        "@id": "way/475871319",
        "landuse": "forest",
        "@geometry": "center"
      },
      "geometry": {
        "type": "Point",
        "coordinates": [
          -85.2538647,
          38.6701593
        ]
      },
      "id": "way/475871319"
    },
    {
      "type": "Feature",
      "properties": {
        "@id": "way/475871320",
        "landuse": "forest",
        "@geometry": "center"
      },
      "geometry": {
        "type": "Point",
        "coordinates": [
          -85.2476009,
          38.6722227
        ]
      },
      "id": "way/475871320"
    },
    {
      "type": "Feature",
      "properties": {
        "@id": "way/475871321",
        "landuse": "forest",
        "@geometry": "center"
      },
      "geometry": {
        "type": "Point",
        "coordinates": [
          -85.2439386,
          38.6656635
        ]
      },
      "id": "way/475871321"
    },
    {
      "type": "Feature",
      "properties": {
        "@id": "way/475974101",
        "landuse": "forest",
        "@geometry": "center"
      },
      "geometry": {
        "type": "Point",
        "coordinates": [
          -85.2291752,
          38.6980047
        ]
      },
      "id": "way/475974101"
    },
    {
      "type": "Feature",
      "properties": {
        "@id": "way/475974102",
        "landuse": "forest",
        "@geometry": "center"
      },
      "geometry": {
        "type": "Point",
        "coordinates": [
          -85.2205007,
          38.6906386
        ]
      },
      "id": "way/475974102"
    },
    {
      "type": "Feature",
      "properties": {
        "@id": "way/475976520",
        "landuse": "forest",
        "@geometry": "center"
      },
      "geometry": {
        "type": "Point",
        "coordinates": [
          -85.2353016,
          38.7063069
        ]
      },
      "id": "way/475976520"
    },
    {
      "type": "Feature",
      "properties": {
        "@id": "way/475976521",
        "landuse": "forest",
        "@geometry": "center"
      },
      "geometry": {
        "type": "Point",
        "coordinates": [
          -85.2321142,
          38.7025539
        ]
      },
      "id": "way/475976521"
    },
    {
      "type": "Feature",
      "properties": {
        "@id": "way/475976523",
        "landuse": "forest",
        "@geometry": "center"
      },
      "geometry": {
        "type": "Point",
        "coordinates": [
          -85.2284739,
          38.6761267
        ]
      },
      "id": "way/475976523"
    },
    {
      "type": "Feature",
      "properties": {
        "@id": "way/475976524",
        "landuse": "forest",
        "@geometry": "center"
      },
      "geometry": {
        "type": "Point",
        "coordinates": [
          -85.2306303,
          38.6815886
        ]
      },
      "id": "way/475976524"
    },
    {
      "type": "Feature",
      "properties": {
        "@id": "way/475976526",
        "landuse": "forest",
        "@geometry": "center"
      },
      "geometry": {
        "type": "Point",
        "coordinates": [
          -85.2167319,
          38.6701956
        ]
      },
      "id": "way/475976526"
    },
    {
      "type": "Feature",
      "properties": {
        "@id": "way/479589628",
        "landuse": "forest",
        "@geometry": "center"
      },
      "geometry": {
        "type": "Point",
        "coordinates": [
          -82.5734465,
          36.5658483
        ]
      },
      "id": "way/479589628"
    },
    {
      "type": "Feature",
      "properties": {
        "@id": "way/484944133",
        "landuse": "forest",
        "@geometry": "center"
      },
      "geometry": {
        "type": "Point",
        "coordinates": [
          -85.8049212,
          38.1875208
        ]
      },
      "id": "way/484944133"
    },
    {
      "type": "Feature",
      "properties": {
        "@id": "way/487516343",
        "landuse": "forest",
        "@geometry": "center"
      },
      "geometry": {
        "type": "Point",
        "coordinates": [
          -86.1052964,
          38.8407465
        ]
      },
      "id": "way/487516343"
    },
    {
      "type": "Feature",
      "properties": {
        "@id": "way/488821666",
        "landuse": "forest",
        "@geometry": "center"
      },
      "geometry": {
        "type": "Point",
        "coordinates": [
          -86.4674045,
          36.9791884
        ]
      },
      "id": "way/488821666"
    },
    {
      "type": "Feature",
      "properties": {
        "@id": "way/492848566",
        "landuse": "forest",
        "@geometry": "center"
      },
      "geometry": {
        "type": "Point",
        "coordinates": [
          -87.5371083,
          37.5960706
        ]
      },
      "id": "way/492848566"
    },
    {
      "type": "Feature",
      "properties": {
        "@id": "way/495994393",
        "landuse": "forest",
        "@geometry": "center"
      },
      "geometry": {
        "type": "Point",
        "coordinates": [
          -85.8804576,
          38.1864822
        ]
      },
      "id": "way/495994393"
    },
    {
      "type": "Feature",
      "properties": {
        "@id": "way/495994394",
        "landuse": "forest",
        "@geometry": "center"
      },
      "geometry": {
        "type": "Point",
        "coordinates": [
          -85.8745272,
          38.1829761
        ]
      },
      "id": "way/495994394"
    },
    {
      "type": "Feature",
      "properties": {
        "@id": "way/495994395",
        "landuse": "forest",
        "@geometry": "center"
      },
      "geometry": {
        "type": "Point",
        "coordinates": [
          -85.8807855,
          38.1930246
        ]
      },
      "id": "way/495994395"
    },
    {
      "type": "Feature",
      "properties": {
        "@id": "way/499772357",
        "landuse": "forest",
        "@geometry": "center"
      },
      "geometry": {
        "type": "Point",
        "coordinates": [
          -86.9619803,
          38.1122711
        ]
      },
      "id": "way/499772357"
    },
    {
      "type": "Feature",
      "properties": {
        "@id": "way/512059924",
        "landuse": "forest",
        "source": "DigitalGlobe-Premium",
        "@geometry": "center"
      },
      "geometry": {
        "type": "Point",
        "coordinates": [
          -89.2038626,
          37.5784162
        ]
      },
      "id": "way/512059924"
    },
    {
      "type": "Feature",
      "properties": {
        "@id": "way/512059942",
        "landuse": "forest",
        "source": "DigitalGlobe-Premium",
        "@geometry": "center"
      },
      "geometry": {
        "type": "Point",
        "coordinates": [
          -89.2028595,
          37.5814233
        ]
      },
      "id": "way/512059942"
    },
    {
      "type": "Feature",
      "properties": {
        "@id": "way/512072036",
        "landuse": "forest",
        "source": "DigitalGlobe-Premium",
        "@geometry": "center"
      },
      "geometry": {
        "type": "Point",
        "coordinates": [
          -89.2052855,
          37.6160756
        ]
      },
      "id": "way/512072036"
    },
    {
      "type": "Feature",
      "properties": {
        "@id": "way/512072065",
        "landuse": "forest",
        "source": "DigitalGlobe-Premium",
        "@geometry": "center"
      },
      "geometry": {
        "type": "Point",
        "coordinates": [
          -89.2010999,
          37.6308126
        ]
      },
      "id": "way/512072065"
    },
    {
      "type": "Feature",
      "properties": {
        "@id": "way/512072067",
        "landuse": "forest",
        "source": "DigitalGlobe-Premium",
        "@geometry": "center"
      },
      "geometry": {
        "type": "Point",
        "coordinates": [
          -89.2176317,
          37.6675254
        ]
      },
      "id": "way/512072067"
    },
    {
      "type": "Feature",
      "properties": {
        "@id": "way/512572634",
        "landuse": "forest",
        "source": "Bing",
        "@geometry": "center"
      },
      "geometry": {
        "type": "Point",
        "coordinates": [
          -89.048103,
          37.669164
        ]
      },
      "id": "way/512572634"
    },
    {
      "type": "Feature",
      "properties": {
        "@id": "way/514293094",
        "landuse": "forest",
        "source": "DigitalGlobe-Standard",
        "@geometry": "center"
      },
      "geometry": {
        "type": "Point",
        "coordinates": [
          -89.3163636,
          37.5611296
        ]
      },
      "id": "way/514293094"
    },
    {
      "type": "Feature",
      "properties": {
        "@id": "way/514293101",
        "landuse": "forest",
        "source": "DigitalGlobe-Standard",
        "@geometry": "center"
      },
      "geometry": {
        "type": "Point",
        "coordinates": [
          -89.3449749,
          37.5658241
        ]
      },
      "id": "way/514293101"
    },
    {
      "type": "Feature",
      "properties": {
        "@id": "way/514293107",
        "landuse": "forest",
        "source": "DigitalGlobe-Standard",
        "@geometry": "center"
      },
      "geometry": {
        "type": "Point",
        "coordinates": [
          -89.3162217,
          37.5600239
        ]
      },
      "id": "way/514293107"
    },
    {
      "type": "Feature",
      "properties": {
        "@id": "way/514293118",
        "landuse": "forest",
        "source": "DigitalGlobe-Standard",
        "@geometry": "center"
      },
      "geometry": {
        "type": "Point",
        "coordinates": [
          -89.3527493,
          37.5721147
        ]
      },
      "id": "way/514293118"
    },
    {
      "type": "Feature",
      "properties": {
        "@id": "way/514293123",
        "landuse": "forest",
        "source": "DigitalGlobe-Standard",
        "@geometry": "center"
      },
      "geometry": {
        "type": "Point",
        "coordinates": [
          -89.3512705,
          37.5593827
        ]
      },
      "id": "way/514293123"
    },
    {
      "type": "Feature",
      "properties": {
        "@id": "way/514303558",
        "landuse": "forest",
        "source": "DigitalGlobe-Standard",
        "@geometry": "center"
      },
      "geometry": {
        "type": "Point",
        "coordinates": [
          -89.3121795,
          37.544539
        ]
      },
      "id": "way/514303558"
    },
    {
      "type": "Feature",
      "properties": {
        "@id": "way/514303561",
        "landuse": "forest",
        "source": "DigitalGlobe-Standard",
        "@geometry": "center"
      },
      "geometry": {
        "type": "Point",
        "coordinates": [
          -89.3019617,
          37.6378267
        ]
      },
      "id": "way/514303561"
    },
    {
      "type": "Feature",
      "properties": {
        "@id": "way/514303562",
        "landuse": "forest",
        "source": "DigitalGlobe-Standard",
        "@geometry": "center"
      },
      "geometry": {
        "type": "Point",
        "coordinates": [
          -89.3071612,
          37.5403793
        ]
      },
      "id": "way/514303562"
    },
    {
      "type": "Feature",
      "properties": {
        "@id": "way/514303564",
        "landuse": "forest",
        "source": "DigitalGlobe-Standard",
        "@geometry": "center"
      },
      "geometry": {
        "type": "Point",
        "coordinates": [
          -89.2934698,
          37.5061621
        ]
      },
      "id": "way/514303564"
    },
    {
      "type": "Feature",
      "properties": {
        "@id": "way/514303566",
        "landuse": "forest",
        "source": "DigitalGlobe-Standard",
        "@geometry": "center"
      },
      "geometry": {
        "type": "Point",
        "coordinates": [
          -89.3091192,
          37.6377288
        ]
      },
      "id": "way/514303566"
    },
    {
      "type": "Feature",
      "properties": {
        "@id": "way/514303569",
        "landuse": "forest",
        "source": "DigitalGlobe-Standard",
        "@geometry": "center"
      },
      "geometry": {
        "type": "Point",
        "coordinates": [
          -89.2858992,
          37.6892117
        ]
      },
      "id": "way/514303569"
    },
    {
      "type": "Feature",
      "properties": {
        "@id": "way/514303570",
        "landuse": "forest",
        "source": "DigitalGlobe-Standard",
        "@geometry": "center"
      },
      "geometry": {
        "type": "Point",
        "coordinates": [
          -89.3237801,
          37.6353859
        ]
      },
      "id": "way/514303570"
    },
    {
      "type": "Feature",
      "properties": {
        "@id": "way/514303575",
        "landuse": "forest",
        "source": "DigitalGlobe-Standard",
        "@geometry": "center"
      },
      "geometry": {
        "type": "Point",
        "coordinates": [
          -89.2848452,
          37.5394223
        ]
      },
      "id": "way/514303575"
    },
    {
      "type": "Feature",
      "properties": {
        "@id": "way/514303580",
        "landuse": "forest",
        "source": "DigitalGlobe-Standard",
        "@geometry": "center"
      },
      "geometry": {
        "type": "Point",
        "coordinates": [
          -89.2974301,
          37.6396532
        ]
      },
      "id": "way/514303580"
    },
    {
      "type": "Feature",
      "properties": {
        "@id": "way/514303582",
        "landuse": "forest",
        "source": "DigitalGlobe-Standard",
        "@geometry": "center"
      },
      "geometry": {
        "type": "Point",
        "coordinates": [
          -89.2850968,
          37.6555881
        ]
      },
      "id": "way/514303582"
    },
    {
      "type": "Feature",
      "properties": {
        "@id": "way/514303585",
        "landuse": "forest",
        "source": "DigitalGlobe-Standard",
        "@geometry": "center"
      },
      "geometry": {
        "type": "Point",
        "coordinates": [
          -89.3021092,
          37.645787
        ]
      },
      "id": "way/514303585"
    },
    {
      "type": "Feature",
      "properties": {
        "@id": "way/514303587",
        "landuse": "forest",
        "source": "DigitalGlobe-Standard",
        "@geometry": "center"
      },
      "geometry": {
        "type": "Point",
        "coordinates": [
          -89.2852099,
          37.687849
        ]
      },
      "id": "way/514303587"
    },
    {
      "type": "Feature",
      "properties": {
        "@id": "way/514311881",
        "landuse": "forest",
        "source": "DigitalGlobe-Standard",
        "@geometry": "center"
      },
      "geometry": {
        "type": "Point",
        "coordinates": [
          -89.309488,
          37.6905107
        ]
      },
      "id": "way/514311881"
    },
    {
      "type": "Feature",
      "properties": {
        "@id": "way/514311894",
        "landuse": "forest",
        "source": "DigitalGlobe-Standard",
        "@geometry": "center"
      },
      "geometry": {
        "type": "Point",
        "coordinates": [
          -89.3148456,
          37.7689718
        ]
      },
      "id": "way/514311894"
    },
    {
      "type": "Feature",
      "properties": {
        "@id": "way/514311895",
        "landuse": "forest",
        "source": "DigitalGlobe-Standard",
        "@geometry": "center"
      },
      "geometry": {
        "type": "Point",
        "coordinates": [
          -89.3163746,
          37.6861786
        ]
      },
      "id": "way/514311895"
    },
    {
      "type": "Feature",
      "properties": {
        "@id": "way/514311896",
        "landuse": "forest",
        "source": "DigitalGlobe-Standard",
        "@geometry": "center"
      },
      "geometry": {
        "type": "Point",
        "coordinates": [
          -89.3164497,
          37.7701761
        ]
      },
      "id": "way/514311896"
    },
    {
      "type": "Feature",
      "properties": {
        "@id": "way/514311897",
        "landuse": "forest",
        "source": "DigitalGlobe-Standard",
        "@geometry": "center"
      },
      "geometry": {
        "type": "Point",
        "coordinates": [
          -89.2924224,
          37.7064956
        ]
      },
      "id": "way/514311897"
    },
    {
      "type": "Feature",
      "properties": {
        "@id": "way/514311898",
        "landuse": "forest",
        "source": "DigitalGlobe-Standard",
        "@geometry": "center"
      },
      "geometry": {
        "type": "Point",
        "coordinates": [
          -89.3106561,
          37.7110472
        ]
      },
      "id": "way/514311898"
    },
    {
      "type": "Feature",
      "properties": {
        "@id": "way/514311906",
        "landuse": "forest",
        "source": "DigitalGlobe-Standard",
        "@geometry": "center"
      },
      "geometry": {
        "type": "Point",
        "coordinates": [
          -89.2856646,
          37.7737592
        ]
      },
      "id": "way/514311906"
    },
    {
      "type": "Feature",
      "properties": {
        "@id": "way/514311912",
        "landuse": "forest",
        "source": "DigitalGlobe-Standard",
        "@geometry": "center"
      },
      "geometry": {
        "type": "Point",
        "coordinates": [
          -89.3166535,
          37.7710454
        ]
      },
      "id": "way/514311912"
    },
    {
      "type": "Feature",
      "properties": {
        "@id": "way/514354820",
        "landuse": "forest",
        "source": "Bing",
        "@geometry": "center"
      },
      "geometry": {
        "type": "Point",
        "coordinates": [
          -89.3518937,
          37.7877708
        ]
      },
      "id": "way/514354820"
    },
    {
      "type": "Feature",
      "properties": {
        "@id": "way/514354821",
        "landuse": "forest",
        "source": "Bing",
        "@geometry": "center"
      },
      "geometry": {
        "type": "Point",
        "coordinates": [
          -89.2683014,
          37.713027
        ]
      },
      "id": "way/514354821"
    },
    {
      "type": "Feature",
      "properties": {
        "@id": "way/514354822",
        "landuse": "forest",
        "source": "Bing",
        "@geometry": "center"
      },
      "geometry": {
        "type": "Point",
        "coordinates": [
          -89.3659056,
          37.7571038
        ]
      },
      "id": "way/514354822"
    },
    {
      "type": "Feature",
      "properties": {
        "@id": "way/514354823",
        "landuse": "forest",
        "source": "USGS-Large_Scale",
        "@geometry": "center"
      },
      "geometry": {
        "type": "Point",
        "coordinates": [
          -89.2011981,
          37.7355256
        ]
      },
      "id": "way/514354823"
    },
    {
      "type": "Feature",
      "properties": {
        "@id": "way/514354824",
        "landuse": "forest",
        "source": "Bing",
        "@geometry": "center"
      },
      "geometry": {
        "type": "Point",
        "coordinates": [
          -89.2736711,
          37.7124042
        ]
      },
      "id": "way/514354824"
    },
    {
      "type": "Feature",
      "properties": {
        "@id": "way/514354826",
        "landuse": "forest",
        "source": "Bing",
        "@geometry": "center"
      },
      "geometry": {
        "type": "Point",
        "coordinates": [
          -89.3266568,
          37.745392
        ]
      },
      "id": "way/514354826"
    },
    {
      "type": "Feature",
      "properties": {
        "@id": "way/514354829",
        "landuse": "forest",
        "source": "Bing",
        "@geometry": "center"
      },
      "geometry": {
        "type": "Point",
        "coordinates": [
          -89.3713464,
          37.7677527
        ]
      },
      "id": "way/514354829"
    },
    {
      "type": "Feature",
      "properties": {
        "@id": "way/514354830",
        "landuse": "forest",
        "source": "Bing",
        "@geometry": "center"
      },
      "geometry": {
        "type": "Point",
        "coordinates": [
          -89.3131881,
          37.7974753
        ]
      },
      "id": "way/514354830"
    },
    {
      "type": "Feature",
      "properties": {
        "@id": "way/514354832",
        "landuse": "forest",
        "source": "Bing",
        "@geometry": "center"
      },
      "geometry": {
        "type": "Point",
        "coordinates": [
          -89.253772,
          37.7052903
        ]
      },
      "id": "way/514354832"
    },
    {
      "type": "Feature",
      "properties": {
        "@id": "way/514354833",
        "landuse": "forest",
        "source": "Bing",
        "@geometry": "center"
      },
      "geometry": {
        "type": "Point",
        "coordinates": [
          -89.273612,
          37.7128222
        ]
      },
      "id": "way/514354833"
    },
    {
      "type": "Feature",
      "properties": {
        "@id": "way/514354834",
        "landuse": "forest",
        "source": "Bing",
        "@geometry": "center"
      },
      "geometry": {
        "type": "Point",
        "coordinates": [
          -89.2658285,
          37.7145844
        ]
      },
      "id": "way/514354834"
    },
    {
      "type": "Feature",
      "properties": {
        "@id": "way/514354835",
        "landuse": "forest",
        "source": "Bing",
        "@geometry": "center"
      },
      "geometry": {
        "type": "Point",
        "coordinates": [
          -89.2689666,
          37.7120021
        ]
      },
      "id": "way/514354835"
    },
    {
      "type": "Feature",
      "properties": {
        "@id": "way/514354836",
        "landuse": "forest",
        "source": "Bing",
        "@geometry": "center"
      },
      "geometry": {
        "type": "Point",
        "coordinates": [
          -89.2663381,
          37.7143616
        ]
      },
      "id": "way/514354836"
    },
    {
      "type": "Feature",
      "properties": {
        "@id": "way/514357586",
        "landuse": "forest",
        "source": "USGS-Large_Scale",
        "@geometry": "center"
      },
      "geometry": {
        "type": "Point",
        "coordinates": [
          -89.2347793,
          37.6563203
        ]
      },
      "id": "way/514357586"
    },
    {
      "type": "Feature",
      "properties": {
        "@id": "way/514357587",
        "landuse": "forest",
        "source": "USGS-Large_Scale",
        "@geometry": "center"
      },
      "geometry": {
        "type": "Point",
        "coordinates": [
          -89.2355893,
          37.6435845
        ]
      },
      "id": "way/514357587"
    },
    {
      "type": "Feature",
      "properties": {
        "@id": "way/514357588",
        "landuse": "forest",
        "source": "USGS-Large_Scale",
        "@geometry": "center"
      },
      "geometry": {
        "type": "Point",
        "coordinates": [
          -89.2250054,
          37.6684696
        ]
      },
      "id": "way/514357588"
    },
    {
      "type": "Feature",
      "properties": {
        "@id": "way/514357590",
        "landuse": "forest",
        "source": "USGS-Large_Scale",
        "@geometry": "center"
      },
      "geometry": {
        "type": "Point",
        "coordinates": [
          -89.2429494,
          37.6341413
        ]
      },
      "id": "way/514357590"
    },
    {
      "type": "Feature",
      "properties": {
        "@id": "way/514357592",
        "landuse": "forest",
        "source": "USGS-Large_Scale",
        "@geometry": "center"
      },
      "geometry": {
        "type": "Point",
        "coordinates": [
          -89.224096,
          37.6645758
        ]
      },
      "id": "way/514357592"
    },
    {
      "type": "Feature",
      "properties": {
        "@id": "way/514357593",
        "landuse": "forest",
        "source": "USGS-Large_Scale",
        "@geometry": "center"
      },
      "geometry": {
        "type": "Point",
        "coordinates": [
          -89.2445626,
          37.6137151
        ]
      },
      "id": "way/514357593"
    },
    {
      "type": "Feature",
      "properties": {
        "@id": "way/514357594",
        "landuse": "forest",
        "source": "USGS-Large_Scale",
        "@geometry": "center"
      },
      "geometry": {
        "type": "Point",
        "coordinates": [
          -89.2277815,
          37.6144865
        ]
      },
      "id": "way/514357594"
    },
    {
      "type": "Feature",
      "properties": {
        "@id": "way/514357595",
        "landuse": "forest",
        "source": "USGS-Large_Scale",
        "@geometry": "center"
      },
      "geometry": {
        "type": "Point",
        "coordinates": [
          -89.2417185,
          37.6301524
        ]
      },
      "id": "way/514357595"
    },
    {
      "type": "Feature",
      "properties": {
        "@id": "way/514357596",
        "landuse": "forest",
        "source": "USGS-Large_Scale",
        "@geometry": "center"
      },
      "geometry": {
        "type": "Point",
        "coordinates": [
          -89.215819,
          37.6601508
        ]
      },
      "id": "way/514357596"
    },
    {
      "type": "Feature",
      "properties": {
        "@id": "way/514357597",
        "landuse": "forest",
        "source": "USGS-Large_Scale",
        "@geometry": "center"
      },
      "geometry": {
        "type": "Point",
        "coordinates": [
          -89.2469003,
          37.61649
        ]
      },
      "id": "way/514357597"
    },
    {
      "type": "Feature",
      "properties": {
        "@id": "way/514357598",
        "landuse": "forest",
        "source": "USGS-Large_Scale",
        "@geometry": "center"
      },
      "geometry": {
        "type": "Point",
        "coordinates": [
          -89.2286826,
          37.6189928
        ]
      },
      "id": "way/514357598"
    },
    {
      "type": "Feature",
      "properties": {
        "@id": "way/514522075",
        "landuse": "forest",
        "source": "USGS-Large_Scale",
        "@geometry": "center"
      },
      "geometry": {
        "type": "Point",
        "coordinates": [
          -89.4597119,
          37.7423675
        ]
      },
      "id": "way/514522075"
    },
    {
      "type": "Feature",
      "properties": {
        "@id": "way/514522087",
        "landuse": "forest",
        "source": "USGS-Large_Scale",
        "@geometry": "center"
      },
      "geometry": {
        "type": "Point",
        "coordinates": [
          -89.4621634,
          37.7336516
        ]
      },
      "id": "way/514522087"
    },
    {
      "type": "Feature",
      "properties": {
        "@id": "way/514522091",
        "landuse": "forest",
        "source": "USGS-Large_Scale",
        "@geometry": "center"
      },
      "geometry": {
        "type": "Point",
        "coordinates": [
          -89.4619864,
          37.7418063
        ]
      },
      "id": "way/514522091"
    },
    {
      "type": "Feature",
      "properties": {
        "@id": "way/514522094",
        "landuse": "forest",
        "source": "USGS-Large_Scale",
        "@geometry": "center"
      },
      "geometry": {
        "type": "Point",
        "coordinates": [
          -89.0564232,
          37.7299495
        ]
      },
      "id": "way/514522094"
    },
    {
      "type": "Feature",
      "properties": {
        "@id": "way/514522096",
        "landuse": "forest",
        "source": "USGS-Large_Scale",
        "@geometry": "center"
      },
      "geometry": {
        "type": "Point",
        "coordinates": [
          -89.499344,
          37.7194451
        ]
      },
      "id": "way/514522096"
    },
    {
      "type": "Feature",
      "properties": {
        "@id": "way/514522099",
        "landuse": "forest",
        "source": "USGS-Large_Scale",
        "@geometry": "center"
      },
      "geometry": {
        "type": "Point",
        "coordinates": [
          -89.1370563,
          37.6993301
        ]
      },
      "id": "way/514522099"
    },
    {
      "type": "Feature",
      "properties": {
        "@id": "way/514522102",
        "landuse": "forest",
        "source": "USGS-Large_Scale",
        "@geometry": "center"
      },
      "geometry": {
        "type": "Point",
        "coordinates": [
          -89.4803141,
          37.7218305
        ]
      },
      "id": "way/514522102"
    },
    {
      "type": "Feature",
      "properties": {
        "@id": "way/514522104",
        "landuse": "forest",
        "source": "USGS-Large_Scale",
        "@geometry": "center"
      },
      "geometry": {
        "type": "Point",
        "coordinates": [
          -89.3675943,
          37.5836144
        ]
      },
      "id": "way/514522104"
    },
    {
      "type": "Feature",
      "properties": {
        "@id": "way/514522105",
        "landuse": "forest",
        "source": "USGS-Large_Scale",
        "@geometry": "center"
      },
      "geometry": {
        "type": "Point",
        "coordinates": [
          -89.0434008,
          37.729924
        ]
      },
      "id": "way/514522105"
    },
    {
      "type": "Feature",
      "properties": {
        "@id": "way/514522108",
        "landuse": "forest",
        "source": "USGS-Large_Scale",
        "@geometry": "center"
      },
      "geometry": {
        "type": "Point",
        "coordinates": [
          -89.3849292,
          37.5938551
        ]
      },
      "id": "way/514522108"
    },
    {
      "type": "Feature",
      "properties": {
        "@id": "way/514522109",
        "landuse": "forest",
        "source": "USGS-Large_Scale",
        "@geometry": "center"
      },
      "geometry": {
        "type": "Point",
        "coordinates": [
          -89.1819182,
          37.4877715
        ]
      },
      "id": "way/514522109"
    },
    {
      "type": "Feature",
      "properties": {
        "@id": "way/514522117",
        "landuse": "forest",
        "source": "USGS-Large_Scale",
        "@geometry": "center"
      },
      "geometry": {
        "type": "Point",
        "coordinates": [
          -89.0561871,
          37.7152744
        ]
      },
      "id": "way/514522117"
    },
    {
      "type": "Feature",
      "properties": {
        "@id": "way/514522137",
        "landuse": "forest",
        "source": "USGS-Large_Scale",
        "@geometry": "center"
      },
      "geometry": {
        "type": "Point",
        "coordinates": [
          -89.1305862,
          37.6677709
        ]
      },
      "id": "way/514522137"
    },
    {
      "type": "Feature",
      "properties": {
        "@id": "way/514522139",
        "landuse": "forest",
        "source": "USGS-Large_Scale",
        "@geometry": "center"
      },
      "geometry": {
        "type": "Point",
        "coordinates": [
          -89.461249,
          37.7387568
        ]
      },
      "id": "way/514522139"
    },
    {
      "type": "Feature",
      "properties": {
        "@id": "way/514522146",
        "landuse": "forest",
        "source": "USGS-Large_Scale",
        "@geometry": "center"
      },
      "geometry": {
        "type": "Point",
        "coordinates": [
          -89.4435893,
          37.7326533
        ]
      },
      "id": "way/514522146"
    },
    {
      "type": "Feature",
      "properties": {
        "@id": "way/514522147",
        "landuse": "forest",
        "source": "USGS-Large_Scale",
        "@geometry": "center"
      },
      "geometry": {
        "type": "Point",
        "coordinates": [
          -89.462791,
          37.7265184
        ]
      },
      "id": "way/514522147"
    },
    {
      "type": "Feature",
      "properties": {
        "@id": "way/514522155",
        "landuse": "forest",
        "source": "USGS-Large_Scale",
        "@geometry": "center"
      },
      "geometry": {
        "type": "Point",
        "coordinates": [
          -89.4306102,
          37.7259945
        ]
      },
      "id": "way/514522155"
    },
    {
      "type": "Feature",
      "properties": {
        "@id": "way/514522160",
        "landuse": "forest",
        "source": "USGS-Large_Scale",
        "@geometry": "center"
      },
      "geometry": {
        "type": "Point",
        "coordinates": [
          -89.426788,
          37.721435
        ]
      },
      "id": "way/514522160"
    },
    {
      "type": "Feature",
      "properties": {
        "@id": "way/514522161",
        "landuse": "forest",
        "source": "USGS-Large_Scale",
        "@geometry": "center"
      },
      "geometry": {
        "type": "Point",
        "coordinates": [
          -89.4699175,
          37.7395106
        ]
      },
      "id": "way/514522161"
    },
    {
      "type": "Feature",
      "properties": {
        "@id": "way/514522162",
        "landuse": "forest",
        "source": "USGS-Large_Scale",
        "@geometry": "center"
      },
      "geometry": {
        "type": "Point",
        "coordinates": [
          -89.4746651,
          37.7149604
        ]
      },
      "id": "way/514522162"
    },
    {
      "type": "Feature",
      "properties": {
        "@id": "way/514522164",
        "landuse": "forest",
        "source": "USGS-Large_Scale",
        "@geometry": "center"
      },
      "geometry": {
        "type": "Point",
        "coordinates": [
          -89.1824706,
          37.484496
        ]
      },
      "id": "way/514522164"
    },
    {
      "type": "Feature",
      "properties": {
        "@id": "way/514522172",
        "landuse": "forest",
        "source": "USGS-Large_Scale",
        "@geometry": "center"
      },
      "geometry": {
        "type": "Point",
        "coordinates": [
          -89.4744294,
          37.7269448
        ]
      },
      "id": "way/514522172"
    },
    {
      "type": "Feature",
      "properties": {
        "@id": "way/514522182",
        "landuse": "forest",
        "source": "USGS-Large_Scale",
        "@geometry": "center"
      },
      "geometry": {
        "type": "Point",
        "coordinates": [
          -88.9968296,
          37.6792356
        ]
      },
      "id": "way/514522182"
    },
    {
      "type": "Feature",
      "properties": {
        "@id": "way/514522187",
        "landuse": "forest",
        "source": "USGS-Large_Scale",
        "@geometry": "center"
      },
      "geometry": {
        "type": "Point",
        "coordinates": [
          -89.4713663,
          37.7226656
        ]
      },
      "id": "way/514522187"
    },
    {
      "type": "Feature",
      "properties": {
        "@id": "way/514522195",
        "landuse": "forest",
        "source": "USGS-Large_Scale",
        "@geometry": "center"
      },
      "geometry": {
        "type": "Point",
        "coordinates": [
          -89.3773147,
          37.592929
        ]
      },
      "id": "way/514522195"
    },
    {
      "type": "Feature",
      "properties": {
        "@id": "way/514522203",
        "landuse": "forest",
        "source": "USGS-Large_Scale",
        "@geometry": "center"
      },
      "geometry": {
        "type": "Point",
        "coordinates": [
          -89.4677343,
          37.7330104
        ]
      },
      "id": "way/514522203"
    },
    {
      "type": "Feature",
      "properties": {
        "@id": "way/514522215",
        "landuse": "forest",
        "source": "USGS-Large_Scale",
        "@geometry": "center"
      },
      "geometry": {
        "type": "Point",
        "coordinates": [
          -89.4547551,
          37.7298583
        ]
      },
      "id": "way/514522215"
    },
    {
      "type": "Feature",
      "properties": {
        "@id": "way/514531222",
        "landuse": "forest",
        "source": "DigitalGlobe-Standard",
        "@geometry": "center"
      },
      "geometry": {
        "type": "Point",
        "coordinates": [
          -89.2146867,
          37.6297356
        ]
      },
      "id": "way/514531222"
    },
    {
      "type": "Feature",
      "properties": {
        "@id": "way/514531225",
        "landuse": "forest",
        "source": "DigitalGlobe-Standard",
        "@geometry": "center"
      },
      "geometry": {
        "type": "Point",
        "coordinates": [
          -89.2076354,
          37.5990686
        ]
      },
      "id": "way/514531225"
    },
    {
      "type": "Feature",
      "properties": {
        "@id": "way/514531226",
        "landuse": "forest",
        "source": "USGS-Large_Scale",
        "@geometry": "center"
      },
      "geometry": {
        "type": "Point",
        "coordinates": [
          -89.1963138,
          37.6038225
        ]
      },
      "id": "way/514531226"
    },
    {
      "type": "Feature",
      "properties": {
        "@id": "way/514531227",
        "landuse": "forest",
        "source": "USGS-Large_Scale",
        "@geometry": "center"
      },
      "geometry": {
        "type": "Point",
        "coordinates": [
          -89.1995644,
          37.6063234
        ]
      },
      "id": "way/514531227"
    },
    {
      "type": "Feature",
      "properties": {
        "@id": "way/514531228",
        "landuse": "forest",
        "source": "USGS-Large_Scale",
        "@geometry": "center"
      },
      "geometry": {
        "type": "Point",
        "coordinates": [
          -89.1888087,
          37.6005323
        ]
      },
      "id": "way/514531228"
    },
    {
      "type": "Feature",
      "properties": {
        "@id": "way/514531229",
        "landuse": "forest",
        "source": "USGS-Large_Scale",
        "@geometry": "center"
      },
      "geometry": {
        "type": "Point",
        "coordinates": [
          -89.214118,
          37.628117
        ]
      },
      "id": "way/514531229"
    },
    {
      "type": "Feature",
      "properties": {
        "@id": "way/514531230",
        "landuse": "forest",
        "source": "USGS-Large_Scale",
        "@geometry": "center"
      },
      "geometry": {
        "type": "Point",
        "coordinates": [
          -89.2140563,
          37.6343917
        ]
      },
      "id": "way/514531230"
    },
    {
      "type": "Feature",
      "properties": {
        "@id": "way/514531231",
        "landuse": "forest",
        "source": "USGS-Large_Scale",
        "@geometry": "center"
      },
      "geometry": {
        "type": "Point",
        "coordinates": [
          -89.1938408,
          37.6034356
        ]
      },
      "id": "way/514531231"
    },
    {
      "type": "Feature",
      "properties": {
        "@id": "way/514531232",
        "landuse": "forest",
        "source": "USGS-Large_Scale",
        "@geometry": "center"
      },
      "geometry": {
        "type": "Point",
        "coordinates": [
          -89.1924216,
          37.6017463
        ]
      },
      "id": "way/514531232"
    },
    {
      "type": "Feature",
      "properties": {
        "@id": "way/514531233",
        "landuse": "forest",
        "source": "USGS-Large_Scale",
        "@geometry": "center"
      },
      "geometry": {
        "type": "Point",
        "coordinates": [
          -89.2140939,
          37.6324126
        ]
      },
      "id": "way/514531233"
    },
    {
      "type": "Feature",
      "properties": {
        "@id": "way/514531234",
        "landuse": "forest",
        "source": "USGS-Large_Scale",
        "@geometry": "center"
      },
      "geometry": {
        "type": "Point",
        "coordinates": [
          -89.1767951,
          37.5984582
        ]
      },
      "id": "way/514531234"
    },
    {
      "type": "Feature",
      "properties": {
        "@id": "way/514531235",
        "landuse": "forest",
        "source": "USGS-Large_Scale",
        "@geometry": "center"
      },
      "geometry": {
        "type": "Point",
        "coordinates": [
          -89.2073055,
          37.6202828
        ]
      },
      "id": "way/514531235"
    },
    {
      "type": "Feature",
      "properties": {
        "@id": "way/514539223",
        "landuse": "forest",
        "source": "USGS-Large_Scale",
        "@geometry": "center"
      },
      "geometry": {
        "type": "Point",
        "coordinates": [
          -89.2189731,
          37.6477581
        ]
      },
      "id": "way/514539223"
    },
    {
      "type": "Feature",
      "properties": {
        "@id": "way/514539225",
        "landuse": "forest",
        "source": "USGS-Large_Scale",
        "@geometry": "center"
      },
      "geometry": {
        "type": "Point",
        "coordinates": [
          -89.2110498,
          37.6551412
        ]
      },
      "id": "way/514539225"
    },
    {
      "type": "Feature",
      "properties": {
        "@id": "way/514539227",
        "landuse": "forest",
        "source": "DigitalGlobe-Standard",
        "@geometry": "center"
      },
      "geometry": {
        "type": "Point",
        "coordinates": [
          -89.2167522,
          37.6419085
        ]
      },
      "id": "way/514539227"
    },
    {
      "type": "Feature",
      "properties": {
        "@id": "way/514539228",
        "landuse": "forest",
        "source": "USGS-Large_Scale",
        "@geometry": "center"
      },
      "geometry": {
        "type": "Point",
        "coordinates": [
          -89.2148476,
          37.6635675
        ]
      },
      "id": "way/514539228"
    },
    {
      "type": "Feature",
      "properties": {
        "@id": "way/514585776",
        "landuse": "forest",
        "source": "USGS-Large_Scale",
        "@geometry": "center"
      },
      "geometry": {
        "type": "Point",
        "coordinates": [
          -89.2946033,
          37.6578339
        ]
      },
      "id": "way/514585776"
    },
    {
      "type": "Feature",
      "properties": {
        "@id": "way/514585779",
        "landuse": "forest",
        "source": "USGS-Large_Scale",
        "@geometry": "center"
      },
      "geometry": {
        "type": "Point",
        "coordinates": [
          -89.2951183,
          37.6591176
        ]
      },
      "id": "way/514585779"
    },
    {
      "type": "Feature",
      "properties": {
        "@id": "way/514585780",
        "landuse": "forest",
        "source": "USGS-Large_Scale",
        "@geometry": "center"
      },
      "geometry": {
        "type": "Point",
        "coordinates": [
          -89.2826809,
          37.6534261
        ]
      },
      "id": "way/514585780"
    },
    {
      "type": "Feature",
      "properties": {
        "@id": "way/514585781",
        "landuse": "forest",
        "note": "aligned to USGS Large Scale",
        "source": "bing",
        "@geometry": "center"
      },
      "geometry": {
        "type": "Point",
        "coordinates": [
          -89.2840288,
          37.6509392
        ]
      },
      "id": "way/514585781"
    },
    {
      "type": "Feature",
      "properties": {
        "@id": "way/514597641",
        "landuse": "forest",
        "source": "Bing",
        "@geometry": "center"
      },
      "geometry": {
        "type": "Point",
        "coordinates": [
          -89.2367824,
          37.7075344
        ]
      },
      "id": "way/514597641"
    },
    {
      "type": "Feature",
      "properties": {
        "@id": "way/514597644",
        "landuse": "forest",
        "source": "USGS-Large_Scale",
        "@geometry": "center"
      },
      "geometry": {
        "type": "Point",
        "coordinates": [
          -89.2607941,
          37.6596451
        ]
      },
      "id": "way/514597644"
    },
    {
      "type": "Feature",
      "properties": {
        "@id": "way/514600283",
        "landuse": "forest",
        "source": "USGS-Large_Scale",
        "@geometry": "center"
      },
      "geometry": {
        "type": "Point",
        "coordinates": [
          -89.1481811,
          37.7138832
        ]
      },
      "id": "way/514600283"
    },
    {
      "type": "Feature",
      "properties": {
        "@id": "way/514600284",
        "landuse": "forest",
        "source": "USGS-Large_Scale",
        "@geometry": "center"
      },
      "geometry": {
        "type": "Point",
        "coordinates": [
          -89.1368171,
          37.7068887
        ]
      },
      "id": "way/514600284"
    },
    {
      "type": "Feature",
      "properties": {
        "@id": "way/514600285",
        "landuse": "forest",
        "source": "USGS-Large_Scale",
        "@geometry": "center"
      },
      "geometry": {
        "type": "Point",
        "coordinates": [
          -89.1503915,
          37.715276
        ]
      },
      "id": "way/514600285"
    },
    {
      "type": "Feature",
      "properties": {
        "@id": "way/514600286",
        "landuse": "forest",
        "source": "USGS-Large_Scale",
        "@geometry": "center"
      },
      "geometry": {
        "type": "Point",
        "coordinates": [
          -89.1503605,
          37.71409
        ]
      },
      "id": "way/514600286"
    },
    {
      "type": "Feature",
      "properties": {
        "@id": "way/514624529",
        "landuse": "forest",
        "source": "USGS-Large_Scale",
        "@geometry": "center"
      },
      "geometry": {
        "type": "Point",
        "coordinates": [
          -89.103844,
          37.6478539
        ]
      },
      "id": "way/514624529"
    },
    {
      "type": "Feature",
      "properties": {
        "@id": "way/514624530",
        "landuse": "forest",
        "source": "USGS-Large_Scale",
        "@geometry": "center"
      },
      "geometry": {
        "type": "Point",
        "coordinates": [
          -89.1122245,
          37.6440186
        ]
      },
      "id": "way/514624530"
    },
    {
      "type": "Feature",
      "properties": {
        "@id": "way/514624531",
        "landuse": "forest",
        "source": "USGS-Large_Scale",
        "@geometry": "center"
      },
      "geometry": {
        "type": "Point",
        "coordinates": [
          -89.2683441,
          37.5393911
        ]
      },
      "id": "way/514624531"
    },
    {
      "type": "Feature",
      "properties": {
        "@id": "way/514624532",
        "landuse": "forest",
        "source": "USGS-Large_Scale",
        "@geometry": "center"
      },
      "geometry": {
        "type": "Point",
        "coordinates": [
          -89.2421443,
          37.5549973
        ]
      },
      "id": "way/514624532"
    },
    {
      "type": "Feature",
      "properties": {
        "@id": "way/514624533",
        "landuse": "forest",
        "source": "USGS-Large_Scale",
        "@geometry": "center"
      },
      "geometry": {
        "type": "Point",
        "coordinates": [
          -89.0917298,
          37.6215995
        ]
      },
      "id": "way/514624533"
    },
    {
      "type": "Feature",
      "properties": {
        "@id": "way/514624534",
        "landuse": "forest",
        "source": "USGS-Large_Scale",
        "@geometry": "center"
      },
      "geometry": {
        "type": "Point",
        "coordinates": [
          -89.1062326,
          37.6466489
        ]
      },
      "id": "way/514624534"
    },
    {
      "type": "Feature",
      "properties": {
        "@id": "way/514624535",
        "landuse": "forest",
        "source": "USGS-Large_Scale",
        "@geometry": "center"
      },
      "geometry": {
        "type": "Point",
        "coordinates": [
          -89.0891522,
          37.6283983
        ]
      },
      "id": "way/514624535"
    },
    {
      "type": "Feature",
      "properties": {
        "@id": "way/514624536",
        "landuse": "forest",
        "source": "USGS-Large_Scale",
        "@geometry": "center"
      },
      "geometry": {
        "type": "Point",
        "coordinates": [
          -89.1060222,
          37.647214
        ]
      },
      "id": "way/514624536"
    },
    {
      "type": "Feature",
      "properties": {
        "@id": "way/514624537",
        "landuse": "forest",
        "source": "USGS-Large_Scale",
        "@geometry": "center"
      },
      "geometry": {
        "type": "Point",
        "coordinates": [
          -89.1171102,
          37.5597836
        ]
      },
      "id": "way/514624537"
    },
    {
      "type": "Feature",
      "properties": {
        "@id": "way/514624538",
        "landuse": "forest",
        "source": "USGS-Large_Scale",
        "@geometry": "center"
      },
      "geometry": {
        "type": "Point",
        "coordinates": [
          -89.1038953,
          37.6461625
        ]
      },
      "id": "way/514624538"
    },
    {
      "type": "Feature",
      "properties": {
        "@id": "way/514624539",
        "landuse": "forest",
        "source": "USGS-Large_Scale",
        "@geometry": "center"
      },
      "geometry": {
        "type": "Point",
        "coordinates": [
          -89.0977664,
          37.6258736
        ]
      },
      "id": "way/514624539"
    },
    {
      "type": "Feature",
      "properties": {
        "@id": "way/514624540",
        "landuse": "forest",
        "source": "USGS-Large_Scale",
        "@geometry": "center"
      },
      "geometry": {
        "type": "Point",
        "coordinates": [
          -89.0996775,
          37.6381026
        ]
      },
      "id": "way/514624540"
    },
    {
      "type": "Feature",
      "properties": {
        "@id": "way/514624541",
        "landuse": "forest",
        "source": "USGS-Large_Scale",
        "@geometry": "center"
      },
      "geometry": {
        "type": "Point",
        "coordinates": [
          -89.0708708,
          37.6211236
        ]
      },
      "id": "way/514624541"
    },
    {
      "type": "Feature",
      "properties": {
        "@id": "way/514624542",
        "landuse": "forest",
        "source": "USGS-Large_Scale",
        "@geometry": "center"
      },
      "geometry": {
        "type": "Point",
        "coordinates": [
          -89.0951201,
          37.6332978
        ]
      },
      "id": "way/514624542"
    },
    {
      "type": "Feature",
      "properties": {
        "@id": "way/514624543",
        "landuse": "forest",
        "source": "USGS-Large_Scale",
        "@geometry": "center"
      },
      "geometry": {
        "type": "Point",
        "coordinates": [
          -89.1055086,
          37.6457113
        ]
      },
      "id": "way/514624543"
    },
    {
      "type": "Feature",
      "properties": {
        "@id": "way/514624544",
        "landuse": "forest",
        "source": "USGS-Large_Scale",
        "@geometry": "center"
      },
      "geometry": {
        "type": "Point",
        "coordinates": [
          -89.0815391,
          37.6540967
        ]
      },
      "id": "way/514624544"
    },
    {
      "type": "Feature",
      "properties": {
        "@id": "way/514624545",
        "landuse": "forest",
        "source": "USGS-Large_Scale",
        "@geometry": "center"
      },
      "geometry": {
        "type": "Point",
        "coordinates": [
          -89.1173878,
          37.6552923
        ]
      },
      "id": "way/514624545"
    },
    {
      "type": "Feature",
      "properties": {
        "@id": "way/516172077",
        "landuse": "forest",
        "source": "USGS-Large_Scale",
        "@geometry": "center"
      },
      "geometry": {
        "type": "Point",
        "coordinates": [
          -89.2121469,
          37.6762792
        ]
      },
      "id": "way/516172077"
    },
    {
      "type": "Feature",
      "properties": {
        "@id": "way/516172078",
        "landuse": "forest",
        "source": "USGS-Large_Scale",
        "@geometry": "center"
      },
      "geometry": {
        "type": "Point",
        "coordinates": [
          -89.2559605,
          37.6694956
        ]
      },
      "id": "way/516172078"
    },
    {
      "type": "Feature",
      "properties": {
        "@id": "way/516172081",
        "landuse": "forest",
        "source": "USGS-Large_Scale",
        "@geometry": "center"
      },
      "geometry": {
        "type": "Point",
        "coordinates": [
          -89.3839955,
          37.6556608
        ]
      },
      "id": "way/516172081"
    },
    {
      "type": "Feature",
      "properties": {
        "@id": "way/516172082",
        "landuse": "forest",
        "source": "USGS-Large_Scale",
        "@geometry": "center"
      },
      "geometry": {
        "type": "Point",
        "coordinates": [
          -89.2501428,
          37.6718819
        ]
      },
      "id": "way/516172082"
    },
    {
      "type": "Feature",
      "properties": {
        "@id": "way/516172084",
        "landuse": "forest",
        "source": "USGS-Large_Scale",
        "@geometry": "center"
      },
      "geometry": {
        "type": "Point",
        "coordinates": [
          -89.1454141,
          37.7437073
        ]
      },
      "id": "way/516172084"
    },
    {
      "type": "Feature",
      "properties": {
        "@id": "way/516172085",
        "landuse": "forest",
        "source": "USGS-Large_Scale",
        "@geometry": "center"
      },
      "geometry": {
        "type": "Point",
        "coordinates": [
          -89.2157543,
          37.6162669
        ]
      },
      "id": "way/516172085"
    },
    {
      "type": "Feature",
      "properties": {
        "@id": "way/516172086",
        "landuse": "forest",
        "source": "USGS-Large_Scale",
        "@geometry": "center"
      },
      "geometry": {
        "type": "Point",
        "coordinates": [
          -89.2642874,
          37.6590592
        ]
      },
      "id": "way/516172086"
    },
    {
      "type": "Feature",
      "properties": {
        "@id": "way/516172089",
        "landuse": "forest",
        "source": "USGS-Large_Scale",
        "@geometry": "center"
      },
      "geometry": {
        "type": "Point",
        "coordinates": [
          -89.3831694,
          37.5940214
        ]
      },
      "id": "way/516172089"
    },
    {
      "type": "Feature",
      "properties": {
        "@id": "way/516172090",
        "landuse": "forest",
        "source": "USGS-Large_Scale",
        "@geometry": "center"
      },
      "geometry": {
        "type": "Point",
        "coordinates": [
          -89.2629007,
          37.6595337
        ]
      },
      "id": "way/516172090"
    },
    {
      "type": "Feature",
      "properties": {
        "@id": "way/516172091",
        "landuse": "forest",
        "source": "USGS-Large_Scale",
        "@geometry": "center"
      },
      "geometry": {
        "type": "Point",
        "coordinates": [
          -89.2612391,
          37.6575289
        ]
      },
      "id": "way/516172091"
    },
    {
      "type": "Feature",
      "properties": {
        "@id": "way/516172092",
        "landuse": "forest",
        "source": "USGS-Large_Scale",
        "@geometry": "center"
      },
      "geometry": {
        "type": "Point",
        "coordinates": [
          -89.2323785,
          37.6131102
        ]
      },
      "id": "way/516172092"
    },
    {
      "type": "Feature",
      "properties": {
        "@id": "way/516172093",
        "landuse": "forest",
        "source": "USGS-Large_Scale",
        "@geometry": "center"
      },
      "geometry": {
        "type": "Point",
        "coordinates": [
          -89.2153411,
          37.673876
        ]
      },
      "id": "way/516172093"
    },
    {
      "type": "Feature",
      "properties": {
        "@id": "way/516172094",
        "landuse": "forest",
        "source": "USGS-Large_Scale",
        "@geometry": "center"
      },
      "geometry": {
        "type": "Point",
        "coordinates": [
          -89.2316377,
          37.6146182
        ]
      },
      "id": "way/516172094"
    },
    {
      "type": "Feature",
      "properties": {
        "@id": "way/516172095",
        "landuse": "forest",
        "source": "USGS-Large_Scale",
        "@geometry": "center"
      },
      "geometry": {
        "type": "Point",
        "coordinates": [
          -89.2698034,
          37.6604245
        ]
      },
      "id": "way/516172095"
    },
    {
      "type": "Feature",
      "properties": {
        "@id": "way/516172097",
        "landuse": "forest",
        "source": "USGS-Large_Scale",
        "@geometry": "center"
      },
      "geometry": {
        "type": "Point",
        "coordinates": [
          -89.1686223,
          37.7479466
        ]
      },
      "id": "way/516172097"
    },
    {
      "type": "Feature",
      "properties": {
        "@id": "way/516172099",
        "landuse": "forest",
        "source": "USGS-Large_Scale",
        "@geometry": "center"
      },
      "geometry": {
        "type": "Point",
        "coordinates": [
          -89.2689177,
          37.6606389
        ]
      },
      "id": "way/516172099"
    },
    {
      "type": "Feature",
      "properties": {
        "@id": "way/516172100",
        "landuse": "forest",
        "source": "USGS-Large_Scale",
        "@geometry": "center"
      },
      "geometry": {
        "type": "Point",
        "coordinates": [
          -89.2453172,
          37.5945698
        ]
      },
      "id": "way/516172100"
    },
    {
      "type": "Feature",
      "properties": {
        "@id": "way/516172102",
        "landuse": "forest",
        "source": "USGS-Large_Scale",
        "@geometry": "center"
      },
      "geometry": {
        "type": "Point",
        "coordinates": [
          -89.2106579,
          37.6748853
        ]
      },
      "id": "way/516172102"
    },
    {
      "type": "Feature",
      "properties": {
        "@id": "way/516172103",
        "landuse": "forest",
        "source": "USGS-Large_Scale",
        "@geometry": "center"
      },
      "geometry": {
        "type": "Point",
        "coordinates": [
          -89.2413312,
          37.6583457
        ]
      },
      "id": "way/516172103"
    },
    {
      "type": "Feature",
      "properties": {
        "@id": "way/516172104",
        "landuse": "forest",
        "source": "USGS-Large_Scale",
        "@geometry": "center"
      },
      "geometry": {
        "type": "Point",
        "coordinates": [
          -89.2421444,
          37.6582449
        ]
      },
      "id": "way/516172104"
    },
    {
      "type": "Feature",
      "properties": {
        "@id": "way/516172105",
        "landuse": "forest",
        "source": "USGS-Large_Scale",
        "@geometry": "center"
      },
      "geometry": {
        "type": "Point",
        "coordinates": [
          -89.2427613,
          37.6583903
        ]
      },
      "id": "way/516172105"
    },
    {
      "type": "Feature",
      "properties": {
        "@id": "way/516172106",
        "landuse": "forest",
        "source": "USGS-Large_Scale",
        "@geometry": "center"
      },
      "geometry": {
        "type": "Point",
        "coordinates": [
          -89.3964812,
          37.6558067
        ]
      },
      "id": "way/516172106"
    },
    {
      "type": "Feature",
      "properties": {
        "@id": "way/516172107",
        "landuse": "forest",
        "source": "USGS-Large_Scale",
        "@geometry": "center"
      },
      "geometry": {
        "type": "Point",
        "coordinates": [
          -89.2331373,
          37.6130911
        ]
      },
      "id": "way/516172107"
    },
    {
      "type": "Feature",
      "properties": {
        "@id": "way/516172108",
        "landuse": "forest",
        "source": "USGS-Large_Scale",
        "@geometry": "center"
      },
      "geometry": {
        "type": "Point",
        "coordinates": [
          -89.2760208,
          37.7604793
        ]
      },
      "id": "way/516172108"
    },
    {
      "type": "Feature",
      "properties": {
        "@id": "way/516172112",
        "landuse": "forest",
        "source": "USGS-Large_Scale",
        "@geometry": "center"
      },
      "geometry": {
        "type": "Point",
        "coordinates": [
          -89.1530977,
          37.7456502
        ]
      },
      "id": "way/516172112"
    },
    {
      "type": "Feature",
      "properties": {
        "@id": "way/516172113",
        "landuse": "forest",
        "source": "USGS-Large_Scale",
        "@geometry": "center"
      },
      "geometry": {
        "type": "Point",
        "coordinates": [
          -89.0704538,
          37.7442228
        ]
      },
      "id": "way/516172113"
    },
    {
      "type": "Feature",
      "properties": {
        "@id": "way/516172114",
        "landuse": "forest",
        "source": "USGS-Large_Scale",
        "@geometry": "center"
      },
      "geometry": {
        "type": "Point",
        "coordinates": [
          -89.2628994,
          37.6602154
        ]
      },
      "id": "way/516172114"
    },
    {
      "type": "Feature",
      "properties": {
        "@id": "way/516172115",
        "landuse": "forest",
        "source": "USGS-Large_Scale",
        "@geometry": "center"
      },
      "geometry": {
        "type": "Point",
        "coordinates": [
          -89.2011789,
          37.6129211
        ]
      },
      "id": "way/516172115"
    },
    {
      "type": "Feature",
      "properties": {
        "@id": "way/516172117",
        "landuse": "forest",
        "source": "USGS-Large_Scale",
        "@geometry": "center"
      },
      "geometry": {
        "type": "Point",
        "coordinates": [
          -89.1555867,
          37.6262477
        ]
      },
      "id": "way/516172117"
    },
    {
      "type": "Feature",
      "properties": {
        "@id": "way/516172118",
        "landuse": "forest",
        "source": "USGS-Large_Scale",
        "@geometry": "center"
      },
      "geometry": {
        "type": "Point",
        "coordinates": [
          -89.2027776,
          37.7502794
        ]
      },
      "id": "way/516172118"
    },
    {
      "type": "Feature",
      "properties": {
        "@id": "way/516172119",
        "landuse": "forest",
        "source": "USGS-Large_Scale",
        "@geometry": "center"
      },
      "geometry": {
        "type": "Point",
        "coordinates": [
          -89.2480182,
          37.6492959
        ]
      },
      "id": "way/516172119"
    },
    {
      "type": "Feature",
      "properties": {
        "@id": "way/516172121",
        "landuse": "forest",
        "source": "USGS-Large_Scale",
        "@geometry": "center"
      },
      "geometry": {
        "type": "Point",
        "coordinates": [
          -89.3784084,
          37.5927331
        ]
      },
      "id": "way/516172121"
    },
    {
      "type": "Feature",
      "properties": {
        "@id": "way/516172122",
        "landuse": "forest",
        "source": "USGS-Large_Scale",
        "@geometry": "center"
      },
      "geometry": {
        "type": "Point",
        "coordinates": [
          -89.2661607,
          37.7548135
        ]
      },
      "id": "way/516172122"
    },
    {
      "type": "Feature",
      "properties": {
        "@id": "way/516172123",
        "landuse": "forest",
        "source": "USGS-Large_Scale",
        "@geometry": "center"
      },
      "geometry": {
        "type": "Point",
        "coordinates": [
          -89.051694,
          37.7364527
        ]
      },
      "id": "way/516172123"
    },
    {
      "type": "Feature",
      "properties": {
        "@id": "way/516179060",
        "landuse": "forest",
        "source": "USGS-Large_Scale",
        "@geometry": "center"
      },
      "geometry": {
        "type": "Point",
        "coordinates": [
          -89.2973842,
          37.8012102
        ]
      },
      "id": "way/516179060"
    },
    {
      "type": "Feature",
      "properties": {
        "@id": "way/516179062",
        "landuse": "forest",
        "source": "USGS-Large_Scale",
        "@geometry": "center"
      },
      "geometry": {
        "type": "Point",
        "coordinates": [
          -89.3066996,
          37.7980941
        ]
      },
      "id": "way/516179062"
    },
    {
      "type": "Feature",
      "properties": {
        "@id": "way/516179063",
        "landuse": "forest",
        "source": "Bing",
        "@geometry": "center"
      },
      "geometry": {
        "type": "Point",
        "coordinates": [
          -89.2669466,
          37.7101444
        ]
      },
      "id": "way/516179063"
    },
    {
      "type": "Feature",
      "properties": {
        "@id": "way/516179064",
        "landuse": "forest",
        "leaf_cycle": "mixed",
        "leaf_type": "mixed",
        "source": "USGS-Large_Scale",
        "@geometry": "center"
      },
      "geometry": {
        "type": "Point",
        "coordinates": [
          -89.3070536,
          37.7109881
        ]
      },
      "id": "way/516179064"
    },
    {
      "type": "Feature",
      "properties": {
        "@id": "way/516179065",
        "landuse": "forest",
        "leaf_cycle": "mixed",
        "leaf_type": "mixed",
        "source": "USGS-Large_Scale",
        "@geometry": "center"
      },
      "geometry": {
        "type": "Point",
        "coordinates": [
          -89.3035804,
          37.7112246
        ]
      },
      "id": "way/516179065"
    },
    {
      "type": "Feature",
      "properties": {
        "@id": "way/516179066",
        "landuse": "forest",
        "leaf_cycle": "mixed",
        "leaf_type": "mixed",
        "source": "USGS-Large_Scale",
        "@geometry": "center"
      },
      "geometry": {
        "type": "Point",
        "coordinates": [
          -89.30895,
          37.7112176
        ]
      },
      "id": "way/516179066"
    },
    {
      "type": "Feature",
      "properties": {
        "@id": "way/516179067",
        "landuse": "forest",
        "source": "USGS-Large_Scale",
        "@geometry": "center"
      },
      "geometry": {
        "type": "Point",
        "coordinates": [
          -89.2704911,
          37.7106171
        ]
      },
      "id": "way/516179067"
    },
    {
      "type": "Feature",
      "properties": {
        "@id": "way/516179068",
        "landuse": "forest",
        "source": "Bing",
        "@geometry": "center"
      },
      "geometry": {
        "type": "Point",
        "coordinates": [
          -89.2648547,
          37.7109496
        ]
      },
      "id": "way/516179068"
    },
    {
      "type": "Feature",
      "properties": {
        "@id": "way/516188494",
        "landuse": "forest",
        "source": "USGS-Large_Scale",
        "@geometry": "center"
      },
      "geometry": {
        "type": "Point",
        "coordinates": [
          -89.2391672,
          37.6192419
        ]
      },
      "id": "way/516188494"
    },
    {
      "type": "Feature",
      "properties": {
        "@id": "way/516188495",
        "landuse": "forest",
        "source": "USGS-Large_Scale",
        "@geometry": "center"
      },
      "geometry": {
        "type": "Point",
        "coordinates": [
          -89.2358651,
          37.669892
        ]
      },
      "id": "way/516188495"
    },
    {
      "type": "Feature",
      "properties": {
        "@id": "way/516188506",
        "landuse": "forest",
        "source": "USGS-Large_Scale",
        "@geometry": "center"
      },
      "geometry": {
        "type": "Point",
        "coordinates": [
          -89.2259356,
          37.6617394
        ]
      },
      "id": "way/516188506"
    },
    {
      "type": "Feature",
      "properties": {
        "@id": "way/516188511",
        "landuse": "forest",
        "source": "USGS-Large_Scale",
        "@geometry": "center"
      },
      "geometry": {
        "type": "Point",
        "coordinates": [
          -89.2334136,
          37.6722725
        ]
      },
      "id": "way/516188511"
    },
    {
      "type": "Feature",
      "properties": {
        "@id": "way/516188521",
        "landuse": "forest",
        "source": "USGS-Large_Scale",
        "@geometry": "center"
      },
      "geometry": {
        "type": "Point",
        "coordinates": [
          -89.2367479,
          37.6619964
        ]
      },
      "id": "way/516188521"
    },
    {
      "type": "Feature",
      "properties": {
        "@id": "way/516188523",
        "landuse": "forest",
        "source": "USGS-Large_Scale",
        "@geometry": "center"
      },
      "geometry": {
        "type": "Point",
        "coordinates": [
          -89.2364901,
          37.6260544
        ]
      },
      "id": "way/516188523"
    },
    {
      "type": "Feature",
      "properties": {
        "@id": "way/516188526",
        "landuse": "forest",
        "source": "USGS-Large_Scale",
        "@geometry": "center"
      },
      "geometry": {
        "type": "Point",
        "coordinates": [
          -89.2373698,
          37.6389783
        ]
      },
      "id": "way/516188526"
    },
    {
      "type": "Feature",
      "properties": {
        "@id": "way/516188530",
        "landuse": "forest",
        "source": "bing",
        "@geometry": "center"
      },
      "geometry": {
        "type": "Point",
        "coordinates": [
          -89.2565933,
          37.6496157
        ]
      },
      "id": "way/516188530"
    },
    {
      "type": "Feature",
      "properties": {
        "@id": "way/516188534",
        "landuse": "forest",
        "source": "USGS-Large_Scale",
        "@geometry": "center"
      },
      "geometry": {
        "type": "Point",
        "coordinates": [
          -89.2575047,
          37.6496257
        ]
      },
      "id": "way/516188534"
    },
    {
      "type": "Feature",
      "properties": {
        "@id": "way/516196174",
        "landuse": "forest",
        "source": "USGS-Large_Scale",
        "@geometry": "center"
      },
      "geometry": {
        "type": "Point",
        "coordinates": [
          -89.2664572,
          37.648645
        ]
      },
      "id": "way/516196174"
    },
    {
      "type": "Feature",
      "properties": {
        "@id": "way/516196176",
        "landuse": "forest",
        "source": "USGS-Large_Scale",
        "@geometry": "center"
      },
      "geometry": {
        "type": "Point",
        "coordinates": [
          -89.2308014,
          37.6470676
        ]
      },
      "id": "way/516196176"
    },
    {
      "type": "Feature",
      "properties": {
        "@id": "way/516208499",
        "landuse": "forest",
        "source": "USGS-Large_Scale",
        "@geometry": "center"
      },
      "geometry": {
        "type": "Point",
        "coordinates": [
          -89.2633613,
          37.6693787
        ]
      },
      "id": "way/516208499"
    },
    {
      "type": "Feature",
      "properties": {
        "@id": "way/516208510",
        "landuse": "forest",
        "source": "USGS-Large_Scale",
        "@geometry": "center"
      },
      "geometry": {
        "type": "Point",
        "coordinates": [
          -89.1995454,
          37.6064595
        ]
      },
      "id": "way/516208510"
    },
    {
      "type": "Feature",
      "properties": {
        "@id": "way/516208513",
        "landuse": "forest",
        "source": "USGS-Large_Scale",
        "@geometry": "center"
      },
      "geometry": {
        "type": "Point",
        "coordinates": [
          -89.1854558,
          37.6272596
        ]
      },
      "id": "way/516208513"
    },
    {
      "type": "Feature",
      "properties": {
        "@id": "way/516208527",
        "landuse": "forest",
        "source": "USGS-Large_Scale",
        "@geometry": "center"
      },
      "geometry": {
        "type": "Point",
        "coordinates": [
          -89.1869145,
          37.6119114
        ]
      },
      "id": "way/516208527"
    },
    {
      "type": "Feature",
      "properties": {
        "@id": "way/516208539",
        "landuse": "forest",
        "source": "USGS-Large_Scale",
        "@geometry": "center"
      },
      "geometry": {
        "type": "Point",
        "coordinates": [
          -89.2663163,
          37.6450016
        ]
      },
      "id": "way/516208539"
    },
    {
      "type": "Feature",
      "properties": {
        "@id": "way/516208543",
        "landuse": "forest",
        "source": "USGS-Large_Scale",
        "@geometry": "center"
      },
      "geometry": {
        "type": "Point",
        "coordinates": [
          -89.201225,
          37.6109955
        ]
      },
      "id": "way/516208543"
    },
    {
      "type": "Feature",
      "properties": {
        "@id": "way/516208546",
        "landuse": "forest",
        "source": "USGS-Large_Scale",
        "@geometry": "center"
      },
      "geometry": {
        "type": "Point",
        "coordinates": [
          -89.1938327,
          37.6034358
        ]
      },
      "id": "way/516208546"
    },
    {
      "type": "Feature",
      "properties": {
        "@id": "way/516208562",
        "landuse": "forest",
        "source": "USGS-Large_Scale",
        "@geometry": "center"
      },
      "geometry": {
        "type": "Point",
        "coordinates": [
          -89.2025017,
          37.6062096
        ]
      },
      "id": "way/516208562"
    },
    {
      "type": "Feature",
      "properties": {
        "@id": "way/516208563",
        "landuse": "forest",
        "source": "USGS-Large_Scale",
        "@geometry": "center"
      },
      "geometry": {
        "type": "Point",
        "coordinates": [
          -89.196346,
          37.6038262
        ]
      },
      "id": "way/516208563"
    },
    {
      "type": "Feature",
      "properties": {
        "@id": "way/516217429",
        "landuse": "forest",
        "source": "USGS-Large_Scale",
        "@geometry": "center"
      },
      "geometry": {
        "type": "Point",
        "coordinates": [
          -89.1878568,
          37.6459662
        ]
      },
      "id": "way/516217429"
    },
    {
      "type": "Feature",
      "properties": {
        "@id": "way/516225961",
        "landuse": "forest",
        "source": "USGS-Large_Scale",
        "@geometry": "center"
      },
      "geometry": {
        "type": "Point",
        "coordinates": [
          -89.1583028,
          37.6259259
        ]
      },
      "id": "way/516225961"
    },
    {
      "type": "Feature",
      "properties": {
        "@id": "way/516225962",
        "landuse": "forest",
        "source": "USGS-Large_Scale",
        "@geometry": "center"
      },
      "geometry": {
        "type": "Point",
        "coordinates": [
          -89.1596883,
          37.6191139
        ]
      },
      "id": "way/516225962"
    },
    {
      "type": "Feature",
      "properties": {
        "@id": "way/516225964",
        "landuse": "forest",
        "source": "USGS-Large_Scale",
        "@geometry": "center"
      },
      "geometry": {
        "type": "Point",
        "coordinates": [
          -89.1628233,
          37.6275442
        ]
      },
      "id": "way/516225964"
    },
    {
      "type": "Feature",
      "properties": {
        "@id": "way/516225965",
        "landuse": "forest",
        "source": "USGS-Large_Scale",
        "@geometry": "center"
      },
      "geometry": {
        "type": "Point",
        "coordinates": [
          -89.1807218,
          37.6185233
        ]
      },
      "id": "way/516225965"
    },
    {
      "type": "Feature",
      "properties": {
        "@id": "way/516225969",
        "landuse": "forest",
        "source": "USGS-Large_Scale",
        "@geometry": "center"
      },
      "geometry": {
        "type": "Point",
        "coordinates": [
          -89.1632628,
          37.6295707
        ]
      },
      "id": "way/516225969"
    },
    {
      "type": "Feature",
      "properties": {
        "@id": "way/516225972",
        "landuse": "forest",
        "source": "USGS-Large_Scale",
        "@geometry": "center"
      },
      "geometry": {
        "type": "Point",
        "coordinates": [
          -89.1602806,
          37.6272026
        ]
      },
      "id": "way/516225972"
    },
    {
      "type": "Feature",
      "properties": {
        "@id": "way/516225973",
        "landuse": "forest",
        "source": "USGS-Large_Scale",
        "@geometry": "center"
      },
      "geometry": {
        "type": "Point",
        "coordinates": [
          -89.1702749,
          37.6170609
        ]
      },
      "id": "way/516225973"
    },
    {
      "type": "Feature",
      "properties": {
        "@id": "way/516234794",
        "landuse": "forest",
        "source": "USGS-Large_Scale",
        "@geometry": "center"
      },
      "geometry": {
        "type": "Point",
        "coordinates": [
          -89.2447596,
          37.5915965
        ]
      },
      "id": "way/516234794"
    },
    {
      "type": "Feature",
      "properties": {
        "@id": "way/516240621",
        "landuse": "forest",
        "source": "USGS-Large_Scale",
        "@geometry": "center"
      },
      "geometry": {
        "type": "Point",
        "coordinates": [
          -89.1430309,
          37.6492216
        ]
      },
      "id": "way/516240621"
    },
    {
      "type": "Feature",
      "properties": {
        "@id": "way/516240623",
        "landuse": "forest",
        "source": "USGS-Large_Scale",
        "@geometry": "center"
      },
      "geometry": {
        "type": "Point",
        "coordinates": [
          -89.2145153,
          37.6671495
        ]
      },
      "id": "way/516240623"
    },
    {
      "type": "Feature",
      "properties": {
        "@id": "way/516240626",
        "landuse": "forest",
        "source": "USGS-Large_Scale",
        "@geometry": "center"
      },
      "geometry": {
        "type": "Point",
        "coordinates": [
          -89.2123319,
          37.6725273
        ]
      },
      "id": "way/516240626"
    },
    {
      "type": "Feature",
      "properties": {
        "@id": "way/516240627",
        "landuse": "forest",
        "source": "USGS-Large_Scale",
        "@geometry": "center"
      },
      "geometry": {
        "type": "Point",
        "coordinates": [
          -89.1399088,
          37.6503413
        ]
      },
      "id": "way/516240627"
    },
    {
      "type": "Feature",
      "properties": {
        "@id": "way/516240631",
        "landuse": "forest",
        "source": "USGS-Large_Scale",
        "@geometry": "center"
      },
      "geometry": {
        "type": "Point",
        "coordinates": [
          -89.145883,
          37.6505696
        ]
      },
      "id": "way/516240631"
    },
    {
      "type": "Feature",
      "properties": {
        "@id": "way/516240634",
        "landuse": "forest",
        "source": "USGS-Large_Scale",
        "@geometry": "center"
      },
      "geometry": {
        "type": "Point",
        "coordinates": [
          -89.1485245,
          37.6488685
        ]
      },
      "id": "way/516240634"
    },
    {
      "type": "Feature",
      "properties": {
        "@id": "way/516246577",
        "landuse": "forest",
        "source": "USGS-Large_Scale",
        "@geometry": "center"
      },
      "geometry": {
        "type": "Point",
        "coordinates": [
          -89.0637292,
          37.6974912
        ]
      },
      "id": "way/516246577"
    },
    {
      "type": "Feature",
      "properties": {
        "@id": "way/516246586",
        "landuse": "forest",
        "source": "USGS-Large_Scale",
        "@geometry": "center"
      },
      "geometry": {
        "type": "Point",
        "coordinates": [
          -89.0590916,
          37.6954862
        ]
      },
      "id": "way/516246586"
    },
    {
      "type": "Feature",
      "properties": {
        "@id": "way/516266808",
        "landuse": "forest",
        "source": "Bing",
        "@geometry": "center"
      },
      "geometry": {
        "type": "Point",
        "coordinates": [
          -89.025441,
          37.2816336
        ]
      },
      "id": "way/516266808"
    },
    {
      "type": "Feature",
      "properties": {
        "@id": "way/516266811",
        "landuse": "forest",
        "source": "USGS-Large_Scale",
        "@geometry": "center"
      },
      "geometry": {
        "type": "Point",
        "coordinates": [
          -89.2849525,
          37.2370194
        ]
      },
      "id": "way/516266811"
    },
    {
      "type": "Feature",
      "properties": {
        "@id": "way/516266812",
        "landuse": "forest",
        "source": "USGS-Large_Scale",
        "@geometry": "center"
      },
      "geometry": {
        "type": "Point",
        "coordinates": [
          -89.3543251,
          37.0610205
        ]
      },
      "id": "way/516266812"
    },
    {
      "type": "Feature",
      "properties": {
        "@id": "way/516266815",
        "landuse": "forest",
        "source": "USGS-Large_Scale",
        "@geometry": "center"
      },
      "geometry": {
        "type": "Point",
        "coordinates": [
          -88.8110519,
          37.2038892
        ]
      },
      "id": "way/516266815"
    },
    {
      "type": "Feature",
      "properties": {
        "@id": "way/516266816",
        "landuse": "forest",
        "source": "USGS-Large_Scale",
        "@geometry": "center"
      },
      "geometry": {
        "type": "Point",
        "coordinates": [
          -89.2836972,
          37.5100279
        ]
      },
      "id": "way/516266816"
    },
    {
      "type": "Feature",
      "properties": {
        "@id": "way/516266817",
        "landuse": "forest",
        "source": "USGS-Large_Scale",
        "@geometry": "center"
      },
      "geometry": {
        "type": "Point",
        "coordinates": [
          -89.1840129,
          37.0245438
        ]
      },
      "id": "way/516266817"
    },
    {
      "type": "Feature",
      "properties": {
        "@id": "way/516266819",
        "landuse": "forest",
        "source": "Bing",
        "@geometry": "center"
      },
      "geometry": {
        "type": "Point",
        "coordinates": [
          -89.3234985,
          37.0112814
        ]
      },
      "id": "way/516266819"
    },
    {
      "type": "Feature",
      "properties": {
        "@id": "way/516266825",
        "landuse": "forest",
        "source": "Bing",
        "@geometry": "center"
      },
      "geometry": {
        "type": "Point",
        "coordinates": [
          -89.2793977,
          37.084016
        ]
      },
      "id": "way/516266825"
    },
    {
      "type": "Feature",
      "properties": {
        "@id": "way/516266827",
        "landuse": "forest",
        "source": "USGS-Large_Scale",
        "@geometry": "center"
      },
      "geometry": {
        "type": "Point",
        "coordinates": [
          -89.2939433,
          37.0317494
        ]
      },
      "id": "way/516266827"
    },
    {
      "type": "Feature",
      "properties": {
        "@id": "way/516266828",
        "landuse": "forest",
        "source": "USGS-Large_Scale",
        "@geometry": "center"
      },
      "geometry": {
        "type": "Point",
        "coordinates": [
          -89.1764491,
          37.2946956
        ]
      },
      "id": "way/516266828"
    },
    {
      "type": "Feature",
      "properties": {
        "@id": "way/516266829",
        "landuse": "forest",
        "source": "USGS-Large_Scale",
        "@geometry": "center"
      },
      "geometry": {
        "type": "Point",
        "coordinates": [
          -89.2814656,
          37.5100513
        ]
      },
      "id": "way/516266829"
    },
    {
      "type": "Feature",
      "properties": {
        "@id": "way/516266833",
        "landuse": "forest",
        "source": "USGS-Large_Scale",
        "@geometry": "center"
      },
      "geometry": {
        "type": "Point",
        "coordinates": [
          -89.2657506,
          37.2669561
        ]
      },
      "id": "way/516266833"
    },
    {
      "type": "Feature",
      "properties": {
        "@id": "way/516266837",
        "landuse": "forest",
        "source": "Bing",
        "@geometry": "center"
      },
      "geometry": {
        "type": "Point",
        "coordinates": [
          -89.3145801,
          37.0059052
        ]
      },
      "id": "way/516266837"
    },
    {
      "type": "Feature",
      "properties": {
        "@id": "way/516266840",
        "landuse": "forest",
        "source": "USGS-Large_Scale",
        "@geometry": "center"
      },
      "geometry": {
        "type": "Point",
        "coordinates": [
          -89.1996475,
          37.0369545
        ]
      },
      "id": "way/516266840"
    },
    {
      "type": "Feature",
      "properties": {
        "@id": "way/516266848",
        "landuse": "forest",
        "source": "USGS-Large_Scale",
        "@geometry": "center"
      },
      "geometry": {
        "type": "Point",
        "coordinates": [
          -89.206581,
          37.032709
        ]
      },
      "id": "way/516266848"
    },
    {
      "type": "Feature",
      "properties": {
        "@id": "way/516266850",
        "landuse": "forest",
        "source": "USGS-Large_Scale",
        "@geometry": "center"
      },
      "geometry": {
        "type": "Point",
        "coordinates": [
          -89.1928749,
          37.0302585
        ]
      },
      "id": "way/516266850"
    },
    {
      "type": "Feature",
      "properties": {
        "@id": "way/516266853",
        "landuse": "forest",
        "source": "USGS-Large_Scale",
        "@geometry": "center"
      },
      "geometry": {
        "type": "Point",
        "coordinates": [
          -89.2021232,
          37.0403143
        ]
      },
      "id": "way/516266853"
    },
    {
      "type": "Feature",
      "properties": {
        "@id": "way/516266855",
        "landuse": "forest",
        "source": "USGS-Large_Scale",
        "@geometry": "center"
      },
      "geometry": {
        "type": "Point",
        "coordinates": [
          -89.156491,
          37.3235023
        ]
      },
      "id": "way/516266855"
    },
    {
      "type": "Feature",
      "properties": {
        "@id": "way/516266857",
        "landuse": "forest",
        "source": "USGS-Large_Scale",
        "@geometry": "center"
      },
      "geometry": {
        "type": "Point",
        "coordinates": [
          -89.1988429,
          37.038396
        ]
      },
      "id": "way/516266857"
    },
    {
      "type": "Feature",
      "properties": {
        "@id": "way/516266860",
        "landuse": "forest",
        "source": "Bing",
        "@geometry": "center"
      },
      "geometry": {
        "type": "Point",
        "coordinates": [
          -88.9377247,
          37.2731932
        ]
      },
      "id": "way/516266860"
    },
    {
      "type": "Feature",
      "properties": {
        "@id": "way/516266861",
        "landuse": "forest",
        "source": "Bing",
        "@geometry": "center"
      },
      "geometry": {
        "type": "Point",
        "coordinates": [
          -89.3630504,
          37.0246899
        ]
      },
      "id": "way/516266861"
    },
    {
      "type": "Feature",
      "properties": {
        "@id": "way/516266862",
        "landuse": "forest",
        "source": "USGS-Large_Scale",
        "@geometry": "center"
      },
      "geometry": {
        "type": "Point",
        "coordinates": [
          -89.1756954,
          36.9935324
        ]
      },
      "id": "way/516266862"
    },
    {
      "type": "Feature",
      "properties": {
        "@id": "way/516266864",
        "landuse": "forest",
        "source": "USGS-Large_Scale",
        "@geometry": "center"
      },
      "geometry": {
        "type": "Point",
        "coordinates": [
          -89.3644692,
          37.2376083
        ]
      },
      "id": "way/516266864"
    },
    {
      "type": "Feature",
      "properties": {
        "@id": "way/516268685",
        "landuse": "forest",
        "source": "DigitalGlobe-Standard",
        "@geometry": "center"
      },
      "geometry": {
        "type": "Point",
        "coordinates": [
          -89.353263,
          37.5621308
        ]
      },
      "id": "way/516268685"
    },
    {
      "type": "Feature",
      "properties": {
        "@id": "way/516268690",
        "landuse": "forest",
        "source": "DigitalGlobe-Standard",
        "@geometry": "center"
      },
      "geometry": {
        "type": "Point",
        "coordinates": [
          -89.3753296,
          37.5394478
        ]
      },
      "id": "way/516268690"
    },
    {
      "type": "Feature",
      "properties": {
        "@id": "way/516268691",
        "landuse": "forest",
        "source": "DigitalGlobe-Standard",
        "@geometry": "center"
      },
      "geometry": {
        "type": "Point",
        "coordinates": [
          -89.354993,
          37.5369907
        ]
      },
      "id": "way/516268691"
    },
    {
      "type": "Feature",
      "properties": {
        "@id": "way/516271932",
        "landuse": "forest",
        "source": "DigitalGlobe-Standard",
        "@geometry": "center"
      },
      "geometry": {
        "type": "Point",
        "coordinates": [
          -89.3385243,
          37.545293
        ]
      },
      "id": "way/516271932"
    },
    {
      "type": "Feature",
      "properties": {
        "@id": "way/516591280",
        "landuse": "forest",
        "source": "USGS-Large_Scale",
        "@geometry": "center"
      },
      "geometry": {
        "type": "Point",
        "coordinates": [
          -89.2889692,
          37.5848694
        ]
      },
      "id": "way/516591280"
    },
    {
      "type": "Feature",
      "properties": {
        "@id": "way/516597996",
        "landuse": "forest",
        "source": "USGS-Large_Scale",
        "@geometry": "center"
      },
      "geometry": {
        "type": "Point",
        "coordinates": [
          -89.2587798,
          37.6047054
        ]
      },
      "id": "way/516597996"
    },
    {
      "type": "Feature",
      "properties": {
        "@id": "way/516598001",
        "landuse": "forest",
        "source": "USGS-Large_Scale",
        "@geometry": "center"
      },
      "geometry": {
        "type": "Point",
        "coordinates": [
          -89.2641282,
          37.6065112
        ]
      },
      "id": "way/516598001"
    },
    {
      "type": "Feature",
      "properties": {
        "@id": "way/516617743",
        "landuse": "forest",
        "source": "USGS-Large_Scale",
        "@geometry": "center"
      },
      "geometry": {
        "type": "Point",
        "coordinates": [
          -89.2526107,
          37.5975873
        ]
      },
      "id": "way/516617743"
    },
    {
      "type": "Feature",
      "properties": {
        "@id": "way/516641047",
        "landuse": "forest",
        "source": "USGS-Large_Scale",
        "@geometry": "center"
      },
      "geometry": {
        "type": "Point",
        "coordinates": [
          -89.2138325,
          37.6061909
        ]
      },
      "id": "way/516641047"
    },
    {
      "type": "Feature",
      "properties": {
        "@id": "way/516641048",
        "landuse": "forest",
        "source": "USGS-Large_Scale",
        "@geometry": "center"
      },
      "geometry": {
        "type": "Point",
        "coordinates": [
          -89.2102694,
          37.612438
        ]
      },
      "id": "way/516641048"
    },
    {
      "type": "Feature",
      "properties": {
        "@id": "way/516641050",
        "landuse": "forest",
        "source": "USGS-Large_Scale",
        "@geometry": "center"
      },
      "geometry": {
        "type": "Point",
        "coordinates": [
          -89.1902252,
          37.5934599
        ]
      },
      "id": "way/516641050"
    },
    {
      "type": "Feature",
      "properties": {
        "@id": "way/516641052",
        "landuse": "forest",
        "source": "USGS-Large_Scale",
        "@geometry": "center"
      },
      "geometry": {
        "type": "Point",
        "coordinates": [
          -89.1809313,
          37.5837297
        ]
      },
      "id": "way/516641052"
    },
    {
      "type": "Feature",
      "properties": {
        "@id": "way/516641053",
        "landuse": "forest",
        "source": "USGS-Large_Scale",
        "@geometry": "center"
      },
      "geometry": {
        "type": "Point",
        "coordinates": [
          -89.1892984,
          37.6025871
        ]
      },
      "id": "way/516641053"
    },
    {
      "type": "Feature",
      "properties": {
        "@id": "way/516641054",
        "landuse": "forest",
        "source": "USGS-Large_Scale",
        "@geometry": "center"
      },
      "geometry": {
        "type": "Point",
        "coordinates": [
          -89.1930281,
          37.5839496
        ]
      },
      "id": "way/516641054"
    },
    {
      "type": "Feature",
      "properties": {
        "@id": "way/516641060",
        "landuse": "forest",
        "source": "USGS-Large_Scale",
        "@geometry": "center"
      },
      "geometry": {
        "type": "Point",
        "coordinates": [
          -89.1823288,
          37.5845565
        ]
      },
      "id": "way/516641060"
    },
    {
      "type": "Feature",
      "properties": {
        "@id": "way/516641063",
        "landuse": "forest",
        "source": "USGS-Large_Scale",
        "@geometry": "center"
      },
      "geometry": {
        "type": "Point",
        "coordinates": [
          -89.1890289,
          37.5966818
        ]
      },
      "id": "way/516641063"
    },
    {
      "type": "Feature",
      "properties": {
        "@id": "way/516641069",
        "landuse": "forest",
        "source": "USGS-Large_Scale",
        "@geometry": "center"
      },
      "geometry": {
        "type": "Point",
        "coordinates": [
          -89.1881841,
          37.6016223
        ]
      },
      "id": "way/516641069"
    },
    {
      "type": "Feature",
      "properties": {
        "@id": "way/516648909",
        "landuse": "forest",
        "source": "USGS-Large_Scale",
        "@geometry": "center"
      },
      "geometry": {
        "type": "Point",
        "coordinates": [
          -89.216119,
          37.5766194
        ]
      },
      "id": "way/516648909"
    },
    {
      "type": "Feature",
      "properties": {
        "@id": "way/516663922",
        "landuse": "forest",
        "source": "USGS-Large_Scale",
        "@geometry": "center"
      },
      "geometry": {
        "type": "Point",
        "coordinates": [
          -89.1479187,
          37.6461418
        ]
      },
      "id": "way/516663922"
    },
    {
      "type": "Feature",
      "properties": {
        "@id": "way/516663928",
        "landuse": "forest",
        "source": "USGS-Large_Scale",
        "@geometry": "center"
      },
      "geometry": {
        "type": "Point",
        "coordinates": [
          -89.154848,
          37.6323893
        ]
      },
      "id": "way/516663928"
    },
    {
      "type": "Feature",
      "properties": {
        "@id": "way/516663931",
        "landuse": "forest",
        "source": "USGS-Large_Scale",
        "@geometry": "center"
      },
      "geometry": {
        "type": "Point",
        "coordinates": [
          -89.1530927,
          37.6256293
        ]
      },
      "id": "way/516663931"
    },
    {
      "type": "Feature",
      "properties": {
        "@id": "way/516663940",
        "landuse": "forest",
        "source": "USGS-Large_Scale",
        "@geometry": "center"
      },
      "geometry": {
        "type": "Point",
        "coordinates": [
          -89.1969602,
          37.658008
        ]
      },
      "id": "way/516663940"
    },
    {
      "type": "Feature",
      "properties": {
        "@id": "way/516663947",
        "landuse": "forest",
        "source": "USGS-Large_Scale",
        "@geometry": "center"
      },
      "geometry": {
        "type": "Point",
        "coordinates": [
          -89.1947366,
          37.6581014
        ]
      },
      "id": "way/516663947"
    },
    {
      "type": "Feature",
      "properties": {
        "@id": "way/516663949",
        "landuse": "forest",
        "source": "USGS-Large_Scale",
        "@geometry": "center"
      },
      "geometry": {
        "type": "Point",
        "coordinates": [
          -89.1539241,
          37.6261185
        ]
      },
      "id": "way/516663949"
    },
    {
      "type": "Feature",
      "properties": {
        "@id": "way/516663952",
        "landuse": "forest",
        "source": "USGS-Large_Scale",
        "@geometry": "center"
      },
      "geometry": {
        "type": "Point",
        "coordinates": [
          -89.1516792,
          37.6451962
        ]
      },
      "id": "way/516663952"
    },
    {
      "type": "Feature",
      "properties": {
        "@id": "way/516663960",
        "landuse": "forest",
        "source": "USGS-Large_Scale",
        "@geometry": "center"
      },
      "geometry": {
        "type": "Point",
        "coordinates": [
          -89.152111,
          37.6254217
        ]
      },
      "id": "way/516663960"
    },
    {
      "type": "Feature",
      "properties": {
        "@id": "way/516663965",
        "landuse": "forest",
        "source": "USGS-Large_Scale",
        "@geometry": "center"
      },
      "geometry": {
        "type": "Point",
        "coordinates": [
          -89.1557508,
          37.6289474
        ]
      },
      "id": "way/516663965"
    },
    {
      "type": "Feature",
      "properties": {
        "@id": "way/516663974",
        "landuse": "forest",
        "source": "USGS-Large_Scale",
        "@geometry": "center"
      },
      "geometry": {
        "type": "Point",
        "coordinates": [
          -89.1509764,
          37.6249522
        ]
      },
      "id": "way/516663974"
    },
    {
      "type": "Feature",
      "properties": {
        "@id": "way/516663975",
        "landuse": "forest",
        "source": "USGS-Large_Scale",
        "@geometry": "center"
      },
      "geometry": {
        "type": "Point",
        "coordinates": [
          -89.144606,
          37.6432636
        ]
      },
      "id": "way/516663975"
    },
    {
      "type": "Feature",
      "properties": {
        "@id": "way/516663979",
        "landuse": "forest",
        "source": "USGS-Large_Scale",
        "@geometry": "center"
      },
      "geometry": {
        "type": "Point",
        "coordinates": [
          -89.1576939,
          37.6262969
        ]
      },
      "id": "way/516663979"
    },
    {
      "type": "Feature",
      "properties": {
        "@id": "way/516663983",
        "landuse": "forest",
        "source": "USGS-Large_Scale",
        "@geometry": "center"
      },
      "geometry": {
        "type": "Point",
        "coordinates": [
          -89.1973572,
          37.6568889
        ]
      },
      "id": "way/516663983"
    },
    {
      "type": "Feature",
      "properties": {
        "@id": "way/516663987",
        "landuse": "forest",
        "source": "USGS-Large_Scale",
        "@geometry": "center"
      },
      "geometry": {
        "type": "Point",
        "coordinates": [
          -89.1470443,
          37.6423
        ]
      },
      "id": "way/516663987"
    },
    {
      "type": "Feature",
      "properties": {
        "@id": "way/517134669",
        "landuse": "forest",
        "source": "USGS-Large_Scale",
        "@geometry": "center"
      },
      "geometry": {
        "type": "Point",
        "coordinates": [
          -89.1135216,
          37.5814199
        ]
      },
      "id": "way/517134669"
    },
    {
      "type": "Feature",
      "properties": {
        "@id": "way/517134671",
        "landuse": "forest",
        "source": "USGS-Large_Scale",
        "@geometry": "center"
      },
      "geometry": {
        "type": "Point",
        "coordinates": [
          -89.1117031,
          37.5774555
        ]
      },
      "id": "way/517134671"
    },
    {
      "type": "Feature",
      "properties": {
        "@id": "way/517134675",
        "landuse": "forest",
        "source": "USGS-Large_Scale",
        "@geometry": "center"
      },
      "geometry": {
        "type": "Point",
        "coordinates": [
          -89.1152596,
          37.5813853
        ]
      },
      "id": "way/517134675"
    },
    {
      "type": "Feature",
      "properties": {
        "@id": "way/517134677",
        "landuse": "forest",
        "source": "USGS-Large_Scale",
        "@geometry": "center"
      },
      "geometry": {
        "type": "Point",
        "coordinates": [
          -89.1122988,
          37.5747839
        ]
      },
      "id": "way/517134677"
    },
    {
      "type": "Feature",
      "properties": {
        "@id": "way/517134678",
        "landuse": "forest",
        "source": "USGS-Large_Scale",
        "@geometry": "center"
      },
      "geometry": {
        "type": "Point",
        "coordinates": [
          -89.1154557,
          37.6176888
        ]
      },
      "id": "way/517134678"
    },
    {
      "type": "Feature",
      "properties": {
        "@id": "way/517134680",
        "landuse": "forest",
        "source": "USGS-Large_Scale",
        "@geometry": "center"
      },
      "geometry": {
        "type": "Point",
        "coordinates": [
          -89.1154476,
          37.5767991
        ]
      },
      "id": "way/517134680"
    },
    {
      "type": "Feature",
      "properties": {
        "@id": "way/517134688",
        "landuse": "forest",
        "source": "USGS-Large_Scale",
        "@geometry": "center"
      },
      "geometry": {
        "type": "Point",
        "coordinates": [
          -89.0908089,
          37.5752717
        ]
      },
      "id": "way/517134688"
    },
    {
      "type": "Feature",
      "properties": {
        "@id": "way/517134689",
        "landuse": "forest",
        "source": "USGS-Large_Scale",
        "@geometry": "center"
      },
      "geometry": {
        "type": "Point",
        "coordinates": [
          -89.0897522,
          37.567585
        ]
      },
      "id": "way/517134689"
    },
    {
      "type": "Feature",
      "properties": {
        "@id": "way/517134690",
        "landuse": "forest",
        "source": "USGS-Large_Scale",
        "@geometry": "center"
      },
      "geometry": {
        "type": "Point",
        "coordinates": [
          -89.1144797,
          37.5831399
        ]
      },
      "id": "way/517134690"
    },
    {
      "type": "Feature",
      "properties": {
        "@id": "way/517356642",
        "landuse": "forest",
        "source": "USGS-Large_Scale",
        "@geometry": "center"
      },
      "geometry": {
        "type": "Point",
        "coordinates": [
          -89.219839,
          37.6132902
        ]
      },
      "id": "way/517356642"
    },
    {
      "type": "Feature",
      "properties": {
        "@id": "way/517356643",
        "landuse": "forest",
        "source": "USGS-Large_Scale",
        "@geometry": "center"
      },
      "geometry": {
        "type": "Point",
        "coordinates": [
          -89.214107,
          37.6152965
        ]
      },
      "id": "way/517356643"
    },
    {
      "type": "Feature",
      "properties": {
        "@id": "way/517356644",
        "landuse": "forest",
        "source": "USGS-Large_Scale",
        "@geometry": "center"
      },
      "geometry": {
        "type": "Point",
        "coordinates": [
          -89.2226122,
          37.6114656
        ]
      },
      "id": "way/517356644"
    },
    {
      "type": "Feature",
      "properties": {
        "@id": "way/517368699",
        "landuse": "forest",
        "source": "USGS-Large_Scale",
        "@geometry": "center"
      },
      "geometry": {
        "type": "Point",
        "coordinates": [
          -89.2136351,
          37.6396472
        ]
      },
      "id": "way/517368699"
    },
    {
      "type": "Feature",
      "properties": {
        "@id": "way/517408256",
        "landuse": "forest",
        "source": "USGS-Large_Scale",
        "@geometry": "center"
      },
      "geometry": {
        "type": "Point",
        "coordinates": [
          -89.2303318,
          37.6157994
        ]
      },
      "id": "way/517408256"
    },
    {
      "type": "Feature",
      "properties": {
        "@id": "way/517408259",
        "landuse": "forest",
        "source": "USGS-Large_Scale",
        "@geometry": "center"
      },
      "geometry": {
        "type": "Point",
        "coordinates": [
          -89.241141,
          37.6178184
        ]
      },
      "id": "way/517408259"
    },
    {
      "type": "Feature",
      "properties": {
        "@id": "way/517408261",
        "landuse": "forest",
        "source": "USGS-Large_Scale",
        "@geometry": "center"
      },
      "geometry": {
        "type": "Point",
        "coordinates": [
          -89.2315844,
          37.6152285
        ]
      },
      "id": "way/517408261"
    },
    {
      "type": "Feature",
      "properties": {
        "@id": "way/517408263",
        "landuse": "forest",
        "source": "USGS-Large_Scale",
        "@geometry": "center"
      },
      "geometry": {
        "type": "Point",
        "coordinates": [
          -89.240956,
          37.6162058
        ]
      },
      "id": "way/517408263"
    },
    {
      "type": "Feature",
      "properties": {
        "@id": "way/517408267",
        "landuse": "forest",
        "source": "USGS-Large_Scale",
        "@geometry": "center"
      },
      "geometry": {
        "type": "Point",
        "coordinates": [
          -89.2420154,
          37.6181726
        ]
      },
      "id": "way/517408267"
    },
    {
      "type": "Feature",
      "properties": {
        "@id": "way/517408268",
        "landuse": "forest",
        "source": "USGS-Large_Scale",
        "@geometry": "center"
      },
      "geometry": {
        "type": "Point",
        "coordinates": [
          -89.2283791,
          37.6167639
        ]
      },
      "id": "way/517408268"
    },
    {
      "type": "Feature",
      "properties": {
        "@id": "way/517420382",
        "landuse": "forest",
        "source": "USGS-Large_Scale",
        "@geometry": "center"
      },
      "geometry": {
        "type": "Point",
        "coordinates": [
          -89.2392636,
          37.6343069
        ]
      },
      "id": "way/517420382"
    },
    {
      "type": "Feature",
      "properties": {
        "@id": "way/517420383",
        "landuse": "forest",
        "source": "USGS-Large_Scale",
        "@geometry": "center"
      },
      "geometry": {
        "type": "Point",
        "coordinates": [
          -89.2344195,
          37.6357725
        ]
      },
      "id": "way/517420383"
    },
    {
      "type": "Feature",
      "properties": {
        "@id": "way/517420384",
        "landuse": "forest",
        "source": "USGS-Large_Scale",
        "@geometry": "center"
      },
      "geometry": {
        "type": "Point",
        "coordinates": [
          -89.2121035,
          37.620081
        ]
      },
      "id": "way/517420384"
    },
    {
      "type": "Feature",
      "properties": {
        "@id": "way/517471842",
        "landuse": "forest",
        "source": "USGS-Large_Scale",
        "@geometry": "center"
      },
      "geometry": {
        "type": "Point",
        "coordinates": [
          -89.2105563,
          37.6799671
        ]
      },
      "id": "way/517471842"
    },
    {
      "type": "Feature",
      "properties": {
        "@id": "way/517471843",
        "landuse": "forest",
        "source": "USGS-Large_Scale",
        "@geometry": "center"
      },
      "geometry": {
        "type": "Point",
        "coordinates": [
          -89.3235283,
          37.6107593
        ]
      },
      "id": "way/517471843"
    },
    {
      "type": "Feature",
      "properties": {
        "@id": "way/517471846",
        "landuse": "forest",
        "source": "USGS-Large_Scale",
        "@geometry": "center"
      },
      "geometry": {
        "type": "Point",
        "coordinates": [
          -89.235879,
          37.6518626
        ]
      },
      "id": "way/517471846"
    },
    {
      "type": "Feature",
      "properties": {
        "@id": "way/517471847",
        "landuse": "forest",
        "source": "USGS-Large_Scale",
        "@geometry": "center"
      },
      "geometry": {
        "type": "Point",
        "coordinates": [
          -89.3728082,
          37.6583287
        ]
      },
      "id": "way/517471847"
    },
    {
      "type": "Feature",
      "properties": {
        "@id": "way/517471856",
        "landuse": "forest",
        "source": "USGS-Large_Scale",
        "@geometry": "center"
      },
      "geometry": {
        "type": "Point",
        "coordinates": [
          -89.3669946,
          37.6591374
        ]
      },
      "id": "way/517471856"
    },
    {
      "type": "Feature",
      "properties": {
        "@id": "way/517471862",
        "landuse": "forest",
        "source": "USGS-Large_Scale",
        "@geometry": "center"
      },
      "geometry": {
        "type": "Point",
        "coordinates": [
          -89.3245073,
          37.6194493
        ]
      },
      "id": "way/517471862"
    },
    {
      "type": "Feature",
      "properties": {
        "@id": "way/517471863",
        "landuse": "forest",
        "source": "USGS-Large_Scale",
        "@geometry": "center"
      },
      "geometry": {
        "type": "Point",
        "coordinates": [
          -89.2296241,
          37.6809221
        ]
      },
      "id": "way/517471863"
    },
    {
      "type": "Feature",
      "properties": {
        "@id": "way/517695032",
        "landuse": "forest",
        "source": "Bing",
        "@geometry": "center"
      },
      "geometry": {
        "type": "Point",
        "coordinates": [
          -89.1059576,
          37.7484916
        ]
      },
      "id": "way/517695032"
    },
    {
      "type": "Feature",
      "properties": {
        "@id": "way/517695043",
        "landuse": "forest",
        "source": "Bing",
        "@geometry": "center"
      },
      "geometry": {
        "type": "Point",
        "coordinates": [
          -89.0275379,
          37.7296252
        ]
      },
      "id": "way/517695043"
    },
    {
      "type": "Feature",
      "properties": {
        "@id": "way/517695059",
        "landuse": "forest",
        "source": "Bing",
        "@geometry": "center"
      },
      "geometry": {
        "type": "Point",
        "coordinates": [
          -89.0889648,
          37.737224
        ]
      },
      "id": "way/517695059"
    },
    {
      "type": "Feature",
      "properties": {
        "@id": "way/517695074",
        "landuse": "forest",
        "source": "Bing",
        "@geometry": "center"
      },
      "geometry": {
        "type": "Point",
        "coordinates": [
          -89.0852904,
          37.7413004
        ]
      },
      "id": "way/517695074"
    },
    {
      "type": "Feature",
      "properties": {
        "@id": "way/517695077",
        "landuse": "forest",
        "source": "Bing",
        "@geometry": "center"
      },
      "geometry": {
        "type": "Point",
        "coordinates": [
          -89.0978631,
          37.7366452
        ]
      },
      "id": "way/517695077"
    },
    {
      "type": "Feature",
      "properties": {
        "@id": "way/517695084",
        "landuse": "forest",
        "source": "Bing",
        "@geometry": "center"
      },
      "geometry": {
        "type": "Point",
        "coordinates": [
          -89.04173,
          37.7307488
        ]
      },
      "id": "way/517695084"
    },
    {
      "type": "Feature",
      "properties": {
        "@id": "way/517695088",
        "landuse": "forest",
        "source": "Bing",
        "@geometry": "center"
      },
      "geometry": {
        "type": "Point",
        "coordinates": [
          -89.0437081,
          37.7311826
        ]
      },
      "id": "way/517695088"
    },
    {
      "type": "Feature",
      "properties": {
        "@id": "way/517695098",
        "landuse": "forest",
        "source": "DigitalGlobe-Premium",
        "@geometry": "center"
      },
      "geometry": {
        "type": "Point",
        "coordinates": [
          -89.1158963,
          37.745624
        ]
      },
      "id": "way/517695098"
    },
    {
      "type": "Feature",
      "properties": {
        "@id": "way/517695103",
        "landuse": "forest",
        "source": "Bing",
        "@geometry": "center"
      },
      "geometry": {
        "type": "Point",
        "coordinates": [
          -89.1075135,
          37.7457939
        ]
      },
      "id": "way/517695103"
    },
    {
      "type": "Feature",
      "properties": {
        "@id": "way/517695111",
        "landuse": "forest",
        "source": "Bing",
        "@geometry": "center"
      },
      "geometry": {
        "type": "Point",
        "coordinates": [
          -89.0791535,
          37.743027
        ]
      },
      "id": "way/517695111"
    },
    {
      "type": "Feature",
      "properties": {
        "@id": "way/517695112",
        "landuse": "forest",
        "source": "Bing",
        "@geometry": "center"
      },
      "geometry": {
        "type": "Point",
        "coordinates": [
          -89.0809023,
          37.7419272
        ]
      },
      "id": "way/517695112"
    },
    {
      "type": "Feature",
      "properties": {
        "@id": "way/517695122",
        "landuse": "forest",
        "source": "Bing",
        "@geometry": "center"
      },
      "geometry": {
        "type": "Point",
        "coordinates": [
          -89.0785554,
          37.7439028
        ]
      },
      "id": "way/517695122"
    },
    {
      "type": "Feature",
      "properties": {
        "@id": "way/517708348",
        "landuse": "forest",
        "source": "Bing",
        "@geometry": "center"
      },
      "geometry": {
        "type": "Point",
        "coordinates": [
          -89.0195572,
          37.7310203
        ]
      },
      "id": "way/517708348"
    },
    {
      "type": "Feature",
      "properties": {
        "@id": "way/517708358",
        "landuse": "forest",
        "source": "Bing",
        "@geometry": "center"
      },
      "geometry": {
        "type": "Point",
        "coordinates": [
          -89.0489722,
          37.7302245
        ]
      },
      "id": "way/517708358"
    },
    {
      "type": "Feature",
      "properties": {
        "@id": "way/517720634",
        "landuse": "forest",
        "source": "Bing",
        "@geometry": "center"
      },
      "geometry": {
        "type": "Point",
        "coordinates": [
          -89.1227431,
          37.752836
        ]
      },
      "id": "way/517720634"
    },
    {
      "type": "Feature",
      "properties": {
        "@id": "way/517720635",
        "landuse": "forest",
        "source": "Bing",
        "@geometry": "center"
      },
      "geometry": {
        "type": "Point",
        "coordinates": [
          -89.1243243,
          37.7489896
        ]
      },
      "id": "way/517720635"
    },
    {
      "type": "Feature",
      "properties": {
        "@id": "way/517720644",
        "landuse": "forest",
        "source": "Bing",
        "@geometry": "center"
      },
      "geometry": {
        "type": "Point",
        "coordinates": [
          -89.0982441,
          37.7399336
        ]
      },
      "id": "way/517720644"
    },
    {
      "type": "Feature",
      "properties": {
        "@id": "way/518316476",
        "landuse": "forest",
        "source": "USGS-Large_Scale",
        "@geometry": "center"
      },
      "geometry": {
        "type": "Point",
        "coordinates": [
          -89.0539319,
          37.7318008
        ]
      },
      "id": "way/518316476"
    },
    {
      "type": "Feature",
      "properties": {
        "@id": "way/518316481",
        "landuse": "forest",
        "source": "USGS-Large_Scale",
        "@geometry": "center"
      },
      "geometry": {
        "type": "Point",
        "coordinates": [
          -89.0415692,
          37.7280163
        ]
      },
      "id": "way/518316481"
    },
    {
      "type": "Feature",
      "properties": {
        "@id": "way/518316483",
        "landuse": "forest",
        "source": "USGS-Large_Scale",
        "@geometry": "center"
      },
      "geometry": {
        "type": "Point",
        "coordinates": [
          -89.0016713,
          37.6513722
        ]
      },
      "id": "way/518316483"
    },
    {
      "type": "Feature",
      "properties": {
        "@id": "way/518316491",
        "landuse": "forest",
        "source": "USGS-Large_Scale",
        "@geometry": "center"
      },
      "geometry": {
        "type": "Point",
        "coordinates": [
          -89.01181,
          37.6797872
        ]
      },
      "id": "way/518316491"
    },
    {
      "type": "Feature",
      "properties": {
        "@id": "way/518316493",
        "landuse": "forest",
        "source": "USGS-Large_Scale",
        "@geometry": "center"
      },
      "geometry": {
        "type": "Point",
        "coordinates": [
          -89.0304567,
          37.6477917
        ]
      },
      "id": "way/518316493"
    },
    {
      "type": "Feature",
      "properties": {
        "@id": "way/518316495",
        "landuse": "forest",
        "source": "USGS-Large_Scale",
        "@geometry": "center"
      },
      "geometry": {
        "type": "Point",
        "coordinates": [
          -89.0455473,
          37.6537081
        ]
      },
      "id": "way/518316495"
    },
    {
      "type": "Feature",
      "properties": {
        "@id": "way/518316497",
        "landuse": "forest",
        "source": "USGS-Large_Scale",
        "@geometry": "center"
      },
      "geometry": {
        "type": "Point",
        "coordinates": [
          -89.0284424,
          37.6523377
        ]
      },
      "id": "way/518316497"
    },
    {
      "type": "Feature",
      "properties": {
        "@id": "way/518316500",
        "landuse": "forest",
        "source": "USGS-Large_Scale",
        "@geometry": "center"
      },
      "geometry": {
        "type": "Point",
        "coordinates": [
          -89.0504902,
          37.7246962
        ]
      },
      "id": "way/518316500"
    },
    {
      "type": "Feature",
      "properties": {
        "@id": "way/518316502",
        "landuse": "forest",
        "source": "USGS-Large_Scale",
        "@geometry": "center"
      },
      "geometry": {
        "type": "Point",
        "coordinates": [
          -89.0431784,
          37.7261006
        ]
      },
      "id": "way/518316502"
    },
    {
      "type": "Feature",
      "properties": {
        "@id": "way/518316505",
        "landuse": "forest",
        "source": "USGS-Large_Scale",
        "@geometry": "center"
      },
      "geometry": {
        "type": "Point",
        "coordinates": [
          -89.0605973,
          37.7103853
        ]
      },
      "id": "way/518316505"
    },
    {
      "type": "Feature",
      "properties": {
        "@id": "way/518316507",
        "landuse": "forest",
        "source": "USGS-Large_Scale",
        "@geometry": "center"
      },
      "geometry": {
        "type": "Point",
        "coordinates": [
          -88.999048,
          37.6779466
        ]
      },
      "id": "way/518316507"
    },
    {
      "type": "Feature",
      "properties": {
        "@id": "way/518316509",
        "landuse": "forest",
        "source": "USGS-Large_Scale",
        "@geometry": "center"
      },
      "geometry": {
        "type": "Point",
        "coordinates": [
          -88.9859964,
          37.6548782
        ]
      },
      "id": "way/518316509"
    },
    {
      "type": "Feature",
      "properties": {
        "@id": "way/518316512",
        "landuse": "forest",
        "source": "USGS-Large_Scale",
        "@geometry": "center"
      },
      "geometry": {
        "type": "Point",
        "coordinates": [
          -89.0373634,
          37.6499005
        ]
      },
      "id": "way/518316512"
    },
    {
      "type": "Feature",
      "properties": {
        "@id": "way/518316514",
        "landuse": "forest",
        "source": "USGS-Large_Scale",
        "@geometry": "center"
      },
      "geometry": {
        "type": "Point",
        "coordinates": [
          -89.0477355,
          37.7254972
        ]
      },
      "id": "way/518316514"
    },
    {
      "type": "Feature",
      "properties": {
        "@id": "way/518316520",
        "landuse": "forest",
        "source": "USGS-Large_Scale",
        "@geometry": "center"
      },
      "geometry": {
        "type": "Point",
        "coordinates": [
          -89.0147878,
          37.6768938
        ]
      },
      "id": "way/518316520"
    },
    {
      "type": "Feature",
      "properties": {
        "@id": "way/518316522",
        "landuse": "forest",
        "source": "USGS-Large_Scale",
        "@geometry": "center"
      },
      "geometry": {
        "type": "Point",
        "coordinates": [
          -89.0131377,
          37.6819015
        ]
      },
      "id": "way/518316522"
    },
    {
      "type": "Feature",
      "properties": {
        "@id": "way/518316525",
        "landuse": "forest",
        "source": "USGS-Large_Scale",
        "@geometry": "center"
      },
      "geometry": {
        "type": "Point",
        "coordinates": [
          -89.0140234,
          37.687234
        ]
      },
      "id": "way/518316525"
    },
    {
      "type": "Feature",
      "properties": {
        "@id": "way/518316527",
        "landuse": "forest",
        "source": "USGS-Large_Scale",
        "@geometry": "center"
      },
      "geometry": {
        "type": "Point",
        "coordinates": [
          -89.0150024,
          37.6888523
        ]
      },
      "id": "way/518316527"
    },
    {
      "type": "Feature",
      "properties": {
        "@id": "way/518316530",
        "landuse": "forest",
        "source": "USGS-Large_Scale",
        "@geometry": "center"
      },
      "geometry": {
        "type": "Point",
        "coordinates": [
          -89.0318059,
          37.6494524
        ]
      },
      "id": "way/518316530"
    },
    {
      "type": "Feature",
      "properties": {
        "@id": "way/518316532",
        "landuse": "forest",
        "source": "USGS-Large_Scale",
        "@geometry": "center"
      },
      "geometry": {
        "type": "Point",
        "coordinates": [
          -89.0411185,
          37.7207246
        ]
      },
      "id": "way/518316532"
    },
    {
      "type": "Feature",
      "properties": {
        "@id": "way/518316535",
        "landuse": "forest",
        "source": "USGS-Large_Scale",
        "@geometry": "center"
      },
      "geometry": {
        "type": "Point",
        "coordinates": [
          -89.0446059,
          37.7268473
        ]
      },
      "id": "way/518316535"
    },
    {
      "type": "Feature",
      "properties": {
        "@id": "way/518316537",
        "landuse": "forest",
        "source": "USGS-Large_Scale",
        "@geometry": "center"
      },
      "geometry": {
        "type": "Point",
        "coordinates": [
          -89.0026722,
          37.684472
        ]
      },
      "id": "way/518316537"
    },
    {
      "type": "Feature",
      "properties": {
        "@id": "way/518316544",
        "landuse": "forest",
        "source": "USGS-Large_Scale",
        "@geometry": "center"
      },
      "geometry": {
        "type": "Point",
        "coordinates": [
          -88.9952607,
          37.6496754
        ]
      },
      "id": "way/518316544"
    },
    {
      "type": "Feature",
      "properties": {
        "@id": "way/518316546",
        "landuse": "forest",
        "source": "USGS-Large_Scale",
        "@geometry": "center"
      },
      "geometry": {
        "type": "Point",
        "coordinates": [
          -89.0208899,
          37.6927067
        ]
      },
      "id": "way/518316546"
    },
    {
      "type": "Feature",
      "properties": {
        "@id": "way/518316549",
        "landuse": "forest",
        "source": "USGS-Large_Scale",
        "@geometry": "center"
      },
      "geometry": {
        "type": "Point",
        "coordinates": [
          -89.0163483,
          37.6942391
        ]
      },
      "id": "way/518316549"
    },
    {
      "type": "Feature",
      "properties": {
        "@id": "way/518316551",
        "landuse": "forest",
        "source": "USGS-Large_Scale",
        "@geometry": "center"
      },
      "geometry": {
        "type": "Point",
        "coordinates": [
          -89.0431784,
          37.7274987
        ]
      },
      "id": "way/518316551"
    },
    {
      "type": "Feature",
      "properties": {
        "@id": "way/518316553",
        "landuse": "forest",
        "source": "USGS-Large_Scale",
        "@geometry": "center"
      },
      "geometry": {
        "type": "Point",
        "coordinates": [
          -89.0240328,
          37.7169437
        ]
      },
      "id": "way/518316553"
    },
    {
      "type": "Feature",
      "properties": {
        "@id": "way/518316557",
        "landuse": "forest",
        "source": "USGS-Large_Scale",
        "@geometry": "center"
      },
      "geometry": {
        "type": "Point",
        "coordinates": [
          -89.0571282,
          37.7255654
        ]
      },
      "id": "way/518316557"
    },
    {
      "type": "Feature",
      "properties": {
        "@id": "way/518316575",
        "landuse": "forest",
        "source": "USGS-Large_Scale",
        "@geometry": "center"
      },
      "geometry": {
        "type": "Point",
        "coordinates": [
          -88.9963176,
          37.653684
        ]
      },
      "id": "way/518316575"
    },
    {
      "type": "Feature",
      "properties": {
        "@id": "way/518316577",
        "landuse": "forest",
        "source": "USGS-Large_Scale",
        "@geometry": "center"
      },
      "geometry": {
        "type": "Point",
        "coordinates": [
          -89.0394963,
          37.6506536
        ]
      },
      "id": "way/518316577"
    },
    {
      "type": "Feature",
      "properties": {
        "@id": "way/518316583",
        "landuse": "forest",
        "source": "USGS-Large_Scale",
        "@geometry": "center"
      },
      "geometry": {
        "type": "Point",
        "coordinates": [
          -88.9893921,
          37.6759363
        ]
      },
      "id": "way/518316583"
    },
    {
      "type": "Feature",
      "properties": {
        "@id": "way/518316585",
        "landuse": "forest",
        "source": "USGS-Large_Scale",
        "@geometry": "center"
      },
      "geometry": {
        "type": "Point",
        "coordinates": [
          -88.9889979,
          37.6554579
        ]
      },
      "id": "way/518316585"
    },
    {
      "type": "Feature",
      "properties": {
        "@id": "way/518316587",
        "landuse": "forest",
        "source": "USGS-Large_Scale",
        "@geometry": "center"
      },
      "geometry": {
        "type": "Point",
        "coordinates": [
          -89.0557526,
          37.6433998
        ]
      },
      "id": "way/518316587"
    },
    {
      "type": "Feature",
      "properties": {
        "@id": "way/518316590",
        "landuse": "forest",
        "source": "USGS-Large_Scale",
        "@geometry": "center"
      },
      "geometry": {
        "type": "Point",
        "coordinates": [
          -89.0414994,
          37.6493654
        ]
      },
      "id": "way/518316590"
    },
    {
      "type": "Feature",
      "properties": {
        "@id": "way/518316592",
        "landuse": "forest",
        "source": "USGS-Large_Scale",
        "@geometry": "center"
      },
      "geometry": {
        "type": "Point",
        "coordinates": [
          -89.0280749,
          37.6475645
        ]
      },
      "id": "way/518316592"
    },
    {
      "type": "Feature",
      "properties": {
        "@id": "way/518316594",
        "landuse": "forest",
        "source": "USGS-Large_Scale",
        "@geometry": "center"
      },
      "geometry": {
        "type": "Point",
        "coordinates": [
          -89.0255724,
          37.6513552
        ]
      },
      "id": "way/518316594"
    },
    {
      "type": "Feature",
      "properties": {
        "@id": "way/518316597",
        "landuse": "forest",
        "source": "USGS-Large_Scale",
        "@geometry": "center"
      },
      "geometry": {
        "type": "Point",
        "coordinates": [
          -89.0167158,
          37.6935544
        ]
      },
      "id": "way/518316597"
    },
    {
      "type": "Feature",
      "properties": {
        "@id": "way/518329874",
        "landuse": "forest",
        "source": "USGS-Large_Scale",
        "@geometry": "center"
      },
      "geometry": {
        "type": "Point",
        "coordinates": [
          -89.0631955,
          37.6676777
        ]
      },
      "id": "way/518329874"
    },
    {
      "type": "Feature",
      "properties": {
        "@id": "way/518329882",
        "landuse": "forest",
        "source": "USGS-Large_Scale",
        "@geometry": "center"
      },
      "geometry": {
        "type": "Point",
        "coordinates": [
          -89.1147878,
          37.6910457
        ]
      },
      "id": "way/518329882"
    },
    {
      "type": "Feature",
      "properties": {
        "@id": "way/518329885",
        "landuse": "forest",
        "source": "USGS-Large_Scale",
        "@geometry": "center"
      },
      "geometry": {
        "type": "Point",
        "coordinates": [
          -89.0617424,
          37.6719154
        ]
      },
      "id": "way/518329885"
    },
    {
      "type": "Feature",
      "properties": {
        "@id": "way/518329887",
        "landuse": "forest",
        "source": "USGS-Large_Scale",
        "@geometry": "center"
      },
      "geometry": {
        "type": "Point",
        "coordinates": [
          -89.1208879,
          37.6932403
        ]
      },
      "id": "way/518329887"
    },
    {
      "type": "Feature",
      "properties": {
        "@id": "way/518329894",
        "landuse": "forest",
        "source": "USGS-Large_Scale",
        "@geometry": "center"
      },
      "geometry": {
        "type": "Point",
        "coordinates": [
          -89.0592583,
          37.6701999
        ]
      },
      "id": "way/518329894"
    },
    {
      "type": "Feature",
      "properties": {
        "@id": "way/518329899",
        "landuse": "forest",
        "source": "USGS-Large_Scale",
        "@geometry": "center"
      },
      "geometry": {
        "type": "Point",
        "coordinates": [
          -89.0145915,
          37.6472905
        ]
      },
      "id": "way/518329899"
    },
    {
      "type": "Feature",
      "properties": {
        "@id": "way/518329901",
        "landuse": "forest",
        "source": "USGS-Large_Scale",
        "@geometry": "center"
      },
      "geometry": {
        "type": "Point",
        "coordinates": [
          -89.0640082,
          37.668524
        ]
      },
      "id": "way/518329901"
    },
    {
      "type": "Feature",
      "properties": {
        "@id": "way/518342361",
        "landuse": "forest",
        "source": "USGS-Large_Scale",
        "@geometry": "center"
      },
      "geometry": {
        "type": "Point",
        "coordinates": [
          -88.9889469,
          37.6213658
        ]
      },
      "id": "way/518342361"
    },
    {
      "type": "Feature",
      "properties": {
        "@id": "way/518342362",
        "landuse": "forest",
        "source": "USGS-Large_Scale",
        "@geometry": "center"
      },
      "geometry": {
        "type": "Point",
        "coordinates": [
          -88.9813052,
          37.6336931
        ]
      },
      "id": "way/518342362"
    },
    {
      "type": "Feature",
      "properties": {
        "@id": "way/518342363",
        "landuse": "forest",
        "source": "USGS-Large_Scale",
        "@geometry": "center"
      },
      "geometry": {
        "type": "Point",
        "coordinates": [
          -88.9906206,
          37.6201209
        ]
      },
      "id": "way/518342363"
    },
    {
      "type": "Feature",
      "properties": {
        "@id": "way/518342368",
        "landuse": "forest",
        "source": "USGS-Large_Scale",
        "@geometry": "center"
      },
      "geometry": {
        "type": "Point",
        "coordinates": [
          -88.9478688,
          37.6261627
        ]
      },
      "id": "way/518342368"
    },
    {
      "type": "Feature",
      "properties": {
        "@id": "way/518342371",
        "landuse": "forest",
        "source": "USGS-Large_Scale",
        "@geometry": "center"
      },
      "geometry": {
        "type": "Point",
        "coordinates": [
          -88.9866697,
          37.6365096
        ]
      },
      "id": "way/518342371"
    },
    {
      "type": "Feature",
      "properties": {
        "@id": "way/518342374",
        "landuse": "forest",
        "source": "USGS-Large_Scale",
        "@geometry": "center"
      },
      "geometry": {
        "type": "Point",
        "coordinates": [
          -89.0103857,
          37.642718
        ]
      },
      "id": "way/518342374"
    },
    {
      "type": "Feature",
      "properties": {
        "@id": "way/518342378",
        "landuse": "forest",
        "source": "USGS-Large_Scale",
        "@geometry": "center"
      },
      "geometry": {
        "type": "Point",
        "coordinates": [
          -88.9565028,
          37.6587471
        ]
      },
      "id": "way/518342378"
    },
    {
      "type": "Feature",
      "properties": {
        "@id": "way/518342384",
        "landuse": "forest",
        "source": "USGS-Large_Scale",
        "@geometry": "center"
      },
      "geometry": {
        "type": "Point",
        "coordinates": [
          -89.0086027,
          37.6413332
        ]
      },
      "id": "way/518342384"
    },
    {
      "type": "Feature",
      "properties": {
        "@id": "way/518342388",
        "landuse": "forest",
        "source": "USGS-Large_Scale",
        "@geometry": "center"
      },
      "geometry": {
        "type": "Point",
        "coordinates": [
          -88.9640591,
          37.6841833
        ]
      },
      "id": "way/518342388"
    },
    {
      "type": "Feature",
      "properties": {
        "@id": "way/518342393",
        "landuse": "forest",
        "source": "USGS-Large_Scale",
        "@geometry": "center"
      },
      "geometry": {
        "type": "Point",
        "coordinates": [
          -88.9832772,
          37.6297591
        ]
      },
      "id": "way/518342393"
    },
    {
      "type": "Feature",
      "properties": {
        "@id": "way/518342396",
        "landuse": "forest",
        "source": "USGS-Large_Scale",
        "@geometry": "center"
      },
      "geometry": {
        "type": "Point",
        "coordinates": [
          -88.9902531,
          37.6165112
        ]
      },
      "id": "way/518342396"
    },
    {
      "type": "Feature",
      "properties": {
        "@id": "way/518342400",
        "landuse": "forest",
        "source": "USGS-Large_Scale",
        "@geometry": "center"
      },
      "geometry": {
        "type": "Point",
        "coordinates": [
          -88.9631628,
          37.6426563
        ]
      },
      "id": "way/518342400"
    },
    {
      "type": "Feature",
      "properties": {
        "@id": "way/518342403",
        "landuse": "forest",
        "source": "USGS-Large_Scale",
        "@geometry": "center"
      },
      "geometry": {
        "type": "Point",
        "coordinates": [
          -88.9849772,
          37.6363992
        ]
      },
      "id": "way/518342403"
    },
    {
      "type": "Feature",
      "properties": {
        "@id": "way/518342406",
        "landuse": "forest",
        "source": "USGS-Large_Scale",
        "@geometry": "center"
      },
      "geometry": {
        "type": "Point",
        "coordinates": [
          -88.958957,
          37.6494524
        ]
      },
      "id": "way/518342406"
    },
    {
      "type": "Feature",
      "properties": {
        "@id": "way/518342409",
        "landuse": "forest",
        "source": "USGS-Large_Scale",
        "@geometry": "center"
      },
      "geometry": {
        "type": "Point",
        "coordinates": [
          -89.0036024,
          37.6385585
        ]
      },
      "id": "way/518342409"
    },
    {
      "type": "Feature",
      "properties": {
        "@id": "way/518342413",
        "landuse": "forest",
        "source": "USGS-Large_Scale",
        "@geometry": "center"
      },
      "geometry": {
        "type": "Point",
        "coordinates": [
          -88.960097,
          37.6504272
        ]
      },
      "id": "way/518342413"
    },
    {
      "type": "Feature",
      "properties": {
        "@id": "way/518342416",
        "landuse": "forest",
        "source": "USGS-Large_Scale",
        "@geometry": "center"
      },
      "geometry": {
        "type": "Point",
        "coordinates": [
          -88.9640586,
          37.6432193
        ]
      },
      "id": "way/518342416"
    },
    {
      "type": "Feature",
      "properties": {
        "@id": "way/518342418",
        "landuse": "forest",
        "source": "USGS-Large_Scale",
        "@geometry": "center"
      },
      "geometry": {
        "type": "Point",
        "coordinates": [
          -88.9185818,
          37.6142315
        ]
      },
      "id": "way/518342418"
    },
    {
      "type": "Feature",
      "properties": {
        "@id": "way/518342425",
        "landuse": "forest",
        "source": "USGS-Large_Scale",
        "@geometry": "center"
      },
      "geometry": {
        "type": "Point",
        "coordinates": [
          -88.9861976,
          37.6219543
        ]
      },
      "id": "way/518342425"
    },
    {
      "type": "Feature",
      "properties": {
        "@id": "way/518342433",
        "landuse": "forest",
        "source": "USGS-Large_Scale",
        "@geometry": "center"
      },
      "geometry": {
        "type": "Point",
        "coordinates": [
          -88.9080488,
          37.6160629
        ]
      },
      "id": "way/518342433"
    },
    {
      "type": "Feature",
      "properties": {
        "@id": "way/518354828",
        "landuse": "forest",
        "source": "USGS-Large_Scale",
        "@geometry": "center"
      },
      "geometry": {
        "type": "Point",
        "coordinates": [
          -88.896379,
          37.6570634
        ]
      },
      "id": "way/518354828"
    },
    {
      "type": "Feature",
      "properties": {
        "@id": "way/518354829",
        "landuse": "forest",
        "source": "USGS-Large_Scale",
        "@geometry": "center"
      },
      "geometry": {
        "type": "Point",
        "coordinates": [
          -88.8125916,
          37.6583543
        ]
      },
      "id": "way/518354829"
    },
    {
      "type": "Feature",
      "properties": {
        "@id": "way/518354833",
        "landuse": "forest",
        "source": "USGS-Large_Scale",
        "@geometry": "center"
      },
      "geometry": {
        "type": "Point",
        "coordinates": [
          -88.9193226,
          37.6160098
        ]
      },
      "id": "way/518354833"
    },
    {
      "type": "Feature",
      "properties": {
        "@id": "way/518367105",
        "landuse": "forest",
        "source": "USGS-Large_Scale",
        "@geometry": "center"
      },
      "geometry": {
        "type": "Point",
        "coordinates": [
          -88.831241,
          37.6668986
        ]
      },
      "id": "way/518367105"
    },
    {
      "type": "Feature",
      "properties": {
        "@id": "way/518367107",
        "landuse": "forest",
        "source": "USGS-Large_Scale",
        "@geometry": "center"
      },
      "geometry": {
        "type": "Point",
        "coordinates": [
          -88.9219238,
          37.7109455
        ]
      },
      "id": "way/518367107"
    },
    {
      "type": "Feature",
      "properties": {
        "@id": "way/518367108",
        "landuse": "forest",
        "source": "USGS-Large_Scale",
        "@geometry": "center"
      },
      "geometry": {
        "type": "Point",
        "coordinates": [
          -88.8956435,
          37.7204629
        ]
      },
      "id": "way/518367108"
    },
    {
      "type": "Feature",
      "properties": {
        "@id": "way/518367109",
        "landuse": "forest",
        "source": "USGS-Large_Scale",
        "@geometry": "center"
      },
      "geometry": {
        "type": "Point",
        "coordinates": [
          -88.8356913,
          37.6926227
        ]
      },
      "id": "way/518367109"
    },
    {
      "type": "Feature",
      "properties": {
        "@id": "way/518367110",
        "landuse": "forest",
        "source": "USGS-Large_Scale",
        "@geometry": "center"
      },
      "geometry": {
        "type": "Point",
        "coordinates": [
          -88.9171281,
          37.7266373
        ]
      },
      "id": "way/518367110"
    },
    {
      "type": "Feature",
      "properties": {
        "@id": "way/518367111",
        "landuse": "forest",
        "source": "USGS-Large_Scale",
        "@geometry": "center"
      },
      "geometry": {
        "type": "Point",
        "coordinates": [
          -88.9162837,
          37.7128635
        ]
      },
      "id": "way/518367111"
    },
    {
      "type": "Feature",
      "properties": {
        "@id": "way/518367112",
        "landuse": "forest",
        "source": "USGS-Large_Scale",
        "@geometry": "center"
      },
      "geometry": {
        "type": "Point",
        "coordinates": [
          -88.912432,
          37.7284787
        ]
      },
      "id": "way/518367112"
    },
    {
      "type": "Feature",
      "properties": {
        "@id": "way/518367113",
        "landuse": "forest",
        "source": "USGS-Large_Scale",
        "@geometry": "center"
      },
      "geometry": {
        "type": "Point",
        "coordinates": [
          -88.8942971,
          37.7203032
        ]
      },
      "id": "way/518367113"
    },
    {
      "type": "Feature",
      "properties": {
        "@id": "way/518367114",
        "landuse": "forest",
        "source": "USGS-Large_Scale",
        "@geometry": "center"
      },
      "geometry": {
        "type": "Point",
        "coordinates": [
          -88.8936646,
          37.7205909
        ]
      },
      "id": "way/518367114"
    },
    {
      "type": "Feature",
      "properties": {
        "@id": "way/518367115",
        "landuse": "forest",
        "source": "USGS-Large_Scale",
        "@geometry": "center"
      },
      "geometry": {
        "type": "Point",
        "coordinates": [
          -88.8753231,
          37.7101596
        ]
      },
      "id": "way/518367115"
    },
    {
      "type": "Feature",
      "properties": {
        "@id": "way/518367116",
        "landuse": "forest",
        "source": "USGS-Large_Scale",
        "@geometry": "center"
      },
      "geometry": {
        "type": "Point",
        "coordinates": [
          -88.8354387,
          37.6686119
        ]
      },
      "id": "way/518367116"
    },
    {
      "type": "Feature",
      "properties": {
        "@id": "way/518367117",
        "landuse": "forest",
        "source": "USGS-Large_Scale",
        "@geometry": "center"
      },
      "geometry": {
        "type": "Point",
        "coordinates": [
          -88.8646291,
          37.7010249
        ]
      },
      "id": "way/518367117"
    },
    {
      "type": "Feature",
      "properties": {
        "@id": "way/518367119",
        "landuse": "forest",
        "source": "USGS-Large_Scale",
        "@geometry": "center"
      },
      "geometry": {
        "type": "Point",
        "coordinates": [
          -88.8616519,
          37.6959463
        ]
      },
      "id": "way/518367119"
    },
    {
      "type": "Feature",
      "properties": {
        "@id": "way/518367120",
        "landuse": "forest",
        "source": "USGS-Large_Scale",
        "@geometry": "center"
      },
      "geometry": {
        "type": "Point",
        "coordinates": [
          -88.8306992,
          37.6877303
        ]
      },
      "id": "way/518367120"
    },
    {
      "type": "Feature",
      "properties": {
        "@id": "way/518367123",
        "landuse": "forest",
        "source": "USGS-Large_Scale",
        "@geometry": "center"
      },
      "geometry": {
        "type": "Point",
        "coordinates": [
          -88.8426458,
          37.6923553
        ]
      },
      "id": "way/518367123"
    },
    {
      "type": "Feature",
      "properties": {
        "@id": "way/518378841",
        "landuse": "forest",
        "source": "USGS-Large_Scale",
        "@geometry": "center"
      },
      "geometry": {
        "type": "Point",
        "coordinates": [
          -88.982722,
          37.6338822
        ]
      },
      "id": "way/518378841"
    },
    {
      "type": "Feature",
      "properties": {
        "@id": "way/518378847",
        "landuse": "forest",
        "source": "USGS-Large_Scale",
        "@geometry": "center"
      },
      "geometry": {
        "type": "Point",
        "coordinates": [
          -88.9517821,
          37.6286397
        ]
      },
      "id": "way/518378847"
    },
    {
      "type": "Feature",
      "properties": {
        "@id": "way/518378849",
        "landuse": "forest",
        "source": "USGS-Large_Scale",
        "@geometry": "center"
      },
      "geometry": {
        "type": "Point",
        "coordinates": [
          -88.9517339,
          37.6305684
        ]
      },
      "id": "way/518378849"
    },
    {
      "type": "Feature",
      "properties": {
        "@id": "way/518378850",
        "landuse": "forest",
        "source": "USGS-Large_Scale",
        "@geometry": "center"
      },
      "geometry": {
        "type": "Point",
        "coordinates": [
          -88.9577232,
          37.70049
        ]
      },
      "id": "way/518378850"
    },
    {
      "type": "Feature",
      "properties": {
        "@id": "way/518378851",
        "landuse": "forest",
        "source": "USGS-Large_Scale",
        "@geometry": "center"
      },
      "geometry": {
        "type": "Point",
        "coordinates": [
          -88.9580912,
          37.6244208
        ]
      },
      "id": "way/518378851"
    },
    {
      "type": "Feature",
      "properties": {
        "@id": "way/518378856",
        "landuse": "forest",
        "source": "USGS-Large_Scale",
        "@geometry": "center"
      },
      "geometry": {
        "type": "Point",
        "coordinates": [
          -88.9829387,
          37.6313289
        ]
      },
      "id": "way/518378856"
    },
    {
      "type": "Feature",
      "properties": {
        "@id": "way/518378857",
        "landuse": "forest",
        "source": "USGS-Large_Scale",
        "@geometry": "center"
      },
      "geometry": {
        "type": "Point",
        "coordinates": [
          -88.9703806,
          37.6188099
        ]
      },
      "id": "way/518378857"
    },
    {
      "type": "Feature",
      "properties": {
        "@id": "way/518378859",
        "landuse": "forest",
        "source": "USGS-Large_Scale",
        "@geometry": "center"
      },
      "geometry": {
        "type": "Point",
        "coordinates": [
          -88.9621972,
          37.6239194
        ]
      },
      "id": "way/518378859"
    },
    {
      "type": "Feature",
      "properties": {
        "@id": "way/518378860",
        "landuse": "forest",
        "source": "USGS-Large_Scale",
        "@geometry": "center"
      },
      "geometry": {
        "type": "Point",
        "coordinates": [
          -88.9632594,
          37.6224323
        ]
      },
      "id": "way/518378860"
    },
    {
      "type": "Feature",
      "properties": {
        "@id": "way/518378861",
        "landuse": "forest",
        "source": "USGS-Large_Scale",
        "@geometry": "center"
      },
      "geometry": {
        "type": "Point",
        "coordinates": [
          -88.9614452,
          37.6138984
        ]
      },
      "id": "way/518378861"
    },
    {
      "type": "Feature",
      "properties": {
        "@id": "way/518378862",
        "landuse": "forest",
        "source": "USGS-Large_Scale",
        "@geometry": "center"
      },
      "geometry": {
        "type": "Point",
        "coordinates": [
          -88.9284528,
          37.6945541
        ]
      },
      "id": "way/518378862"
    },
    {
      "type": "Feature",
      "properties": {
        "@id": "way/518378863",
        "landuse": "forest",
        "source": "USGS-Large_Scale",
        "@geometry": "center"
      },
      "geometry": {
        "type": "Point",
        "coordinates": [
          -88.9744581,
          37.6204289
        ]
      },
      "id": "way/518378863"
    },
    {
      "type": "Feature",
      "properties": {
        "@id": "way/518378864",
        "landuse": "forest",
        "source": "USGS-Large_Scale",
        "@geometry": "center"
      },
      "geometry": {
        "type": "Point",
        "coordinates": [
          -88.9616849,
          37.7047344
        ]
      },
      "id": "way/518378864"
    },
    {
      "type": "Feature",
      "properties": {
        "@id": "way/518418135",
        "landuse": "forest",
        "source": "USGS-Large_Scale",
        "@geometry": "center"
      },
      "geometry": {
        "type": "Point",
        "coordinates": [
          -88.8481498,
          37.7236441
        ]
      },
      "id": "way/518418135"
    },
    {
      "type": "Feature",
      "properties": {
        "@id": "way/518418145",
        "landuse": "forest",
        "source": "USGS-Large_Scale",
        "@geometry": "center"
      },
      "geometry": {
        "type": "Point",
        "coordinates": [
          -88.8755187,
          37.7502582
        ]
      },
      "id": "way/518418145"
    },
    {
      "type": "Feature",
      "properties": {
        "@id": "way/518418148",
        "landuse": "forest",
        "source": "USGS-Large_Scale",
        "@geometry": "center"
      },
      "geometry": {
        "type": "Point",
        "coordinates": [
          -88.8485142,
          37.7197955
        ]
      },
      "id": "way/518418148"
    },
    {
      "type": "Feature",
      "properties": {
        "@id": "way/518418227",
        "landuse": "forest",
        "source": "Bing",
        "@geometry": "center"
      },
      "geometry": {
        "type": "Point",
        "coordinates": [
          -88.9260594,
          37.7159255
        ]
      },
      "id": "way/518418227"
    },
    {
      "type": "Feature",
      "properties": {
        "@id": "way/518418240",
        "landuse": "forest",
        "source": "Bing",
        "@geometry": "center"
      },
      "geometry": {
        "type": "Point",
        "coordinates": [
          -88.9400607,
          37.7160528
        ]
      },
      "id": "way/518418240"
    },
    {
      "type": "Feature",
      "properties": {
        "@id": "way/518418259",
        "landuse": "forest",
        "source": "Bing",
        "@geometry": "center"
      },
      "geometry": {
        "type": "Point",
        "coordinates": [
          -88.927996,
          37.7140086
        ]
      },
      "id": "way/518418259"
    },
    {
      "type": "Feature",
      "properties": {
        "@id": "way/518428766",
        "landuse": "forest",
        "source": "USGS-Large_Scale",
        "@geometry": "center"
      },
      "geometry": {
        "type": "Point",
        "coordinates": [
          -88.824892,
          37.7346306
        ]
      },
      "id": "way/518428766"
    },
    {
      "type": "Feature",
      "properties": {
        "@id": "way/518428767",
        "landuse": "forest",
        "source": "USGS-Large_Scale",
        "@geometry": "center"
      },
      "geometry": {
        "type": "Point",
        "coordinates": [
          -88.8256782,
          37.7329158
        ]
      },
      "id": "way/518428767"
    },
    {
      "type": "Feature",
      "properties": {
        "@id": "way/518428768",
        "landuse": "forest",
        "source": "USGS-Large_Scale",
        "@geometry": "center"
      },
      "geometry": {
        "type": "Point",
        "coordinates": [
          -88.8319921,
          37.7252076
        ]
      },
      "id": "way/518428768"
    },
    {
      "type": "Feature",
      "properties": {
        "@id": "way/518428769",
        "landuse": "forest",
        "source": "USGS-Large_Scale",
        "@geometry": "center"
      },
      "geometry": {
        "type": "Point",
        "coordinates": [
          -88.8238918,
          37.7310289
        ]
      },
      "id": "way/518428769"
    },
    {
      "type": "Feature",
      "properties": {
        "@id": "way/518428770",
        "landuse": "forest",
        "source": "USGS-Large_Scale",
        "@geometry": "center"
      },
      "geometry": {
        "type": "Point",
        "coordinates": [
          -88.8371902,
          37.7591776
        ]
      },
      "id": "way/518428770"
    },
    {
      "type": "Feature",
      "properties": {
        "@id": "way/518428772",
        "landuse": "forest",
        "source": "USGS-Large_Scale",
        "@geometry": "center"
      },
      "geometry": {
        "type": "Point",
        "coordinates": [
          -88.8242486,
          37.7303224
        ]
      },
      "id": "way/518428772"
    },
    {
      "type": "Feature",
      "properties": {
        "@id": "way/518428774",
        "landuse": "forest",
        "source": "USGS-Large_Scale",
        "@geometry": "center"
      },
      "geometry": {
        "type": "Point",
        "coordinates": [
          -88.8226392,
          37.7313746
        ]
      },
      "id": "way/518428774"
    },
    {
      "type": "Feature",
      "properties": {
        "@id": "way/518428776",
        "landuse": "forest",
        "source": "USGS-Large_Scale",
        "@geometry": "center"
      },
      "geometry": {
        "type": "Point",
        "coordinates": [
          -88.82052,
          37.7321267
        ]
      },
      "id": "way/518428776"
    },
    {
      "type": "Feature",
      "properties": {
        "@id": "way/518428780",
        "landuse": "forest",
        "source": "USGS-Large_Scale",
        "@geometry": "center"
      },
      "geometry": {
        "type": "Point",
        "coordinates": [
          -88.876667,
          37.7531912
        ]
      },
      "id": "way/518428780"
    },
    {
      "type": "Feature",
      "properties": {
        "@id": "way/518428783",
        "landuse": "forest",
        "source": "USGS-Large_Scale",
        "@geometry": "center"
      },
      "geometry": {
        "type": "Point",
        "coordinates": [
          -88.8228563,
          37.7302779
        ]
      },
      "id": "way/518428783"
    },
    {
      "type": "Feature",
      "properties": {
        "@id": "way/518428785",
        "landuse": "forest",
        "source": "USGS-Large_Scale",
        "@geometry": "center"
      },
      "geometry": {
        "type": "Point",
        "coordinates": [
          -88.8328826,
          37.7261284
        ]
      },
      "id": "way/518428785"
    },
    {
      "type": "Feature",
      "properties": {
        "@id": "way/518428788",
        "landuse": "forest",
        "source": "USGS-Large_Scale",
        "@geometry": "center"
      },
      "geometry": {
        "type": "Point",
        "coordinates": [
          -88.821443,
          37.7331332
        ]
      },
      "id": "way/518428788"
    },
    {
      "type": "Feature",
      "properties": {
        "@id": "way/518428790",
        "landuse": "forest",
        "source": "USGS-Large_Scale",
        "@geometry": "center"
      },
      "geometry": {
        "type": "Point",
        "coordinates": [
          -88.8371658,
          37.754981
        ]
      },
      "id": "way/518428790"
    },
    {
      "type": "Feature",
      "properties": {
        "@id": "way/518428793",
        "landuse": "forest",
        "source": "USGS-Large_Scale",
        "@geometry": "center"
      },
      "geometry": {
        "type": "Point",
        "coordinates": [
          -88.8390811,
          37.7539738
        ]
      },
      "id": "way/518428793"
    },
    {
      "type": "Feature",
      "properties": {
        "@id": "way/518437981",
        "landuse": "forest",
        "source": "Bing",
        "@geometry": "center"
      },
      "geometry": {
        "type": "Point",
        "coordinates": [
          -88.9555919,
          37.7207545
        ]
      },
      "id": "way/518437981"
    },
    {
      "type": "Feature",
      "properties": {
        "@id": "way/518437988",
        "landuse": "forest",
        "source": "USGS-Large_Scale",
        "@geometry": "center"
      },
      "geometry": {
        "type": "Point",
        "coordinates": [
          -88.8322711,
          37.7280653
        ]
      },
      "id": "way/518437988"
    },
    {
      "type": "Feature",
      "properties": {
        "@id": "way/518437995",
        "landuse": "forest",
        "source": "Bing",
        "@geometry": "center"
      },
      "geometry": {
        "type": "Point",
        "coordinates": [
          -88.9660794,
          37.7089498
        ]
      },
      "id": "way/518437995"
    },
    {
      "type": "Feature",
      "properties": {
        "@id": "way/518437999",
        "landuse": "forest",
        "source": "USGS-Large_Scale",
        "@geometry": "center"
      },
      "geometry": {
        "type": "Point",
        "coordinates": [
          -88.8352591,
          37.7426654
        ]
      },
      "id": "way/518437999"
    },
    {
      "type": "Feature",
      "properties": {
        "@id": "way/518445501",
        "landuse": "forest",
        "source": "USGS-Large_Scale",
        "@geometry": "center"
      },
      "geometry": {
        "type": "Point",
        "coordinates": [
          -88.9110285,
          37.5155873
        ]
      },
      "id": "way/518445501"
    },
    {
      "type": "Feature",
      "properties": {
        "@id": "way/518445507",
        "landuse": "forest",
        "source": "USGS-Large_Scale",
        "@geometry": "center"
      },
      "geometry": {
        "type": "Point",
        "coordinates": [
          -88.9572643,
          37.5893728
        ]
      },
      "id": "way/518445507"
    },
    {
      "type": "Feature",
      "properties": {
        "@id": "way/518445509",
        "landuse": "forest",
        "source": "USGS-Large_Scale",
        "@geometry": "center"
      },
      "geometry": {
        "type": "Point",
        "coordinates": [
          -88.9494833,
          37.577812
        ]
      },
      "id": "way/518445509"
    },
    {
      "type": "Feature",
      "properties": {
        "@id": "way/518445512",
        "landuse": "forest",
        "source": "USGS-Large_Scale",
        "@geometry": "center"
      },
      "geometry": {
        "type": "Point",
        "coordinates": [
          -88.9388643,
          37.5512804
        ]
      },
      "id": "way/518445512"
    },
    {
      "type": "Feature",
      "properties": {
        "@id": "way/518445515",
        "landuse": "forest",
        "source": "USGS-Large_Scale",
        "@geometry": "center"
      },
      "geometry": {
        "type": "Point",
        "coordinates": [
          -89.0310815,
          37.5563497
        ]
      },
      "id": "way/518445515"
    },
    {
      "type": "Feature",
      "properties": {
        "@id": "way/518445517",
        "landuse": "forest",
        "source": "USGS-Large_Scale",
        "@geometry": "center"
      },
      "geometry": {
        "type": "Point",
        "coordinates": [
          -88.8901073,
          37.5079918
        ]
      },
      "id": "way/518445517"
    },
    {
      "type": "Feature",
      "properties": {
        "@id": "way/518445520",
        "landuse": "forest",
        "source": "USGS-Large_Scale",
        "@geometry": "center"
      },
      "geometry": {
        "type": "Point",
        "coordinates": [
          -88.9230529,
          37.534022
        ]
      },
      "id": "way/518445520"
    },
    {
      "type": "Feature",
      "properties": {
        "@id": "way/518445522",
        "landuse": "forest",
        "source": "USGS-Large_Scale",
        "@geometry": "center"
      },
      "geometry": {
        "type": "Point",
        "coordinates": [
          -88.9365283,
          37.5488327
        ]
      },
      "id": "way/518445522"
    },
    {
      "type": "Feature",
      "properties": {
        "@id": "way/518445524",
        "landuse": "forest",
        "source": "USGS-Large_Scale",
        "@geometry": "center"
      },
      "geometry": {
        "type": "Point",
        "coordinates": [
          -88.932564,
          37.5443434
        ]
      },
      "id": "way/518445524"
    },
    {
      "type": "Feature",
      "properties": {
        "@id": "way/518445528",
        "landuse": "forest",
        "source": "USGS-Large_Scale",
        "@geometry": "center"
      },
      "geometry": {
        "type": "Point",
        "coordinates": [
          -88.9495314,
          37.5668169
        ]
      },
      "id": "way/518445528"
    },
    {
      "type": "Feature",
      "properties": {
        "@id": "way/518445530",
        "landuse": "forest",
        "source": "USGS-Large_Scale",
        "@geometry": "center"
      },
      "geometry": {
        "type": "Point",
        "coordinates": [
          -88.9763966,
          37.6289414
        ]
      },
      "id": "way/518445530"
    },
    {
      "type": "Feature",
      "properties": {
        "@id": "way/518445535",
        "landuse": "forest",
        "source": "USGS-Large_Scale",
        "@geometry": "center"
      },
      "geometry": {
        "type": "Point",
        "coordinates": [
          -88.9457363,
          37.5717333
        ]
      },
      "id": "way/518445535"
    },
    {
      "type": "Feature",
      "properties": {
        "@id": "way/518445537",
        "landuse": "forest",
        "source": "USGS-Large_Scale",
        "@geometry": "center"
      },
      "geometry": {
        "type": "Point",
        "coordinates": [
          -88.9492151,
          37.564439
        ]
      },
      "id": "way/518445537"
    },
    {
      "type": "Feature",
      "properties": {
        "@id": "way/518445540",
        "landuse": "forest",
        "source": "USGS-Large_Scale",
        "@geometry": "center"
      },
      "geometry": {
        "type": "Point",
        "coordinates": [
          -88.8906089,
          37.4987034
        ]
      },
      "id": "way/518445540"
    },
    {
      "type": "Feature",
      "properties": {
        "@id": "way/518445542",
        "landuse": "forest",
        "source": "USGS-Large_Scale",
        "@geometry": "center"
      },
      "geometry": {
        "type": "Point",
        "coordinates": [
          -88.8954988,
          37.4974385
        ]
      },
      "id": "way/518445542"
    },
    {
      "type": "Feature",
      "properties": {
        "@id": "way/518450098",
        "landuse": "forest",
        "source": "USGS-Large_Scale",
        "@geometry": "center"
      },
      "geometry": {
        "type": "Point",
        "coordinates": [
          -88.8678291,
          37.5115462
        ]
      },
      "id": "way/518450098"
    },
    {
      "type": "Feature",
      "properties": {
        "@id": "way/518455096",
        "landuse": "forest",
        "source": "USGS-Large_Scale",
        "@geometry": "center"
      },
      "geometry": {
        "type": "Point",
        "coordinates": [
          -88.8649216,
          37.5270421
        ]
      },
      "id": "way/518455096"
    },
    {
      "type": "Feature",
      "properties": {
        "@id": "way/518455097",
        "landuse": "forest",
        "source": "USGS-Large_Scale",
        "@geometry": "center"
      },
      "geometry": {
        "type": "Point",
        "coordinates": [
          -88.8716459,
          37.5204591
        ]
      },
      "id": "way/518455097"
    },
    {
      "type": "Feature",
      "properties": {
        "@id": "way/518455100",
        "landuse": "forest",
        "source": "USGS-Large_Scale",
        "@geometry": "center"
      },
      "geometry": {
        "type": "Point",
        "coordinates": [
          -88.7058904,
          37.6403244
        ]
      },
      "id": "way/518455100"
    },
    {
      "type": "Feature",
      "properties": {
        "@id": "way/518455105",
        "landuse": "forest",
        "source": "USGS-Large_Scale",
        "@geometry": "center"
      },
      "geometry": {
        "type": "Point",
        "coordinates": [
          -88.694416,
          37.6396298
        ]
      },
      "id": "way/518455105"
    },
    {
      "type": "Feature",
      "properties": {
        "@id": "way/518455110",
        "landuse": "forest",
        "source": "USGS-Large_Scale",
        "@geometry": "center"
      },
      "geometry": {
        "type": "Point",
        "coordinates": [
          -88.6956447,
          37.6396213
        ]
      },
      "id": "way/518455110"
    },
    {
      "type": "Feature",
      "properties": {
        "@id": "way/518455118",
        "landuse": "forest",
        "source": "USGS-Large_Scale",
        "@geometry": "center"
      },
      "geometry": {
        "type": "Point",
        "coordinates": [
          -88.8364431,
          37.5715435
        ]
      },
      "id": "way/518455118"
    },
    {
      "type": "Feature",
      "properties": {
        "@id": "way/518455126",
        "landuse": "forest",
        "source": "USGS-Large_Scale",
        "@geometry": "center"
      },
      "geometry": {
        "type": "Point",
        "coordinates": [
          -88.8409263,
          37.5774165
        ]
      },
      "id": "way/518455126"
    },
    {
      "type": "Feature",
      "properties": {
        "@id": "way/518455144",
        "landuse": "forest",
        "source": "USGS-Large_Scale",
        "@geometry": "center"
      },
      "geometry": {
        "type": "Point",
        "coordinates": [
          -88.8754761,
          37.5281301
        ]
      },
      "id": "way/518455144"
    },
    {
      "type": "Feature",
      "properties": {
        "@id": "way/518455152",
        "landuse": "forest",
        "source": "USGS-Large_Scale",
        "@geometry": "center"
      },
      "geometry": {
        "type": "Point",
        "coordinates": [
          -88.8635376,
          37.5254221
        ]
      },
      "id": "way/518455152"
    },
    {
      "type": "Feature",
      "properties": {
        "@id": "way/518455163",
        "landuse": "forest",
        "source": "USGS-Large_Scale",
        "@geometry": "center"
      },
      "geometry": {
        "type": "Point",
        "coordinates": [
          -88.8648411,
          37.5283938
        ]
      },
      "id": "way/518455163"
    },
    {
      "type": "Feature",
      "properties": {
        "@id": "way/518458079",
        "landuse": "forest",
        "source": "USGS-Large_Scale",
        "@geometry": "center"
      },
      "geometry": {
        "type": "Point",
        "coordinates": [
          -88.8785231,
          37.3165446
        ]
      },
      "id": "way/518458079"
    },
    {
      "type": "Feature",
      "properties": {
        "@id": "way/518458081",
        "landuse": "forest",
        "source": "USGS-Large_Scale",
        "@geometry": "center"
      },
      "geometry": {
        "type": "Point",
        "coordinates": [
          -88.8910141,
          37.3184814
        ]
      },
      "id": "way/518458081"
    },
    {
      "type": "Feature",
      "properties": {
        "@id": "way/518458089",
        "landuse": "forest",
        "source": "USGS-Large_Scale",
        "@geometry": "center"
      },
      "geometry": {
        "type": "Point",
        "coordinates": [
          -88.8296181,
          37.2663197
        ]
      },
      "id": "way/518458089"
    },
    {
      "type": "Feature",
      "properties": {
        "@id": "way/518458100",
        "landuse": "forest",
        "source": "USGS-Large_Scale",
        "@geometry": "center"
      },
      "geometry": {
        "type": "Point",
        "coordinates": [
          -88.8420636,
          37.2739696
        ]
      },
      "id": "way/518458100"
    },
    {
      "type": "Feature",
      "properties": {
        "@id": "way/518458111",
        "landuse": "forest",
        "source": "USGS-Large_Scale",
        "@geometry": "center"
      },
      "geometry": {
        "type": "Point",
        "coordinates": [
          -88.8351161,
          37.2652175
        ]
      },
      "id": "way/518458111"
    },
    {
      "type": "Feature",
      "properties": {
        "@id": "way/518459139",
        "landuse": "forest",
        "source": "USGS-Large_Scale",
        "@geometry": "center"
      },
      "geometry": {
        "type": "Point",
        "coordinates": [
          -88.8249781,
          37.2228962
        ]
      },
      "id": "way/518459139"
    },
    {
      "type": "Feature",
      "properties": {
        "@id": "way/518459140",
        "landuse": "forest",
        "source": "USGS-Large_Scale",
        "@geometry": "center"
      },
      "geometry": {
        "type": "Point",
        "coordinates": [
          -88.7921962,
          37.2043187
        ]
      },
      "id": "way/518459140"
    },
    {
      "type": "Feature",
      "properties": {
        "@id": "way/518459142",
        "landuse": "forest",
        "source": "USGS-Large_Scale",
        "@geometry": "center"
      },
      "geometry": {
        "type": "Point",
        "coordinates": [
          -88.7981665,
          37.2271463
        ]
      },
      "id": "way/518459142"
    },
    {
      "type": "Feature",
      "properties": {
        "@id": "way/518459143",
        "landuse": "forest",
        "source": "USGS-Large_Scale",
        "@geometry": "center"
      },
      "geometry": {
        "type": "Point",
        "coordinates": [
          -88.7984002,
          37.2037121
        ]
      },
      "id": "way/518459143"
    },
    {
      "type": "Feature",
      "properties": {
        "@id": "way/518461621",
        "landuse": "forest",
        "source": "USGS-Large_Scale",
        "@geometry": "center"
      },
      "geometry": {
        "type": "Point",
        "coordinates": [
          -88.6632355,
          37.3205121
        ]
      },
      "id": "way/518461621"
    },
    {
      "type": "Feature",
      "properties": {
        "@id": "way/518461622",
        "landuse": "forest",
        "source": "USGS-Large_Scale",
        "@geometry": "center"
      },
      "geometry": {
        "type": "Point",
        "coordinates": [
          -88.592425,
          37.4545969
        ]
      },
      "id": "way/518461622"
    },
    {
      "type": "Feature",
      "properties": {
        "@id": "way/518461623",
        "landuse": "forest",
        "source": "USGS-Large_Scale",
        "@geometry": "center"
      },
      "geometry": {
        "type": "Point",
        "coordinates": [
          -88.6659741,
          37.320478
        ]
      },
      "id": "way/518461623"
    },
    {
      "type": "Feature",
      "properties": {
        "@id": "way/518461624",
        "landuse": "forest",
        "source": "USGS-Large_Scale",
        "@geometry": "center"
      },
      "geometry": {
        "type": "Point",
        "coordinates": [
          -88.6179063,
          37.4481792
        ]
      },
      "id": "way/518461624"
    },
    {
      "type": "Feature",
      "properties": {
        "@id": "way/518464453",
        "landuse": "forest",
        "source": "USGS-Large_Scale",
        "@geometry": "center"
      },
      "geometry": {
        "type": "Point",
        "coordinates": [
          -88.5891342,
          37.464823
        ]
      },
      "id": "way/518464453"
    },
    {
      "type": "Feature",
      "properties": {
        "@id": "way/518464457",
        "landuse": "forest",
        "@geometry": "center"
      },
      "geometry": {
        "type": "Point",
        "coordinates": [
          -88.5742292,
          37.5189998
        ]
      },
      "id": "way/518464457"
    },
    {
      "type": "Feature",
      "properties": {
        "@id": "way/518466077",
        "landuse": "forest",
        "source": "USGS-Large_Scale",
        "@geometry": "center"
      },
      "geometry": {
        "type": "Point",
        "coordinates": [
          -88.5360476,
          37.6705439
        ]
      },
      "id": "way/518466077"
    },
    {
      "type": "Feature",
      "properties": {
        "@id": "way/518541694",
        "landuse": "forest",
        "source": "USGS-Large_Scale",
        "@geometry": "center"
      },
      "geometry": {
        "type": "Point",
        "coordinates": [
          -88.5238466,
          37.7583485
        ]
      },
      "id": "way/518541694"
    },
    {
      "type": "Feature",
      "properties": {
        "@id": "way/518541700",
        "landuse": "forest",
        "source": "USGS-Large_Scale",
        "@geometry": "center"
      },
      "geometry": {
        "type": "Point",
        "coordinates": [
          -88.5399475,
          37.7514831
        ]
      },
      "id": "way/518541700"
    },
    {
      "type": "Feature",
      "properties": {
        "@id": "way/518541704",
        "landuse": "forest",
        "source": "USGS-Large_Scale",
        "@geometry": "center"
      },
      "geometry": {
        "type": "Point",
        "coordinates": [
          -88.5412053,
          37.7523687
        ]
      },
      "id": "way/518541704"
    },
    {
      "type": "Feature",
      "properties": {
        "@id": "way/518541762",
        "landuse": "forest",
        "source": "USGS-Large_Scale",
        "@geometry": "center"
      },
      "geometry": {
        "type": "Point",
        "coordinates": [
          -88.5335744,
          37.7535177
        ]
      },
      "id": "way/518541762"
    },
    {
      "type": "Feature",
      "properties": {
        "@id": "way/518541768",
        "landuse": "forest",
        "source": "USGS-Large_Scale",
        "@geometry": "center"
      },
      "geometry": {
        "type": "Point",
        "coordinates": [
          -88.5463324,
          37.7476041
        ]
      },
      "id": "way/518541768"
    },
    {
      "type": "Feature",
      "properties": {
        "@id": "way/532501710",
        "landuse": "forest",
        "leaf_cycle": "deciduous",
        "leaf_type": "mixed",
        "@geometry": "center"
      },
      "geometry": {
        "type": "Point",
        "coordinates": [
          -85.2496271,
          38.2085556
        ]
      },
      "id": "way/532501710"
    },
    {
      "type": "Feature",
      "properties": {
        "@id": "way/532545967",
        "landuse": "forest",
        "@geometry": "center"
      },
      "geometry": {
        "type": "Point",
        "coordinates": [
          -85.2603353,
          38.2111314
        ]
      },
      "id": "way/532545967"
    },
    {
      "type": "Feature",
      "properties": {
        "@id": "way/532545968",
        "landuse": "forest",
        "@geometry": "center"
      },
      "geometry": {
        "type": "Point",
        "coordinates": [
          -85.2572971,
          38.2125001
        ]
      },
      "id": "way/532545968"
    },
    {
      "type": "Feature",
      "properties": {
        "@id": "way/532546006",
        "landuse": "forest",
        "@geometry": "center"
      },
      "geometry": {
        "type": "Point",
        "coordinates": [
          -85.2513312,
          38.2117246
        ]
      },
      "id": "way/532546006"
    },
    {
      "type": "Feature",
      "properties": {
        "@id": "way/538664696",
        "landuse": "forest",
        "leaf_cycle": "mixed",
        "leaf_type": "mixed",
        "name": "Keel Forest",
        "@geometry": "center"
      },
      "geometry": {
        "type": "Point",
        "coordinates": [
          -87.9981998,
          37.2351003
        ]
      },
      "id": "way/538664696"
    },
    {
      "type": "Feature",
      "properties": {
        "@id": "way/540293382",
        "landuse": "forest",
        "@geometry": "center"
      },
      "geometry": {
        "type": "Point",
        "coordinates": [
          -85.7329568,
          38.3665268
        ]
      },
      "id": "way/540293382"
    },
    {
      "type": "Feature",
      "properties": {
        "@id": "way/543817259",
        "landuse": "forest",
        "@geometry": "center"
      },
      "geometry": {
        "type": "Point",
        "coordinates": [
          -86.0545292,
          38.27878
        ]
      },
      "id": "way/543817259"
    },
    {
      "type": "Feature",
      "properties": {
        "@id": "way/544277770",
        "landuse": "forest",
        "@geometry": "center"
      },
      "geometry": {
        "type": "Point",
        "coordinates": [
          -86.0490855,
          38.2806126
        ]
      },
      "id": "way/544277770"
    },
    {
      "type": "Feature",
      "properties": {
        "@id": "way/544428006",
        "landuse": "forest",
        "@geometry": "center"
      },
      "geometry": {
        "type": "Point",
        "coordinates": [
          -86.0627899,
          38.2817869
        ]
      },
      "id": "way/544428006"
    },
    {
      "type": "Feature",
      "properties": {
        "@id": "way/544673924",
        "landuse": "forest",
        "leaf_cycle": "semi_evergreen",
        "leaf_type": "mixed",
        "name": "Hampshire Forestry",
        "produce": "wood",
        "@geometry": "center"
      },
      "geometry": {
        "type": "Point",
        "coordinates": [
          -84.6606608,
          38.9473868
        ]
      },
      "id": "way/544673924"
    },
    {
      "type": "Feature",
      "properties": {
        "@id": "way/544675239",
        "landuse": "forest",
        "@geometry": "center"
      },
      "geometry": {
        "type": "Point",
        "coordinates": [
          -84.6051797,
          38.9520229
        ]
      },
      "id": "way/544675239"
    },
    {
      "type": "Feature",
      "properties": {
        "@id": "way/550976740",
        "landuse": "forest",
        "@geometry": "center"
      },
      "geometry": {
        "type": "Point",
        "coordinates": [
          -85.8840908,
          38.1913141
        ]
      },
      "id": "way/550976740"
    },
    {
      "type": "Feature",
      "properties": {
        "@id": "way/550976741",
        "landuse": "forest",
        "@geometry": "center"
      },
      "geometry": {
        "type": "Point",
        "coordinates": [
          -85.8592012,
          38.2041335
        ]
      },
      "id": "way/550976741"
    },
    {
      "type": "Feature",
      "properties": {
        "@id": "way/557457938",
        "landuse": "forest",
        "@geometry": "center"
      },
      "geometry": {
        "type": "Point",
        "coordinates": [
          -85.8889904,
          38.9008478
        ]
      },
      "id": "way/557457938"
    },
    {
      "type": "Feature",
      "properties": {
        "@id": "way/557457939",
        "landuse": "forest",
        "@geometry": "center"
      },
      "geometry": {
        "type": "Point",
        "coordinates": [
          -85.8885603,
          38.8971007
        ]
      },
      "id": "way/557457939"
    },
    {
      "type": "Feature",
      "properties": {
        "@id": "way/558317963",
        "landuse": "forest",
        "@geometry": "center"
      },
      "geometry": {
        "type": "Point",
        "coordinates": [
          -85.7890081,
          38.1239006
        ]
      },
      "id": "way/558317963"
    },
    {
      "type": "Feature",
      "properties": {
        "@id": "way/558317966",
        "landuse": "forest",
        "@geometry": "center"
      },
      "geometry": {
        "type": "Point",
        "coordinates": [
          -85.7942432,
          38.1252932
        ]
      },
      "id": "way/558317966"
    },
    {
      "type": "Feature",
      "properties": {
        "@id": "way/570756951",
        "landuse": "forest",
        "name": "Abbey West NE Boundary",
        "@geometry": "center"
      },
      "geometry": {
        "type": "Point",
        "coordinates": [
          -85.5307361,
          37.6808594
        ]
      },
      "id": "way/570756951"
    },
    {
      "type": "Feature",
      "properties": {
        "@id": "way/570756952",
        "landuse": "forest",
        "name": "Abbey West N Boundary",
        "@geometry": "center"
      },
      "geometry": {
        "type": "Point",
        "coordinates": [
          -85.539461,
          37.6844038
        ]
      },
      "id": "way/570756952"
    },
    {
      "type": "Feature",
      "properties": {
        "@id": "way/570756953",
        "landuse": "forest",
        "name": "Abbey West NW Boundary",
        "@geometry": "center"
      },
      "geometry": {
        "type": "Point",
        "coordinates": [
          -85.553194,
          37.679564
        ]
      },
      "id": "way/570756953"
    },
    {
      "type": "Feature",
      "properties": {
        "@id": "way/570756954",
        "landuse": "forest",
        "name": "Abbey West W Boundary",
        "@geometry": "center"
      },
      "geometry": {
        "type": "Point",
        "coordinates": [
          -85.5598351,
          37.6736917
        ]
      },
      "id": "way/570756954"
    },
    {
      "type": "Feature",
      "properties": {
        "@id": "way/570756956",
        "landuse": "forest",
        "name": "Abbey West SW Boundary",
        "@geometry": "center"
      },
      "geometry": {
        "type": "Point",
        "coordinates": [
          -85.5532047,
          37.6650977
        ]
      },
      "id": "way/570756956"
    },
    {
      "type": "Feature",
      "properties": {
        "@id": "way/570756957",
        "landuse": "forest",
        "name": "Abbey West SE Boundary",
        "@geometry": "center"
      },
      "geometry": {
        "type": "Point",
        "coordinates": [
          -85.5407486,
          37.6610889
        ]
      },
      "id": "way/570756957"
    },
    {
      "type": "Feature",
      "properties": {
        "@id": "way/570767487",
        "landuse": "forest",
        "@geometry": "center"
      },
      "geometry": {
        "type": "Point",
        "coordinates": [
          -85.5395747,
          37.6807235
        ]
      },
      "id": "way/570767487"
    },
    {
      "type": "Feature",
      "properties": {
        "@id": "way/570770860",
        "landuse": "forest",
        "@geometry": "center"
      },
      "geometry": {
        "type": "Point",
        "coordinates": [
          -85.54897,
          37.6724304
        ]
      },
      "id": "way/570770860"
    },
    {
      "type": "Feature",
      "properties": {
        "@id": "way/570776572",
        "landuse": "forest",
        "@geometry": "center"
      },
      "geometry": {
        "type": "Point",
        "coordinates": [
          -85.5373623,
          37.6698939
        ]
      },
      "id": "way/570776572"
    },
    {
      "type": "Feature",
      "properties": {
        "@id": "way/571094969",
        "landuse": "forest",
        "@geometry": "center"
      },
      "geometry": {
        "type": "Point",
        "coordinates": [
          -85.5351474,
          37.6736493
        ]
      },
      "id": "way/571094969"
    },
    {
      "type": "Feature",
      "properties": {
        "@id": "way/571094970",
        "landuse": "forest",
        "@geometry": "center"
      },
      "geometry": {
        "type": "Point",
        "coordinates": [
          -85.5317663,
          37.6761671
        ]
      },
      "id": "way/571094970"
    },
    {
      "type": "Feature",
      "properties": {
        "@id": "way/571094971",
        "landuse": "forest",
        "@geometry": "center"
      },
      "geometry": {
        "type": "Point",
        "coordinates": [
          -85.543109,
          37.6627504
        ]
      },
      "id": "way/571094971"
    },
    {
      "type": "Feature",
      "properties": {
        "@id": "way/571371984",
        "landuse": "forest",
        "@geometry": "center"
      },
      "geometry": {
        "type": "Point",
        "coordinates": [
          -85.5252617,
          37.6619802
        ]
      },
      "id": "way/571371984"
    },
    {
      "type": "Feature",
      "properties": {
        "@id": "way/571444594",
        "landuse": "forest",
        "@geometry": "center"
      },
      "geometry": {
        "type": "Point",
        "coordinates": [
          -85.5226913,
          37.6726484
        ]
      },
      "id": "way/571444594"
    },
    {
      "type": "Feature",
      "properties": {
        "@id": "way/572635459",
        "landuse": "forest",
        "@geometry": "center"
      },
      "geometry": {
        "type": "Point",
        "coordinates": [
          -85.5255272,
          37.6746627
        ]
      },
      "id": "way/572635459"
    },
    {
      "type": "Feature",
      "properties": {
        "@id": "way/573287592",
        "landuse": "forest",
        "@geometry": "center"
      },
      "geometry": {
        "type": "Point",
        "coordinates": [
          -85.5134422,
          37.6741546
        ]
      },
      "id": "way/573287592"
    },
    {
      "type": "Feature",
      "properties": {
        "@id": "way/573591166",
        "landuse": "forest",
        "@geometry": "center"
      },
      "geometry": {
        "type": "Point",
        "coordinates": [
          -85.5140411,
          37.6634563
        ]
      },
      "id": "way/573591166"
    },
    {
      "type": "Feature",
      "properties": {
        "@id": "way/573591168",
        "landuse": "forest",
        "@geometry": "center"
      },
      "geometry": {
        "type": "Point",
        "coordinates": [
          -85.5111021,
          37.6605619
        ]
      },
      "id": "way/573591168"
    },
    {
      "type": "Feature",
      "properties": {
        "@id": "way/577867874",
        "landuse": "forest",
        "@geometry": "center"
      },
      "geometry": {
        "type": "Point",
        "coordinates": [
          -85.8919314,
          38.1072343
        ]
      },
      "id": "way/577867874"
    },
    {
      "type": "Feature",
      "properties": {
        "@id": "way/580797811",
        "landuse": "forest",
        "@geometry": "center"
      },
      "geometry": {
        "type": "Point",
        "coordinates": [
          -82.2006571,
          36.8117764
        ]
      },
      "id": "way/580797811"
    },
    {
      "type": "Feature",
      "properties": {
        "@id": "way/583329177",
        "description": "Walking Trails through the woods, developed by the City of North Vernon.",
        "landuse": "forest",
        "name": "North Vernon Walking Trails into the woods",
        "@geometry": "center"
      },
      "geometry": {
        "type": "Point",
        "coordinates": [
          -85.6368296,
          39.0145306
        ]
      },
      "id": "way/583329177"
    },
    {
      "type": "Feature",
      "properties": {
        "@id": "way/583345451",
        "landuse": "forest",
        "@geometry": "center"
      },
      "geometry": {
        "type": "Point",
        "coordinates": [
          -86.1453135,
          38.6286606
        ]
      },
      "id": "way/583345451"
    },
    {
      "type": "Feature",
      "properties": {
        "@id": "way/584992856",
        "landuse": "forest",
        "source": "Esri",
        "@geometry": "center"
      },
      "geometry": {
        "type": "Point",
        "coordinates": [
          -84.6455048,
          37.9393454
        ]
      },
      "id": "way/584992856"
    },
    {
      "type": "Feature",
      "properties": {
        "@id": "way/591014586",
        "landuse": "forest",
        "leaf_type": "mixed",
        "@geometry": "center"
      },
      "geometry": {
        "type": "Point",
        "coordinates": [
          -84.7550941,
          38.9816444
        ]
      },
      "id": "way/591014586"
    },
    {
      "type": "Feature",
      "properties": {
        "@id": "way/599676815",
        "landuse": "forest",
        "@geometry": "center"
      },
      "geometry": {
        "type": "Point",
        "coordinates": [
          -85.5672476,
          38.2083913
        ]
      },
      "id": "way/599676815"
    },
    {
      "type": "Feature",
      "properties": {
        "@id": "way/599947124",
        "landuse": "forest",
        "@geometry": "center"
      },
      "geometry": {
        "type": "Point",
        "coordinates": [
          -89.2090778,
          37.8155167
        ]
      },
      "id": "way/599947124"
    },
    {
      "type": "Feature",
      "properties": {
        "@id": "way/599947126",
        "landuse": "forest",
        "@geometry": "center"
      },
      "geometry": {
        "type": "Point",
        "coordinates": [
          -89.2377159,
          37.8194455
        ]
      },
      "id": "way/599947126"
    },
    {
      "type": "Feature",
      "properties": {
        "@id": "way/599947127",
        "landuse": "forest",
        "@geometry": "center"
      },
      "geometry": {
        "type": "Point",
        "coordinates": [
          -89.2324171,
          37.8194344
        ]
      },
      "id": "way/599947127"
    },
    {
      "type": "Feature",
      "properties": {
        "@id": "way/599977037",
        "landuse": "forest",
        "@geometry": "center"
      },
      "geometry": {
        "type": "Point",
        "coordinates": [
          -89.2234589,
          37.8212934
        ]
      },
      "id": "way/599977037"
    },
    {
      "type": "Feature",
      "properties": {
        "@id": "way/599977084",
        "landuse": "forest",
        "@geometry": "center"
      },
      "geometry": {
        "type": "Point",
        "coordinates": [
          -89.24038,
          37.8158433
        ]
      },
      "id": "way/599977084"
    },
    {
      "type": "Feature",
      "properties": {
        "@id": "way/599979377",
        "landuse": "forest",
        "@geometry": "center"
      },
      "geometry": {
        "type": "Point",
        "coordinates": [
          -89.1402567,
          37.8274692
        ]
      },
      "id": "way/599979377"
    },
    {
      "type": "Feature",
      "properties": {
        "@id": "way/599979402",
        "landuse": "forest",
        "@geometry": "center"
      },
      "geometry": {
        "type": "Point",
        "coordinates": [
          -89.1397137,
          37.8348861
        ]
      },
      "id": "way/599979402"
    },
    {
      "type": "Feature",
      "properties": {
        "@id": "way/600520589",
        "landuse": "forest",
        "@geometry": "center"
      },
      "geometry": {
        "type": "Point",
        "coordinates": [
          -89.2446221,
          37.8146476
        ]
      },
      "id": "way/600520589"
    },
    {
      "type": "Feature",
      "properties": {
        "@id": "way/600520612",
        "landuse": "forest",
        "@geometry": "center"
      },
      "geometry": {
        "type": "Point",
        "coordinates": [
          -89.2434146,
          37.8253328
        ]
      },
      "id": "way/600520612"
    },
    {
      "type": "Feature",
      "properties": {
        "@id": "way/600520614",
        "landuse": "forest",
        "@geometry": "center"
      },
      "geometry": {
        "type": "Point",
        "coordinates": [
          -89.2381182,
          37.8249077
        ]
      },
      "id": "way/600520614"
    },
    {
      "type": "Feature",
      "properties": {
        "@id": "way/600520615",
        "landuse": "forest",
        "@geometry": "center"
      },
      "geometry": {
        "type": "Point",
        "coordinates": [
          -89.2330608,
          37.824816
        ]
      },
      "id": "way/600520615"
    },
    {
      "type": "Feature",
      "properties": {
        "@id": "way/600520619",
        "landuse": "forest",
        "@geometry": "center"
      },
      "geometry": {
        "type": "Point",
        "coordinates": [
          -89.2341125,
          37.8183837
        ]
      },
      "id": "way/600520619"
    },
    {
      "type": "Feature",
      "properties": {
        "@id": "way/602734864",
        "landuse": "forest",
        "leaf_cycle": "mixed",
        "leaf_type": "mixed",
        "name": "Rodefer Forest",
        "@geometry": "center"
      },
      "geometry": {
        "type": "Point",
        "coordinates": [
          -82.3476909,
          36.588561
        ]
      },
      "id": "way/602734864"
    },
    {
      "type": "Feature",
      "properties": {
        "@id": "way/602735796",
        "landuse": "forest",
        "leaf_cycle": "deciduous",
        "leaf_type": "broadleaved",
        "name": "Rodefer Orchard",
        "produce": "apple;pear",
        "@geometry": "center"
      },
      "geometry": {
        "type": "Point",
        "coordinates": [
          -82.349195,
          36.5893553
        ]
      },
      "id": "way/602735796"
    },
    {
      "type": "Feature",
      "properties": {
        "@id": "way/611916644",
        "landuse": "forest",
        "@geometry": "center"
      },
      "geometry": {
        "type": "Point",
        "coordinates": [
          -87.3692367,
          36.5763682
        ]
      },
      "id": "way/611916644"
    },
    {
      "type": "Feature",
      "properties": {
        "@id": "way/619179197",
        "landuse": "forest",
        "name": "Kleber WMA",
        "@geometry": "center"
      },
      "geometry": {
        "type": "Point",
        "coordinates": [
          -84.8539784,
          38.3642789
        ]
      },
      "id": "way/619179197"
    },
    {
      "type": "Feature",
      "properties": {
        "@id": "way/620412202",
        "landuse": "forest",
        "leaf_cycle": "deciduous",
        "leaf_type": "mixed",
        "name": "Tunnel Mill Area",
        "@geometry": "center"
      },
      "geometry": {
        "type": "Point",
        "coordinates": [
          -85.6091773,
          38.9753125
        ]
      },
      "id": "way/620412202"
    },
    {
      "type": "Feature",
      "properties": {
        "@id": "way/620642228",
        "landuse": "forest",
        "leaf_cycle": "deciduous",
        "leaf_type": "mixed",
        "@geometry": "center"
      },
      "geometry": {
        "type": "Point",
        "coordinates": [
          -85.6258305,
          39.0128364
        ]
      },
      "id": "way/620642228"
    },
    {
      "type": "Feature",
      "properties": {
        "@id": "way/620642436",
        "landuse": "forest",
        "leaf_cycle": "mixed",
        "leaf_type": "mixed",
        "@geometry": "center"
      },
      "geometry": {
        "type": "Point",
        "coordinates": [
          -85.6206324,
          39.0180164
        ]
      },
      "id": "way/620642436"
    },
    {
      "type": "Feature",
      "properties": {
        "@id": "way/620646359",
        "landuse": "forest",
        "leaf_cycle": "deciduous",
        "leaf_type": "broadleaved",
        "@geometry": "center"
      },
      "geometry": {
        "type": "Point",
        "coordinates": [
          -85.6062108,
          38.9858427
        ]
      },
      "id": "way/620646359"
    },
    {
      "type": "Feature",
      "properties": {
        "@id": "way/620906128",
        "landuse": "forest",
        "@geometry": "center"
      },
      "geometry": {
        "type": "Point",
        "coordinates": [
          -85.6121515,
          38.9778144
        ]
      },
      "id": "way/620906128"
    },
    {
      "type": "Feature",
      "properties": {
        "@id": "way/621211152",
        "landuse": "forest",
        "leaf_cycle": "mixed",
        "leaf_type": "mixed",
        "@geometry": "center"
      },
      "geometry": {
        "type": "Point",
        "coordinates": [
          -85.6130078,
          38.9813994
        ]
      },
      "id": "way/621211152"
    },
    {
      "type": "Feature",
      "properties": {
        "@id": "way/621211995",
        "landuse": "forest",
        "@geometry": "center"
      },
      "geometry": {
        "type": "Point",
        "coordinates": [
          -85.6033106,
          38.9842131
        ]
      },
      "id": "way/621211995"
    },
    {
      "type": "Feature",
      "properties": {
        "@id": "way/621219791",
        "landuse": "forest",
        "leaf_cycle": "mixed",
        "leaf_type": "mixed",
        "@geometry": "center"
      },
      "geometry": {
        "type": "Point",
        "coordinates": [
          -85.6145094,
          38.9872598
        ]
      },
      "id": "way/621219791"
    },
    {
      "type": "Feature",
      "properties": {
        "@id": "way/621229355",
        "landuse": "forest",
        "leaf_cycle": "mixed",
        "leaf_type": "mixed",
        "@geometry": "center"
      },
      "geometry": {
        "type": "Point",
        "coordinates": [
          -88.9732362,
          37.5342487
        ]
      },
      "id": "way/621229355"
    },
    {
      "type": "Feature",
      "properties": {
        "@id": "way/621291652",
        "landuse": "forest",
        "leaf_cycle": "mixed",
        "leaf_type": "mixed",
        "@geometry": "center"
      },
      "geometry": {
        "type": "Point",
        "coordinates": [
          -88.9780454,
          37.5385417
        ]
      },
      "id": "way/621291652"
    },
    {
      "type": "Feature",
      "properties": {
        "@id": "way/621292415",
        "landuse": "forest",
        "leaf_cycle": "mixed",
        "leaf_type": "mixed",
        "@geometry": "center"
      },
      "geometry": {
        "type": "Point",
        "coordinates": [
          -88.9697776,
          37.5344058
        ]
      },
      "id": "way/621292415"
    },
    {
      "type": "Feature",
      "properties": {
        "@id": "way/623560199",
        "landuse": "forest",
        "@geometry": "center"
      },
      "geometry": {
        "type": "Point",
        "coordinates": [
          -89.0947261,
          37.7613025
        ]
      },
      "id": "way/623560199"
    },
    {
      "type": "Feature",
      "properties": {
        "@id": "way/624158851",
        "landuse": "forest",
        "@geometry": "center"
      },
      "geometry": {
        "type": "Point",
        "coordinates": [
          -85.3319475,
          38.1202847
        ]
      },
      "id": "way/624158851"
    },
    {
      "type": "Feature",
      "properties": {
        "@id": "way/625121886",
        "area": "yes",
        "landuse": "forest",
        "name": "Vernon Cliffs over Muscatatuck",
        "natural": "cliff",
        "@geometry": "center"
      },
      "geometry": {
        "type": "Point",
        "coordinates": [
          -85.6077931,
          38.9805961
        ]
      },
      "id": "way/625121886"
    },
    {
      "type": "Feature",
      "properties": {
        "@id": "way/626263266",
        "landuse": "forest",
        "@geometry": "center"
      },
      "geometry": {
        "type": "Point",
        "coordinates": [
          -85.6440134,
          39.0202701
        ]
      },
      "id": "way/626263266"
    },
    {
      "type": "Feature",
      "properties": {
        "@id": "way/647893077",
        "landuse": "forest",
        "leaf_cycle": "mixed",
        "leaf_type": "mixed",
        "@geometry": "center"
      },
      "geometry": {
        "type": "Point",
        "coordinates": [
          -88.2614107,
          37.3822586
        ]
      },
      "id": "way/647893077"
    },
    {
      "type": "Feature",
      "properties": {
        "@id": "way/658595307",
        "landuse": "forest",
        "@geometry": "center"
      },
      "geometry": {
        "type": "Point",
        "coordinates": [
          -87.5735907,
          38.3125433
        ]
      },
      "id": "way/658595307"
    },
    {
      "type": "Feature",
      "properties": {
        "@id": "way/658595317",
        "landuse": "forest",
        "@geometry": "center"
      },
      "geometry": {
        "type": "Point",
        "coordinates": [
          -87.5533826,
          38.3058327
        ]
      },
      "id": "way/658595317"
    },
    {
      "type": "Feature",
      "properties": {
        "@id": "way/658595318",
        "landuse": "forest",
        "@geometry": "center"
      },
      "geometry": {
        "type": "Point",
        "coordinates": [
          -87.5356163,
          38.2989992
        ]
      },
      "id": "way/658595318"
    },
    {
      "type": "Feature",
      "properties": {
        "@id": "way/661865138",
        "landuse": "forest",
        "@geometry": "center"
      },
      "geometry": {
        "type": "Point",
        "coordinates": [
          -84.4864977,
          38.803825
        ]
      },
      "id": "way/661865138"
    },
    {
      "type": "Feature",
      "properties": {
        "@id": "way/666008653",
        "landuse": "forest",
        "leaf_cycle": "deciduous",
        "leaf_type": "mixed",
        "name": "Korff Woods",
        "produce": "timber;wood",
        "@geometry": "center"
      },
      "geometry": {
        "type": "Point",
        "coordinates": [
          -82.1546138,
          38.2705331
        ]
      },
      "id": "way/666008653"
    },
    {
      "type": "Feature",
      "properties": {
        "@id": "way/670025340",
        "landuse": "forest",
        "leaf_cycle": "mixed",
        "natural": "wood",
        "@geometry": "center"
      },
      "geometry": {
        "type": "Point",
        "coordinates": [
          -87.3480579,
          36.564666
        ]
      },
      "id": "way/670025340"
    },
    {
      "type": "Feature",
      "properties": {
        "@id": "way/670336832",
        "landuse": "forest",
        "leisure": "nature_reserve",
        "name": "Vancill Hollow Natural Area",
        "operator": "Missouri Department of Conservation",
        "website": "https://nature.mdc.mo.gov/discover-nature/places/vancill-hollow",
        "@geometry": "center"
      },
      "geometry": {
        "type": "Point",
        "coordinates": [
          -89.4778055,
          37.4581676
        ]
      },
      "id": "way/670336832"
    },
    {
      "type": "Feature",
      "properties": {
        "@id": "way/670336833",
        "landuse": "forest",
        "@geometry": "center"
      },
      "geometry": {
        "type": "Point",
        "coordinates": [
          -89.4934238,
          37.4675116
        ]
      },
      "id": "way/670336833"
    },
    {
      "type": "Feature",
      "properties": {
        "@id": "way/676308276",
        "landuse": "forest",
        "@geometry": "center"
      },
      "geometry": {
        "type": "Point",
        "coordinates": [
          -85.9241996,
          37.0254007
        ]
      },
      "id": "way/676308276"
    },
    {
      "type": "Feature",
      "properties": {
        "@id": "way/722586763",
        "landuse": "forest",
        "name": "Horseshoe Bluff",
        "@geometry": "center"
      },
      "geometry": {
        "type": "Point",
        "coordinates": [
          -89.4061732,
          37.6614807
        ]
      },
      "id": "way/722586763"
    },
    {
      "type": "Feature",
      "properties": {
        "@id": "way/722598219",
        "landuse": "forest",
        "@geometry": "center"
      },
      "geometry": {
        "type": "Point",
        "coordinates": [
          -89.4647623,
          37.6773056
        ]
      },
      "id": "way/722598219"
    },
    {
      "type": "Feature",
      "properties": {
        "@id": "way/722598220",
        "landuse": "forest",
        "@geometry": "center"
      },
      "geometry": {
        "type": "Point",
        "coordinates": [
          -89.4657102,
          37.680301
        ]
      },
      "id": "way/722598220"
    },
    {
      "type": "Feature",
      "properties": {
        "@id": "way/723263540",
        "landuse": "forest",
        "@geometry": "center"
      },
      "geometry": {
        "type": "Point",
        "coordinates": [
          -89.3209681,
          37.5172255
        ]
      },
      "id": "way/723263540"
    },
    {
      "type": "Feature",
      "properties": {
        "@id": "way/723263541",
        "landuse": "forest",
        "@geometry": "center"
      },
      "geometry": {
        "type": "Point",
        "coordinates": [
          -89.3221402,
          37.5132388
        ]
      },
      "id": "way/723263541"
    },
    {
      "type": "Feature",
      "properties": {
        "@id": "way/723263542",
        "landuse": "forest",
        "@geometry": "center"
      },
      "geometry": {
        "type": "Point",
        "coordinates": [
          -89.3231454,
          37.5023849
        ]
      },
      "id": "way/723263542"
    },
    {
      "type": "Feature",
      "properties": {
        "@id": "way/723263543",
        "landuse": "forest",
        "@geometry": "center"
      },
      "geometry": {
        "type": "Point",
        "coordinates": [
          -89.3226126,
          37.5089279
        ]
      },
      "id": "way/723263543"
    },
    {
      "type": "Feature",
      "properties": {
        "@id": "way/724429279",
        "landuse": "forest",
        "@geometry": "center"
      },
      "geometry": {
        "type": "Point",
        "coordinates": [
          -89.4271025,
          37.4942819
        ]
      },
      "id": "way/724429279"
    },
    {
      "type": "Feature",
      "properties": {
        "@id": "way/726544994",
        "landuse": "forest",
        "@geometry": "center"
      },
      "geometry": {
        "type": "Point",
        "coordinates": [
          -89.5066821,
          37.5078416
        ]
      },
      "id": "way/726544994"
    },
    {
      "type": "Feature",
      "properties": {
        "@id": "way/726544995",
        "landuse": "forest",
        "@geometry": "center"
      },
      "geometry": {
        "type": "Point",
        "coordinates": [
          -89.5013718,
          37.4987291
        ]
      },
      "id": "way/726544995"
    },
    {
      "type": "Feature",
      "properties": {
        "@id": "way/726544996",
        "landuse": "forest",
        "@geometry": "center"
      },
      "geometry": {
        "type": "Point",
        "coordinates": [
          -89.4991055,
          37.493981
        ]
      },
      "id": "way/726544996"
    },
    {
      "type": "Feature",
      "properties": {
        "@id": "way/728205003",
        "landuse": "forest",
        "@geometry": "center"
      },
      "geometry": {
        "type": "Point",
        "coordinates": [
          -89.4674876,
          37.4502852
        ]
      },
      "id": "way/728205003"
    },
    {
      "type": "Feature",
      "properties": {
        "@id": "way/728205005",
        "landuse": "forest",
        "@geometry": "center"
      },
      "geometry": {
        "type": "Point",
        "coordinates": [
          -89.4610407,
          37.4302581
        ]
      },
      "id": "way/728205005"
    },
    {
      "type": "Feature",
      "properties": {
        "@id": "way/732447383",
        "landuse": "forest",
        "@geometry": "center"
      },
      "geometry": {
        "type": "Point",
        "coordinates": [
          -89.3438044,
          37.3684121
        ]
      },
      "id": "way/732447383"
    },
    {
      "type": "Feature",
      "properties": {
        "@id": "way/732721152",
        "landuse": "forest",
        "@geometry": "center"
      },
      "geometry": {
        "type": "Point",
        "coordinates": [
          -89.3696493,
          37.4681757
        ]
      },
      "id": "way/732721152"
    },
    {
      "type": "Feature",
      "properties": {
        "@id": "way/732729394",
        "landuse": "forest",
        "@geometry": "center"
      },
      "geometry": {
        "type": "Point",
        "coordinates": [
          -89.3681669,
          37.4567615
        ]
      },
      "id": "way/732729394"
    },
    {
      "type": "Feature",
      "properties": {
        "@id": "way/733173908",
        "landuse": "forest",
        "@geometry": "center"
      },
      "geometry": {
        "type": "Point",
        "coordinates": [
          -86.8506414,
          37.3958198
        ]
      },
      "id": "way/733173908"
    },
    {
      "type": "Feature",
      "properties": {
        "@id": "way/733173910",
        "landuse": "forest",
        "@geometry": "center"
      },
      "geometry": {
        "type": "Point",
        "coordinates": [
          -86.8571463,
          37.3924698
        ]
      },
      "id": "way/733173910"
    },
    {
      "type": "Feature",
      "properties": {
        "@id": "way/733915976",
        "landuse": "forest",
        "@geometry": "center"
      },
      "geometry": {
        "type": "Point",
        "coordinates": [
          -86.7652226,
          37.2818956
        ]
      },
      "id": "way/733915976"
    },
    {
      "type": "Feature",
      "properties": {
        "@id": "way/734101763",
        "landuse": "forest",
        "@geometry": "center"
      },
      "geometry": {
        "type": "Point",
        "coordinates": [
          -86.779536,
          37.2966704
        ]
      },
      "id": "way/734101763"
    },
    {
      "type": "Feature",
      "properties": {
        "@id": "way/734539075",
        "landuse": "forest",
        "@geometry": "center"
      },
      "geometry": {
        "type": "Point",
        "coordinates": [
          -89.4453759,
          37.4071911
        ]
      },
      "id": "way/734539075"
    },
    {
      "type": "Feature",
      "properties": {
        "@id": "way/734539076",
        "landuse": "forest",
        "@geometry": "center"
      },
      "geometry": {
        "type": "Point",
        "coordinates": [
          -89.4445069,
          37.3927257
        ]
      },
      "id": "way/734539076"
    },
    {
      "type": "Feature",
      "properties": {
        "@id": "way/734539080",
        "landuse": "forest",
        "@geometry": "center"
      },
      "geometry": {
        "type": "Point",
        "coordinates": [
          -89.456033,
          37.4067781
        ]
      },
      "id": "way/734539080"
    },
    {
      "type": "Feature",
      "properties": {
        "@id": "way/735005850",
        "landuse": "forest",
        "salt": "no",
        "tidal": "no",
        "wetland": "swamp",
        "@geometry": "center"
      },
      "geometry": {
        "type": "Point",
        "coordinates": [
          -89.3734587,
          37.4825996
        ]
      },
      "id": "way/735005850"
    },
    {
      "type": "Feature",
      "properties": {
        "@id": "way/737400021",
        "landuse": "forest",
        "@geometry": "center"
      },
      "geometry": {
        "type": "Point",
        "coordinates": [
          -89.4497258,
          37.3810225
        ]
      },
      "id": "way/737400021"
    },
    {
      "type": "Feature",
      "properties": {
        "@id": "way/737400027",
        "landuse": "forest",
        "@geometry": "center"
      },
      "geometry": {
        "type": "Point",
        "coordinates": [
          -89.4779142,
          37.3480428
        ]
      },
      "id": "way/737400027"
    },
    {
      "type": "Feature",
      "properties": {
        "@id": "way/737400028",
        "landuse": "forest",
        "@geometry": "center"
      },
      "geometry": {
        "type": "Point",
        "coordinates": [
          -89.4673147,
          37.3562376
        ]
      },
      "id": "way/737400028"
    },
    {
      "type": "Feature",
      "properties": {
        "@id": "way/737400029",
        "landuse": "forest",
        "@geometry": "center"
      },
      "geometry": {
        "type": "Point",
        "coordinates": [
          -89.4586514,
          37.3587978
        ]
      },
      "id": "way/737400029"
    },
    {
      "type": "Feature",
      "properties": {
        "@id": "way/737400030",
        "landuse": "forest",
        "@geometry": "center"
      },
      "geometry": {
        "type": "Point",
        "coordinates": [
          -89.4504999,
          37.3644013
        ]
      },
      "id": "way/737400030"
    },
    {
      "type": "Feature",
      "properties": {
        "@id": "way/737400031",
        "landuse": "forest",
        "@geometry": "center"
      },
      "geometry": {
        "type": "Point",
        "coordinates": [
          -89.4477773,
          37.3645533
        ]
      },
      "id": "way/737400031"
    },
    {
      "type": "Feature",
      "properties": {
        "@id": "way/737400032",
        "landuse": "forest",
        "@geometry": "center"
      },
      "geometry": {
        "type": "Point",
        "coordinates": [
          -89.44765,
          37.3687247
        ]
      },
      "id": "way/737400032"
    },
    {
      "type": "Feature",
      "properties": {
        "@id": "way/737400033",
        "landuse": "forest",
        "@geometry": "center"
      },
      "geometry": {
        "type": "Point",
        "coordinates": [
          -89.4572266,
          37.364464
        ]
      },
      "id": "way/737400033"
    },
    {
      "type": "Feature",
      "properties": {
        "@id": "way/737400034",
        "landuse": "forest",
        "@geometry": "center"
      },
      "geometry": {
        "type": "Point",
        "coordinates": [
          -89.4445262,
          37.3724105
        ]
      },
      "id": "way/737400034"
    },
    {
      "type": "Feature",
      "properties": {
        "@id": "way/737896734",
        "landuse": "forest",
        "@geometry": "center"
      },
      "geometry": {
        "type": "Point",
        "coordinates": [
          -82.0197185,
          36.6861439
        ]
      },
      "id": "way/737896734"
    },
    {
      "type": "Feature",
      "properties": {
        "@id": "way/737896735",
        "landuse": "forest",
        "@geometry": "center"
      },
      "geometry": {
        "type": "Point",
        "coordinates": [
          -82.0068333,
          36.6864193
        ]
      },
      "id": "way/737896735"
    },
    {
      "type": "Feature",
      "properties": {
        "@id": "way/739480217",
        "landuse": "forest",
        "@geometry": "center"
      },
      "geometry": {
        "type": "Point",
        "coordinates": [
          -86.7680857,
          37.2597832
        ]
      },
      "id": "way/739480217"
    },
    {
      "type": "Feature",
      "properties": {
        "@id": "way/740573845",
        "landuse": "forest",
        "@geometry": "center"
      },
      "geometry": {
        "type": "Point",
        "coordinates": [
          -87.1532674,
          36.6474911
        ]
      },
      "id": "way/740573845"
    },
    {
      "type": "Feature",
      "properties": {
        "@id": "way/740896776",
        "landuse": "forest",
        "@geometry": "center"
      },
      "geometry": {
        "type": "Point",
        "coordinates": [
          -86.7612943,
          37.2681147
        ]
      },
      "id": "way/740896776"
    },
    {
      "type": "Feature",
      "properties": {
        "@id": "way/740896778",
        "landuse": "forest",
        "@geometry": "center"
      },
      "geometry": {
        "type": "Point",
        "coordinates": [
          -86.758553,
          37.2657113
        ]
      },
      "id": "way/740896778"
    },
    {
      "type": "Feature",
      "properties": {
        "@id": "way/740896780",
        "landuse": "forest",
        "@geometry": "center"
      },
      "geometry": {
        "type": "Point",
        "coordinates": [
          -86.7701631,
          37.2701041
        ]
      },
      "id": "way/740896780"
    },
    {
      "type": "Feature",
      "properties": {
        "@id": "way/741029650",
        "landuse": "forest",
        "@geometry": "center"
      },
      "geometry": {
        "type": "Point",
        "coordinates": [
          -86.7726533,
          37.2781005
        ]
      },
      "id": "way/741029650"
    },
    {
      "type": "Feature",
      "properties": {
        "@id": "way/741035103",
        "landuse": "forest",
        "@geometry": "center"
      },
      "geometry": {
        "type": "Point",
        "coordinates": [
          -86.7591445,
          37.2859231
        ]
      },
      "id": "way/741035103"
    },
    {
      "type": "Feature",
      "properties": {
        "@id": "way/741589595",
        "landuse": "forest",
        "@geometry": "center"
      },
      "geometry": {
        "type": "Point",
        "coordinates": [
          -86.7815396,
          37.2836983
        ]
      },
      "id": "way/741589595"
    },
    {
      "type": "Feature",
      "properties": {
        "@id": "way/741914982",
        "landuse": "forest",
        "@geometry": "center"
      },
      "geometry": {
        "type": "Point",
        "coordinates": [
          -86.7966378,
          37.3058288
        ]
      },
      "id": "way/741914982"
    },
    {
      "type": "Feature",
      "properties": {
        "@id": "way/742279432",
        "landuse": "forest",
        "@geometry": "center"
      },
      "geometry": {
        "type": "Point",
        "coordinates": [
          -86.7955152,
          37.2896598
        ]
      },
      "id": "way/742279432"
    },
    {
      "type": "Feature",
      "properties": {
        "@id": "way/742384280",
        "landuse": "forest",
        "@geometry": "center"
      },
      "geometry": {
        "type": "Point",
        "coordinates": [
          -82.1521638,
          38.8575603
        ]
      },
      "id": "way/742384280"
    },
    {
      "type": "Feature",
      "properties": {
        "@id": "way/743543751",
        "landuse": "forest",
        "@geometry": "center"
      },
      "geometry": {
        "type": "Point",
        "coordinates": [
          -86.8121609,
          37.2711649
        ]
      },
      "id": "way/743543751"
    },
    {
      "type": "Feature",
      "properties": {
        "@id": "way/745606735",
        "landuse": "forest",
        "@geometry": "center"
      },
      "geometry": {
        "type": "Point",
        "coordinates": [
          -86.8177796,
          37.2681511
        ]
      },
      "id": "way/745606735"
    },
    {
      "type": "Feature",
      "properties": {
        "@id": "way/746545759",
        "landuse": "forest",
        "@geometry": "center"
      },
      "geometry": {
        "type": "Point",
        "coordinates": [
          -86.8758354,
          37.2324233
        ]
      },
      "id": "way/746545759"
    },
    {
      "type": "Feature",
      "properties": {
        "@id": "way/749718993",
        "landuse": "forest",
        "@geometry": "center"
      },
      "geometry": {
        "type": "Point",
        "coordinates": [
          -86.7653379,
          37.30341
        ]
      },
      "id": "way/749718993"
    },
    {
      "type": "Feature",
      "properties": {
        "@id": "way/749719007",
        "landuse": "forest",
        "@geometry": "center"
      },
      "geometry": {
        "type": "Point",
        "coordinates": [
          -86.7740858,
          37.3050907
        ]
      },
      "id": "way/749719007"
    },
    {
      "type": "Feature",
      "properties": {
        "@id": "way/749990451",
        "landuse": "forest",
        "@geometry": "center"
      },
      "geometry": {
        "type": "Point",
        "coordinates": [
          -86.7670624,
          37.2984651
        ]
      },
      "id": "way/749990451"
    },
    {
      "type": "Feature",
      "properties": {
        "@id": "way/749992774",
        "landuse": "forest",
        "@geometry": "center"
      },
      "geometry": {
        "type": "Point",
        "coordinates": [
          -86.7681661,
          37.2925159
        ]
      },
      "id": "way/749992774"
    },
    {
      "type": "Feature",
      "properties": {
        "@id": "way/749992775",
        "landuse": "forest",
        "@geometry": "center"
      },
      "geometry": {
        "type": "Point",
        "coordinates": [
          -86.7723329,
          37.2872271
        ]
      },
      "id": "way/749992775"
    },
    {
      "type": "Feature",
      "properties": {
        "@id": "way/749992777",
        "landuse": "forest",
        "@geometry": "center"
      },
      "geometry": {
        "type": "Point",
        "coordinates": [
          -86.7692455,
          37.2895028
        ]
      },
      "id": "way/749992777"
    },
    {
      "type": "Feature",
      "properties": {
        "@id": "way/750354572",
        "landuse": "forest",
        "@geometry": "center"
      },
      "geometry": {
        "type": "Point",
        "coordinates": [
          -86.7528695,
          37.2634207
        ]
      },
      "id": "way/750354572"
    },
    {
      "type": "Feature",
      "properties": {
        "@id": "way/750740136",
        "landuse": "forest",
        "@geometry": "center"
      },
      "geometry": {
        "type": "Point",
        "coordinates": [
          -86.9151995,
          37.2114783
        ]
      },
      "id": "way/750740136"
    },
    {
      "type": "Feature",
      "properties": {
        "@id": "way/750740139",
        "landuse": "forest",
        "@geometry": "center"
      },
      "geometry": {
        "type": "Point",
        "coordinates": [
          -86.9141427,
          37.2109218
        ]
      },
      "id": "way/750740139"
    },
    {
      "type": "Feature",
      "properties": {
        "@id": "way/750740184",
        "landuse": "forest",
        "@geometry": "center"
      },
      "geometry": {
        "type": "Point",
        "coordinates": [
          -87.017688,
          37.1985183
        ]
      },
      "id": "way/750740184"
    },
    {
      "type": "Feature",
      "properties": {
        "@id": "way/750740193",
        "landuse": "forest",
        "@geometry": "center"
      },
      "geometry": {
        "type": "Point",
        "coordinates": [
          -87.0240006,
          37.2023477
        ]
      },
      "id": "way/750740193"
    },
    {
      "type": "Feature",
      "properties": {
        "@id": "way/751045840",
        "landuse": "forest",
        "@geometry": "center"
      },
      "geometry": {
        "type": "Point",
        "coordinates": [
          -86.9053746,
          37.2010052
        ]
      },
      "id": "way/751045840"
    },
    {
      "type": "Feature",
      "properties": {
        "@id": "way/751045841",
        "landuse": "forest",
        "@geometry": "center"
      },
      "geometry": {
        "type": "Point",
        "coordinates": [
          -86.9056073,
          37.1988965
        ]
      },
      "id": "way/751045841"
    },
    {
      "type": "Feature",
      "properties": {
        "@id": "way/751045843",
        "landuse": "forest",
        "@geometry": "center"
      },
      "geometry": {
        "type": "Point",
        "coordinates": [
          -86.9042486,
          37.1936448
        ]
      },
      "id": "way/751045843"
    },
    {
      "type": "Feature",
      "properties": {
        "@id": "way/751045846",
        "landuse": "forest",
        "@geometry": "center"
      },
      "geometry": {
        "type": "Point",
        "coordinates": [
          -86.8991355,
          37.1963668
        ]
      },
      "id": "way/751045846"
    },
    {
      "type": "Feature",
      "properties": {
        "@id": "way/751776996",
        "landuse": "forest",
        "@geometry": "center"
      },
      "geometry": {
        "type": "Point",
        "coordinates": [
          -86.923568,
          37.2139967
        ]
      },
      "id": "way/751776996"
    },
    {
      "type": "Feature",
      "properties": {
        "@id": "way/751776998",
        "landuse": "forest",
        "@geometry": "center"
      },
      "geometry": {
        "type": "Point",
        "coordinates": [
          -86.9215308,
          37.2160622
        ]
      },
      "id": "way/751776998"
    },
    {
      "type": "Feature",
      "properties": {
        "@id": "way/751777562",
        "landuse": "forest",
        "@geometry": "center"
      },
      "geometry": {
        "type": "Point",
        "coordinates": [
          -86.923694,
          37.2086082
        ]
      },
      "id": "way/751777562"
    },
    {
      "type": "Feature",
      "properties": {
        "@id": "way/751780180",
        "landuse": "forest",
        "@geometry": "center"
      },
      "geometry": {
        "type": "Point",
        "coordinates": [
          -86.9176028,
          37.1974094
        ]
      },
      "id": "way/751780180"
    },
    {
      "type": "Feature",
      "properties": {
        "@id": "way/752162076",
        "landuse": "forest",
        "@geometry": "center"
      },
      "geometry": {
        "type": "Point",
        "coordinates": [
          -86.9210681,
          37.2196494
        ]
      },
      "id": "way/752162076"
    },
    {
      "type": "Feature",
      "properties": {
        "@id": "way/752162095",
        "landuse": "forest",
        "@geometry": "center"
      },
      "geometry": {
        "type": "Point",
        "coordinates": [
          -86.9188526,
          37.2143545
        ]
      },
      "id": "way/752162095"
    },
    {
      "type": "Feature",
      "properties": {
        "@id": "way/752162096",
        "landuse": "forest",
        "@geometry": "center"
      },
      "geometry": {
        "type": "Point",
        "coordinates": [
          -86.9173009,
          37.2150563
        ]
      },
      "id": "way/752162096"
    },
    {
      "type": "Feature",
      "properties": {
        "@id": "way/753754443",
        "landuse": "forest",
        "leaf_cycle": "evergreen",
        "leaf_type": "needleleaved",
        "produce": "christmas_trees",
        "@geometry": "center"
      },
      "geometry": {
        "type": "Point",
        "coordinates": [
          -83.9959008,
          38.9599657
        ]
      },
      "id": "way/753754443"
    },
    {
      "type": "Feature",
      "properties": {
        "@id": "way/753754444",
        "landuse": "forest",
        "leaf_cycle": "evergreen",
        "leaf_type": "needleleaved",
        "produce": "christmas_trees",
        "@geometry": "center"
      },
      "geometry": {
        "type": "Point",
        "coordinates": [
          -83.9948025,
          38.9599363
        ]
      },
      "id": "way/753754444"
    },
    {
      "type": "Feature",
      "properties": {
        "@id": "way/753754445",
        "landuse": "forest",
        "leaf_cycle": "evergreen",
        "leaf_type": "needleleaved",
        "produce": "christmas_trees",
        "@geometry": "center"
      },
      "geometry": {
        "type": "Point",
        "coordinates": [
          -83.9947815,
          38.9602141
        ]
      },
      "id": "way/753754445"
    },
    {
      "type": "Feature",
      "properties": {
        "@id": "way/753755466",
        "landuse": "forest",
        "leaf_cycle": "evergreen",
        "leaf_type": "needleleaved",
        "produce": "christmas_trees",
        "@geometry": "center"
      },
      "geometry": {
        "type": "Point",
        "coordinates": [
          -83.9947966,
          38.960534
        ]
      },
      "id": "way/753755466"
    },
    {
      "type": "Feature",
      "properties": {
        "@id": "way/753755467",
        "landuse": "forest",
        "leaf_cycle": "evergreen",
        "leaf_type": "needleleaved",
        "produce": "christmas_trees",
        "@geometry": "center"
      },
      "geometry": {
        "type": "Point",
        "coordinates": [
          -83.996306,
          38.9604772
        ]
      },
      "id": "way/753755467"
    },
    {
      "type": "Feature",
      "properties": {
        "@id": "way/753755468",
        "landuse": "forest",
        "leaf_cycle": "evergreen",
        "leaf_type": "needleleaved",
        "produce": "christmas_trees",
        "@geometry": "center"
      },
      "geometry": {
        "type": "Point",
        "coordinates": [
          -83.9960223,
          38.9606294
        ]
      },
      "id": "way/753755468"
    },
    {
      "type": "Feature",
      "properties": {
        "@id": "way/755276050",
        "landuse": "forest",
        "@geometry": "center"
      },
      "geometry": {
        "type": "Point",
        "coordinates": [
          -86.9990681,
          37.1845843
        ]
      },
      "id": "way/755276050"
    },
    {
      "type": "Feature",
      "properties": {
        "@id": "way/755276065",
        "landuse": "forest",
        "@geometry": "center"
      },
      "geometry": {
        "type": "Point",
        "coordinates": [
          -86.9931147,
          37.1842446
        ]
      },
      "id": "way/755276065"
    },
    {
      "type": "Feature",
      "properties": {
        "@id": "way/755826327",
        "landuse": "forest",
        "@geometry": "center"
      },
      "geometry": {
        "type": "Point",
        "coordinates": [
          -86.983687,
          37.1894611
        ]
      },
      "id": "way/755826327"
    },
    {
      "type": "Feature",
      "properties": {
        "@id": "way/755904127",
        "landuse": "forest",
        "@geometry": "center"
      },
      "geometry": {
        "type": "Point",
        "coordinates": [
          -87.0230158,
          37.1589015
        ]
      },
      "id": "way/755904127"
    },
    {
      "type": "Feature",
      "properties": {
        "@id": "way/755904128",
        "landuse": "forest",
        "@geometry": "center"
      },
      "geometry": {
        "type": "Point",
        "coordinates": [
          -87.0242746,
          37.1588671
        ]
      },
      "id": "way/755904128"
    },
    {
      "type": "Feature",
      "properties": {
        "@id": "way/757210169",
        "landuse": "forest",
        "@geometry": "center"
      },
      "geometry": {
        "type": "Point",
        "coordinates": [
          -86.7377083,
          37.2477016
        ]
      },
      "id": "way/757210169"
    },
    {
      "type": "Feature",
      "properties": {
        "@id": "way/757796271",
        "landuse": "forest",
        "@geometry": "center"
      },
      "geometry": {
        "type": "Point",
        "coordinates": [
          -87.3859795,
          37.6710205
        ]
      },
      "id": "way/757796271"
    },
    {
      "type": "Feature",
      "properties": {
        "@id": "way/760110947",
        "landuse": "forest",
        "@geometry": "center"
      },
      "geometry": {
        "type": "Point",
        "coordinates": [
          -87.527584,
          37.5844728
        ]
      },
      "id": "way/760110947"
    },
    {
      "type": "Feature",
      "properties": {
        "@id": "way/760445918",
        "landuse": "forest",
        "@geometry": "center"
      },
      "geometry": {
        "type": "Point",
        "coordinates": [
          -87.4948959,
          37.492503
        ]
      },
      "id": "way/760445918"
    },
    {
      "type": "Feature",
      "properties": {
        "@id": "way/760448115",
        "landuse": "forest",
        "@geometry": "center"
      },
      "geometry": {
        "type": "Point",
        "coordinates": [
          -87.4786279,
          37.4996378
        ]
      },
      "id": "way/760448115"
    },
    {
      "type": "Feature",
      "properties": {
        "@id": "way/760448116",
        "landuse": "forest",
        "@geometry": "center"
      },
      "geometry": {
        "type": "Point",
        "coordinates": [
          -87.480707,
          37.5013816
        ]
      },
      "id": "way/760448116"
    },
    {
      "type": "Feature",
      "properties": {
        "@id": "way/760892161",
        "landuse": "forest",
        "@geometry": "center"
      },
      "geometry": {
        "type": "Point",
        "coordinates": [
          -87.4817357,
          37.5329967
        ]
      },
      "id": "way/760892161"
    },
    {
      "type": "Feature",
      "properties": {
        "@id": "way/760892168",
        "landuse": "forest",
        "@geometry": "center"
      },
      "geometry": {
        "type": "Point",
        "coordinates": [
          -87.4769216,
          37.5230001
        ]
      },
      "id": "way/760892168"
    },
    {
      "type": "Feature",
      "properties": {
        "@id": "way/760892169",
        "landuse": "forest",
        "@geometry": "center"
      },
      "geometry": {
        "type": "Point",
        "coordinates": [
          -87.4788248,
          37.5208044
        ]
      },
      "id": "way/760892169"
    },
    {
      "type": "Feature",
      "properties": {
        "@id": "way/761416669",
        "landuse": "forest",
        "@geometry": "center"
      },
      "geometry": {
        "type": "Point",
        "coordinates": [
          -87.4837876,
          37.5865735
        ]
      },
      "id": "way/761416669"
    },
    {
      "type": "Feature",
      "properties": {
        "@id": "way/761417150",
        "landuse": "forest",
        "@geometry": "center"
      },
      "geometry": {
        "type": "Point",
        "coordinates": [
          -87.4908833,
          37.5871389
        ]
      },
      "id": "way/761417150"
    },
    {
      "type": "Feature",
      "properties": {
        "@id": "way/761461897",
        "landuse": "forest",
        "@geometry": "center"
      },
      "geometry": {
        "type": "Point",
        "coordinates": [
          -87.5051031,
          37.6062208
        ]
      },
      "id": "way/761461897"
    },
    {
      "type": "Feature",
      "properties": {
        "@id": "way/761461905",
        "landuse": "forest",
        "@geometry": "center"
      },
      "geometry": {
        "type": "Point",
        "coordinates": [
          -87.4975867,
          37.60396
        ]
      },
      "id": "way/761461905"
    },
    {
      "type": "Feature",
      "properties": {
        "@id": "way/761461906",
        "landuse": "forest",
        "@geometry": "center"
      },
      "geometry": {
        "type": "Point",
        "coordinates": [
          -87.5011817,
          37.6089981
        ]
      },
      "id": "way/761461906"
    },
    {
      "type": "Feature",
      "properties": {
        "@id": "way/761463093",
        "landuse": "forest",
        "@geometry": "center"
      },
      "geometry": {
        "type": "Point",
        "coordinates": [
          -87.4971035,
          37.6010787
        ]
      },
      "id": "way/761463093"
    },
    {
      "type": "Feature",
      "properties": {
        "@id": "way/761628978",
        "landuse": "forest",
        "@geometry": "center"
      },
      "geometry": {
        "type": "Point",
        "coordinates": [
          -87.4793834,
          37.5380599
        ]
      },
      "id": "way/761628978"
    },
    {
      "type": "Feature",
      "properties": {
        "@id": "way/761628980",
        "landuse": "forest",
        "@geometry": "center"
      },
      "geometry": {
        "type": "Point",
        "coordinates": [
          -87.4807298,
          37.5393274
        ]
      },
      "id": "way/761628980"
    },
    {
      "type": "Feature",
      "properties": {
        "@id": "way/762033999",
        "landuse": "forest",
        "@geometry": "center"
      },
      "geometry": {
        "type": "Point",
        "coordinates": [
          -87.4899955,
          37.4935784
        ]
      },
      "id": "way/762033999"
    },
    {
      "type": "Feature",
      "properties": {
        "@id": "way/762034008",
        "landuse": "forest",
        "@geometry": "center"
      },
      "geometry": {
        "type": "Point",
        "coordinates": [
          -87.489274,
          37.495317
        ]
      },
      "id": "way/762034008"
    },
    {
      "type": "Feature",
      "properties": {
        "@id": "way/762170672",
        "landuse": "forest",
        "@geometry": "center"
      },
      "geometry": {
        "type": "Point",
        "coordinates": [
          -87.5275129,
          37.5424102
        ]
      },
      "id": "way/762170672"
    },
    {
      "type": "Feature",
      "properties": {
        "@id": "way/762170692",
        "landuse": "forest",
        "@geometry": "center"
      },
      "geometry": {
        "type": "Point",
        "coordinates": [
          -87.5411547,
          37.5430365
        ]
      },
      "id": "way/762170692"
    },
    {
      "type": "Feature",
      "properties": {
        "@id": "way/764358703",
        "landuse": "forest",
        "@geometry": "center"
      },
      "geometry": {
        "type": "Point",
        "coordinates": [
          -88.0635578,
          37.7077263
        ]
      },
      "id": "way/764358703"
    },
    {
      "type": "Feature",
      "properties": {
        "@id": "way/773717772",
        "landuse": "forest",
        "@geometry": "center"
      },
      "geometry": {
        "type": "Point",
        "coordinates": [
          -83.8820877,
          37.3566371
        ]
      },
      "id": "way/773717772"
    },
    {
      "type": "Feature",
      "properties": {
        "@id": "way/773829993",
        "landuse": "forest",
        "@geometry": "center"
      },
      "geometry": {
        "type": "Point",
        "coordinates": [
          -85.6946241,
          38.2198058
        ]
      },
      "id": "way/773829993"
    },
    {
      "type": "Feature",
      "properties": {
        "@id": "way/773829995",
        "landuse": "forest",
        "@geometry": "center"
      },
      "geometry": {
        "type": "Point",
        "coordinates": [
          -85.6943164,
          38.2201206
        ]
      },
      "id": "way/773829995"
    },
    {
      "type": "Feature",
      "properties": {
        "@id": "way/773829996",
        "landuse": "forest",
        "@geometry": "center"
      },
      "geometry": {
        "type": "Point",
        "coordinates": [
          -85.6937489,
          38.219921
        ]
      },
      "id": "way/773829996"
    },
    {
      "type": "Feature",
      "properties": {
        "@id": "way/773829997",
        "landuse": "forest",
        "@geometry": "center"
      },
      "geometry": {
        "type": "Point",
        "coordinates": [
          -85.6935759,
          38.2195358
        ]
      },
      "id": "way/773829997"
    },
    {
      "type": "Feature",
      "properties": {
        "@id": "way/773829998",
        "landuse": "forest",
        "@geometry": "center"
      },
      "geometry": {
        "type": "Point",
        "coordinates": [
          -85.6942143,
          38.2197149
        ]
      },
      "id": "way/773829998"
    },
    {
      "type": "Feature",
      "properties": {
        "@id": "way/799817816",
        "landuse": "forest",
        "@geometry": "center"
      },
      "geometry": {
        "type": "Point",
        "coordinates": [
          -85.944445,
          37.1428822
        ]
      },
      "id": "way/799817816"
    },
    {
      "type": "Feature",
      "properties": {
        "@id": "way/799839086",
        "landuse": "forest",
        "@geometry": "center"
      },
      "geometry": {
        "type": "Point",
        "coordinates": [
          -85.971242,
          37.142662
        ]
      },
      "id": "way/799839086"
    },
    {
      "type": "Feature",
      "properties": {
        "@id": "way/799839088",
        "landuse": "forest",
        "@geometry": "center"
      },
      "geometry": {
        "type": "Point",
        "coordinates": [
          -85.9637099,
          37.1412095
        ]
      },
      "id": "way/799839088"
    },
    {
      "type": "Feature",
      "properties": {
        "@id": "way/799847189",
        "landuse": "forest",
        "@geometry": "center"
      },
      "geometry": {
        "type": "Point",
        "coordinates": [
          -85.9461438,
          37.1398764
        ]
      },
      "id": "way/799847189"
    },
    {
      "type": "Feature",
      "properties": {
        "@id": "way/799847190",
        "landuse": "forest",
        "@geometry": "center"
      },
      "geometry": {
        "type": "Point",
        "coordinates": [
          -85.9649579,
          37.1449783
        ]
      },
      "id": "way/799847190"
    },
    {
      "type": "Feature",
      "properties": {
        "@id": "way/799847191",
        "landuse": "forest",
        "@geometry": "center"
      },
      "geometry": {
        "type": "Point",
        "coordinates": [
          -85.9785447,
          37.1431842
        ]
      },
      "id": "way/799847191"
    },
    {
      "type": "Feature",
      "properties": {
        "@id": "way/799847193",
        "landuse": "forest",
        "@geometry": "center"
      },
      "geometry": {
        "type": "Point",
        "coordinates": [
          -85.9921743,
          37.1333289
        ]
      },
      "id": "way/799847193"
    },
    {
      "type": "Feature",
      "properties": {
        "@id": "way/799847194",
        "landuse": "forest",
        "@geometry": "center"
      },
      "geometry": {
        "type": "Point",
        "coordinates": [
          -85.9878724,
          37.1327637
        ]
      },
      "id": "way/799847194"
    },
    {
      "type": "Feature",
      "properties": {
        "@id": "way/800027339",
        "landuse": "forest",
        "@geometry": "center"
      },
      "geometry": {
        "type": "Point",
        "coordinates": [
          -86.0279914,
          37.1165309
        ]
      },
      "id": "way/800027339"
    },
    {
      "type": "Feature",
      "properties": {
        "@id": "way/800382595",
        "landuse": "forest",
        "@geometry": "center"
      },
      "geometry": {
        "type": "Point",
        "coordinates": [
          -85.9285757,
          37.1455786
        ]
      },
      "id": "way/800382595"
    },
    {
      "type": "Feature",
      "properties": {
        "@id": "way/800382596",
        "landuse": "forest",
        "@geometry": "center"
      },
      "geometry": {
        "type": "Point",
        "coordinates": [
          -85.9303809,
          37.1432738
        ]
      },
      "id": "way/800382596"
    },
    {
      "type": "Feature",
      "properties": {
        "@id": "way/800382597",
        "landuse": "forest",
        "@geometry": "center"
      },
      "geometry": {
        "type": "Point",
        "coordinates": [
          -85.9099236,
          37.1443728
        ]
      },
      "id": "way/800382597"
    },
    {
      "type": "Feature",
      "properties": {
        "@id": "way/800382598",
        "landuse": "forest",
        "@geometry": "center"
      },
      "geometry": {
        "type": "Point",
        "coordinates": [
          -85.9166372,
          37.1412041
        ]
      },
      "id": "way/800382598"
    },
    {
      "type": "Feature",
      "properties": {
        "@id": "way/800382599",
        "landuse": "forest",
        "@geometry": "center"
      },
      "geometry": {
        "type": "Point",
        "coordinates": [
          -85.9143144,
          37.1367952
        ]
      },
      "id": "way/800382599"
    },
    {
      "type": "Feature",
      "properties": {
        "@id": "way/800407017",
        "landuse": "forest",
        "@geometry": "center"
      },
      "geometry": {
        "type": "Point",
        "coordinates": [
          -85.9721911,
          37.1489779
        ]
      },
      "id": "way/800407017"
    },
    {
      "type": "Feature",
      "properties": {
        "@id": "way/800407023",
        "landuse": "forest",
        "@geometry": "center"
      },
      "geometry": {
        "type": "Point",
        "coordinates": [
          -85.950594,
          37.1506487
        ]
      },
      "id": "way/800407023"
    },
    {
      "type": "Feature",
      "properties": {
        "@id": "way/800407024",
        "landuse": "forest",
        "@geometry": "center"
      },
      "geometry": {
        "type": "Point",
        "coordinates": [
          -85.9532426,
          37.1510635
        ]
      },
      "id": "way/800407024"
    },
    {
      "type": "Feature",
      "properties": {
        "@id": "way/800407025",
        "landuse": "forest",
        "@geometry": "center"
      },
      "geometry": {
        "type": "Point",
        "coordinates": [
          -85.9535712,
          37.1494868
        ]
      },
      "id": "way/800407025"
    },
    {
      "type": "Feature",
      "properties": {
        "@id": "way/800407026",
        "landuse": "forest",
        "@geometry": "center"
      },
      "geometry": {
        "type": "Point",
        "coordinates": [
          -85.9564184,
          37.1472869
        ]
      },
      "id": "way/800407026"
    },
    {
      "type": "Feature",
      "properties": {
        "@id": "way/800407042",
        "landuse": "forest",
        "@geometry": "center"
      },
      "geometry": {
        "type": "Point",
        "coordinates": [
          -85.957616,
          37.1468421
        ]
      },
      "id": "way/800407042"
    },
    {
      "type": "Feature",
      "properties": {
        "@id": "way/800407043",
        "landuse": "forest",
        "@geometry": "center"
      },
      "geometry": {
        "type": "Point",
        "coordinates": [
          -85.9616447,
          37.1497966
        ]
      },
      "id": "way/800407043"
    },
    {
      "type": "Feature",
      "properties": {
        "@id": "way/800423916",
        "landuse": "forest",
        "@geometry": "center"
      },
      "geometry": {
        "type": "Point",
        "coordinates": [
          -85.993921,
          37.1375393
        ]
      },
      "id": "way/800423916"
    },
    {
      "type": "Feature",
      "properties": {
        "@id": "way/800423926",
        "landuse": "forest",
        "@geometry": "center"
      },
      "geometry": {
        "type": "Point",
        "coordinates": [
          -85.989777,
          37.1378557
        ]
      },
      "id": "way/800423926"
    },
    {
      "type": "Feature",
      "properties": {
        "@id": "way/800423976",
        "landuse": "forest",
        "@geometry": "center"
      },
      "geometry": {
        "type": "Point",
        "coordinates": [
          -85.9994343,
          37.1370004
        ]
      },
      "id": "way/800423976"
    },
    {
      "type": "Feature",
      "properties": {
        "@id": "way/800488420",
        "landuse": "forest",
        "@geometry": "center"
      },
      "geometry": {
        "type": "Point",
        "coordinates": [
          -85.9707266,
          37.1142569
        ]
      },
      "id": "way/800488420"
    },
    {
      "type": "Feature",
      "properties": {
        "@id": "way/800488421",
        "landuse": "forest",
        "@geometry": "center"
      },
      "geometry": {
        "type": "Point",
        "coordinates": [
          -85.9753185,
          37.1099808
        ]
      },
      "id": "way/800488421"
    },
    {
      "type": "Feature",
      "properties": {
        "@id": "way/808089101",
        "landuse": "forest",
        "@geometry": "center"
      },
      "geometry": {
        "type": "Point",
        "coordinates": [
          -82.0049192,
          36.6901948
        ]
      },
      "id": "way/808089101"
    },
    {
      "type": "Feature",
      "properties": {
        "@id": "way/827671668",
        "landuse": "forest",
        "@geometry": "center"
      },
      "geometry": {
        "type": "Point",
        "coordinates": [
          -89.4815977,
          37.4461469
        ]
      },
      "id": "way/827671668"
    },
    {
      "type": "Feature",
      "properties": {
        "@id": "way/827917056",
        "access": "permit",
        "description": "Contact Jefferson Memorial Forest Welcome Center for permit",
        "landuse": "forest",
        "leisure": "park",
        "name": "Fairmount Falls Park",
        "opening_hours": "06:00-23:00",
        "operator": "Louisville Parks and Recreation",
        "operator:type": "public",
        "operator:wikidata": "Q110072380",
        "permit:phone": "+1 502 368 5404",
        "website": "https://louisvilleky.gov/government/parks/park-list/fairmount-falls-park",
        "@geometry": "center"
      },
      "geometry": {
        "type": "Point",
        "coordinates": [
          -85.5771661,
          38.091533
        ]
      },
      "id": "way/827917056"
    },
    {
      "type": "Feature",
      "properties": {
        "@id": "way/828178832",
        "landuse": "forest",
        "@geometry": "center"
      },
      "geometry": {
        "type": "Point",
        "coordinates": [
          -85.6932998,
          38.2796178
        ]
      },
      "id": "way/828178832"
    },
    {
      "type": "Feature",
      "properties": {
        "@id": "way/831923424",
        "landuse": "forest",
        "@geometry": "center"
      },
      "geometry": {
        "type": "Point",
        "coordinates": [
          -87.2785329,
          38.6674422
        ]
      },
      "id": "way/831923424"
    },
    {
      "type": "Feature",
      "properties": {
        "@id": "way/831923425",
        "landuse": "forest",
        "@geometry": "center"
      },
      "geometry": {
        "type": "Point",
        "coordinates": [
          -87.2732703,
          38.6652182
        ]
      },
      "id": "way/831923425"
    },
    {
      "type": "Feature",
      "properties": {
        "@id": "way/832522968",
        "landuse": "forest",
        "@geometry": "center"
      },
      "geometry": {
        "type": "Point",
        "coordinates": [
          -87.2310618,
          38.6728595
        ]
      },
      "id": "way/832522968"
    },
    {
      "type": "Feature",
      "properties": {
        "@id": "way/848661712",
        "landuse": "forest",
        "name": "Big Rivers State Forest",
        "@geometry": "center"
      },
      "geometry": {
        "type": "Point",
        "coordinates": [
          -88.0360124,
          37.5068677
        ]
      },
      "id": "way/848661712"
    },
    {
      "type": "Feature",
      "properties": {
        "@id": "way/848672423",
        "landuse": "forest",
        "name": "Rolleigh Peterson Educational Forest",
        "operator": "Louisville Parks and Recreation",
        "@geometry": "center"
      },
      "geometry": {
        "type": "Point",
        "coordinates": [
          -85.4606946,
          38.194305
        ]
      },
      "id": "way/848672423"
    },
    {
      "type": "Feature",
      "properties": {
        "@id": "way/850283845",
        "landuse": "forest",
        "@geometry": "center"
      },
      "geometry": {
        "type": "Point",
        "coordinates": [
          -87.4564719,
          37.0444136
        ]
      },
      "id": "way/850283845"
    },
    {
      "type": "Feature",
      "properties": {
        "@id": "way/850283846",
        "landuse": "forest",
        "@geometry": "center"
      },
      "geometry": {
        "type": "Point",
        "coordinates": [
          -87.4506193,
          37.0427609
        ]
      },
      "id": "way/850283846"
    },
    {
      "type": "Feature",
      "properties": {
        "@id": "way/850283847",
        "landuse": "forest",
        "@geometry": "center"
      },
      "geometry": {
        "type": "Point",
        "coordinates": [
          -87.4508983,
          37.0369973
        ]
      },
      "id": "way/850283847"
    },
    {
      "type": "Feature",
      "properties": {
        "@id": "way/850283848",
        "landuse": "forest",
        "@geometry": "center"
      },
      "geometry": {
        "type": "Point",
        "coordinates": [
          -87.4405289,
          37.0421525
        ]
      },
      "id": "way/850283848"
    },
    {
      "type": "Feature",
      "properties": {
        "@id": "way/850283849",
        "landuse": "forest",
        "@geometry": "center"
      },
      "geometry": {
        "type": "Point",
        "coordinates": [
          -87.4456573,
          37.0404915
        ]
      },
      "id": "way/850283849"
    },
    {
      "type": "Feature",
      "properties": {
        "@id": "way/852516147",
        "landuse": "forest",
        "@geometry": "center"
      },
      "geometry": {
        "type": "Point",
        "coordinates": [
          -87.4556907,
          36.5966286
        ]
      },
      "id": "way/852516147"
    },
    {
      "type": "Feature",
      "properties": {
        "@id": "way/852516148",
        "landuse": "forest",
        "@geometry": "center"
      },
      "geometry": {
        "type": "Point",
        "coordinates": [
          -87.4541168,
          36.5962252
        ]
      },
      "id": "way/852516148"
    },
    {
      "type": "Feature",
      "properties": {
        "@id": "way/852516149",
        "landuse": "forest",
        "@geometry": "center"
      },
      "geometry": {
        "type": "Point",
        "coordinates": [
          -87.4538557,
          36.5959089
        ]
      },
      "id": "way/852516149"
    },
    {
      "type": "Feature",
      "properties": {
        "@id": "way/852516153",
        "landuse": "forest",
        "@geometry": "center"
      },
      "geometry": {
        "type": "Point",
        "coordinates": [
          -87.4514095,
          36.5984981
        ]
      },
      "id": "way/852516153"
    },
    {
      "type": "Feature",
      "properties": {
        "@id": "way/852516154",
        "landuse": "forest",
        "@geometry": "center"
      },
      "geometry": {
        "type": "Point",
        "coordinates": [
          -87.4511492,
          36.5986414
        ]
      },
      "id": "way/852516154"
    },
    {
      "type": "Feature",
      "properties": {
        "@id": "way/856114293",
        "boundary": "protected_area",
        "landuse": "forest",
        "leisure": "nature_reserve",
        "name": "Veterans Memorial Wildlife Management Area",
        "owner": "Kentucky Department of Fish and Wildlife",
        "protected_area": "game_land",
        "protection_title": "Wildlife Management Area",
        "@geometry": "center"
      },
      "geometry": {
        "type": "Point",
        "coordinates": [
          -84.5474808,
          38.3259198
        ]
      },
      "id": "way/856114293"
    },
    {
      "type": "Feature",
      "properties": {
        "@id": "way/857101258",
        "landuse": "forest",
        "@geometry": "center"
      },
      "geometry": {
        "type": "Point",
        "coordinates": [
          -87.5858007,
          36.9365829
        ]
      },
      "id": "way/857101258"
    },
    {
      "type": "Feature",
      "properties": {
        "@id": "way/857167971",
        "landuse": "forest",
        "@geometry": "center"
      },
      "geometry": {
        "type": "Point",
        "coordinates": [
          -87.5837025,
          36.9294528
        ]
      },
      "id": "way/857167971"
    },
    {
      "type": "Feature",
      "properties": {
        "@id": "way/857167975",
        "landuse": "forest",
        "@geometry": "center"
      },
      "geometry": {
        "type": "Point",
        "coordinates": [
          -87.5777373,
          36.9288599
        ]
      },
      "id": "way/857167975"
    },
    {
      "type": "Feature",
      "properties": {
        "@id": "way/857171165",
        "landuse": "forest",
        "@geometry": "center"
      },
      "geometry": {
        "type": "Point",
        "coordinates": [
          -87.5834021,
          36.9266782
        ]
      },
      "id": "way/857171165"
    },
    {
      "type": "Feature",
      "properties": {
        "@id": "way/857210586",
        "landuse": "forest",
        "@geometry": "center"
      },
      "geometry": {
        "type": "Point",
        "coordinates": [
          -87.5892238,
          36.9270511
        ]
      },
      "id": "way/857210586"
    },
    {
      "type": "Feature",
      "properties": {
        "@id": "way/859956579",
        "landuse": "forest",
        "natural": "wood",
        "@geometry": "center"
      },
      "geometry": {
        "type": "Point",
        "coordinates": [
          -87.7326623,
          38.3915224
        ]
      },
      "id": "way/859956579"
    },
    {
      "type": "Feature",
      "properties": {
        "@id": "way/859957676",
        "landuse": "forest",
        "natural": "wood",
        "@geometry": "center"
      },
      "geometry": {
        "type": "Point",
        "coordinates": [
          -87.7295664,
          38.3868911
        ]
      },
      "id": "way/859957676"
    },
    {
      "type": "Feature",
      "properties": {
        "@id": "way/859957677",
        "landuse": "forest",
        "natural": "wood",
        "@geometry": "center"
      },
      "geometry": {
        "type": "Point",
        "coordinates": [
          -87.7348383,
          38.3862214
        ]
      },
      "id": "way/859957677"
    },
    {
      "type": "Feature",
      "properties": {
        "@id": "way/860372004",
        "landuse": "forest",
        "natural": "wood",
        "@geometry": "center"
      },
      "geometry": {
        "type": "Point",
        "coordinates": [
          -87.7169775,
          38.3864958
        ]
      },
      "id": "way/860372004"
    },
    {
      "type": "Feature",
      "properties": {
        "@id": "way/860372007",
        "landuse": "forest",
        "natural": "wood",
        "@geometry": "center"
      },
      "geometry": {
        "type": "Point",
        "coordinates": [
          -87.7039755,
          38.3848752
        ]
      },
      "id": "way/860372007"
    },
    {
      "type": "Feature",
      "properties": {
        "@id": "way/860634599",
        "landuse": "forest",
        "natural": "wood",
        "@geometry": "center"
      },
      "geometry": {
        "type": "Point",
        "coordinates": [
          -87.7194866,
          38.3736591
        ]
      },
      "id": "way/860634599"
    },
    {
      "type": "Feature",
      "properties": {
        "@id": "way/860634603",
        "landuse": "forest",
        "natural": "wood",
        "@geometry": "center"
      },
      "geometry": {
        "type": "Point",
        "coordinates": [
          -87.7215399,
          38.383319
        ]
      },
      "id": "way/860634603"
    },
    {
      "type": "Feature",
      "properties": {
        "@id": "way/860704306",
        "landuse": "forest",
        "natural": "wood",
        "@geometry": "center"
      },
      "geometry": {
        "type": "Point",
        "coordinates": [
          -87.7103242,
          38.3555941
        ]
      },
      "id": "way/860704306"
    },
    {
      "type": "Feature",
      "properties": {
        "@id": "way/860704309",
        "landuse": "forest",
        "natural": "wood",
        "@geometry": "center"
      },
      "geometry": {
        "type": "Point",
        "coordinates": [
          -87.7257443,
          38.353129
        ]
      },
      "id": "way/860704309"
    },
    {
      "type": "Feature",
      "properties": {
        "@id": "way/861148744",
        "landuse": "forest",
        "@geometry": "center"
      },
      "geometry": {
        "type": "Point",
        "coordinates": [
          -87.6023519,
          38.6691287
        ]
      },
      "id": "way/861148744"
    },
    {
      "type": "Feature",
      "properties": {
        "@id": "way/866136419",
        "landuse": "forest",
        "@geometry": "center"
      },
      "geometry": {
        "type": "Point",
        "coordinates": [
          -84.3517786,
          38.7888931
        ]
      },
      "id": "way/866136419"
    },
    {
      "type": "Feature",
      "properties": {
        "@id": "way/866215791",
        "landuse": "forest",
        "@geometry": "center"
      },
      "geometry": {
        "type": "Point",
        "coordinates": [
          -87.6068188,
          38.3920439
        ]
      },
      "id": "way/866215791"
    },
    {
      "type": "Feature",
      "properties": {
        "@id": "way/866829304",
        "landuse": "forest",
        "@geometry": "center"
      },
      "geometry": {
        "type": "Point",
        "coordinates": [
          -84.3426478,
          38.7916847
        ]
      },
      "id": "way/866829304"
    },
    {
      "type": "Feature",
      "properties": {
        "@id": "way/873313072",
        "fixme": "unknown if this is the proper tag gor this area also unsure about the boundaries going off of the TOPO Map",
        "landuse": "forest",
        "name": "Kaskaskia Experimental Forest",
        "@geometry": "center"
      },
      "geometry": {
        "type": "Point",
        "coordinates": [
          -88.3301029,
          37.5489958
        ]
      },
      "id": "way/873313072"
    },
    {
      "type": "Feature",
      "properties": {
        "@id": "way/879446092",
        "landuse": "forest",
        "leaf_type": "mixed",
        "@geometry": "center"
      },
      "geometry": {
        "type": "Point",
        "coordinates": [
          -87.4301617,
          37.9799799
        ]
      },
      "id": "way/879446092"
    },
    {
      "type": "Feature",
      "properties": {
        "@id": "way/880533770",
        "landuse": "forest",
        "@geometry": "center"
      },
      "geometry": {
        "type": "Point",
        "coordinates": [
          -84.856132,
          38.2294193
        ]
      },
      "id": "way/880533770"
    },
    {
      "type": "Feature",
      "properties": {
        "@id": "way/880533771",
        "landuse": "forest",
        "@geometry": "center"
      },
      "geometry": {
        "type": "Point",
        "coordinates": [
          -84.8549679,
          38.2295989
        ]
      },
      "id": "way/880533771"
    },
    {
      "type": "Feature",
      "properties": {
        "@id": "way/880533772",
        "landuse": "forest",
        "@geometry": "center"
      },
      "geometry": {
        "type": "Point",
        "coordinates": [
          -84.857929,
          38.2296932
        ]
      },
      "id": "way/880533772"
    },
    {
      "type": "Feature",
      "properties": {
        "@id": "way/880754903",
        "landuse": "forest",
        "@geometry": "center"
      },
      "geometry": {
        "type": "Point",
        "coordinates": [
          -84.855159,
          38.2336126
        ]
      },
      "id": "way/880754903"
    },
    {
      "type": "Feature",
      "properties": {
        "@id": "way/880754904",
        "landuse": "forest",
        "@geometry": "center"
      },
      "geometry": {
        "type": "Point",
        "coordinates": [
          -84.8558034,
          38.2341346
        ]
      },
      "id": "way/880754904"
    },
    {
      "type": "Feature",
      "properties": {
        "@id": "way/880754906",
        "landuse": "forest",
        "@geometry": "center"
      },
      "geometry": {
        "type": "Point",
        "coordinates": [
          -84.8574958,
          38.228812
        ]
      },
      "id": "way/880754906"
    },
    {
      "type": "Feature",
      "properties": {
        "@id": "way/880754908",
        "landuse": "forest",
        "@geometry": "center"
      },
      "geometry": {
        "type": "Point",
        "coordinates": [
          -84.8617244,
          38.2285789
        ]
      },
      "id": "way/880754908"
    },
    {
      "type": "Feature",
      "properties": {
        "@id": "way/880754909",
        "landuse": "forest",
        "@geometry": "center"
      },
      "geometry": {
        "type": "Point",
        "coordinates": [
          -84.8566838,
          38.2292228
        ]
      },
      "id": "way/880754909"
    },
    {
      "type": "Feature",
      "properties": {
        "@id": "way/881123813",
        "landuse": "forest",
        "@geometry": "center"
      },
      "geometry": {
        "type": "Point",
        "coordinates": [
          -84.8667381,
          38.2314072
        ]
      },
      "id": "way/881123813"
    },
    {
      "type": "Feature",
      "properties": {
        "@id": "way/888748437",
        "landuse": "forest",
        "@geometry": "center"
      },
      "geometry": {
        "type": "Point",
        "coordinates": [
          -89.5403821,
          37.9220763
        ]
      },
      "id": "way/888748437"
    },
    {
      "type": "Feature",
      "properties": {
        "@id": "way/891707177",
        "landuse": "forest",
        "@geometry": "center"
      },
      "geometry": {
        "type": "Point",
        "coordinates": [
          -85.6040555,
          38.0305137
        ]
      },
      "id": "way/891707177"
    },
    {
      "type": "Feature",
      "properties": {
        "@id": "way/895384578",
        "landuse": "forest",
        "leisure": "nature_reserve",
        "name": "Graining Fork Nature Preserve",
        "@geometry": "center"
      },
      "geometry": {
        "type": "Point",
        "coordinates": [
          -83.65655,
          37.73088
        ]
      },
      "id": "way/895384578"
    },
    {
      "type": "Feature",
      "properties": {
        "@id": "way/903053187",
        "landuse": "forest",
        "@geometry": "center"
      },
      "geometry": {
        "type": "Point",
        "coordinates": [
          -89.2872823,
          36.7817294
        ]
      },
      "id": "way/903053187"
    },
    {
      "type": "Feature",
      "properties": {
        "@id": "way/903053188",
        "landuse": "forest",
        "@geometry": "center"
      },
      "geometry": {
        "type": "Point",
        "coordinates": [
          -89.2780341,
          36.7824039
        ]
      },
      "id": "way/903053188"
    },
    {
      "type": "Feature",
      "properties": {
        "@id": "way/903053189",
        "landuse": "forest",
        "@geometry": "center"
      },
      "geometry": {
        "type": "Point",
        "coordinates": [
          -89.2855871,
          36.8011298
        ]
      },
      "id": "way/903053189"
    },
    {
      "type": "Feature",
      "properties": {
        "@id": "way/917584552",
        "landuse": "forest",
        "@geometry": "center"
      },
      "geometry": {
        "type": "Point",
        "coordinates": [
          -85.5909569,
          38.402054
        ]
      },
      "id": "way/917584552"
    },
    {
      "type": "Feature",
      "properties": {
        "@id": "way/927265991",
        "landuse": "forest",
        "@geometry": "center"
      },
      "geometry": {
        "type": "Point",
        "coordinates": [
          -85.7603458,
          38.7568703
        ]
      },
      "id": "way/927265991"
    },
    {
      "type": "Feature",
      "properties": {
        "@id": "way/928982887",
        "boundary": "forest",
        "landuse": "forest",
        "leaf_type": "mixed",
        "name": "Greene-Sullivan State Forest",
        "source": "https://www.in.gov/dnr/forestry/properties/",
        "@geometry": "center"
      },
      "geometry": {
        "type": "Point",
        "coordinates": [
          -87.2369487,
          39.004505
        ]
      },
      "id": "way/928982887"
    },
    {
      "type": "Feature",
      "properties": {
        "@id": "way/929893636",
        "landuse": "forest",
        "@geometry": "center"
      },
      "geometry": {
        "type": "Point",
        "coordinates": [
          -87.5165099,
          38.2937589
        ]
      },
      "id": "way/929893636"
    },
    {
      "type": "Feature",
      "properties": {
        "@id": "way/929893637",
        "landuse": "forest",
        "@geometry": "center"
      },
      "geometry": {
        "type": "Point",
        "coordinates": [
          -87.5471788,
          38.305154
        ]
      },
      "id": "way/929893637"
    },
    {
      "type": "Feature",
      "properties": {
        "@id": "way/934950840",
        "landuse": "forest",
        "source": "bing",
        "@geometry": "center"
      },
      "geometry": {
        "type": "Point",
        "coordinates": [
          -89.4826968,
          37.6526903
        ]
      },
      "id": "way/934950840"
    },
    {
      "type": "Feature",
      "properties": {
        "@id": "way/988118178",
        "landuse": "forest",
        "@geometry": "center"
      },
      "geometry": {
        "type": "Point",
        "coordinates": [
          -82.3367353,
          39.0300812
        ]
      },
      "id": "way/988118178"
    },
    {
      "type": "Feature",
      "properties": {
        "@id": "way/988118183",
        "landuse": "forest",
        "@geometry": "center"
      },
      "geometry": {
        "type": "Point",
        "coordinates": [
          -82.3391899,
          39.0322268
        ]
      },
      "id": "way/988118183"
    },
    {
      "type": "Feature",
      "properties": {
        "@id": "way/988143905",
        "landuse": "forest",
        "@geometry": "center"
      },
      "geometry": {
        "type": "Point",
        "coordinates": [
          -82.3215209,
          39.0478315
        ]
      },
      "id": "way/988143905"
    },
    {
      "type": "Feature",
      "properties": {
        "@id": "way/988143906",
        "landuse": "forest",
        "@geometry": "center"
      },
      "geometry": {
        "type": "Point",
        "coordinates": [
          -82.321584,
          39.0444887
        ]
      },
      "id": "way/988143906"
    },
    {
      "type": "Feature",
      "properties": {
        "@id": "way/988143907",
        "landuse": "forest",
        "@geometry": "center"
      },
      "geometry": {
        "type": "Point",
        "coordinates": [
          -82.3223806,
          39.0387774
        ]
      },
      "id": "way/988143907"
    },
    {
      "type": "Feature",
      "properties": {
        "@id": "way/988143908",
        "landuse": "forest",
        "@geometry": "center"
      },
      "geometry": {
        "type": "Point",
        "coordinates": [
          -82.3253846,
          39.0297347
        ]
      },
      "id": "way/988143908"
    },
    {
      "type": "Feature",
      "properties": {
        "@id": "way/988162051",
        "landuse": "forest",
        "@geometry": "center"
      },
      "geometry": {
        "type": "Point",
        "coordinates": [
          -82.3302958,
          39.0491345
        ]
      },
      "id": "way/988162051"
    },
    {
      "type": "Feature",
      "properties": {
        "@id": "way/988757910",
        "landuse": "forest",
        "@geometry": "center"
      },
      "geometry": {
        "type": "Point",
        "coordinates": [
          -82.3367015,
          39.0338622
        ]
      },
      "id": "way/988757910"
    },
    {
      "type": "Feature",
      "properties": {
        "@id": "way/988757912",
        "landuse": "forest",
        "@geometry": "center"
      },
      "geometry": {
        "type": "Point",
        "coordinates": [
          -82.3364501,
          39.032347
        ]
      },
      "id": "way/988757912"
    },
    {
      "type": "Feature",
      "properties": {
        "@id": "way/988757913",
        "landuse": "forest",
        "@geometry": "center"
      },
      "geometry": {
        "type": "Point",
        "coordinates": [
          -82.3363099,
          39.0306176
        ]
      },
      "id": "way/988757913"
    },
    {
      "type": "Feature",
      "properties": {
        "@id": "way/988757944",
        "landuse": "forest",
        "@geometry": "center"
      },
      "geometry": {
        "type": "Point",
        "coordinates": [
          -82.3335962,
          39.0436258
        ]
      },
      "id": "way/988757944"
    },
    {
      "type": "Feature",
      "properties": {
        "@id": "way/988757945",
        "landuse": "forest",
        "@geometry": "center"
      },
      "geometry": {
        "type": "Point",
        "coordinates": [
          -82.3347649,
          39.0436424
        ]
      },
      "id": "way/988757945"
    },
    {
      "type": "Feature",
      "properties": {
        "@id": "way/988772996",
        "landuse": "forest",
        "@geometry": "center"
      },
      "geometry": {
        "type": "Point",
        "coordinates": [
          -82.3296681,
          39.0759427
        ]
      },
      "id": "way/988772996"
    },
    {
      "type": "Feature",
      "properties": {
        "@id": "way/988772999",
        "landuse": "forest",
        "@geometry": "center"
      },
      "geometry": {
        "type": "Point",
        "coordinates": [
          -82.3293695,
          39.0727556
        ]
      },
      "id": "way/988772999"
    },
    {
      "type": "Feature",
      "properties": {
        "@id": "way/988773002",
        "landuse": "forest",
        "@geometry": "center"
      },
      "geometry": {
        "type": "Point",
        "coordinates": [
          -82.3224678,
          39.0791564
        ]
      },
      "id": "way/988773002"
    },
    {
      "type": "Feature",
      "properties": {
        "@id": "way/988773003",
        "landuse": "forest",
        "@geometry": "center"
      },
      "geometry": {
        "type": "Point",
        "coordinates": [
          -82.3319595,
          39.0744001
        ]
      },
      "id": "way/988773003"
    },
    {
      "type": "Feature",
      "properties": {
        "@id": "way/988773012",
        "landuse": "forest",
        "@geometry": "center"
      },
      "geometry": {
        "type": "Point",
        "coordinates": [
          -82.3241226,
          39.0727135
        ]
      },
      "id": "way/988773012"
    },
    {
      "type": "Feature",
      "properties": {
        "@id": "way/988773013",
        "landuse": "forest",
        "@geometry": "center"
      },
      "geometry": {
        "type": "Point",
        "coordinates": [
          -82.3264415,
          39.073927
        ]
      },
      "id": "way/988773013"
    },
    {
      "type": "Feature",
      "properties": {
        "@id": "way/988773036",
        "landuse": "forest",
        "@geometry": "center"
      },
      "geometry": {
        "type": "Point",
        "coordinates": [
          -82.327297,
          39.0729001
        ]
      },
      "id": "way/988773036"
    },
    {
      "type": "Feature",
      "properties": {
        "@id": "way/988964128",
        "landuse": "forest",
        "@geometry": "center"
      },
      "geometry": {
        "type": "Point",
        "coordinates": [
          -82.3306539,
          39.0795332
        ]
      },
      "id": "way/988964128"
    },
    {
      "type": "Feature",
      "properties": {
        "@id": "way/988964129",
        "landuse": "forest",
        "@geometry": "center"
      },
      "geometry": {
        "type": "Point",
        "coordinates": [
          -82.3319547,
          39.0796161
        ]
      },
      "id": "way/988964129"
    },
    {
      "type": "Feature",
      "properties": {
        "@id": "way/988964134",
        "landuse": "forest",
        "@geometry": "center"
      },
      "geometry": {
        "type": "Point",
        "coordinates": [
          -82.3245713,
          39.0782558
        ]
      },
      "id": "way/988964134"
    },
    {
      "type": "Feature",
      "properties": {
        "@id": "way/988964136",
        "landuse": "forest",
        "@geometry": "center"
      },
      "geometry": {
        "type": "Point",
        "coordinates": [
          -82.327987,
          39.0778363
        ]
      },
      "id": "way/988964136"
    },
    {
      "type": "Feature",
      "properties": {
        "@id": "way/988964144",
        "landuse": "forest",
        "@geometry": "center"
      },
      "geometry": {
        "type": "Point",
        "coordinates": [
          -82.3259318,
          39.0794062
        ]
      },
      "id": "way/988964144"
    },
    {
      "type": "Feature",
      "properties": {
        "@id": "way/988965449",
        "landuse": "forest",
        "@geometry": "center"
      },
      "geometry": {
        "type": "Point",
        "coordinates": [
          -82.3187434,
          39.0799444
        ]
      },
      "id": "way/988965449"
    },
    {
      "type": "Feature",
      "properties": {
        "@id": "way/988965450",
        "landuse": "forest",
        "@geometry": "center"
      },
      "geometry": {
        "type": "Point",
        "coordinates": [
          -82.3197606,
          39.0780013
        ]
      },
      "id": "way/988965450"
    },
    {
      "type": "Feature",
      "properties": {
        "@id": "way/991569057",
        "landuse": "forest",
        "@geometry": "center"
      },
      "geometry": {
        "type": "Point",
        "coordinates": [
          -82.3270328,
          39.0584398
        ]
      },
      "id": "way/991569057"
    },
    {
      "type": "Feature",
      "properties": {
        "@id": "way/991569062",
        "landuse": "forest",
        "@geometry": "center"
      },
      "geometry": {
        "type": "Point",
        "coordinates": [
          -82.3289077,
          39.0549168
        ]
      },
      "id": "way/991569062"
    },
    {
      "type": "Feature",
      "properties": {
        "@id": "way/991569063",
        "landuse": "forest",
        "@geometry": "center"
      },
      "geometry": {
        "type": "Point",
        "coordinates": [
          -82.3254611,
          39.0539096
        ]
      },
      "id": "way/991569063"
    },
    {
      "type": "Feature",
      "properties": {
        "@id": "way/991569064",
        "landuse": "forest",
        "@geometry": "center"
      },
      "geometry": {
        "type": "Point",
        "coordinates": [
          -82.3243326,
          39.0585447
        ]
      },
      "id": "way/991569064"
    },
    {
      "type": "Feature",
      "properties": {
        "@id": "way/991578149",
        "landuse": "forest",
        "@geometry": "center"
      },
      "geometry": {
        "type": "Point",
        "coordinates": [
          -82.3278684,
          39.0704354
        ]
      },
      "id": "way/991578149"
    },
    {
      "type": "Feature",
      "properties": {
        "@id": "way/991578152",
        "landuse": "forest",
        "@geometry": "center"
      },
      "geometry": {
        "type": "Point",
        "coordinates": [
          -82.3237686,
          39.0708581
        ]
      },
      "id": "way/991578152"
    },
    {
      "type": "Feature",
      "properties": {
        "@id": "way/991578153",
        "landuse": "forest",
        "@geometry": "center"
      },
      "geometry": {
        "type": "Point",
        "coordinates": [
          -82.3240207,
          39.0710819
        ]
      },
      "id": "way/991578153"
    },
    {
      "type": "Feature",
      "properties": {
        "@id": "way/991578154",
        "landuse": "forest",
        "@geometry": "center"
      },
      "geometry": {
        "type": "Point",
        "coordinates": [
          -82.3237606,
          39.0718253
        ]
      },
      "id": "way/991578154"
    },
    {
      "type": "Feature",
      "properties": {
        "@id": "way/991578155",
        "landuse": "forest",
        "@geometry": "center"
      },
      "geometry": {
        "type": "Point",
        "coordinates": [
          -82.3247825,
          39.0717254
        ]
      },
      "id": "way/991578155"
    },
    {
      "type": "Feature",
      "properties": {
        "@id": "way/991578157",
        "landuse": "forest",
        "@geometry": "center"
      },
      "geometry": {
        "type": "Point",
        "coordinates": [
          -82.3242795,
          39.0722574
        ]
      },
      "id": "way/991578157"
    },
    {
      "type": "Feature",
      "properties": {
        "@id": "way/991578158",
        "landuse": "forest",
        "@geometry": "center"
      },
      "geometry": {
        "type": "Point",
        "coordinates": [
          -82.3256126,
          39.0691771
        ]
      },
      "id": "way/991578158"
    },
    {
      "type": "Feature",
      "properties": {
        "@id": "way/991578159",
        "landuse": "forest",
        "@geometry": "center"
      },
      "geometry": {
        "type": "Point",
        "coordinates": [
          -82.3255885,
          39.0686164
        ]
      },
      "id": "way/991578159"
    },
    {
      "type": "Feature",
      "properties": {
        "@id": "way/991578160",
        "landuse": "forest",
        "@geometry": "center"
      },
      "geometry": {
        "type": "Point",
        "coordinates": [
          -82.3255274,
          39.0688157
        ]
      },
      "id": "way/991578160"
    },
    {
      "type": "Feature",
      "properties": {
        "@id": "way/991578161",
        "landuse": "forest",
        "@geometry": "center"
      },
      "geometry": {
        "type": "Point",
        "coordinates": [
          -82.325693,
          39.0683576
        ]
      },
      "id": "way/991578161"
    },
    {
      "type": "Feature",
      "properties": {
        "@id": "way/991578162",
        "landuse": "forest",
        "@geometry": "center"
      },
      "geometry": {
        "type": "Point",
        "coordinates": [
          -82.3254208,
          39.0682691
        ]
      },
      "id": "way/991578162"
    },
    {
      "type": "Feature",
      "properties": {
        "@id": "way/991578163",
        "landuse": "forest",
        "@geometry": "center"
      },
      "geometry": {
        "type": "Point",
        "coordinates": [
          -82.3286777,
          39.0697122
        ]
      },
      "id": "way/991578163"
    },
    {
      "type": "Feature",
      "properties": {
        "@id": "way/991578165",
        "landuse": "forest",
        "@geometry": "center"
      },
      "geometry": {
        "type": "Point",
        "coordinates": [
          -82.3273916,
          39.068467
        ]
      },
      "id": "way/991578165"
    },
    {
      "type": "Feature",
      "properties": {
        "@id": "way/991578166",
        "landuse": "forest",
        "@geometry": "center"
      },
      "geometry": {
        "type": "Point",
        "coordinates": [
          -82.3282392,
          39.0682045
        ]
      },
      "id": "way/991578166"
    },
    {
      "type": "Feature",
      "properties": {
        "@id": "way/991578167",
        "landuse": "forest",
        "@geometry": "center"
      },
      "geometry": {
        "type": "Point",
        "coordinates": [
          -82.3286777,
          39.0680364
        ]
      },
      "id": "way/991578167"
    },
    {
      "type": "Feature",
      "properties": {
        "@id": "way/991578169",
        "landuse": "forest",
        "@geometry": "center"
      },
      "geometry": {
        "type": "Point",
        "coordinates": [
          -82.328329,
          39.0719836
        ]
      },
      "id": "way/991578169"
    },
    {
      "type": "Feature",
      "properties": {
        "@id": "way/991578170",
        "landuse": "forest",
        "@geometry": "center"
      },
      "geometry": {
        "type": "Point",
        "coordinates": [
          -82.3267694,
          39.072285
        ]
      },
      "id": "way/991578170"
    },
    {
      "type": "Feature",
      "properties": {
        "@id": "way/991578171",
        "landuse": "forest",
        "@geometry": "center"
      },
      "geometry": {
        "type": "Point",
        "coordinates": [
          -82.3255925,
          39.0694117
        ]
      },
      "id": "way/991578171"
    },
    {
      "type": "Feature",
      "properties": {
        "@id": "way/991578177",
        "landuse": "forest",
        "@geometry": "center"
      },
      "geometry": {
        "type": "Point",
        "coordinates": [
          -82.320342,
          39.0717514
        ]
      },
      "id": "way/991578177"
    },
    {
      "type": "Feature",
      "properties": {
        "@id": "way/991578179",
        "landuse": "forest",
        "@geometry": "center"
      },
      "geometry": {
        "type": "Point",
        "coordinates": [
          -82.3212889,
          39.0690798
        ]
      },
      "id": "way/991578179"
    },
    {
      "type": "Feature",
      "properties": {
        "@id": "way/991578182",
        "landuse": "forest",
        "@geometry": "center"
      },
      "geometry": {
        "type": "Point",
        "coordinates": [
          -82.3225696,
          39.0671118
        ]
      },
      "id": "way/991578182"
    },
    {
      "type": "Feature",
      "properties": {
        "@id": "way/991578185",
        "landuse": "forest",
        "@geometry": "center"
      },
      "geometry": {
        "type": "Point",
        "coordinates": [
          -82.3272561,
          39.0650396
        ]
      },
      "id": "way/991578185"
    },
    {
      "type": "Feature",
      "properties": {
        "@id": "way/995323160",
        "landuse": "forest",
        "@geometry": "center"
      },
      "geometry": {
        "type": "Point",
        "coordinates": [
          -89.3232006,
          36.648731
        ]
      },
      "id": "way/995323160"
    },
    {
      "type": "Feature",
      "properties": {
        "@id": "way/1005608266",
        "landuse": "forest",
        "@geometry": "center"
      },
      "geometry": {
        "type": "Point",
        "coordinates": [
          -89.1558793,
          36.9906935
        ]
      },
      "id": "way/1005608266"
    },
    {
      "type": "Feature",
      "properties": {
        "@id": "way/1005608269",
        "landuse": "forest",
        "@geometry": "center"
      },
      "geometry": {
        "type": "Point",
        "coordinates": [
          -89.1634002,
          36.9949117
        ]
      },
      "id": "way/1005608269"
    },
    {
      "type": "Feature",
      "properties": {
        "@id": "way/1005608270",
        "landuse": "forest",
        "@geometry": "center"
      },
      "geometry": {
        "type": "Point",
        "coordinates": [
          -89.1615254,
          36.9929944
        ]
      },
      "id": "way/1005608270"
    },
    {
      "type": "Feature",
      "properties": {
        "@id": "way/1017811944",
        "landuse": "forest",
        "@geometry": "center"
      },
      "geometry": {
        "type": "Point",
        "coordinates": [
          -86.4853626,
          37.415036
        ]
      },
      "id": "way/1017811944"
    },
    {
      "type": "Feature",
      "properties": {
        "@id": "way/1021340123",
        "landuse": "forest",
        "@geometry": "center"
      },
      "geometry": {
        "type": "Point",
        "coordinates": [
          -86.2755117,
          37.4837944
        ]
      },
      "id": "way/1021340123"
    },
    {
      "type": "Feature",
      "properties": {
        "@id": "way/1022160288",
        "landuse": "forest",
        "@geometry": "center"
      },
      "geometry": {
        "type": "Point",
        "coordinates": [
          -86.2662084,
          37.4892927
        ]
      },
      "id": "way/1022160288"
    },
    {
      "type": "Feature",
      "properties": {
        "@id": "way/1022160289",
        "landuse": "forest",
        "@geometry": "center"
      },
      "geometry": {
        "type": "Point",
        "coordinates": [
          -86.2671469,
          37.4886723
        ]
      },
      "id": "way/1022160289"
    },
    {
      "type": "Feature",
      "properties": {
        "@id": "way/1022160291",
        "landuse": "forest",
        "@geometry": "center"
      },
      "geometry": {
        "type": "Point",
        "coordinates": [
          -86.2663858,
          37.4874281
        ]
      },
      "id": "way/1022160291"
    },
    {
      "type": "Feature",
      "properties": {
        "@id": "way/1067431387",
        "landuse": "forest",
        "natural": "wood",
        "@geometry": "center"
      },
      "geometry": {
        "type": "Point",
        "coordinates": [
          -87.9093543,
          38.2112438
        ]
      },
      "id": "way/1067431387"
    },
    {
      "type": "Feature",
      "properties": {
        "@id": "way/1070090353",
        "landuse": "forest",
        "natural": "wood",
        "@geometry": "center"
      },
      "geometry": {
        "type": "Point",
        "coordinates": [
          -87.9079063,
          38.2218114
        ]
      },
      "id": "way/1070090353"
    },
    {
      "type": "Feature",
      "properties": {
        "@id": "way/1072754632",
        "landuse": "forest",
        "natural": "wood",
        "@geometry": "center"
      },
      "geometry": {
        "type": "Point",
        "coordinates": [
          -87.9013565,
          38.1282429
        ]
      },
      "id": "way/1072754632"
    },
    {
      "type": "Feature",
      "properties": {
        "@id": "way/1072754635",
        "landuse": "forest",
        "natural": "wood",
        "@geometry": "center"
      },
      "geometry": {
        "type": "Point",
        "coordinates": [
          -87.890047,
          38.1102654
        ]
      },
      "id": "way/1072754635"
    },
    {
      "type": "Feature",
      "properties": {
        "@id": "way/1072754636",
        "landuse": "forest",
        "natural": "wood",
        "@geometry": "center"
      },
      "geometry": {
        "type": "Point",
        "coordinates": [
          -87.8906867,
          38.1082962
        ]
      },
      "id": "way/1072754636"
    },
    {
      "type": "Feature",
      "properties": {
        "@id": "way/1072754637",
        "landuse": "forest",
        "natural": "wood",
        "@geometry": "center"
      },
      "geometry": {
        "type": "Point",
        "coordinates": [
          -87.8919407,
          38.1128538
        ]
      },
      "id": "way/1072754637"
    },
    {
      "type": "Feature",
      "properties": {
        "@id": "way/1072754642",
        "landuse": "forest",
        "natural": "wood",
        "@geometry": "center"
      },
      "geometry": {
        "type": "Point",
        "coordinates": [
          -87.8990753,
          38.1069583
        ]
      },
      "id": "way/1072754642"
    },
    {
      "type": "Feature",
      "properties": {
        "@id": "way/1072754643",
        "landuse": "forest",
        "natural": "wood",
        "@geometry": "center"
      },
      "geometry": {
        "type": "Point",
        "coordinates": [
          -87.8942447,
          38.1170479
        ]
      },
      "id": "way/1072754643"
    },
    {
      "type": "Feature",
      "properties": {
        "@id": "way/1072754644",
        "landuse": "forest",
        "natural": "wood",
        "@geometry": "center"
      },
      "geometry": {
        "type": "Point",
        "coordinates": [
          -87.8963998,
          38.1159042
        ]
      },
      "id": "way/1072754644"
    },
    {
      "type": "Feature",
      "properties": {
        "@id": "way/1072754645",
        "landuse": "forest",
        "natural": "wood",
        "@geometry": "center"
      },
      "geometry": {
        "type": "Point",
        "coordinates": [
          -87.8973815,
          38.1158747
        ]
      },
      "id": "way/1072754645"
    },
    {
      "type": "Feature",
      "properties": {
        "@id": "way/1072754649",
        "landuse": "forest",
        "natural": "wood",
        "@geometry": "center"
      },
      "geometry": {
        "type": "Point",
        "coordinates": [
          -87.8992134,
          38.1034821
        ]
      },
      "id": "way/1072754649"
    },
    {
      "type": "Feature",
      "properties": {
        "@id": "way/1072754650",
        "landuse": "forest",
        "natural": "wood",
        "@geometry": "center"
      },
      "geometry": {
        "type": "Point",
        "coordinates": [
          -87.9044518,
          38.1037712
        ]
      },
      "id": "way/1072754650"
    },
    {
      "type": "Feature",
      "properties": {
        "@id": "way/1072754651",
        "landuse": "forest",
        "natural": "wood",
        "@geometry": "center"
      },
      "geometry": {
        "type": "Point",
        "coordinates": [
          -87.9134117,
          38.1078225
        ]
      },
      "id": "way/1072754651"
    },
    {
      "type": "Feature",
      "properties": {
        "@id": "way/1072754652",
        "landuse": "forest",
        "natural": "wood",
        "@geometry": "center"
      },
      "geometry": {
        "type": "Point",
        "coordinates": [
          -87.9113505,
          38.1099868
        ]
      },
      "id": "way/1072754652"
    },
    {
      "type": "Feature",
      "properties": {
        "@id": "way/1072754653",
        "landuse": "forest",
        "natural": "wood",
        "@geometry": "center"
      },
      "geometry": {
        "type": "Point",
        "coordinates": [
          -87.9087969,
          38.1095963
        ]
      },
      "id": "way/1072754653"
    },
    {
      "type": "Feature",
      "properties": {
        "@id": "way/1072754654",
        "landuse": "forest",
        "natural": "wood",
        "@geometry": "center"
      },
      "geometry": {
        "type": "Point",
        "coordinates": [
          -87.9071354,
          38.1100892
        ]
      },
      "id": "way/1072754654"
    },
    {
      "type": "Feature",
      "properties": {
        "@id": "way/1072754655",
        "landuse": "forest",
        "natural": "wood",
        "@geometry": "center"
      },
      "geometry": {
        "type": "Point",
        "coordinates": [
          -87.9078809,
          38.1114661
        ]
      },
      "id": "way/1072754655"
    },
    {
      "type": "Feature",
      "properties": {
        "@id": "way/1072754658",
        "landuse": "forest",
        "natural": "wood",
        "@geometry": "center"
      },
      "geometry": {
        "type": "Point",
        "coordinates": [
          -87.9150706,
          38.1133549
        ]
      },
      "id": "way/1072754658"
    },
    {
      "type": "Feature",
      "properties": {
        "@id": "way/1072754659",
        "landuse": "forest",
        "natural": "wood",
        "@geometry": "center"
      },
      "geometry": {
        "type": "Point",
        "coordinates": [
          -87.9184958,
          38.1160193
        ]
      },
      "id": "way/1072754659"
    },
    {
      "type": "Feature",
      "properties": {
        "@id": "way/1072754660",
        "landuse": "forest",
        "natural": "wood",
        "@geometry": "center"
      },
      "geometry": {
        "type": "Point",
        "coordinates": [
          -87.919664,
          38.1162513
        ]
      },
      "id": "way/1072754660"
    },
    {
      "type": "Feature",
      "properties": {
        "@id": "way/1072754661",
        "landuse": "forest",
        "natural": "wood",
        "@geometry": "center"
      },
      "geometry": {
        "type": "Point",
        "coordinates": [
          -87.9193354,
          38.1149209
        ]
      },
      "id": "way/1072754661"
    },
    {
      "type": "Feature",
      "properties": {
        "@id": "way/1072754662",
        "landuse": "forest",
        "natural": "wood",
        "@geometry": "center"
      },
      "geometry": {
        "type": "Point",
        "coordinates": [
          -87.8985483,
          38.1183922
        ]
      },
      "id": "way/1072754662"
    },
    {
      "type": "Feature",
      "properties": {
        "@id": "way/1072754663",
        "landuse": "forest",
        "natural": "wood",
        "@geometry": "center"
      },
      "geometry": {
        "type": "Point",
        "coordinates": [
          -87.8998625,
          38.1190316
        ]
      },
      "id": "way/1072754663"
    },
    {
      "type": "Feature",
      "properties": {
        "@id": "way/1072868339",
        "landuse": "forest",
        "natural": "wood",
        "@geometry": "center"
      },
      "geometry": {
        "type": "Point",
        "coordinates": [
          -87.8959063,
          38.088966
        ]
      },
      "id": "way/1072868339"
    },
    {
      "type": "Feature",
      "properties": {
        "@id": "way/1072868340",
        "landuse": "forest",
        "natural": "wood",
        "@geometry": "center"
      },
      "geometry": {
        "type": "Point",
        "coordinates": [
          -87.9055917,
          38.0931097
        ]
      },
      "id": "way/1072868340"
    },
    {
      "type": "Feature",
      "properties": {
        "@id": "way/1072868341",
        "landuse": "forest",
        "natural": "wood",
        "@geometry": "center"
      },
      "geometry": {
        "type": "Point",
        "coordinates": [
          -87.9195848,
          38.1130152
        ]
      },
      "id": "way/1072868341"
    },
    {
      "type": "Feature",
      "properties": {
        "@id": "way/1072868348",
        "landuse": "forest",
        "natural": "wood",
        "@geometry": "center"
      },
      "geometry": {
        "type": "Point",
        "coordinates": [
          -87.9177529,
          38.1337791
        ]
      },
      "id": "way/1072868348"
    },
    {
      "type": "Feature",
      "properties": {
        "@id": "way/1072868352",
        "landuse": "forest",
        "natural": "wood",
        "@geometry": "center"
      },
      "geometry": {
        "type": "Point",
        "coordinates": [
          -87.9249613,
          38.137854
        ]
      },
      "id": "way/1072868352"
    },
    {
      "type": "Feature",
      "properties": {
        "@id": "way/1072868399",
        "landuse": "forest",
        "natural": "wood",
        "@geometry": "center"
      },
      "geometry": {
        "type": "Point",
        "coordinates": [
          -87.9244396,
          38.1321673
        ]
      },
      "id": "way/1072868399"
    },
    {
      "type": "Feature",
      "properties": {
        "@id": "way/1072868406",
        "landuse": "forest",
        "natural": "wood",
        "@geometry": "center"
      },
      "geometry": {
        "type": "Point",
        "coordinates": [
          -87.9292488,
          38.1267766
        ]
      },
      "id": "way/1072868406"
    },
    {
      "type": "Feature",
      "properties": {
        "@id": "way/1072868407",
        "landuse": "forest",
        "natural": "wood",
        "@geometry": "center"
      },
      "geometry": {
        "type": "Point",
        "coordinates": [
          -87.9247964,
          38.1309478
        ]
      },
      "id": "way/1072868407"
    },
    {
      "type": "Feature",
      "properties": {
        "@id": "way/1072868416",
        "landuse": "forest",
        "natural": "wood",
        "@geometry": "center"
      },
      "geometry": {
        "type": "Point",
        "coordinates": [
          -87.9309467,
          38.1315871
        ]
      },
      "id": "way/1072868416"
    },
    {
      "type": "Feature",
      "properties": {
        "@id": "way/1072911650",
        "landuse": "forest",
        "natural": "wood",
        "@geometry": "center"
      },
      "geometry": {
        "type": "Point",
        "coordinates": [
          -87.8758514,
          38.1628046
        ]
      },
      "id": "way/1072911650"
    },
    {
      "type": "Feature",
      "properties": {
        "@id": "way/1072911651",
        "landuse": "forest",
        "natural": "wood",
        "@geometry": "center"
      },
      "geometry": {
        "type": "Point",
        "coordinates": [
          -87.8795334,
          38.1563917
        ]
      },
      "id": "way/1072911651"
    },
    {
      "type": "Feature",
      "properties": {
        "@id": "way/1072911652",
        "landuse": "forest",
        "natural": "wood",
        "@geometry": "center"
      },
      "geometry": {
        "type": "Point",
        "coordinates": [
          -87.880206,
          38.159466
        ]
      },
      "id": "way/1072911652"
    },
    {
      "type": "Feature",
      "properties": {
        "@id": "way/1072911653",
        "landuse": "forest",
        "natural": "wood",
        "@geometry": "center"
      },
      "geometry": {
        "type": "Point",
        "coordinates": [
          -87.8776793,
          38.1590316
        ]
      },
      "id": "way/1072911653"
    },
    {
      "type": "Feature",
      "properties": {
        "@id": "way/1072911654",
        "landuse": "forest",
        "natural": "wood",
        "@geometry": "center"
      },
      "geometry": {
        "type": "Point",
        "coordinates": [
          -87.8821734,
          38.1597487
        ]
      },
      "id": "way/1072911654"
    },
    {
      "type": "Feature",
      "properties": {
        "@id": "way/1072911660",
        "landuse": "forest",
        "natural": "wood",
        "@geometry": "center"
      },
      "geometry": {
        "type": "Point",
        "coordinates": [
          -87.882616,
          38.1573128
        ]
      },
      "id": "way/1072911660"
    },
    {
      "type": "Feature",
      "properties": {
        "@id": "way/1072911662",
        "landuse": "forest",
        "natural": "wood",
        "@geometry": "center"
      },
      "geometry": {
        "type": "Point",
        "coordinates": [
          -87.8737157,
          38.148471
        ]
      },
      "id": "way/1072911662"
    },
    {
      "type": "Feature",
      "properties": {
        "@id": "way/1072911665",
        "landuse": "forest",
        "natural": "wood",
        "@geometry": "center"
      },
      "geometry": {
        "type": "Point",
        "coordinates": [
          -87.8662974,
          38.1451909
        ]
      },
      "id": "way/1072911665"
    },
    {
      "type": "Feature",
      "properties": {
        "@id": "way/1072911672",
        "landuse": "forest",
        "natural": "wood",
        "@geometry": "center"
      },
      "geometry": {
        "type": "Point",
        "coordinates": [
          -87.8697843,
          38.1429803
        ]
      },
      "id": "way/1072911672"
    },
    {
      "type": "Feature",
      "properties": {
        "@id": "way/1072911675",
        "landuse": "forest",
        "natural": "wood",
        "@geometry": "center"
      },
      "geometry": {
        "type": "Point",
        "coordinates": [
          -87.8878181,
          38.131107
        ]
      },
      "id": "way/1072911675"
    },
    {
      "type": "Feature",
      "properties": {
        "@id": "way/1072911698",
        "landuse": "forest",
        "natural": "wood",
        "@geometry": "center"
      },
      "geometry": {
        "type": "Point",
        "coordinates": [
          -87.9025233,
          38.1282799
        ]
      },
      "id": "way/1072911698"
    },
    {
      "type": "Feature",
      "properties": {
        "@id": "way/1072911699",
        "landuse": "forest",
        "natural": "wood",
        "@geometry": "center"
      },
      "geometry": {
        "type": "Point",
        "coordinates": [
          -87.9087527,
          38.1265023
        ]
      },
      "id": "way/1072911699"
    },
    {
      "type": "Feature",
      "properties": {
        "@id": "way/1073203534",
        "landuse": "forest",
        "natural": "wood",
        "@geometry": "center"
      },
      "geometry": {
        "type": "Point",
        "coordinates": [
          -87.9105752,
          38.2235432
        ]
      },
      "id": "way/1073203534"
    },
    {
      "type": "Feature",
      "properties": {
        "@id": "way/1073422867",
        "landuse": "forest",
        "natural": "wood",
        "@geometry": "center"
      },
      "geometry": {
        "type": "Point",
        "coordinates": [
          -87.9188097,
          38.2111041
        ]
      },
      "id": "way/1073422867"
    },
    {
      "type": "Feature",
      "properties": {
        "@id": "way/1073928834",
        "landuse": "forest",
        "natural": "wood",
        "@geometry": "center"
      },
      "geometry": {
        "type": "Point",
        "coordinates": [
          -87.850703,
          38.2220365
        ]
      },
      "id": "way/1073928834"
    },
    {
      "type": "Feature",
      "properties": {
        "@id": "way/1076976132",
        "landuse": "forest",
        "leaf_cycle": "deciduous",
        "leaf_type": "broadleaved",
        "@geometry": "center"
      },
      "geometry": {
        "type": "Point",
        "coordinates": [
          -84.5913122,
          38.6207508
        ]
      },
      "id": "way/1076976132"
    },
    {
      "type": "Feature",
      "properties": {
        "@id": "way/1076976143",
        "landuse": "forest",
        "leaf_cycle": "deciduous",
        "leaf_type": "broadleaved",
        "@geometry": "center"
      },
      "geometry": {
        "type": "Point",
        "coordinates": [
          -84.591052,
          38.6209697
        ]
      },
      "id": "way/1076976143"
    },
    {
      "type": "Feature",
      "properties": {
        "@id": "way/1077141648",
        "landuse": "forest",
        "@geometry": "center"
      },
      "geometry": {
        "type": "Point",
        "coordinates": [
          -84.7828027,
          39.0859064
        ]
      },
      "id": "way/1077141648"
    },
    {
      "type": "Feature",
      "properties": {
        "@id": "way/1077197442",
        "landuse": "forest",
        "leaf_type": "broadleaved",
        "@geometry": "center"
      },
      "geometry": {
        "type": "Point",
        "coordinates": [
          -84.5933713,
          38.6219378
        ]
      },
      "id": "way/1077197442"
    },
    {
      "type": "Feature",
      "properties": {
        "@id": "way/1077205147",
        "landuse": "forest",
        "@geometry": "center"
      },
      "geometry": {
        "type": "Point",
        "coordinates": [
          -84.5925091,
          38.6212608
        ]
      },
      "id": "way/1077205147"
    },
    {
      "type": "Feature",
      "properties": {
        "@id": "way/1077205155",
        "landuse": "forest",
        "@geometry": "center"
      },
      "geometry": {
        "type": "Point",
        "coordinates": [
          -84.5936808,
          38.6224132
        ]
      },
      "id": "way/1077205155"
    },
    {
      "type": "Feature",
      "properties": {
        "@id": "way/1077205161",
        "landuse": "forest",
        "@geometry": "center"
      },
      "geometry": {
        "type": "Point",
        "coordinates": [
          -84.5942965,
          38.6233565
        ]
      },
      "id": "way/1077205161"
    },
    {
      "type": "Feature",
      "properties": {
        "@id": "way/1077443276",
        "landuse": "forest",
        "leaf_cycle": "deciduous",
        "leaf_type": "broadleaved",
        "@geometry": "center"
      },
      "geometry": {
        "type": "Point",
        "coordinates": [
          -84.5930709,
          38.6213908
        ]
      },
      "id": "way/1077443276"
    },
    {
      "type": "Feature",
      "properties": {
        "@id": "way/1079864978",
        "landuse": "forest",
        "@geometry": "center"
      },
      "geometry": {
        "type": "Point",
        "coordinates": [
          -84.5895562,
          38.6188752
        ]
      },
      "id": "way/1079864978"
    },
    {
      "type": "Feature",
      "properties": {
        "@id": "way/1079864979",
        "landuse": "forest",
        "@geometry": "center"
      },
      "geometry": {
        "type": "Point",
        "coordinates": [
          -84.5895742,
          38.6189331
        ]
      },
      "id": "way/1079864979"
    },
    {
      "type": "Feature",
      "properties": {
        "@id": "way/1079864980",
        "landuse": "forest",
        "@geometry": "center"
      },
      "geometry": {
        "type": "Point",
        "coordinates": [
          -84.5895848,
          38.6189998
        ]
      },
      "id": "way/1079864980"
    },
    {
      "type": "Feature",
      "properties": {
        "@id": "way/1081412862",
        "landuse": "forest",
        "@geometry": "center"
      },
      "geometry": {
        "type": "Point",
        "coordinates": [
          -82.1200947,
          36.6426443
        ]
      },
      "id": "way/1081412862"
    },
    {
      "type": "Feature",
      "properties": {
        "@id": "way/1082574904",
        "landuse": "forest",
        "leaf_type": "broadleaved",
        "@geometry": "center"
      },
      "geometry": {
        "type": "Point",
        "coordinates": [
          -84.7817838,
          39.0848902
        ]
      },
      "id": "way/1082574904"
    },
    {
      "type": "Feature",
      "properties": {
        "@id": "way/1082786139",
        "landuse": "forest",
        "@geometry": "center"
      },
      "geometry": {
        "type": "Point",
        "coordinates": [
          -84.7843962,
          39.0858228
        ]
      },
      "id": "way/1082786139"
    },
    {
      "type": "Feature",
      "properties": {
        "@id": "way/1088959427",
        "landuse": "forest",
        "leaf_type": "broadleaved",
        "@geometry": "center"
      },
      "geometry": {
        "type": "Point",
        "coordinates": [
          -84.5921997,
          38.6212985
        ]
      },
      "id": "way/1088959427"
    },
    {
      "type": "Feature",
      "properties": {
        "@id": "way/1091637905",
        "landuse": "forest",
        "@geometry": "center"
      },
      "geometry": {
        "type": "Point",
        "coordinates": [
          -87.9724431,
          38.9199746
        ]
      },
      "id": "way/1091637905"
    },
    {
      "type": "Feature",
      "properties": {
        "@id": "way/1106719461",
        "landuse": "forest",
        "@geometry": "center"
      },
      "geometry": {
        "type": "Point",
        "coordinates": [
          -85.821025,
          38.3428725
        ]
      },
      "id": "way/1106719461"
    },
    {
      "type": "Feature",
      "properties": {
        "@id": "way/1106725996",
        "landuse": "forest",
        "@geometry": "center"
      },
      "geometry": {
        "type": "Point",
        "coordinates": [
          -85.8192471,
          38.3390402
        ]
      },
      "id": "way/1106725996"
    },
    {
      "type": "Feature",
      "properties": {
        "@id": "way/1106725997",
        "landuse": "forest",
        "@geometry": "center"
      },
      "geometry": {
        "type": "Point",
        "coordinates": [
          -85.8205414,
          38.3394191
        ]
      },
      "id": "way/1106725997"
    },
    {
      "type": "Feature",
      "properties": {
        "@id": "way/1106725998",
        "landuse": "forest",
        "@geometry": "center"
      },
      "geometry": {
        "type": "Point",
        "coordinates": [
          -85.8219237,
          38.3427358
        ]
      },
      "id": "way/1106725998"
    },
    {
      "type": "Feature",
      "properties": {
        "@id": "way/1106895719",
        "landuse": "forest",
        "@geometry": "center"
      },
      "geometry": {
        "type": "Point",
        "coordinates": [
          -85.8189168,
          38.3498621
        ]
      },
      "id": "way/1106895719"
    },
    {
      "type": "Feature",
      "properties": {
        "@id": "way/1106895720",
        "landuse": "forest",
        "@geometry": "center"
      },
      "geometry": {
        "type": "Point",
        "coordinates": [
          -85.8184252,
          38.3478825
        ]
      },
      "id": "way/1106895720"
    },
    {
      "type": "Feature",
      "properties": {
        "@id": "way/1106895722",
        "landuse": "forest",
        "@geometry": "center"
      },
      "geometry": {
        "type": "Point",
        "coordinates": [
          -85.8174181,
          38.3490012
        ]
      },
      "id": "way/1106895722"
    },
    {
      "type": "Feature",
      "properties": {
        "@id": "way/1107078939",
        "landuse": "forest",
        "@geometry": "center"
      },
      "geometry": {
        "type": "Point",
        "coordinates": [
          -83.5720245,
          38.1139844
        ]
      },
      "id": "way/1107078939"
    },
    {
      "type": "Feature",
      "properties": {
        "@id": "way/1107441802",
        "landuse": "forest",
        "@geometry": "center"
      },
      "geometry": {
        "type": "Point",
        "coordinates": [
          -83.5268907,
          37.9583259
        ]
      },
      "id": "way/1107441802"
    },
    {
      "type": "Feature",
      "properties": {
        "@id": "way/1115456905",
        "landuse": "forest",
        "natural": "wood",
        "@geometry": "center"
      },
      "geometry": {
        "type": "Point",
        "coordinates": [
          -86.0195931,
          36.5230239
        ]
      },
      "id": "way/1115456905"
    },
    {
      "type": "Feature",
      "properties": {
        "@id": "way/1115489959",
        "landuse": "forest",
        "natural": "wood",
        "@geometry": "center"
      },
      "geometry": {
        "type": "Point",
        "coordinates": [
          -86.0137673,
          36.5209497
        ]
      },
      "id": "way/1115489959"
    },
    {
      "type": "Feature",
      "properties": {
        "@id": "way/1122856320",
        "landuse": "forest",
        "@geometry": "center"
      },
      "geometry": {
        "type": "Point",
        "coordinates": [
          -89.5442915,
          38.5411005
        ]
      },
      "id": "way/1122856320"
    },
    {
      "type": "Feature",
      "properties": {
        "@id": "way/1122856334",
        "landuse": "forest",
        "@geometry": "center"
      },
      "geometry": {
        "type": "Point",
        "coordinates": [
          -89.544161,
          38.5354663
        ]
      },
      "id": "way/1122856334"
    },
    {
      "type": "Feature",
      "properties": {
        "@id": "way/1131905716",
        "landuse": "forest",
        "@geometry": "center"
      },
      "geometry": {
        "type": "Point",
        "coordinates": [
          -85.9905854,
          37.9904224
        ]
      },
      "id": "way/1131905716"
    },
    {
      "type": "Feature",
      "properties": {
        "@id": "way/1131950804",
        "landuse": "forest",
        "@geometry": "center"
      },
      "geometry": {
        "type": "Point",
        "coordinates": [
          -85.9897187,
          37.9914526
        ]
      },
      "id": "way/1131950804"
    },
    {
      "type": "Feature",
      "properties": {
        "@id": "way/1134414250",
        "landuse": "forest",
        "@geometry": "center"
      },
      "geometry": {
        "type": "Point",
        "coordinates": [
          -88.5377222,
          37.7621274
        ]
      },
      "id": "way/1134414250"
    },
    {
      "type": "Feature",
      "properties": {
        "@id": "way/1134414251",
        "landuse": "forest",
        "@geometry": "center"
      },
      "geometry": {
        "type": "Point",
        "coordinates": [
          -88.5377469,
          37.7595908
        ]
      },
      "id": "way/1134414251"
    },
    {
      "type": "Feature",
      "properties": {
        "@id": "way/1134414253",
        "landuse": "forest",
        "@geometry": "center"
      },
      "geometry": {
        "type": "Point",
        "coordinates": [
          -88.5397862,
          37.7571679
        ]
      },
      "id": "way/1134414253"
    },
    {
      "type": "Feature",
      "properties": {
        "@id": "way/1134414254",
        "landuse": "forest",
        "@geometry": "center"
      },
      "geometry": {
        "type": "Point",
        "coordinates": [
          -88.5398404,
          37.7575111
        ]
      },
      "id": "way/1134414254"
    },
    {
      "type": "Feature",
      "properties": {
        "@id": "way/1134414255",
        "landuse": "forest",
        "@geometry": "center"
      },
      "geometry": {
        "type": "Point",
        "coordinates": [
          -88.5379793,
          37.7578539
        ]
      },
      "id": "way/1134414255"
    },
    {
      "type": "Feature",
      "properties": {
        "@id": "way/1138551613",
        "landuse": "forest",
        "name": "Unity Point Outdoor Science Lab",
        "@geometry": "center"
      },
      "geometry": {
        "type": "Point",
        "coordinates": [
          -89.2263074,
          37.669618
        ]
      },
      "id": "way/1138551613"
    },
    {
      "type": "Feature",
      "properties": {
        "@id": "way/1148031032",
        "landuse": "forest",
        "@geometry": "center"
      },
      "geometry": {
        "type": "Point",
        "coordinates": [
          -89.5436882,
          36.8887521
        ]
      },
      "id": "way/1148031032"
    },
    {
      "type": "Feature",
      "properties": {
        "@id": "way/1149485083",
        "landuse": "forest",
        "@geometry": "center"
      },
      "geometry": {
        "type": "Point",
        "coordinates": [
          -89.5505811,
          36.8832496
        ]
      },
      "id": "way/1149485083"
    },
    {
      "type": "Feature",
      "properties": {
        "@id": "way/1149493955",
        "landuse": "forest",
        "@geometry": "center"
      },
      "geometry": {
        "type": "Point",
        "coordinates": [
          -89.5520396,
          36.8859989
        ]
      },
      "id": "way/1149493955"
    },
    {
      "type": "Feature",
      "properties": {
        "@id": "way/1149493957",
        "landuse": "forest",
        "@geometry": "center"
      },
      "geometry": {
        "type": "Point",
        "coordinates": [
          -89.5511189,
          36.8863046
        ]
      },
      "id": "way/1149493957"
    },
    {
      "type": "Feature",
      "properties": {
        "@id": "way/1149769695",
        "landuse": "forest",
        "@geometry": "center"
      },
      "geometry": {
        "type": "Point",
        "coordinates": [
          -86.5592135,
          38.7568682
        ]
      },
      "id": "way/1149769695"
    },
    {
      "type": "Feature",
      "properties": {
        "@id": "way/1150294305",
        "landuse": "forest",
        "@geometry": "center"
      },
      "geometry": {
        "type": "Point",
        "coordinates": [
          -89.549221,
          36.8863711
        ]
      },
      "id": "way/1150294305"
    },
    {
      "type": "Feature",
      "properties": {
        "@id": "way/1150564349",
        "landuse": "forest",
        "@geometry": "center"
      },
      "geometry": {
        "type": "Point",
        "coordinates": [
          -89.5521488,
          36.8847407
        ]
      },
      "id": "way/1150564349"
    },
    {
      "type": "Feature",
      "properties": {
        "@id": "way/1150564359",
        "landuse": "forest",
        "@geometry": "center"
      },
      "geometry": {
        "type": "Point",
        "coordinates": [
          -89.5512906,
          36.8835597
        ]
      },
      "id": "way/1150564359"
    },
    {
      "type": "Feature",
      "properties": {
        "@id": "way/1152244445",
        "landuse": "forest",
        "@geometry": "center"
      },
      "geometry": {
        "type": "Point",
        "coordinates": [
          -89.5402311,
          36.8888575
        ]
      },
      "id": "way/1152244445"
    },
    {
      "type": "Feature",
      "properties": {
        "@id": "way/1153072789",
        "landuse": "forest",
        "@geometry": "center"
      },
      "geometry": {
        "type": "Point",
        "coordinates": [
          -89.5441867,
          36.8874475
        ]
      },
      "id": "way/1153072789"
    },
    {
      "type": "Feature",
      "properties": {
        "@id": "way/1154392939",
        "landuse": "forest",
        "@geometry": "center"
      },
      "geometry": {
        "type": "Point",
        "coordinates": [
          -89.5448452,
          36.8858187
        ]
      },
      "id": "way/1154392939"
    },
    {
      "type": "Feature",
      "properties": {
        "@id": "way/1156445531",
        "landuse": "forest",
        "@geometry": "center"
      },
      "geometry": {
        "type": "Point",
        "coordinates": [
          -89.5598589,
          36.8822268
        ]
      },
      "id": "way/1156445531"
    },
    {
      "type": "Feature",
      "properties": {
        "@id": "way/1160841230",
        "landuse": "forest",
        "@geometry": "center"
      },
      "geometry": {
        "type": "Point",
        "coordinates": [
          -85.7197374,
          38.111439
        ]
      },
      "id": "way/1160841230"
    },
    {
      "type": "Feature",
      "properties": {
        "@id": "way/1160841231",
        "landuse": "forest",
        "@geometry": "center"
      },
      "geometry": {
        "type": "Point",
        "coordinates": [
          -85.7251572,
          38.1158486
        ]
      },
      "id": "way/1160841231"
    },
    {
      "type": "Feature",
      "properties": {
        "@id": "way/1160841234",
        "landuse": "forest",
        "@geometry": "center"
      },
      "geometry": {
        "type": "Point",
        "coordinates": [
          -85.7050344,
          38.1257822
        ]
      },
      "id": "way/1160841234"
    },
    {
      "type": "Feature",
      "properties": {
        "@id": "way/1160841235",
        "landuse": "forest",
        "@geometry": "center"
      },
      "geometry": {
        "type": "Point",
        "coordinates": [
          -85.7067642,
          38.1320988
        ]
      },
      "id": "way/1160841235"
    },
    {
      "type": "Feature",
      "properties": {
        "@id": "way/1160841236",
        "landuse": "forest",
        "@geometry": "center"
      },
      "geometry": {
        "type": "Point",
        "coordinates": [
          -85.710922,
          38.1491602
        ]
      },
      "id": "way/1160841236"
    },
    {
      "type": "Feature",
      "properties": {
        "@id": "way/1160841237",
        "landuse": "forest",
        "@geometry": "center"
      },
      "geometry": {
        "type": "Point",
        "coordinates": [
          -85.7097849,
          38.147169
        ]
      },
      "id": "way/1160841237"
    },
    {
      "type": "Feature",
      "properties": {
        "@id": "way/1160841239",
        "landuse": "forest",
        "@geometry": "center"
      },
      "geometry": {
        "type": "Point",
        "coordinates": [
          -85.7603668,
          38.3540843
        ]
      },
      "id": "way/1160841239"
    },
    {
      "type": "Feature",
      "properties": {
        "@id": "way/1160841240",
        "landuse": "forest",
        "@geometry": "center"
      },
      "geometry": {
        "type": "Point",
        "coordinates": [
          -85.8594969,
          38.2748914
        ]
      },
      "id": "way/1160841240"
    },
    {
      "type": "Feature",
      "properties": {
        "@id": "way/1160871419",
        "landuse": "forest",
        "@geometry": "center"
      },
      "geometry": {
        "type": "Point",
        "coordinates": [
          -85.7643514,
          38.1413168
        ]
      },
      "id": "way/1160871419"
    },
    {
      "type": "Feature",
      "properties": {
        "@id": "way/1160871422",
        "landuse": "forest",
        "@geometry": "center"
      },
      "geometry": {
        "type": "Point",
        "coordinates": [
          -85.7443099,
          38.1523062
        ]
      },
      "id": "way/1160871422"
    },
    {
      "type": "Feature",
      "properties": {
        "@id": "way/1163444492",
        "landuse": "forest",
        "@geometry": "center"
      },
      "geometry": {
        "type": "Point",
        "coordinates": [
          -89.5453676,
          36.8873977
        ]
      },
      "id": "way/1163444492"
    },
    {
      "type": "Feature",
      "properties": {
        "@id": "way/1167118355",
        "landuse": "forest",
        "@geometry": "center"
      },
      "geometry": {
        "type": "Point",
        "coordinates": [
          -85.6830636,
          38.3715407
        ]
      },
      "id": "way/1167118355"
    },
    {
      "type": "Feature",
      "properties": {
        "@id": "way/1167118371",
        "landuse": "forest",
        "@geometry": "center"
      },
      "geometry": {
        "type": "Point",
        "coordinates": [
          -85.7035971,
          38.3644065
        ]
      },
      "id": "way/1167118371"
    },
    {
      "type": "Feature",
      "properties": {
        "@id": "way/1167118374",
        "landuse": "forest",
        "@geometry": "center"
      },
      "geometry": {
        "type": "Point",
        "coordinates": [
          -85.7266523,
          38.3921406
        ]
      },
      "id": "way/1167118374"
    },
    {
      "type": "Feature",
      "properties": {
        "@id": "way/1167118375",
        "landuse": "forest",
        "@geometry": "center"
      },
      "geometry": {
        "type": "Point",
        "coordinates": [
          -85.7497168,
          38.3576214
        ]
      },
      "id": "way/1167118375"
    },
    {
      "type": "Feature",
      "properties": {
        "@id": "way/1167118377",
        "landuse": "forest",
        "@geometry": "center"
      },
      "geometry": {
        "type": "Point",
        "coordinates": [
          -85.6692743,
          38.4165002
        ]
      },
      "id": "way/1167118377"
    },
    {
      "type": "Feature",
      "properties": {
        "@id": "way/1167118378",
        "landuse": "forest",
        "@geometry": "center"
      },
      "geometry": {
        "type": "Point",
        "coordinates": [
          -85.6707098,
          38.4174176
        ]
      },
      "id": "way/1167118378"
    },
    {
      "type": "Feature",
      "properties": {
        "@id": "way/1167118379",
        "landuse": "forest",
        "@geometry": "center"
      },
      "geometry": {
        "type": "Point",
        "coordinates": [
          -85.673503,
          38.3514662
        ]
      },
      "id": "way/1167118379"
    },
    {
      "type": "Feature",
      "properties": {
        "@id": "way/1167136114",
        "landuse": "forest",
        "@geometry": "center"
      },
      "geometry": {
        "type": "Point",
        "coordinates": [
          -85.8215793,
          38.3549869
        ]
      },
      "id": "way/1167136114"
    },
    {
      "type": "Feature",
      "properties": {
        "@id": "way/1167136120",
        "landuse": "forest",
        "@geometry": "center"
      },
      "geometry": {
        "type": "Point",
        "coordinates": [
          -85.7863574,
          38.3330048
        ]
      },
      "id": "way/1167136120"
    },
    {
      "type": "Feature",
      "properties": {
        "@id": "way/1184540060",
        "landuse": "forest",
        "@geometry": "center"
      },
      "geometry": {
        "type": "Point",
        "coordinates": [
          -84.131451,
          38.7914245
        ]
      },
      "id": "way/1184540060"
    },
    {
      "type": "Feature",
      "properties": {
        "@id": "way/1184540061",
        "landuse": "forest",
        "@geometry": "center"
      },
      "geometry": {
        "type": "Point",
        "coordinates": [
          -84.1311793,
          38.7918746
        ]
      },
      "id": "way/1184540061"
    },
    {
      "type": "Feature",
      "properties": {
        "@id": "way/1184540062",
        "landuse": "forest",
        "@geometry": "center"
      },
      "geometry": {
        "type": "Point",
        "coordinates": [
          -84.1314152,
          38.7920708
        ]
      },
      "id": "way/1184540062"
    },
    {
      "type": "Feature",
      "properties": {
        "@id": "way/1184540063",
        "landuse": "forest",
        "@geometry": "center"
      },
      "geometry": {
        "type": "Point",
        "coordinates": [
          -84.1319268,
          38.7915077
        ]
      },
      "id": "way/1184540063"
    },
    {
      "type": "Feature",
      "properties": {
        "@id": "way/1184540064",
        "landuse": "forest",
        "@geometry": "center"
      },
      "geometry": {
        "type": "Point",
        "coordinates": [
          -84.1297928,
          38.7912673
        ]
      },
      "id": "way/1184540064"
    },
    {
      "type": "Feature",
      "properties": {
        "@id": "way/1185696657",
        "landuse": "forest",
        "@geometry": "center"
      },
      "geometry": {
        "type": "Point",
        "coordinates": [
          -83.6112872,
          37.8903479
        ]
      },
      "id": "way/1185696657"
    },
    {
      "type": "Feature",
      "properties": {
        "@id": "way/1185963382",
        "landuse": "forest",
        "@geometry": "center"
      },
      "geometry": {
        "type": "Point",
        "coordinates": [
          -83.6004113,
          38.0316032
        ]
      },
      "id": "way/1185963382"
    },
    {
      "type": "Feature",
      "properties": {
        "@id": "way/1186810417",
        "landuse": "forest",
        "@geometry": "center"
      },
      "geometry": {
        "type": "Point",
        "coordinates": [
          -83.6206855,
          37.837467
        ]
      },
      "id": "way/1186810417"
    },
    {
      "type": "Feature",
      "properties": {
        "@id": "way/1190878646",
        "landuse": "forest",
        "leaf_cycle": "deciduous",
        "@geometry": "center"
      },
      "geometry": {
        "type": "Point",
        "coordinates": [
          -83.6637709,
          37.810693
        ]
      },
      "id": "way/1190878646"
    },
    {
      "type": "Feature",
      "properties": {
        "@id": "way/1190927271",
        "landuse": "forest",
        "@geometry": "center"
      },
      "geometry": {
        "type": "Point",
        "coordinates": [
          -89.3091606,
          36.7402991
        ]
      },
      "id": "way/1190927271"
    },
    {
      "type": "Feature",
      "properties": {
        "@id": "way/1190927272",
        "landuse": "forest",
        "@geometry": "center"
      },
      "geometry": {
        "type": "Point",
        "coordinates": [
          -89.3113767,
          36.7383016
        ]
      },
      "id": "way/1190927272"
    },
    {
      "type": "Feature",
      "properties": {
        "@id": "way/1190928349",
        "landuse": "forest",
        "@geometry": "center"
      },
      "geometry": {
        "type": "Point",
        "coordinates": [
          -89.3058879,
          36.745468
        ]
      },
      "id": "way/1190928349"
    },
    {
      "type": "Feature",
      "properties": {
        "@id": "way/1190928350",
        "landuse": "forest",
        "@geometry": "center"
      },
      "geometry": {
        "type": "Point",
        "coordinates": [
          -89.3105358,
          36.7420548
        ]
      },
      "id": "way/1190928350"
    },
    {
      "type": "Feature",
      "properties": {
        "@id": "way/1190928351",
        "landuse": "forest",
        "@geometry": "center"
      },
      "geometry": {
        "type": "Point",
        "coordinates": [
          -89.3141686,
          36.740056
        ]
      },
      "id": "way/1190928351"
    },
    {
      "type": "Feature",
      "properties": {
        "@id": "way/1191050372",
        "landuse": "forest",
        "@geometry": "center"
      },
      "geometry": {
        "type": "Point",
        "coordinates": [
          -89.3173643,
          36.7833545
        ]
      },
      "id": "way/1191050372"
    },
    {
      "type": "Feature",
      "properties": {
        "@id": "way/1191050373",
        "landuse": "forest",
        "@geometry": "center"
      },
      "geometry": {
        "type": "Point",
        "coordinates": [
          -89.3221736,
          36.7829575
        ]
      },
      "id": "way/1191050373"
    },
    {
      "type": "Feature",
      "properties": {
        "@id": "way/1201815583",
        "landuse": "forest",
        "natural": "wood",
        "@geometry": "center"
      },
      "geometry": {
        "type": "Point",
        "coordinates": [
          -87.6830505,
          37.9626648
        ]
      },
      "id": "way/1201815583"
    },
    {
      "type": "Feature",
      "properties": {
        "@id": "way/1207016777",
        "landuse": "forest",
        "@geometry": "center"
      },
      "geometry": {
        "type": "Point",
        "coordinates": [
          -89.4134577,
          37.7737595
        ]
      },
      "id": "way/1207016777"
    },
    {
      "type": "Feature",
      "properties": {
        "@id": "way/1207016778",
        "landuse": "forest",
        "@geometry": "center"
      },
      "geometry": {
        "type": "Point",
        "coordinates": [
          -89.4091523,
          37.7744117
        ]
      },
      "id": "way/1207016778"
    },
    {
      "type": "Feature",
      "properties": {
        "@id": "way/1207026263",
        "landuse": "forest",
        "@geometry": "center"
      },
      "geometry": {
        "type": "Point",
        "coordinates": [
          -89.4265631,
          37.7812982
        ]
      },
      "id": "way/1207026263"
    },
    {
      "type": "Feature",
      "properties": {
        "@id": "way/1207026278",
        "landuse": "forest",
        "@geometry": "center"
      },
      "geometry": {
        "type": "Point",
        "coordinates": [
          -89.4121906,
          37.7872117
        ]
      },
      "id": "way/1207026278"
    },
    {
      "type": "Feature",
      "properties": {
        "@id": "way/1207026284",
        "landuse": "forest",
        "@geometry": "center"
      },
      "geometry": {
        "type": "Point",
        "coordinates": [
          -89.4062073,
          37.8015642
        ]
      },
      "id": "way/1207026284"
    },
    {
      "type": "Feature",
      "properties": {
        "@id": "way/1207030581",
        "landuse": "forest",
        "@geometry": "center"
      },
      "geometry": {
        "type": "Point",
        "coordinates": [
          -89.4375629,
          37.7808655
        ]
      },
      "id": "way/1207030581"
    },
    {
      "type": "Feature",
      "properties": {
        "@id": "way/1207050633",
        "landuse": "forest",
        "@geometry": "center"
      },
      "geometry": {
        "type": "Point",
        "coordinates": [
          -89.4107399,
          37.8076162
        ]
      },
      "id": "way/1207050633"
    },
    {
      "type": "Feature",
      "properties": {
        "@id": "way/1207050634",
        "landuse": "forest",
        "@geometry": "center"
      },
      "geometry": {
        "type": "Point",
        "coordinates": [
          -89.4107249,
          37.814086
        ]
      },
      "id": "way/1207050634"
    },
    {
      "type": "Feature",
      "properties": {
        "@id": "way/1207050635",
        "landuse": "forest",
        "@geometry": "center"
      },
      "geometry": {
        "type": "Point",
        "coordinates": [
          -89.3997332,
          37.8010595
        ]
      },
      "id": "way/1207050635"
    },
    {
      "type": "Feature",
      "properties": {
        "@id": "way/1207050636",
        "landuse": "forest",
        "@geometry": "center"
      },
      "geometry": {
        "type": "Point",
        "coordinates": [
          -89.405625,
          37.8088662
        ]
      },
      "id": "way/1207050636"
    },
    {
      "type": "Feature",
      "properties": {
        "@id": "way/1207050637",
        "landuse": "forest",
        "@geometry": "center"
      },
      "geometry": {
        "type": "Point",
        "coordinates": [
          -89.4000366,
          37.8095514
        ]
      },
      "id": "way/1207050637"
    },
    {
      "type": "Feature",
      "properties": {
        "@id": "way/1215133944",
        "landuse": "forest",
        "@geometry": "center"
      },
      "geometry": {
        "type": "Point",
        "coordinates": [
          -89.475127,
          37.6848327
        ]
      },
      "id": "way/1215133944"
    },
    {
      "type": "Feature",
      "properties": {
        "@id": "way/1215465414",
        "landuse": "forest",
        "@geometry": "center"
      },
      "geometry": {
        "type": "Point",
        "coordinates": [
          -89.4804524,
          37.7150848
        ]
      },
      "id": "way/1215465414"
    },
    {
      "type": "Feature",
      "properties": {
        "@id": "way/1216528217",
        "landuse": "forest",
        "@geometry": "center"
      },
      "geometry": {
        "type": "Point",
        "coordinates": [
          -89.3103904,
          37.5781973
        ]
      },
      "id": "way/1216528217"
    },
    {
      "type": "Feature",
      "properties": {
        "@id": "way/1216528225",
        "landuse": "forest",
        "@geometry": "center"
      },
      "geometry": {
        "type": "Point",
        "coordinates": [
          -89.3071048,
          37.5671905
        ]
      },
      "id": "way/1216528225"
    },
    {
      "type": "Feature",
      "properties": {
        "@id": "way/1216584629",
        "landuse": "forest",
        "@geometry": "center"
      },
      "geometry": {
        "type": "Point",
        "coordinates": [
          -89.3153173,
          37.5656542
        ]
      },
      "id": "way/1216584629"
    },
    {
      "type": "Feature",
      "properties": {
        "@id": "way/1216939860",
        "landuse": "forest",
        "@geometry": "center"
      },
      "geometry": {
        "type": "Point",
        "coordinates": [
          -89.3262007,
          37.5658806
        ]
      },
      "id": "way/1216939860"
    },
    {
      "type": "Feature",
      "properties": {
        "@id": "way/1216939869",
        "landuse": "forest",
        "@geometry": "center"
      },
      "geometry": {
        "type": "Point",
        "coordinates": [
          -89.3251306,
          37.579699
        ]
      },
      "id": "way/1216939869"
    },
    {
      "type": "Feature",
      "properties": {
        "@id": "way/1216939871",
        "landuse": "forest",
        "@geometry": "center"
      },
      "geometry": {
        "type": "Point",
        "coordinates": [
          -89.3274675,
          37.5743619
        ]
      },
      "id": "way/1216939871"
    },
    {
      "type": "Feature",
      "properties": {
        "@id": "way/1216939872",
        "landuse": "forest",
        "@geometry": "center"
      },
      "geometry": {
        "type": "Point",
        "coordinates": [
          -89.3273076,
          37.5716348
        ]
      },
      "id": "way/1216939872"
    },
    {
      "type": "Feature",
      "properties": {
        "@id": "way/1216939873",
        "landuse": "forest",
        "@geometry": "center"
      },
      "geometry": {
        "type": "Point",
        "coordinates": [
          -89.3240296,
          37.5724766
        ]
      },
      "id": "way/1216939873"
    },
    {
      "type": "Feature",
      "properties": {
        "@id": "way/1216939875",
        "landuse": "forest",
        "@geometry": "center"
      },
      "geometry": {
        "type": "Point",
        "coordinates": [
          -89.3310108,
          37.5787744
        ]
      },
      "id": "way/1216939875"
    },
    {
      "type": "Feature",
      "properties": {
        "@id": "way/1216939876",
        "landuse": "forest",
        "@geometry": "center"
      },
      "geometry": {
        "type": "Point",
        "coordinates": [
          -89.3296665,
          37.582256
        ]
      },
      "id": "way/1216939876"
    },
    {
      "type": "Feature",
      "properties": {
        "@id": "way/1216939886",
        "landuse": "forest",
        "@geometry": "center"
      },
      "geometry": {
        "type": "Point",
        "coordinates": [
          -89.3357831,
          37.5744342
        ]
      },
      "id": "way/1216939886"
    },
    {
      "type": "Feature",
      "properties": {
        "@id": "way/1216939887",
        "landuse": "forest",
        "@geometry": "center"
      },
      "geometry": {
        "type": "Point",
        "coordinates": [
          -89.3414983,
          37.5682108
        ]
      },
      "id": "way/1216939887"
    },
    {
      "type": "Feature",
      "properties": {
        "@id": "way/1217819366",
        "landuse": "forest",
        "@geometry": "center"
      },
      "geometry": {
        "type": "Point",
        "coordinates": [
          -89.3217412,
          37.5612209
        ]
      },
      "id": "way/1217819366"
    },
    {
      "type": "Feature",
      "properties": {
        "@id": "way/1217819367",
        "landuse": "forest",
        "@geometry": "center"
      },
      "geometry": {
        "type": "Point",
        "coordinates": [
          -89.3157559,
          37.5596685
        ]
      },
      "id": "way/1217819367"
    },
    {
      "type": "Feature",
      "properties": {
        "@id": "way/1217819368",
        "landuse": "forest",
        "@geometry": "center"
      },
      "geometry": {
        "type": "Point",
        "coordinates": [
          -89.3144693,
          37.5594739
        ]
      },
      "id": "way/1217819368"
    },
    {
      "type": "Feature",
      "properties": {
        "@id": "way/1217819369",
        "landuse": "forest",
        "@geometry": "center"
      },
      "geometry": {
        "type": "Point",
        "coordinates": [
          -89.3194364,
          37.5576505
        ]
      },
      "id": "way/1217819369"
    },
    {
      "type": "Feature",
      "properties": {
        "@id": "way/1217819370",
        "landuse": "forest",
        "@geometry": "center"
      },
      "geometry": {
        "type": "Point",
        "coordinates": [
          -89.3299032,
          37.5594576
        ]
      },
      "id": "way/1217819370"
    },
    {
      "type": "Feature",
      "properties": {
        "@id": "way/1217819372",
        "landuse": "forest",
        "@geometry": "center"
      },
      "geometry": {
        "type": "Point",
        "coordinates": [
          -89.3283569,
          37.5538128
        ]
      },
      "id": "way/1217819372"
    },
    {
      "type": "Feature",
      "properties": {
        "@id": "way/1217819373",
        "landuse": "forest",
        "@geometry": "center"
      },
      "geometry": {
        "type": "Point",
        "coordinates": [
          -89.3138077,
          37.556573
        ]
      },
      "id": "way/1217819373"
    },
    {
      "type": "Feature",
      "properties": {
        "@id": "way/1218127594",
        "landuse": "forest",
        "@geometry": "center"
      },
      "geometry": {
        "type": "Point",
        "coordinates": [
          -89.3406864,
          37.5765764
        ]
      },
      "id": "way/1218127594"
    },
    {
      "type": "Feature",
      "properties": {
        "@id": "way/1218127595",
        "landuse": "forest",
        "@geometry": "center"
      },
      "geometry": {
        "type": "Point",
        "coordinates": [
          -89.3414834,
          37.5792462
        ]
      },
      "id": "way/1218127595"
    },
    {
      "type": "Feature",
      "properties": {
        "@id": "way/1218127596",
        "landuse": "forest",
        "@geometry": "center"
      },
      "geometry": {
        "type": "Point",
        "coordinates": [
          -89.3487635,
          37.5801478
        ]
      },
      "id": "way/1218127596"
    },
    {
      "type": "Feature",
      "properties": {
        "@id": "way/1218822339",
        "landuse": "forest",
        "@geometry": "center"
      },
      "geometry": {
        "type": "Point",
        "coordinates": [
          -89.2972232,
          37.5508466
        ]
      },
      "id": "way/1218822339"
    },
    {
      "type": "Feature",
      "properties": {
        "@id": "way/1220619910",
        "landuse": "forest",
        "@geometry": "center"
      },
      "geometry": {
        "type": "Point",
        "coordinates": [
          -89.3781491,
          37.3526646
        ]
      },
      "id": "way/1220619910"
    },
    {
      "type": "Feature",
      "properties": {
        "@id": "way/1221609091",
        "landuse": "forest",
        "@geometry": "center"
      },
      "geometry": {
        "type": "Point",
        "coordinates": [
          -89.3770012,
          37.3414248
        ]
      },
      "id": "way/1221609091"
    },
    {
      "type": "Feature",
      "properties": {
        "@id": "way/1221609092",
        "landuse": "forest",
        "@geometry": "center"
      },
      "geometry": {
        "type": "Point",
        "coordinates": [
          -89.3829079,
          37.3425901
        ]
      },
      "id": "way/1221609092"
    },
    {
      "type": "Feature",
      "properties": {
        "@id": "way/1221609120",
        "landuse": "forest",
        "@geometry": "center"
      },
      "geometry": {
        "type": "Point",
        "coordinates": [
          -89.4048892,
          37.3477384
        ]
      },
      "id": "way/1221609120"
    },
    {
      "type": "Feature",
      "properties": {
        "@id": "way/1228119880",
        "landuse": "forest",
        "@geometry": "center"
      },
      "geometry": {
        "type": "Point",
        "coordinates": [
          -87.1066456,
          37.1547112
        ]
      },
      "id": "way/1228119880"
    },
    {
      "type": "Feature",
      "properties": {
        "@id": "way/1228119883",
        "landuse": "forest",
        "@geometry": "center"
      },
      "geometry": {
        "type": "Point",
        "coordinates": [
          -87.1090729,
          37.1590413
        ]
      },
      "id": "way/1228119883"
    },
    {
      "type": "Feature",
      "properties": {
        "@id": "way/1228119884",
        "landuse": "forest",
        "@geometry": "center"
      },
      "geometry": {
        "type": "Point",
        "coordinates": [
          -87.1010203,
          37.1696993
        ]
      },
      "id": "way/1228119884"
    },
    {
      "type": "Feature",
      "properties": {
        "@id": "way/1243757230",
        "landuse": "forest",
        "@geometry": "center"
      },
      "geometry": {
        "type": "Point",
        "coordinates": [
          -88.2138528,
          38.0745807
        ]
      },
      "id": "way/1243757230"
    },
    {
      "type": "Feature",
      "properties": {
        "@id": "way/1245732357",
        "landuse": "forest",
        "leaf_cycle": "evergreen",
        "leaf_type": "needleleaved",
        "@geometry": "center"
      },
      "geometry": {
        "type": "Point",
        "coordinates": [
          -84.5933496,
          38.621417
        ]
      },
      "id": "way/1245732357"
    },
    {
      "type": "Feature",
      "properties": {
        "@id": "way/1245732358",
        "landuse": "forest",
        "leaf_cycle": "evergreen",
        "leaf_type": "needleleaved",
        "@geometry": "center"
      },
      "geometry": {
        "type": "Point",
        "coordinates": [
          -84.5938571,
          38.6226118
        ]
      },
      "id": "way/1245732358"
    },
    {
      "type": "Feature",
      "properties": {
        "@id": "way/1245732370",
        "landuse": "forest",
        "@geometry": "center"
      },
      "geometry": {
        "type": "Point",
        "coordinates": [
          -84.5909936,
          38.6213546
        ]
      },
      "id": "way/1245732370"
    },
    {
      "type": "Feature",
      "properties": {
        "@id": "way/1245732372",
        "landuse": "forest",
        "leaf_type": "broadleaved",
        "@geometry": "center"
      },
      "geometry": {
        "type": "Point",
        "coordinates": [
          -84.5921347,
          38.6210382
        ]
      },
      "id": "way/1245732372"
    },
    {
      "type": "Feature",
      "properties": {
        "@id": "way/1246020887",
        "landuse": "forest",
        "leaf_cycle": "deciduous",
        "leaf_type": "broadleaved",
        "@geometry": "center"
      },
      "geometry": {
        "type": "Point",
        "coordinates": [
          -84.6211931,
          39.0473219
        ]
      },
      "id": "way/1246020887"
    },
    {
      "type": "Feature",
      "properties": {
        "@id": "way/1246020888",
        "landuse": "forest",
        "leaf_cycle": "deciduous",
        "leaf_type": "broadleaved",
        "@geometry": "center"
      },
      "geometry": {
        "type": "Point",
        "coordinates": [
          -84.620911,
          39.0472645
        ]
      },
      "id": "way/1246020888"
    },
    {
      "type": "Feature",
      "properties": {
        "@id": "way/1246020916",
        "landuse": "forest",
        "leaf_cycle": "deciduous",
        "leaf_type": "broadleaved",
        "@geometry": "center"
      },
      "geometry": {
        "type": "Point",
        "coordinates": [
          -84.6195255,
          39.0480171
        ]
      },
      "id": "way/1246020916"
    },
    {
      "type": "Feature",
      "properties": {
        "@id": "way/1246038911",
        "landuse": "forest",
        "leaf_cycle": "deciduous",
        "leaf_type": "broadleaved",
        "@geometry": "center"
      },
      "geometry": {
        "type": "Point",
        "coordinates": [
          -84.6231015,
          39.0492427
        ]
      },
      "id": "way/1246038911"
    },
    {
      "type": "Feature",
      "properties": {
        "@id": "way/1246038912",
        "landuse": "forest",
        "leaf_cycle": "deciduous",
        "leaf_type": "broadleaved",
        "@geometry": "center"
      },
      "geometry": {
        "type": "Point",
        "coordinates": [
          -84.6231186,
          39.0486022
        ]
      },
      "id": "way/1246038912"
    },
    {
      "type": "Feature",
      "properties": {
        "@id": "way/1259654025",
        "landuse": "forest",
        "@geometry": "center"
      },
      "geometry": {
        "type": "Point",
        "coordinates": [
          -84.8611969,
          38.2292945
        ]
      },
      "id": "way/1259654025"
    },
    {
      "type": "Feature",
      "properties": {
        "@id": "way/1270623225",
        "landuse": "forest",
        "@geometry": "center"
      },
      "geometry": {
        "type": "Point",
        "coordinates": [
          -88.8470284,
          37.214786
        ]
      },
      "id": "way/1270623225"
    },
    {
      "type": "Feature",
      "properties": {
        "@id": "way/1270623226",
        "landuse": "forest",
        "@geometry": "center"
      },
      "geometry": {
        "type": "Point",
        "coordinates": [
          -88.8410229,
          37.2146728
        ]
      },
      "id": "way/1270623226"
    },
    {
      "type": "Feature",
      "properties": {
        "@id": "way/1270623227",
        "landuse": "forest",
        "@geometry": "center"
      },
      "geometry": {
        "type": "Point",
        "coordinates": [
          -88.8375682,
          37.2145297
        ]
      },
      "id": "way/1270623227"
    },
    {
      "type": "Feature",
      "properties": {
        "@id": "way/1270623228",
        "landuse": "forest",
        "@geometry": "center"
      },
      "geometry": {
        "type": "Point",
        "coordinates": [
          -88.8333168,
          37.2143759
        ]
      },
      "id": "way/1270623228"
    },
    {
      "type": "Feature",
      "properties": {
        "@id": "way/1270623232",
        "landuse": "forest",
        "@geometry": "center"
      },
      "geometry": {
        "type": "Point",
        "coordinates": [
          -88.8376593,
          37.2100438
        ]
      },
      "id": "way/1270623232"
    },
    {
      "type": "Feature",
      "properties": {
        "@id": "way/1270623237",
        "landuse": "forest",
        "@geometry": "center"
      },
      "geometry": {
        "type": "Point",
        "coordinates": [
          -88.837029,
          37.2016181
        ]
      },
      "id": "way/1270623237"
    },
    {
      "type": "Feature",
      "properties": {
        "@id": "way/1270623238",
        "landuse": "forest",
        "@geometry": "center"
      },
      "geometry": {
        "type": "Point",
        "coordinates": [
          -88.8519032,
          37.2071182
        ]
      },
      "id": "way/1270623238"
    },
    {
      "type": "Feature",
      "properties": {
        "@id": "way/1270623239",
        "landuse": "forest",
        "@geometry": "center"
      },
      "geometry": {
        "type": "Point",
        "coordinates": [
          -88.852551,
          37.2043479
        ]
      },
      "id": "way/1270623239"
    },
    {
      "type": "Feature",
      "properties": {
        "@id": "way/1270623240",
        "landuse": "forest",
        "@geometry": "center"
      },
      "geometry": {
        "type": "Point",
        "coordinates": [
          -88.8466555,
          37.2092598
        ]
      },
      "id": "way/1270623240"
    },
    {
      "type": "Feature",
      "properties": {
        "@id": "way/1270652342",
        "landuse": "forest",
        "@geometry": "center"
      },
      "geometry": {
        "type": "Point",
        "coordinates": [
          -88.9769921,
          37.292293
        ]
      },
      "id": "way/1270652342"
    },
    {
      "type": "Feature",
      "properties": {
        "@id": "way/1270652344",
        "landuse": "forest",
        "@geometry": "center"
      },
      "geometry": {
        "type": "Point",
        "coordinates": [
          -88.971055,
          37.2913562
        ]
      },
      "id": "way/1270652344"
    },
    {
      "type": "Feature",
      "properties": {
        "@id": "way/1297695362",
        "landuse": "forest",
        "@geometry": "center"
      },
      "geometry": {
        "type": "Point",
        "coordinates": [
          -83.8534745,
          38.9293057
        ]
      },
      "id": "way/1297695362"
    },
    {
      "type": "Feature",
      "properties": {
        "@id": "way/1300964454",
        "landuse": "forest",
        "@geometry": "center"
      },
      "geometry": {
        "type": "Point",
        "coordinates": [
          -86.9407844,
          38.405443
        ]
      },
      "id": "way/1300964454"
    },
    {
      "type": "Feature",
      "properties": {
        "@id": "way/1300964456",
        "landuse": "forest",
        "@geometry": "center"
      },
      "geometry": {
        "type": "Point",
        "coordinates": [
          -86.9362467,
          38.4029729
        ]
      },
      "id": "way/1300964456"
    },
    {
      "type": "Feature",
      "properties": {
        "@id": "way/1301841232",
        "landuse": "forest",
        "@geometry": "center"
      },
      "geometry": {
        "type": "Point",
        "coordinates": [
          -84.2964056,
          37.7772947
        ]
      },
      "id": "way/1301841232"
    },
    {
      "type": "Feature",
      "properties": {
        "@id": "way/1303954857",
        "landuse": "forest",
        "@geometry": "center"
      },
      "geometry": {
        "type": "Point",
        "coordinates": [
          -86.9641093,
          38.272429
        ]
      },
      "id": "way/1303954857"
    },
    {
      "type": "Feature",
      "properties": {
        "@id": "way/1304547484",
        "landuse": "forest",
        "@geometry": "center"
      },
      "geometry": {
        "type": "Point",
        "coordinates": [
          -86.9662033,
          38.3085512
        ]
      },
      "id": "way/1304547484"
    },
    {
      "type": "Feature",
      "properties": {
        "@id": "way/1306866110",
        "landuse": "forest",
        "@geometry": "center"
      },
      "geometry": {
        "type": "Point",
        "coordinates": [
          -86.9406896,
          38.4053502
        ]
      },
      "id": "way/1306866110"
    },
    {
      "type": "Feature",
      "properties": {
        "@id": "way/1308294986",
        "landuse": "forest",
        "@geometry": "center"
      },
      "geometry": {
        "type": "Point",
        "coordinates": [
          -89.1564503,
          37.6020026
        ]
      },
      "id": "way/1308294986"
    },
    {
      "type": "Feature",
      "properties": {
        "@id": "way/1321673343",
        "landuse": "forest",
        "@geometry": "center"
      },
      "geometry": {
        "type": "Point",
        "coordinates": [
          -82.7553673,
          36.8444664
        ]
      },
      "id": "way/1321673343"
    },
    {
      "type": "Feature",
      "properties": {
        "@id": "way/1321673344",
        "landuse": "forest",
        "@geometry": "center"
      },
      "geometry": {
        "type": "Point",
        "coordinates": [
          -82.7546396,
          36.8446969
        ]
      },
      "id": "way/1321673344"
    },
    {
      "type": "Feature",
      "properties": {
        "@id": "way/1321677874",
        "landuse": "forest",
        "@geometry": "center"
      },
      "geometry": {
        "type": "Point",
        "coordinates": [
          -82.7555013,
          36.8436257
        ]
      },
      "id": "way/1321677874"
    },
    {
      "type": "Feature",
      "properties": {
        "@id": "way/1321677876",
        "landuse": "forest",
        "@geometry": "center"
      },
      "geometry": {
        "type": "Point",
        "coordinates": [
          -82.7557752,
          36.8427479
        ]
      },
      "id": "way/1321677876"
    },
    {
      "type": "Feature",
      "properties": {
        "@id": "way/1321679682",
        "landuse": "forest",
        "@geometry": "center"
      },
      "geometry": {
        "type": "Point",
        "coordinates": [
          -82.7530306,
          36.8468637
        ]
      },
      "id": "way/1321679682"
    },
    {
      "type": "Feature",
      "properties": {
        "@id": "way/1321682477",
        "landuse": "forest",
        "@geometry": "center"
      },
      "geometry": {
        "type": "Point",
        "coordinates": [
          -82.7526591,
          36.8460064
        ]
      },
      "id": "way/1321682477"
    },
    {
      "type": "Feature",
      "properties": {
        "@id": "way/1321682479",
        "landuse": "forest",
        "@geometry": "center"
      },
      "geometry": {
        "type": "Point",
        "coordinates": [
          -82.751536,
          36.8460497
        ]
      },
      "id": "way/1321682479"
    },
    {
      "type": "Feature",
      "properties": {
        "@id": "way/1326162589",
        "landuse": "forest",
        "@geometry": "center"
      },
      "geometry": {
        "type": "Point",
        "coordinates": [
          -86.9731677,
          38.2905155
        ]
      },
      "id": "way/1326162589"
    },
    {
      "type": "Feature",
      "properties": {
        "@id": "way/1326282727",
        "landuse": "forest",
        "@geometry": "center"
      },
      "geometry": {
        "type": "Point",
        "coordinates": [
          -85.078013,
          38.0303203
        ]
      },
      "id": "way/1326282727"
    },
    {
      "type": "Feature",
      "properties": {
        "@id": "way/1326344814",
        "landuse": "forest",
        "@geometry": "center"
      },
      "geometry": {
        "type": "Point",
        "coordinates": [
          -85.0824482,
          38.0287068
        ]
      },
      "id": "way/1326344814"
    },
    {
      "type": "Feature",
      "properties": {
        "@id": "way/1326407412",
        "landuse": "forest",
        "@geometry": "center"
      },
      "geometry": {
        "type": "Point",
        "coordinates": [
          -86.9474771,
          38.3432035
        ]
      },
      "id": "way/1326407412"
    },
    {
      "type": "Feature",
      "properties": {
        "@id": "way/1326407415",
        "landuse": "forest",
        "natural": "wood",
        "@geometry": "center"
      },
      "geometry": {
        "type": "Point",
        "coordinates": [
          -86.9554742,
          38.3367675
        ]
      },
      "id": "way/1326407415"
    },
    {
      "type": "Feature",
      "properties": {
        "@id": "way/1328823991",
        "landuse": "forest",
        "@geometry": "center"
      },
      "geometry": {
        "type": "Point",
        "coordinates": [
          -86.9387944,
          38.4015883
        ]
      },
      "id": "way/1328823991"
    },
    {
      "type": "Feature",
      "properties": {
        "@id": "way/1328823992",
        "landuse": "forest",
        "@geometry": "center"
      },
      "geometry": {
        "type": "Point",
        "coordinates": [
          -86.938349,
          38.4040392
        ]
      },
      "id": "way/1328823992"
    },
    {
      "type": "Feature",
      "properties": {
        "@id": "way/1328975221",
        "landuse": "forest",
        "@geometry": "center"
      },
      "geometry": {
        "type": "Point",
        "coordinates": [
          -86.9344656,
          38.2904156
        ]
      },
      "id": "way/1328975221"
    },
    {
      "type": "Feature",
      "properties": {
        "@id": "way/1328975222",
        "landuse": "forest",
        "@geometry": "center"
      },
      "geometry": {
        "type": "Point",
        "coordinates": [
          -86.9457869,
          38.2969582
        ]
      },
      "id": "way/1328975222"
    },
    {
      "type": "Feature",
      "properties": {
        "@id": "way/1328975224",
        "landuse": "forest",
        "@geometry": "center"
      },
      "geometry": {
        "type": "Point",
        "coordinates": [
          -86.9356868,
          38.2872324
        ]
      },
      "id": "way/1328975224"
    },
    {
      "type": "Feature",
      "properties": {
        "@id": "way/1330460303",
        "landuse": "forest",
        "leaf_cycle": "evergreen",
        "leaf_type": "needleleaved",
        "@geometry": "center"
      },
      "geometry": {
        "type": "Point",
        "coordinates": [
          -84.1398796,
          39.1445285
        ]
      },
      "id": "way/1330460303"
    },
    {
      "type": "Feature",
      "properties": {
        "@id": "way/1330725645",
        "landuse": "forest",
        "@geometry": "center"
      },
      "geometry": {
        "type": "Point",
        "coordinates": [
          -86.9833531,
          38.4381387
        ]
      },
      "id": "way/1330725645"
    },
    {
      "type": "Feature",
      "properties": {
        "@id": "way/1330725646",
        "landuse": "forest",
        "@geometry": "center"
      },
      "geometry": {
        "type": "Point",
        "coordinates": [
          -86.9621382,
          38.4436331
        ]
      },
      "id": "way/1330725646"
    },
    {
      "type": "Feature",
      "properties": {
        "@id": "way/1330760834",
        "landuse": "forest",
        "@geometry": "center"
      },
      "geometry": {
        "type": "Point",
        "coordinates": [
          -86.9912681,
          38.3040258
        ]
      },
      "id": "way/1330760834"
    },
    {
      "type": "Feature",
      "properties": {
        "@id": "way/1330760840",
        "landuse": "forest",
        "@geometry": "center"
      },
      "geometry": {
        "type": "Point",
        "coordinates": [
          -86.9143673,
          38.4059018
        ]
      },
      "id": "way/1330760840"
    },
    {
      "type": "Feature",
      "properties": {
        "@id": "way/1330760843",
        "landuse": "forest",
        "@geometry": "center"
      },
      "geometry": {
        "type": "Point",
        "coordinates": [
          -86.9623857,
          38.3758033
        ]
      },
      "id": "way/1330760843"
    },
    {
      "type": "Feature",
      "properties": {
        "@id": "way/1331656497",
        "landuse": "forest",
        "@geometry": "center"
      },
      "geometry": {
        "type": "Point",
        "coordinates": [
          -86.9836556,
          38.3103033
        ]
      },
      "id": "way/1331656497"
    },
    {
      "type": "Feature",
      "properties": {
        "@id": "way/1331656502",
        "landuse": "forest",
        "@geometry": "center"
      },
      "geometry": {
        "type": "Point",
        "coordinates": [
          -87.0013739,
          38.3190241
        ]
      },
      "id": "way/1331656502"
    },
    {
      "type": "Feature",
      "properties": {
        "@id": "way/1331711448",
        "landuse": "forest",
        "@geometry": "center"
      },
      "geometry": {
        "type": "Point",
        "coordinates": [
          -86.9269088,
          38.2763844
        ]
      },
      "id": "way/1331711448"
    },
    {
      "type": "Feature",
      "properties": {
        "@id": "way/1331711456",
        "landuse": "forest",
        "@geometry": "center"
      },
      "geometry": {
        "type": "Point",
        "coordinates": [
          -86.9542347,
          38.279636
        ]
      },
      "id": "way/1331711456"
    },
    {
      "type": "Feature",
      "properties": {
        "@id": "way/1331711461",
        "landuse": "forest",
        "@geometry": "center"
      },
      "geometry": {
        "type": "Point",
        "coordinates": [
          -86.953907,
          38.2658179
        ]
      },
      "id": "way/1331711461"
    },
    {
      "type": "Feature",
      "properties": {
        "@id": "way/1332459629",
        "landuse": "forest",
        "@geometry": "center"
      },
      "geometry": {
        "type": "Point",
        "coordinates": [
          -86.9270998,
          38.4184719
        ]
      },
      "id": "way/1332459629"
    },
    {
      "type": "Feature",
      "properties": {
        "@id": "way/1332459632",
        "landuse": "forest",
        "@geometry": "center"
      },
      "geometry": {
        "type": "Point",
        "coordinates": [
          -86.9251915,
          38.4213146
        ]
      },
      "id": "way/1332459632"
    },
    {
      "type": "Feature",
      "properties": {
        "@id": "way/1332459634",
        "landuse": "forest",
        "@geometry": "center"
      },
      "geometry": {
        "type": "Point",
        "coordinates": [
          -86.9278942,
          38.4303316
        ]
      },
      "id": "way/1332459634"
    },
    {
      "type": "Feature",
      "properties": {
        "@id": "way/1332459649",
        "landuse": "forest",
        "@geometry": "center"
      },
      "geometry": {
        "type": "Point",
        "coordinates": [
          -86.9137341,
          38.4338063
        ]
      },
      "id": "way/1332459649"
    },
    {
      "type": "Feature",
      "properties": {
        "@id": "way/1332459650",
        "landuse": "forest",
        "@geometry": "center"
      },
      "geometry": {
        "type": "Point",
        "coordinates": [
          -86.9162473,
          38.4335047
        ]
      },
      "id": "way/1332459650"
    },
    {
      "type": "Feature",
      "properties": {
        "@id": "way/1332750864",
        "landuse": "forest",
        "@geometry": "center"
      },
      "geometry": {
        "type": "Point",
        "coordinates": [
          -86.6844856,
          38.4040938
        ]
      },
      "id": "way/1332750864"
    },
    {
      "type": "Feature",
      "properties": {
        "@id": "way/1332909710",
        "landuse": "forest",
        "natural": "wood",
        "@geometry": "center"
      },
      "geometry": {
        "type": "Point",
        "coordinates": [
          -86.629512,
          38.4024349
        ]
      },
      "id": "way/1332909710"
    },
    {
      "type": "Feature",
      "properties": {
        "@id": "way/1332909711",
        "landuse": "forest",
        "natural": "wood",
        "@geometry": "center"
      },
      "geometry": {
        "type": "Point",
        "coordinates": [
          -86.6250569,
          38.4043258
        ]
      },
      "id": "way/1332909711"
    },
    {
      "type": "Feature",
      "properties": {
        "@id": "way/1333515326",
        "landuse": "forest",
        "@geometry": "center"
      },
      "geometry": {
        "type": "Point",
        "coordinates": [
          -86.9500922,
          38.4389403
        ]
      },
      "id": "way/1333515326"
    },
    {
      "type": "Feature",
      "properties": {
        "@id": "way/1333515327",
        "landuse": "forest",
        "@geometry": "center"
      },
      "geometry": {
        "type": "Point",
        "coordinates": [
          -86.9432981,
          38.4434665
        ]
      },
      "id": "way/1333515327"
    },
    {
      "type": "Feature",
      "properties": {
        "@id": "way/1333515328",
        "landuse": "forest",
        "@geometry": "center"
      },
      "geometry": {
        "type": "Point",
        "coordinates": [
          -86.9474934,
          38.4412657
        ]
      },
      "id": "way/1333515328"
    },
    {
      "type": "Feature",
      "properties": {
        "@id": "way/1333572313",
        "landuse": "forest",
        "@geometry": "center"
      },
      "geometry": {
        "type": "Point",
        "coordinates": [
          -86.9248795,
          38.4250017
        ]
      },
      "id": "way/1333572313"
    },
    {
      "type": "Feature",
      "properties": {
        "@id": "way/1333572318",
        "landuse": "forest",
        "@geometry": "center"
      },
      "geometry": {
        "type": "Point",
        "coordinates": [
          -86.9094679,
          38.4369146
        ]
      },
      "id": "way/1333572318"
    },
    {
      "type": "Feature",
      "properties": {
        "@id": "way/1333572327",
        "landuse": "forest",
        "@geometry": "center"
      },
      "geometry": {
        "type": "Point",
        "coordinates": [
          -86.9099061,
          38.4322705
        ]
      },
      "id": "way/1333572327"
    },
    {
      "type": "Feature",
      "properties": {
        "@id": "way/1334330741",
        "landuse": "forest",
        "@geometry": "center"
      },
      "geometry": {
        "type": "Point",
        "coordinates": [
          -86.954304,
          38.318693
        ]
      },
      "id": "way/1334330741"
    },
    {
      "type": "Feature",
      "properties": {
        "@id": "way/1334330742",
        "landuse": "forest",
        "@geometry": "center"
      },
      "geometry": {
        "type": "Point",
        "coordinates": [
          -86.9533795,
          38.3185813
        ]
      },
      "id": "way/1334330742"
    },
    {
      "type": "Feature",
      "properties": {
        "@id": "way/1334330743",
        "landuse": "forest",
        "@geometry": "center"
      },
      "geometry": {
        "type": "Point",
        "coordinates": [
          -86.9546355,
          38.3159543
        ]
      },
      "id": "way/1334330743"
    },
    {
      "type": "Feature",
      "properties": {
        "@id": "way/1334330744",
        "landuse": "forest",
        "@geometry": "center"
      },
      "geometry": {
        "type": "Point",
        "coordinates": [
          -86.9539457,
          38.3167102
        ]
      },
      "id": "way/1334330744"
    },
    {
      "type": "Feature",
      "properties": {
        "@id": "way/1334330745",
        "landuse": "forest",
        "@geometry": "center"
      },
      "geometry": {
        "type": "Point",
        "coordinates": [
          -86.95521,
          38.314982
        ]
      },
      "id": "way/1334330745"
    },
    {
      "type": "Feature",
      "properties": {
        "@id": "way/1334330746",
        "landuse": "forest",
        "@geometry": "center"
      },
      "geometry": {
        "type": "Point",
        "coordinates": [
          -86.9552038,
          38.3143516
        ]
      },
      "id": "way/1334330746"
    },
    {
      "type": "Feature",
      "properties": {
        "@id": "way/1334330747",
        "landuse": "forest",
        "@geometry": "center"
      },
      "geometry": {
        "type": "Point",
        "coordinates": [
          -86.9558291,
          38.3224288
        ]
      },
      "id": "way/1334330747"
    },
    {
      "type": "Feature",
      "properties": {
        "@id": "way/1334330748",
        "landuse": "forest",
        "@geometry": "center"
      },
      "geometry": {
        "type": "Point",
        "coordinates": [
          -86.9519684,
          38.3223151
        ]
      },
      "id": "way/1334330748"
    },
    {
      "type": "Feature",
      "properties": {
        "@id": "way/1334330749",
        "landuse": "forest",
        "@geometry": "center"
      },
      "geometry": {
        "type": "Point",
        "coordinates": [
          -86.9523693,
          38.3222821
        ]
      },
      "id": "way/1334330749"
    },
    {
      "type": "Feature",
      "properties": {
        "@id": "way/1334330750",
        "landuse": "forest",
        "@geometry": "center"
      },
      "geometry": {
        "type": "Point",
        "coordinates": [
          -86.9531489,
          38.319998
        ]
      },
      "id": "way/1334330750"
    },
    {
      "type": "Feature",
      "properties": {
        "@id": "way/1334330759",
        "landuse": "forest",
        "@geometry": "center"
      },
      "geometry": {
        "type": "Point",
        "coordinates": [
          -86.9598867,
          38.322265
        ]
      },
      "id": "way/1334330759"
    },
    {
      "type": "Feature",
      "properties": {
        "@id": "way/1334330762",
        "landuse": "forest",
        "@geometry": "center"
      },
      "geometry": {
        "type": "Point",
        "coordinates": [
          -86.9710424,
          38.318765
        ]
      },
      "id": "way/1334330762"
    },
    {
      "type": "Feature",
      "properties": {
        "@id": "way/1334330763",
        "landuse": "forest",
        "@geometry": "center"
      },
      "geometry": {
        "type": "Point",
        "coordinates": [
          -86.9713975,
          38.3203264
        ]
      },
      "id": "way/1334330763"
    },
    {
      "type": "Feature",
      "properties": {
        "@id": "way/1334330766",
        "landuse": "forest",
        "@geometry": "center"
      },
      "geometry": {
        "type": "Point",
        "coordinates": [
          -86.9725837,
          38.3081593
        ]
      },
      "id": "way/1334330766"
    },
    {
      "type": "Feature",
      "properties": {
        "@id": "way/1334330768",
        "landuse": "forest",
        "@geometry": "center"
      },
      "geometry": {
        "type": "Point",
        "coordinates": [
          -86.9475063,
          38.3228419
        ]
      },
      "id": "way/1334330768"
    },
    {
      "type": "Feature",
      "properties": {
        "@id": "way/1334330769",
        "landuse": "forest",
        "@geometry": "center"
      },
      "geometry": {
        "type": "Point",
        "coordinates": [
          -86.9501538,
          38.3219213
        ]
      },
      "id": "way/1334330769"
    },
    {
      "type": "Feature",
      "properties": {
        "@id": "way/1334390317",
        "landuse": "forest",
        "@geometry": "center"
      },
      "geometry": {
        "type": "Point",
        "coordinates": [
          -86.9397951,
          38.3680915
        ]
      },
      "id": "way/1334390317"
    },
    {
      "type": "Feature",
      "properties": {
        "@id": "way/1334390318",
        "landuse": "forest",
        "@geometry": "center"
      },
      "geometry": {
        "type": "Point",
        "coordinates": [
          -86.9326916,
          38.3688136
        ]
      },
      "id": "way/1334390318"
    },
    {
      "type": "Feature",
      "properties": {
        "@id": "way/1334956123",
        "landuse": "forest",
        "@geometry": "center"
      },
      "geometry": {
        "type": "Point",
        "coordinates": [
          -86.9933603,
          38.3002998
        ]
      },
      "id": "way/1334956123"
    },
    {
      "type": "Feature",
      "properties": {
        "@id": "way/1334956138",
        "landuse": "forest",
        "@geometry": "center"
      },
      "geometry": {
        "type": "Point",
        "coordinates": [
          -86.9487647,
          38.2977515
        ]
      },
      "id": "way/1334956138"
    },
    {
      "type": "Feature",
      "properties": {
        "@id": "way/1334956139",
        "landuse": "forest",
        "@geometry": "center"
      },
      "geometry": {
        "type": "Point",
        "coordinates": [
          -86.943371,
          38.2949757
        ]
      },
      "id": "way/1334956139"
    },
    {
      "type": "Feature",
      "properties": {
        "@id": "way/1334958653",
        "landuse": "forest",
        "@geometry": "center"
      },
      "geometry": {
        "type": "Point",
        "coordinates": [
          -86.9821239,
          38.3073824
        ]
      },
      "id": "way/1334958653"
    },
    {
      "type": "Feature",
      "properties": {
        "@id": "way/1334958654",
        "landuse": "forest",
        "@geometry": "center"
      },
      "geometry": {
        "type": "Point",
        "coordinates": [
          -87.0036116,
          38.3175704
        ]
      },
      "id": "way/1334958654"
    },
    {
      "type": "Feature",
      "properties": {
        "@id": "way/1335273591",
        "landuse": "forest",
        "@geometry": "center"
      },
      "geometry": {
        "type": "Point",
        "coordinates": [
          -86.9397061,
          38.3231998
        ]
      },
      "id": "way/1335273591"
    },
    {
      "type": "Feature",
      "properties": {
        "@id": "way/1336018988",
        "landuse": "forest",
        "name": "Earl and Hazel Jones Center for Conservation",
        "@geometry": "center"
      },
      "geometry": {
        "type": "Point",
        "coordinates": [
          -84.7297193,
          38.9962695
        ]
      },
      "id": "way/1336018988"
    },
    {
      "type": "Feature",
      "properties": {
        "@id": "way/1353694393",
        "landuse": "forest",
        "name": "Hidden Creek Forest",
        "@geometry": "center"
      },
      "geometry": {
        "type": "Point",
        "coordinates": [
          -85.7098318,
          37.5107985
        ]
      },
      "id": "way/1353694393"
    },
    {
      "type": "Feature",
      "properties": {
        "@id": "way/1353743382",
        "landuse": "forest",
        "@geometry": "center"
      },
      "geometry": {
        "type": "Point",
        "coordinates": [
          -82.7589579,
          36.843933
        ]
      },
      "id": "way/1353743382"
    },
    {
      "type": "Feature",
      "properties": {
        "@id": "way/1353743383",
        "landuse": "forest",
        "@geometry": "center"
      },
      "geometry": {
        "type": "Point",
        "coordinates": [
          -82.7566705,
          36.8428761
        ]
      },
      "id": "way/1353743383"
    },
    {
      "type": "Feature",
      "properties": {
        "@id": "way/1353743390",
        "landuse": "forest",
        "@geometry": "center"
      },
      "geometry": {
        "type": "Point",
        "coordinates": [
          -82.7549283,
          36.848978
        ]
      },
      "id": "way/1353743390"
    },
    {
      "type": "Feature",
      "properties": {
        "@id": "way/1353743391",
        "landuse": "forest",
        "@geometry": "center"
      },
      "geometry": {
        "type": "Point",
        "coordinates": [
          -82.7550871,
          36.8478982
        ]
      },
      "id": "way/1353743391"
    },
    {
      "type": "Feature",
      "properties": {
        "@id": "way/1353743392",
        "landuse": "forest",
        "@geometry": "center"
      },
      "geometry": {
        "type": "Point",
        "coordinates": [
          -82.7555522,
          36.844729
        ]
      },
      "id": "way/1353743392"
    },
    {
      "type": "Feature",
      "properties": {
        "@id": "way/1353745500",
        "landuse": "forest",
        "@geometry": "center"
      },
      "geometry": {
        "type": "Point",
        "coordinates": [
          -82.7566164,
          36.8419518
        ]
      },
      "id": "way/1353745500"
    },
    {
      "type": "Feature",
      "properties": {
        "@id": "way/1353753899",
        "landuse": "forest",
        "@geometry": "center"
      },
      "geometry": {
        "type": "Point",
        "coordinates": [
          -82.7516006,
          36.8446292
        ]
      },
      "id": "way/1353753899"
    },
    {
      "type": "Feature",
      "properties": {
        "@id": "way/1353755301",
        "landuse": "forest",
        "@geometry": "center"
      },
      "geometry": {
        "type": "Point",
        "coordinates": [
          -82.7520765,
          36.8435008
        ]
      },
      "id": "way/1353755301"
    },
    {
      "type": "Feature",
      "properties": {
        "@id": "way/1358193184",
        "landuse": "forest",
        "@geometry": "center"
      },
      "geometry": {
        "type": "Point",
        "coordinates": [
          -89.346807,
          38.3212187
        ]
      },
      "id": "way/1358193184"
    },
    {
      "type": "Feature",
      "properties": {
        "@id": "way/1358209592",
        "landuse": "forest",
        "@geometry": "center"
      },
      "geometry": {
        "type": "Point",
        "coordinates": [
          -89.3398075,
          38.3290019
        ]
      },
      "id": "way/1358209592"
    },
    {
      "type": "Feature",
      "properties": {
        "@id": "way/1358223708",
        "landuse": "forest",
        "@geometry": "center"
      },
      "geometry": {
        "type": "Point",
        "coordinates": [
          -89.3449464,
          38.3341082
        ]
      },
      "id": "way/1358223708"
    },
    {
      "type": "Feature",
      "properties": {
        "@id": "way/1359154373",
        "landuse": "forest",
        "@geometry": "center"
      },
      "geometry": {
        "type": "Point",
        "coordinates": [
          -89.3595102,
          38.335835
        ]
      },
      "id": "way/1359154373"
    },
    {
      "type": "Feature",
      "properties": {
        "@id": "way/1363707831",
        "landuse": "forest",
        "natural": "scrub",
        "@geometry": "center"
      },
      "geometry": {
        "type": "Point",
        "coordinates": [
          -84.0936282,
          38.1401186
        ]
      },
      "id": "way/1363707831"
    },
    {
      "type": "Feature",
      "properties": {
        "@id": "way/1363707851",
        "landuse": "forest",
        "natural": "tree_group",
        "@geometry": "center"
      },
      "geometry": {
        "type": "Point",
        "coordinates": [
          -84.0964976,
          38.1414704
        ]
      },
      "id": "way/1363707851"
    },
    {
      "type": "Feature",
      "properties": {
        "@id": "way/1363707852",
        "landuse": "forest",
        "natural": "tree_group",
        "@geometry": "center"
      },
      "geometry": {
        "type": "Point",
        "coordinates": [
          -84.0975811,
          38.1407557
        ]
      },
      "id": "way/1363707852"
    },
    {
      "type": "Feature",
      "properties": {
        "@id": "way/1363707871",
        "landuse": "forest",
        "natural": "tree_group",
        "@geometry": "center"
      },
      "geometry": {
        "type": "Point",
        "coordinates": [
          -84.0981659,
          38.1385207
        ]
      },
      "id": "way/1363707871"
    },
    {
      "type": "Feature",
      "properties": {
        "@id": "way/1363707872",
        "landuse": "forest",
        "@geometry": "center"
      },
      "geometry": {
        "type": "Point",
        "coordinates": [
          -84.0969971,
          38.1400818
        ]
      },
      "id": "way/1363707872"
    },
    {
      "type": "Feature",
      "properties": {
        "@id": "way/1363707873",
        "landuse": "forest",
        "@geometry": "center"
      },
      "geometry": {
        "type": "Point",
        "coordinates": [
          -84.0971755,
          38.1397379
        ]
      },
      "id": "way/1363707873"
    },
    {
      "type": "Feature",
      "properties": {
        "@id": "way/1363707876",
        "landuse": "forest",
        "@geometry": "center"
      },
      "geometry": {
        "type": "Point",
        "coordinates": [
          -84.0936678,
          38.1386155
        ]
      },
      "id": "way/1363707876"
    },
    {
      "type": "Feature",
      "properties": {
        "@id": "way/1363808724",
        "landuse": "forest",
        "natural": "wood",
        "@geometry": "center"
      },
      "geometry": {
        "type": "Point",
        "coordinates": [
          -84.1027538,
          38.1400021
        ]
      },
      "id": "way/1363808724"
    },
    {
      "type": "Feature",
      "properties": {
        "@id": "way/1363808739",
        "landuse": "forest",
        "natural": "tree_group",
        "@geometry": "center"
      },
      "geometry": {
        "type": "Point",
        "coordinates": [
          -84.0990228,
          38.1362965
        ]
      },
      "id": "way/1363808739"
    },
    {
      "type": "Feature",
      "properties": {
        "@id": "way/1363808740",
        "landuse": "forest",
        "natural": "tree_group",
        "@geometry": "center"
      },
      "geometry": {
        "type": "Point",
        "coordinates": [
          -84.0963359,
          38.1379373
        ]
      },
      "id": "way/1363808740"
    },
    {
      "type": "Feature",
      "properties": {
        "@id": "way/1363808796",
        "landuse": "forest",
        "natural": "tree_group",
        "@geometry": "center"
      },
      "geometry": {
        "type": "Point",
        "coordinates": [
          -84.0893105,
          38.1382538
        ]
      },
      "id": "way/1363808796"
    },
    {
      "type": "Feature",
      "properties": {
        "@id": "way/1363808817",
        "landuse": "forest",
        "natural": "tree_group",
        "@geometry": "center"
      },
      "geometry": {
        "type": "Point",
        "coordinates": [
          -84.0936349,
          38.1421333
        ]
      },
      "id": "way/1363808817"
    },
    {
      "type": "Feature",
      "properties": {
        "@id": "way/1363808818",
        "landuse": "forest",
        "@geometry": "center"
      },
      "geometry": {
        "type": "Point",
        "coordinates": [
          -84.0926559,
          38.1425873
        ]
      },
      "id": "way/1363808818"
    },
    {
      "type": "Feature",
      "properties": {
        "@id": "way/1363808820",
        "landuse": "forest",
        "@geometry": "center"
      },
      "geometry": {
        "type": "Point",
        "coordinates": [
          -84.0923757,
          38.1427724
        ]
      },
      "id": "way/1363808820"
    },
    {
      "type": "Feature",
      "properties": {
        "@id": "way/1363838709",
        "landuse": "forest",
        "natural": "tree_group",
        "@geometry": "center"
      },
      "geometry": {
        "type": "Point",
        "coordinates": [
          -84.0872727,
          38.1383445
        ]
      },
      "id": "way/1363838709"
    },
    {
      "type": "Feature",
      "properties": {
        "@id": "way/1363838710",
        "landuse": "forest",
        "natural": "tree_group",
        "@geometry": "center"
      },
      "geometry": {
        "type": "Point",
        "coordinates": [
          -84.0861448,
          38.1357929
        ]
      },
      "id": "way/1363838710"
    },
    {
      "type": "Feature",
      "properties": {
        "@id": "way/1363838711",
        "landuse": "forest",
        "natural": "tree_group",
        "@geometry": "center"
      },
      "geometry": {
        "type": "Point",
        "coordinates": [
          -84.0878481,
          38.1371494
        ]
      },
      "id": "way/1363838711"
    },
    {
      "type": "Feature",
      "properties": {
        "@id": "way/1363838733",
        "landuse": "forest",
        "natural": "wood",
        "@geometry": "center"
      },
      "geometry": {
        "type": "Point",
        "coordinates": [
          -84.101829,
          38.1399773
        ]
      },
      "id": "way/1363838733"
    },
    {
      "type": "Feature",
      "properties": {
        "@id": "way/1363838762",
        "landuse": "forest",
        "@geometry": "center"
      },
      "geometry": {
        "type": "Point",
        "coordinates": [
          -84.0962434,
          38.1388381
        ]
      },
      "id": "way/1363838762"
    },
    {
      "type": "Feature",
      "properties": {
        "@id": "way/1363852424",
        "landuse": "forest",
        "natural": "tree_group",
        "@geometry": "center"
      },
      "geometry": {
        "type": "Point",
        "coordinates": [
          -84.0791148,
          38.1298939
        ]
      },
      "id": "way/1363852424"
    },
    {
      "type": "Feature",
      "properties": {
        "@id": "way/1363852425",
        "landuse": "forest",
        "natural": "tree_group",
        "@geometry": "center"
      },
      "geometry": {
        "type": "Point",
        "coordinates": [
          -84.0803648,
          38.1306598
        ]
      },
      "id": "way/1363852425"
    },
    {
      "type": "Feature",
      "properties": {
        "@id": "way/1367425832",
        "landuse": "forest",
        "@geometry": "center"
      },
      "geometry": {
        "type": "Point",
        "coordinates": [
          -84.088119,
          38.1408654
        ]
      },
      "id": "way/1367425832"
    },
    {
      "type": "Feature",
      "properties": {
        "@id": "way/1367428435",
        "landuse": "forest",
        "natural": "wood",
        "@geometry": "center"
      },
      "geometry": {
        "type": "Point",
        "coordinates": [
          -84.0737786,
          38.1363097
        ]
      },
      "id": "way/1367428435"
    },
    {
      "type": "Feature",
      "properties": {
        "@id": "way/1368350120",
        "landuse": "forest",
        "natural": "wood",
        "@geometry": "center"
      },
      "geometry": {
        "type": "Point",
        "coordinates": [
          -84.1011632,
          38.1410954
        ]
      },
      "id": "way/1368350120"
    },
    {
      "type": "Feature",
      "properties": {
        "@id": "way/1368350121",
        "landuse": "forest",
        "natural": "tree_group",
        "@geometry": "center"
      },
      "geometry": {
        "type": "Point",
        "coordinates": [
          -84.1006395,
          38.1421206
        ]
      },
      "id": "way/1368350121"
    },
    {
      "type": "Feature",
      "properties": {
        "@id": "way/1368350122",
        "landuse": "forest",
        "natural": "tree_group",
        "@geometry": "center"
      },
      "geometry": {
        "type": "Point",
        "coordinates": [
          -84.1013107,
          38.1427835
        ]
      },
      "id": "way/1368350122"
    },
    {
      "type": "Feature",
      "properties": {
        "@id": "way/1368350123",
        "landuse": "forest",
        "natural": "tree_group",
        "@geometry": "center"
      },
      "geometry": {
        "type": "Point",
        "coordinates": [
          -84.100081,
          38.1421307
        ]
      },
      "id": "way/1368350123"
    },
    {
      "type": "Feature",
      "properties": {
        "@id": "way/1368350124",
        "landuse": "forest",
        "natural": "tree_group",
        "@geometry": "center"
      },
      "geometry": {
        "type": "Point",
        "coordinates": [
          -84.1000092,
          38.1423964
        ]
      },
      "id": "way/1368350124"
    },
    {
      "type": "Feature",
      "properties": {
        "@id": "way/1368350125",
        "landuse": "forest",
        "natural": "tree_group",
        "@geometry": "center"
      },
      "geometry": {
        "type": "Point",
        "coordinates": [
          -84.0994862,
          38.1417335
        ]
      },
      "id": "way/1368350125"
    },
    {
      "type": "Feature",
      "properties": {
        "@id": "way/1368350126",
        "landuse": "forest",
        "natural": "tree_group",
        "@geometry": "center"
      },
      "geometry": {
        "type": "Point",
        "coordinates": [
          -84.0987043,
          38.1424181
        ]
      },
      "id": "way/1368350126"
    },
    {
      "type": "Feature",
      "properties": {
        "@id": "way/1368350127",
        "landuse": "forest",
        "natural": "tree_group",
        "@geometry": "center"
      },
      "geometry": {
        "type": "Point",
        "coordinates": [
          -84.0984334,
          38.1420763
        ]
      },
      "id": "way/1368350127"
    },
    {
      "type": "Feature",
      "properties": {
        "@id": "way/1368350128",
        "landuse": "forest",
        "natural": "tree_group",
        "@geometry": "center"
      },
      "geometry": {
        "type": "Point",
        "coordinates": [
          -84.0986721,
          38.1415974
        ]
      },
      "id": "way/1368350128"
    },
    {
      "type": "Feature",
      "properties": {
        "@id": "way/1368350129",
        "landuse": "forest",
        "natural": "tree_group",
        "@geometry": "center"
      },
      "geometry": {
        "type": "Point",
        "coordinates": [
          -84.099352,
          38.1411286
        ]
      },
      "id": "way/1368350129"
    },
    {
      "type": "Feature",
      "properties": {
        "@id": "way/1368350130",
        "landuse": "forest",
        "natural": "tree_group",
        "@geometry": "center"
      },
      "geometry": {
        "type": "Point",
        "coordinates": [
          -84.0912411,
          38.1325144
        ]
      },
      "id": "way/1368350130"
    },
    {
      "type": "Feature",
      "properties": {
        "@id": "way/1368350131",
        "landuse": "forest",
        "natural": "tree_group",
        "@geometry": "center"
      },
      "geometry": {
        "type": "Point",
        "coordinates": [
          -84.0864205,
          38.1278879
        ]
      },
      "id": "way/1368350131"
    },
    {
      "type": "Feature",
      "properties": {
        "@id": "way/1369899390",
        "landuse": "forest",
        "natural": "tree_group",
        "@geometry": "center"
      },
      "geometry": {
        "type": "Point",
        "coordinates": [
          -84.0827546,
          38.1380681
        ]
      },
      "id": "way/1369899390"
    },
    {
      "type": "Feature",
      "properties": {
        "@id": "way/1369899391",
        "landuse": "forest",
        "@geometry": "center"
      },
      "geometry": {
        "type": "Point",
        "coordinates": [
          -84.0820558,
          38.1393429
        ]
      },
      "id": "way/1369899391"
    },
    {
      "type": "Feature",
      "properties": {
        "@id": "way/1369899392",
        "landuse": "forest",
        "natural": "tree_group",
        "@geometry": "center"
      },
      "geometry": {
        "type": "Point",
        "coordinates": [
          -84.082776,
          38.1388582
        ]
      },
      "id": "way/1369899392"
    },
    {
      "type": "Feature",
      "properties": {
        "@id": "way/1369899400",
        "landuse": "forest",
        "natural": "tree_group",
        "@geometry": "center"
      },
      "geometry": {
        "type": "Point",
        "coordinates": [
          -84.0944879,
          38.1353804
        ]
      },
      "id": "way/1369899400"
    },
    {
      "type": "Feature",
      "properties": {
        "@id": "way/1369899403",
        "landuse": "forest",
        "natural": "tree_group",
        "@geometry": "center"
      },
      "geometry": {
        "type": "Point",
        "coordinates": [
          -84.0941445,
          38.1361125
        ]
      },
      "id": "way/1369899403"
    },
    {
      "type": "Feature",
      "properties": {
        "@id": "way/1369899404",
        "landuse": "forest",
        "natural": "tree_group",
        "@geometry": "center"
      },
      "geometry": {
        "type": "Point",
        "coordinates": [
          -84.0904022,
          38.1372052
        ]
      },
      "id": "way/1369899404"
    },
    {
      "type": "Feature",
      "properties": {
        "@id": "way/1369899405",
        "landuse": "forest",
        "natural": "tree_group",
        "@geometry": "center"
      },
      "geometry": {
        "type": "Point",
        "coordinates": [
          -84.0884207,
          38.1395955
        ]
      },
      "id": "way/1369899405"
    },
    {
      "type": "Feature",
      "properties": {
        "@id": "way/1369899406",
        "landuse": "forest",
        "natural": "tree_group",
        "@geometry": "center"
      },
      "geometry": {
        "type": "Point",
        "coordinates": [
          -84.0883215,
          38.1390449
        ]
      },
      "id": "way/1369899406"
    },
    {
      "type": "Feature",
      "properties": {
        "@id": "way/1369899407",
        "landuse": "forest",
        "@geometry": "center"
      },
      "geometry": {
        "type": "Point",
        "coordinates": [
          -84.1025774,
          38.1446172
        ]
      },
      "id": "way/1369899407"
    },
    {
      "type": "Feature",
      "properties": {
        "@id": "way/1369899410",
        "landuse": "forest",
        "natural": "tree_group",
        "@geometry": "center"
      },
      "geometry": {
        "type": "Point",
        "coordinates": [
          -84.1002251,
          38.144691
        ]
      },
      "id": "way/1369899410"
    },
    {
      "type": "Feature",
      "properties": {
        "@id": "way/1369899411",
        "landuse": "forest",
        "natural": "tree_group",
        "@geometry": "center"
      },
      "geometry": {
        "type": "Point",
        "coordinates": [
          -84.1008327,
          38.1438408
        ]
      },
      "id": "way/1369899411"
    },
    {
      "type": "Feature",
      "properties": {
        "@id": "way/1369899412",
        "landuse": "forest",
        "natural": "tree_group",
        "@geometry": "center"
      },
      "geometry": {
        "type": "Point",
        "coordinates": [
          -84.1020597,
          38.1430398
        ]
      },
      "id": "way/1369899412"
    },
    {
      "type": "Feature",
      "properties": {
        "@id": "way/1369899413",
        "landuse": "forest",
        "natural": "tree_group",
        "@geometry": "center"
      },
      "geometry": {
        "type": "Point",
        "coordinates": [
          -84.1022013,
          38.143324
        ]
      },
      "id": "way/1369899413"
    },
    {
      "type": "Feature",
      "properties": {
        "@id": "way/1369899418",
        "landuse": "forest",
        "natural": "tree_group",
        "@geometry": "center"
      },
      "geometry": {
        "type": "Point",
        "coordinates": [
          -84.1056673,
          38.1442206
        ]
      },
      "id": "way/1369899418"
    },
    {
      "type": "Feature",
      "properties": {
        "@id": "way/1369899419",
        "landuse": "forest",
        "@geometry": "center"
      },
      "geometry": {
        "type": "Point",
        "coordinates": [
          -84.1068425,
          38.1439801
        ]
      },
      "id": "way/1369899419"
    },
    {
      "type": "Feature",
      "properties": {
        "@id": "way/1369899420",
        "landuse": "forest",
        "natural": "tree_group",
        "@geometry": "center"
      },
      "geometry": {
        "type": "Point",
        "coordinates": [
          -84.106602,
          38.1436458
        ]
      },
      "id": "way/1369899420"
    },
    {
      "type": "Feature",
      "properties": {
        "@id": "way/1369899421",
        "landuse": "forest",
        "@geometry": "center"
      },
      "geometry": {
        "type": "Point",
        "coordinates": [
          -84.1048881,
          38.1440455
        ]
      },
      "id": "way/1369899421"
    },
    {
      "type": "Feature",
      "properties": {
        "@id": "way/1369899427",
        "landuse": "forest",
        "natural": "tree_group",
        "@geometry": "center"
      },
      "geometry": {
        "type": "Point",
        "coordinates": [
          -84.095994,
          38.1333625
        ]
      },
      "id": "way/1369899427"
    },
    {
      "type": "Feature",
      "properties": {
        "@id": "way/1372282183",
        "landuse": "forest",
        "natural": "tree_group",
        "@geometry": "center"
      },
      "geometry": {
        "type": "Point",
        "coordinates": [
          -84.0844665,
          38.1279255
        ]
      },
      "id": "way/1372282183"
    },
    {
      "type": "Feature",
      "properties": {
        "@id": "way/1372282184",
        "landuse": "forest",
        "natural": "tree_group",
        "@geometry": "center"
      },
      "geometry": {
        "type": "Point",
        "coordinates": [
          -84.0849835,
          38.129243
        ]
      },
      "id": "way/1372282184"
    },
    {
      "type": "Feature",
      "properties": {
        "@id": "way/1372282190",
        "landuse": "forest",
        "natural": "tree_group",
        "@geometry": "center"
      },
      "geometry": {
        "type": "Point",
        "coordinates": [
          -84.0814121,
          38.1340291
        ]
      },
      "id": "way/1372282190"
    },
    {
      "type": "Feature",
      "properties": {
        "@id": "way/1372282191",
        "landuse": "forest",
        "natural": "tree_group",
        "@geometry": "center"
      },
      "geometry": {
        "type": "Point",
        "coordinates": [
          -84.0806168,
          38.1332232
        ]
      },
      "id": "way/1372282191"
    },
    {
      "type": "Feature",
      "properties": {
        "@id": "way/1372282196",
        "landuse": "forest",
        "natural": "tree_group",
        "@geometry": "center"
      },
      "geometry": {
        "type": "Point",
        "coordinates": [
          -84.0758599,
          38.1384458
        ]
      },
      "id": "way/1372282196"
    },
    {
      "type": "Feature",
      "properties": {
        "@id": "way/1373310845",
        "landuse": "forest",
        "natural": "tree_group",
        "@geometry": "center"
      },
      "geometry": {
        "type": "Point",
        "coordinates": [
          -84.0730061,
          38.1262322
        ]
      },
      "id": "way/1373310845"
    },
    {
      "type": "Feature",
      "properties": {
        "@id": "way/1373310857",
        "landuse": "forest",
        "natural": "tree_group",
        "@geometry": "center"
      },
      "geometry": {
        "type": "Point",
        "coordinates": [
          -84.0709059,
          38.1248723
        ]
      },
      "id": "way/1373310857"
    },
    {
      "type": "Feature",
      "properties": {
        "@id": "way/1373310858",
        "landuse": "forest",
        "natural": "tree_group",
        "@geometry": "center"
      },
      "geometry": {
        "type": "Point",
        "coordinates": [
          -84.070403,
          38.1250622
        ]
      },
      "id": "way/1373310858"
    },
    {
      "type": "Feature",
      "properties": {
        "@id": "way/1373310860",
        "landuse": "forest",
        "natural": "tree_group",
        "@geometry": "center"
      },
      "geometry": {
        "type": "Point",
        "coordinates": [
          -84.0728639,
          38.1247742
        ]
      },
      "id": "way/1373310860"
    },
    {
      "type": "Feature",
      "properties": {
        "@id": "way/1373310865",
        "landuse": "forest",
        "natural": "tree_group",
        "@geometry": "center"
      },
      "geometry": {
        "type": "Point",
        "coordinates": [
          -84.0767062,
          38.1258555
        ]
      },
      "id": "way/1373310865"
    },
    {
      "type": "Feature",
      "properties": {
        "@id": "way/1373310866",
        "landuse": "forest",
        "natural": "tree_group",
        "@geometry": "center"
      },
      "geometry": {
        "type": "Point",
        "coordinates": [
          -84.0762704,
          38.1260703
        ]
      },
      "id": "way/1373310866"
    },
    {
      "type": "Feature",
      "properties": {
        "@id": "way/1373310867",
        "landuse": "forest",
        "natural": "tree_group",
        "@geometry": "center"
      },
      "geometry": {
        "type": "Point",
        "coordinates": [
          -84.0796784,
          38.1390787
        ]
      },
      "id": "way/1373310867"
    },
    {
      "type": "Feature",
      "properties": {
        "@id": "way/1373310874",
        "landuse": "forest",
        "natural": "tree_group",
        "@geometry": "center"
      },
      "geometry": {
        "type": "Point",
        "coordinates": [
          -84.0748608,
          38.1380291
        ]
      },
      "id": "way/1373310874"
    },
    {
      "type": "Feature",
      "properties": {
        "@id": "way/1373310875",
        "landuse": "forest",
        "natural": "tree_group",
        "@geometry": "center"
      },
      "geometry": {
        "type": "Point",
        "coordinates": [
          -84.075001,
          38.1382363
        ]
      },
      "id": "way/1373310875"
    },
    {
      "type": "Feature",
      "properties": {
        "@id": "way/1373310876",
        "landuse": "forest",
        "natural": "tree_group",
        "@geometry": "center"
      },
      "geometry": {
        "type": "Point",
        "coordinates": [
          -84.0749239,
          38.1384737
        ]
      },
      "id": "way/1373310876"
    },
    {
      "type": "Feature",
      "properties": {
        "@id": "way/1373310877",
        "landuse": "forest",
        "natural": "tree_group",
        "@geometry": "center"
      },
      "geometry": {
        "type": "Point",
        "coordinates": [
          -84.0758127,
          38.1392577
        ]
      },
      "id": "way/1373310877"
    },
    {
      "type": "Feature",
      "properties": {
        "@id": "way/1373310880",
        "landuse": "forest",
        "natural": "tree_group",
        "@geometry": "center"
      },
      "geometry": {
        "type": "Point",
        "coordinates": [
          -84.0780265,
          38.133662
        ]
      },
      "id": "way/1373310880"
    },
    {
      "type": "Feature",
      "properties": {
        "@id": "way/1373310883",
        "landuse": "forest",
        "natural": "tree_group",
        "@geometry": "center"
      },
      "geometry": {
        "type": "Point",
        "coordinates": [
          -84.0773177,
          38.1319869
        ]
      },
      "id": "way/1373310883"
    },
    {
      "type": "Feature",
      "properties": {
        "@id": "way/1373310884",
        "landuse": "forest",
        "natural": "tree_group",
        "@geometry": "center"
      },
      "geometry": {
        "type": "Point",
        "coordinates": [
          -84.0784805,
          38.1322443
        ]
      },
      "id": "way/1373310884"
    },
    {
      "type": "Feature",
      "properties": {
        "@id": "way/1373310890",
        "landuse": "forest",
        "natural": "tree_group",
        "@geometry": "center"
      },
      "geometry": {
        "type": "Point",
        "coordinates": [
          -84.0781961,
          38.1261589
        ]
      },
      "id": "way/1373310890"
    },
    {
      "type": "Feature",
      "properties": {
        "@id": "way/1373310903",
        "landuse": "forest",
        "natural": "tree_group",
        "@geometry": "center"
      },
      "geometry": {
        "type": "Point",
        "coordinates": [
          -84.0801783,
          38.1285151
        ]
      },
      "id": "way/1373310903"
    },
    {
      "type": "Feature",
      "properties": {
        "@id": "way/1373310905",
        "landuse": "forest",
        "natural": "tree_group",
        "@geometry": "center"
      },
      "geometry": {
        "type": "Point",
        "coordinates": [
          -84.0804284,
          38.1269406
        ]
      },
      "id": "way/1373310905"
    },
    {
      "type": "Feature",
      "properties": {
        "@id": "way/1373310906",
        "landuse": "forest",
        "natural": "tree_group",
        "@geometry": "center"
      },
      "geometry": {
        "type": "Point",
        "coordinates": [
          -84.0806034,
          38.1273678
        ]
      },
      "id": "way/1373310906"
    },
    {
      "type": "Feature",
      "properties": {
        "@id": "way/1373313850",
        "landuse": "forest",
        "natural": "tree_group",
        "@geometry": "center"
      },
      "geometry": {
        "type": "Point",
        "coordinates": [
          -84.0691705,
          38.1270466
        ]
      },
      "id": "way/1373313850"
    },
    {
      "type": "Feature",
      "properties": {
        "@id": "way/1373313852",
        "landuse": "forest",
        "natural": "tree_group",
        "@geometry": "center"
      },
      "geometry": {
        "type": "Point",
        "coordinates": [
          -84.0678173,
          38.1270519
        ]
      },
      "id": "way/1373313852"
    },
    {
      "type": "Feature",
      "properties": {
        "@id": "way/1373313854",
        "landuse": "forest",
        "natural": "tree_group",
        "@geometry": "center"
      },
      "geometry": {
        "type": "Point",
        "coordinates": [
          -84.0672366,
          38.1281037
        ]
      },
      "id": "way/1373313854"
    },
    {
      "type": "Feature",
      "properties": {
        "@id": "way/1373624591",
        "denotation": "urban",
        "landuse": "forest",
        "leaf_cycle": "deciduous",
        "leaf_type": "broadleaved",
        "natural": "tree_group",
        "@geometry": "center"
      },
      "geometry": {
        "type": "Point",
        "coordinates": [
          -84.1072364,
          38.1433304
        ]
      },
      "id": "way/1373624591"
    },
    {
      "type": "Feature",
      "properties": {
        "@id": "way/1373624592",
        "landuse": "forest",
        "natural": "tree_group",
        "@geometry": "center"
      },
      "geometry": {
        "type": "Point",
        "coordinates": [
          -84.1075657,
          38.1426195
        ]
      },
      "id": "way/1373624592"
    },
    {
      "type": "Feature",
      "properties": {
        "@id": "way/1373624593",
        "landuse": "forest",
        "natural": "tree_group",
        "@geometry": "center"
      },
      "geometry": {
        "type": "Point",
        "coordinates": [
          -84.1073712,
          38.1424365
        ]
      },
      "id": "way/1373624593"
    },
    {
      "type": "Feature",
      "properties": {
        "@id": "way/1373624594",
        "landuse": "forest",
        "natural": "tree_group",
        "@geometry": "center"
      },
      "geometry": {
        "type": "Point",
        "coordinates": [
          -84.1069675,
          38.1424397
        ]
      },
      "id": "way/1373624594"
    },
    {
      "type": "Feature",
      "properties": {
        "@id": "way/1373624595",
        "landuse": "forest",
        "natural": "tree_group",
        "@geometry": "center"
      },
      "geometry": {
        "type": "Point",
        "coordinates": [
          -84.1075657,
          38.1416856
        ]
      },
      "id": "way/1373624595"
    },
    {
      "type": "Feature",
      "properties": {
        "@id": "way/1373624600",
        "landuse": "forest",
        "natural": "tree_group",
        "@geometry": "center"
      },
      "geometry": {
        "type": "Point",
        "coordinates": [
          -84.0691021,
          38.1383281
        ]
      },
      "id": "way/1373624600"
    },
    {
      "type": "Feature",
      "properties": {
        "@id": "way/1373624605",
        "landuse": "forest",
        "natural": "tree_group",
        "@geometry": "center"
      },
      "geometry": {
        "type": "Point",
        "coordinates": [
          -84.0631101,
          38.1380671
        ]
      },
      "id": "way/1373624605"
    },
    {
      "type": "Feature",
      "properties": {
        "@id": "way/1375032085",
        "landuse": "forest",
        "@geometry": "center"
      },
      "geometry": {
        "type": "Point",
        "coordinates": [
          -84.5590651,
          39.1141024
        ]
      },
      "id": "way/1375032085"
    },
    {
      "type": "Feature",
      "properties": {
        "@id": "way/1383881320",
        "landuse": "forest",
        "@geometry": "center"
      },
      "geometry": {
        "type": "Point",
        "coordinates": [
          -84.3928964,
          38.196756
        ]
      },
      "id": "way/1383881320"
    },
    {
      "type": "Feature",
      "properties": {
        "@id": "way/1387016615",
        "landuse": "forest",
        "@geometry": "center"
      },
      "geometry": {
        "type": "Point",
        "coordinates": [
          -84.369789,
          38.1867347
        ]
      },
      "id": "way/1387016615"
    },
    {
      "type": "Feature",
      "properties": {
        "@id": "way/1393167059",
        "landuse": "forest",
        "@geometry": "center"
      },
      "geometry": {
        "type": "Point",
        "coordinates": [
          -83.4738821,
          39.1427312
        ]
      },
      "id": "way/1393167059"
    },
    {
      "type": "Feature",
      "properties": {
        "@id": "way/1393167061",
        "landuse": "forest",
        "@geometry": "center"
      },
      "geometry": {
        "type": "Point",
        "coordinates": [
          -83.4778244,
          39.1452191
        ]
      },
      "id": "way/1393167061"
    },
    {
      "type": "Feature",
      "properties": {
        "@id": "way/1408166705",
        "landuse": "forest",
        "leaf_cycle": "deciduous",
        "leaf_type": "broadleaved",
        "@geometry": "center"
      },
      "geometry": {
        "type": "Point",
        "coordinates": [
          -84.5886722,
          38.6181469
        ]
      },
      "id": "way/1408166705"
    },
    {
      "type": "Feature",
      "properties": {
        "@id": "way/1408172012",
        "landuse": "forest",
        "@geometry": "center"
      },
      "geometry": {
        "type": "Point",
        "coordinates": [
          -84.5863258,
          38.6162829
        ]
      },
      "id": "way/1408172012"
    },
    {
      "type": "Feature",
      "properties": {
        "@id": "way/1408435675",
        "landuse": "forest",
        "leaf_cycle": "deciduous",
        "leaf_type": "broadleaved",
        "@geometry": "center"
      },
      "geometry": {
        "type": "Point",
        "coordinates": [
          -84.6212426,
          39.0495935
        ]
      },
      "id": "way/1408435675"
    },
    {
      "type": "Feature",
      "properties": {
        "@id": "way/1408435676",
        "landuse": "forest",
        "leaf_cycle": "evergreen",
        "leaf_type": "needleleaved",
        "@geometry": "center"
      },
      "geometry": {
        "type": "Point",
        "coordinates": [
          -84.620512,
          39.048695
        ]
      },
      "id": "way/1408435676"
    },
    {
      "type": "Feature",
      "properties": {
        "@id": "way/1408597489",
        "landuse": "forest",
        "leaf_cycle": "mixed",
        "leaf_type": "mixed",
        "@geometry": "center"
      },
      "geometry": {
        "type": "Point",
        "coordinates": [
          -84.623623,
          39.0505316
        ]
      },
      "id": "way/1408597489"
    },
    {
      "type": "Feature",
      "properties": {
        "@id": "way/1408600189",
        "landuse": "forest",
        "leaf_cycle": "deciduous",
        "leaf_type": "broadleaved",
        "@geometry": "center"
      },
      "geometry": {
        "type": "Point",
        "coordinates": [
          -84.6203399,
          39.0475598
        ]
      },
      "id": "way/1408600189"
    },
    {
      "type": "Feature",
      "properties": {
        "@id": "way/1408600190",
        "landuse": "forest",
        "leaf_cycle": "deciduous",
        "leaf_type": "broadleaved",
        "@geometry": "center"
      },
      "geometry": {
        "type": "Point",
        "coordinates": [
          -84.619163,
          39.0476806
        ]
      },
      "id": "way/1408600190"
    },
    {
      "type": "Feature",
      "properties": {
        "@id": "way/1408614949",
        "landuse": "forest",
        "@geometry": "center"
      },
      "geometry": {
        "type": "Point",
        "coordinates": [
          -84.6202832,
          39.0485274
        ]
      },
      "id": "way/1408614949"
    },
    {
      "type": "Feature",
      "properties": {
        "@id": "way/1408614950",
        "landuse": "forest",
        "leaf_cycle": "evergreen",
        "leaf_type": "needleleaved",
        "@geometry": "center"
      },
      "geometry": {
        "type": "Point",
        "coordinates": [
          -84.6210425,
          39.048964
        ]
      },
      "id": "way/1408614950"
    },
    {
      "type": "Feature",
      "properties": {
        "@id": "way/1408842859",
        "landuse": "forest",
        "leaf_cycle": "deciduous",
        "leaf_type": "broadleaved",
        "@geometry": "center"
      },
      "geometry": {
        "type": "Point",
        "coordinates": [
          -84.5931135,
          38.6233295
        ]
      },
      "id": "way/1408842859"
    },
    {
      "type": "Feature",
      "properties": {
        "@id": "way/1414577841",
        "area": "yes",
        "landuse": "forest",
        "leaf_cycle": "evergreen",
        "leaf_type": "needleleaved",
        "produce": "christmas_trees",
        "@geometry": "center"
      },
      "geometry": {
        "type": "Point",
        "coordinates": [
          -84.0007918,
          38.9579366
        ]
      },
      "id": "way/1414577841"
    },
    {
      "type": "Feature",
      "properties": {
        "@id": "way/1414577842",
        "area": "yes",
        "landuse": "forest",
        "leaf_cycle": "evergreen",
        "leaf_type": "needleleaved",
        "produce": "christmas_trees",
        "@geometry": "center"
      },
      "geometry": {
        "type": "Point",
        "coordinates": [
          -84.0002755,
          38.9580854
        ]
      },
      "id": "way/1414577842"
    },
    {
      "type": "Feature",
      "properties": {
        "@id": "way/1414577843",
        "area": "yes",
        "landuse": "forest",
        "leaf_cycle": "evergreen",
        "leaf_type": "needleleaved",
        "produce": "christmas_trees",
        "@geometry": "center"
      },
      "geometry": {
        "type": "Point",
        "coordinates": [
          -83.9987947,
          38.9579726
        ]
      },
      "id": "way/1414577843"
    },
    {
      "type": "Feature",
      "properties": {
        "@id": "way/1414577846",
        "area": "yes",
        "landuse": "forest",
        "leaf_cycle": "evergreen",
        "leaf_type": "needleleaved",
        "produce": "christmas_trees",
        "@geometry": "center"
      },
      "geometry": {
        "type": "Point",
        "coordinates": [
          -83.9990083,
          38.9588327
        ]
      },
      "id": "way/1414577846"
    },
    {
      "type": "Feature",
      "properties": {
        "@id": "way/1414577847",
        "area": "yes",
        "landuse": "forest",
        "leaf_cycle": "evergreen",
        "leaf_type": "needleleaved",
        "produce": "christmas_trees",
        "@geometry": "center"
      },
      "geometry": {
        "type": "Point",
        "coordinates": [
          -84.0003859,
          38.9589575
        ]
      },
      "id": "way/1414577847"
    },
    {
      "type": "Feature",
      "properties": {
        "@id": "way/1414577848",
        "area": "yes",
        "landuse": "forest",
        "leaf_cycle": "evergreen",
        "leaf_type": "needleleaved",
        "produce": "christmas_trees",
        "@geometry": "center"
      },
      "geometry": {
        "type": "Point",
        "coordinates": [
          -83.9994972,
          38.9592404
        ]
      },
      "id": "way/1414577848"
    },
    {
      "type": "Feature",
      "properties": {
        "@id": "way/1414577849",
        "area": "yes",
        "landuse": "forest",
        "leaf_cycle": "evergreen",
        "leaf_type": "needleleaved",
        "produce": "christmas_trees",
        "@geometry": "center"
      },
      "geometry": {
        "type": "Point",
        "coordinates": [
          -83.9999398,
          38.9599257
        ]
      },
      "id": "way/1414577849"
    },
    {
      "type": "Feature",
      "properties": {
        "@id": "way/1414577850",
        "area": "yes",
        "landuse": "forest",
        "leaf_cycle": "evergreen",
        "leaf_type": "needleleaved",
        "produce": "christmas_trees",
        "@geometry": "center"
      },
      "geometry": {
        "type": "Point",
        "coordinates": [
          -83.9992534,
          38.9598446
        ]
      },
      "id": "way/1414577850"
    },
    {
      "type": "Feature",
      "properties": {
        "@id": "way/1414577851",
        "area": "yes",
        "landuse": "forest",
        "leaf_cycle": "evergreen",
        "leaf_type": "needleleaved",
        "produce": "christmas_trees",
        "@geometry": "center"
      },
      "geometry": {
        "type": "Point",
        "coordinates": [
          -83.998643,
          38.9597712
        ]
      },
      "id": "way/1414577851"
    },
    {
      "type": "Feature",
      "properties": {
        "@id": "way/1414577853",
        "area": "yes",
        "landuse": "forest",
        "leaf_cycle": "evergreen",
        "leaf_type": "needleleaved",
        "produce": "christmas_trees",
        "@geometry": "center"
      },
      "geometry": {
        "type": "Point",
        "coordinates": [
          -83.9992548,
          38.9567988
        ]
      },
      "id": "way/1414577853"
    },
    {
      "type": "Feature",
      "properties": {
        "@id": "way/1414577854",
        "area": "yes",
        "landuse": "forest",
        "leaf_cycle": "evergreen",
        "leaf_type": "needleleaved",
        "produce": "christmas_trees",
        "@geometry": "center"
      },
      "geometry": {
        "type": "Point",
        "coordinates": [
          -83.9986431,
          38.9557474
        ]
      },
      "id": "way/1414577854"
    },
    {
      "type": "Feature",
      "properties": {
        "@id": "way/1414577855",
        "area": "yes",
        "landuse": "forest",
        "leaf_cycle": "evergreen",
        "leaf_type": "needleleaved",
        "produce": "christmas_trees",
        "@geometry": "center"
      },
      "geometry": {
        "type": "Point",
        "coordinates": [
          -83.997839,
          38.9561987
        ]
      },
      "id": "way/1414577855"
    },
    {
      "type": "Feature",
      "properties": {
        "@id": "way/1414577856",
        "area": "yes",
        "landuse": "forest",
        "leaf_cycle": "evergreen",
        "leaf_type": "needleleaved",
        "produce": "christmas_trees",
        "@geometry": "center"
      },
      "geometry": {
        "type": "Point",
        "coordinates": [
          -83.9972398,
          38.9559787
        ]
      },
      "id": "way/1414577856"
    },
    {
      "type": "Feature",
      "properties": {
        "@id": "way/1414577857",
        "area": "yes",
        "landuse": "forest",
        "leaf_cycle": "evergreen",
        "leaf_type": "needleleaved",
        "produce": "christmas_trees",
        "@geometry": "center"
      },
      "geometry": {
        "type": "Point",
        "coordinates": [
          -83.9969377,
          38.9559806
        ]
      },
      "id": "way/1414577857"
    },
    {
      "type": "Feature",
      "properties": {
        "@id": "way/1414577858",
        "area": "yes",
        "landuse": "forest",
        "leaf_cycle": "evergreen",
        "leaf_type": "needleleaved",
        "produce": "christmas_trees",
        "@geometry": "center"
      },
      "geometry": {
        "type": "Point",
        "coordinates": [
          -83.9966648,
          38.9559438
        ]
      },
      "id": "way/1414577858"
    },
    {
      "type": "Feature",
      "properties": {
        "@id": "way/1414577859",
        "area": "yes",
        "landuse": "forest",
        "leaf_cycle": "evergreen",
        "leaf_type": "needleleaved",
        "produce": "christmas_trees",
        "@geometry": "center"
      },
      "geometry": {
        "type": "Point",
        "coordinates": [
          -83.9964152,
          38.9559061
        ]
      },
      "id": "way/1414577859"
    },
    {
      "type": "Feature",
      "properties": {
        "@id": "way/1414577860",
        "area": "yes",
        "landuse": "forest",
        "leaf_cycle": "evergreen",
        "leaf_type": "needleleaved",
        "produce": "christmas_trees",
        "@geometry": "center"
      },
      "geometry": {
        "type": "Point",
        "coordinates": [
          -83.9954243,
          38.9559415
        ]
      },
      "id": "way/1414577860"
    },
    {
      "type": "Feature",
      "properties": {
        "@id": "way/1414577861",
        "area": "yes",
        "landuse": "forest",
        "leaf_cycle": "evergreen",
        "leaf_type": "needleleaved",
        "produce": "christmas_trees",
        "@geometry": "center"
      },
      "geometry": {
        "type": "Point",
        "coordinates": [
          -83.9957237,
          38.9559224
        ]
      },
      "id": "way/1414577861"
    },
    {
      "type": "Feature",
      "properties": {
        "@id": "way/1414577862",
        "area": "yes",
        "landuse": "forest",
        "leaf_cycle": "evergreen",
        "leaf_type": "needleleaved",
        "produce": "christmas_trees",
        "@geometry": "center"
      },
      "geometry": {
        "type": "Point",
        "coordinates": [
          -83.9959398,
          38.9558938
        ]
      },
      "id": "way/1414577862"
    },
    {
      "type": "Feature",
      "properties": {
        "@id": "way/1414577863",
        "area": "yes",
        "landuse": "forest",
        "leaf_cycle": "evergreen",
        "leaf_type": "needleleaved",
        "produce": "christmas_trees",
        "@geometry": "center"
      },
      "geometry": {
        "type": "Point",
        "coordinates": [
          -83.9961771,
          38.9558787
        ]
      },
      "id": "way/1414577863"
    },
    {
      "type": "Feature",
      "properties": {
        "@id": "way/1414577864",
        "area": "yes",
        "landuse": "forest",
        "leaf_cycle": "evergreen",
        "leaf_type": "needleleaved",
        "produce": "christmas_trees",
        "@geometry": "center"
      },
      "geometry": {
        "type": "Point",
        "coordinates": [
          -83.9991201,
          38.9573922
        ]
      },
      "id": "way/1414577864"
    },
    {
      "type": "Feature",
      "properties": {
        "@id": "way/1414577866",
        "area": "yes",
        "landuse": "forest",
        "leaf_cycle": "evergreen",
        "leaf_type": "needleleaved",
        "produce": "christmas_trees",
        "@geometry": "center"
      },
      "geometry": {
        "type": "Point",
        "coordinates": [
          -83.9983505,
          38.9575254
        ]
      },
      "id": "way/1414577866"
    },
    {
      "type": "Feature",
      "properties": {
        "@id": "way/1414577867",
        "area": "yes",
        "landuse": "forest",
        "leaf_cycle": "evergreen",
        "leaf_type": "needleleaved",
        "produce": "christmas_trees",
        "@geometry": "center"
      },
      "geometry": {
        "type": "Point",
        "coordinates": [
          -83.9977161,
          38.9575253
        ]
      },
      "id": "way/1414577867"
    },
    {
      "type": "Feature",
      "properties": {
        "@id": "way/1414577868",
        "area": "yes",
        "landuse": "forest",
        "leaf_cycle": "evergreen",
        "leaf_type": "needleleaved",
        "produce": "christmas_trees",
        "@geometry": "center"
      },
      "geometry": {
        "type": "Point",
        "coordinates": [
          -83.996573,
          38.9572581
        ]
      },
      "id": "way/1414577868"
    },
    {
      "type": "Feature",
      "properties": {
        "@id": "way/1414577869",
        "area": "yes",
        "landuse": "forest",
        "leaf_cycle": "evergreen",
        "leaf_type": "needleleaved",
        "produce": "christmas_trees",
        "@geometry": "center"
      },
      "geometry": {
        "type": "Point",
        "coordinates": [
          -83.9957087,
          38.9573616
        ]
      },
      "id": "way/1414577869"
    },
    {
      "type": "Feature",
      "properties": {
        "@id": "way/1414577873",
        "area": "yes",
        "landuse": "forest",
        "leaf_cycle": "evergreen",
        "leaf_type": "needleleaved",
        "produce": "christmas_trees",
        "@geometry": "center"
      },
      "geometry": {
        "type": "Point",
        "coordinates": [
          -83.9961187,
          38.9589416
        ]
      },
      "id": "way/1414577873"
    },
    {
      "type": "Feature",
      "properties": {
        "@id": "way/1414577874",
        "area": "yes",
        "landuse": "forest",
        "leaf_cycle": "evergreen",
        "leaf_type": "needleleaved",
        "produce": "christmas_trees",
        "@geometry": "center"
      },
      "geometry": {
        "type": "Point",
        "coordinates": [
          -83.9961498,
          38.9585787
        ]
      },
      "id": "way/1414577874"
    },
    {
      "type": "Feature",
      "properties": {
        "@id": "way/1414577875",
        "area": "yes",
        "landuse": "forest",
        "leaf_cycle": "evergreen",
        "leaf_type": "needleleaved",
        "produce": "christmas_trees",
        "@geometry": "center"
      },
      "geometry": {
        "type": "Point",
        "coordinates": [
          -83.9959805,
          38.9594924
        ]
      },
      "id": "way/1414577875"
    },
    {
      "type": "Feature",
      "properties": {
        "@id": "way/1414577876",
        "area": "yes",
        "landuse": "forest",
        "leaf_cycle": "evergreen",
        "leaf_type": "needleleaved",
        "produce": "christmas_trees",
        "@geometry": "center"
      },
      "geometry": {
        "type": "Point",
        "coordinates": [
          -83.9957491,
          38.9535105
        ]
      },
      "id": "way/1414577876"
    },
    {
      "type": "Feature",
      "properties": {
        "@id": "way/1414577877",
        "area": "yes",
        "landuse": "forest",
        "leaf_cycle": "evergreen",
        "leaf_type": "needleleaved",
        "produce": "christmas_trees",
        "@geometry": "center"
      },
      "geometry": {
        "type": "Point",
        "coordinates": [
          -83.9958143,
          38.9537616
        ]
      },
      "id": "way/1414577877"
    },
    {
      "type": "Feature",
      "properties": {
        "@id": "way/1414577878",
        "area": "yes",
        "landuse": "forest",
        "leaf_cycle": "evergreen",
        "leaf_type": "needleleaved",
        "produce": "christmas_trees",
        "@geometry": "center"
      },
      "geometry": {
        "type": "Point",
        "coordinates": [
          -83.9955148,
          38.9545116
        ]
      },
      "id": "way/1414577878"
    },
    {
      "type": "Feature",
      "properties": {
        "@id": "way/1414983875",
        "area": "yes",
        "landuse": "forest",
        "leaf_cycle": "evergreen",
        "leaf_type": "needleleaved",
        "produce": "christmas_trees",
        "@geometry": "center"
      },
      "geometry": {
        "type": "Point",
        "coordinates": [
          -83.9980386,
          38.9551356
        ]
      },
      "id": "way/1414983875"
    },
    {
      "type": "Feature",
      "properties": {
        "@id": "way/1414983876",
        "area": "yes",
        "landuse": "forest",
        "leaf_cycle": "evergreen",
        "leaf_type": "needleleaved",
        "produce": "christmas_trees",
        "@geometry": "center"
      },
      "geometry": {
        "type": "Point",
        "coordinates": [
          -83.9959884,
          38.9539031
        ]
      },
      "id": "way/1414983876"
    },
    {
      "type": "Feature",
      "properties": {
        "@id": "way/1414983877",
        "area": "yes",
        "landuse": "forest",
        "leaf_cycle": "evergreen",
        "leaf_type": "needleleaved",
        "produce": "christmas_trees",
        "@geometry": "center"
      },
      "geometry": {
        "type": "Point",
        "coordinates": [
          -83.9961764,
          38.9540245
        ]
      },
      "id": "way/1414983877"
    },
    {
      "type": "Feature",
      "properties": {
        "@id": "way/1414983878",
        "area": "yes",
        "landuse": "forest",
        "leaf_cycle": "evergreen",
        "leaf_type": "needleleaved",
        "produce": "christmas_trees",
        "@geometry": "center"
      },
      "geometry": {
        "type": "Point",
        "coordinates": [
          -83.99553,
          38.9547802
        ]
      },
      "id": "way/1414983878"
    },
    {
      "type": "Feature",
      "properties": {
        "@id": "way/1414983879",
        "area": "yes",
        "landuse": "forest",
        "leaf_cycle": "evergreen",
        "leaf_type": "needleleaved",
        "produce": "christmas_trees",
        "@geometry": "center"
      },
      "geometry": {
        "type": "Point",
        "coordinates": [
          -83.9956568,
          38.9552192
        ]
      },
      "id": "way/1414983879"
    },
    {
      "type": "Feature",
      "properties": {
        "@id": "way/1414983880",
        "area": "yes",
        "landuse": "forest",
        "leaf_cycle": "evergreen",
        "leaf_type": "needleleaved",
        "produce": "christmas_trees",
        "@geometry": "center"
      },
      "geometry": {
        "type": "Point",
        "coordinates": [
          -83.9963593,
          38.954171
        ]
      },
      "id": "way/1414983880"
    },
    {
      "type": "Feature",
      "properties": {
        "@id": "way/1414983881",
        "area": "yes",
        "landuse": "forest",
        "leaf_cycle": "evergreen",
        "leaf_type": "needleleaved",
        "produce": "christmas_trees",
        "@geometry": "center"
      },
      "geometry": {
        "type": "Point",
        "coordinates": [
          -83.9955695,
          38.9550599
        ]
      },
      "id": "way/1414983881"
    },
    {
      "type": "Feature",
      "properties": {
        "@id": "way/1414983882",
        "area": "yes",
        "landuse": "forest",
        "leaf_cycle": "evergreen",
        "leaf_type": "needleleaved",
        "produce": "christmas_trees",
        "@geometry": "center"
      },
      "geometry": {
        "type": "Point",
        "coordinates": [
          -83.995882,
          38.9552506
        ]
      },
      "id": "way/1414983882"
    },
    {
      "type": "Feature",
      "properties": {
        "@id": "way/1414983883",
        "area": "yes",
        "landuse": "forest",
        "leaf_cycle": "evergreen",
        "leaf_type": "needleleaved",
        "produce": "christmas_trees",
        "@geometry": "center"
      },
      "geometry": {
        "type": "Point",
        "coordinates": [
          -83.9965566,
          38.9542888
        ]
      },
      "id": "way/1414983883"
    },
    {
      "type": "Feature",
      "properties": {
        "@id": "way/1414983884",
        "area": "yes",
        "landuse": "forest",
        "leaf_cycle": "evergreen",
        "leaf_type": "needleleaved",
        "produce": "christmas_trees",
        "@geometry": "center"
      },
      "geometry": {
        "type": "Point",
        "coordinates": [
          -83.9964179,
          38.9548174
        ]
      },
      "id": "way/1414983884"
    },
    {
      "type": "Feature",
      "properties": {
        "@id": "way/1414983898",
        "landuse": "forest",
        "leaf_cycle": "evergreen",
        "leaf_type": "needleleaved",
        "produce": "christmas_trees",
        "@geometry": "center"
      },
      "geometry": {
        "type": "Point",
        "coordinates": [
          -83.9973915,
          38.9601137
        ]
      },
      "id": "way/1414983898"
    },
    {
      "type": "Feature",
      "properties": {
        "@id": "way/1414983899",
        "landuse": "forest",
        "leaf_cycle": "evergreen",
        "leaf_type": "needleleaved",
        "produce": "christmas_trees",
        "@geometry": "center"
      },
      "geometry": {
        "type": "Point",
        "coordinates": [
          -83.9966632,
          38.9601351
        ]
      },
      "id": "way/1414983899"
    },
    {
      "type": "Feature",
      "properties": {
        "@id": "way/1414983900",
        "landuse": "forest",
        "leaf_cycle": "evergreen",
        "leaf_type": "needleleaved",
        "produce": "christmas_trees",
        "@geometry": "center"
      },
      "geometry": {
        "type": "Point",
        "coordinates": [
          -83.995793,
          38.9603583
        ]
      },
      "id": "way/1414983900"
    },
    {
      "type": "Feature",
      "properties": {
        "@id": "way/1414983901",
        "landuse": "forest",
        "leaf_cycle": "evergreen",
        "leaf_type": "needleleaved",
        "produce": "christmas_trees",
        "@geometry": "center"
      },
      "geometry": {
        "type": "Point",
        "coordinates": [
          -83.996044,
          38.9603216
        ]
      },
      "id": "way/1414983901"
    },
    {
      "type": "Feature",
      "properties": {
        "@id": "way/1414983902",
        "landuse": "forest",
        "leaf_cycle": "evergreen",
        "leaf_type": "needleleaved",
        "produce": "christmas_trees",
        "@geometry": "center"
      },
      "geometry": {
        "type": "Point",
        "coordinates": [
          -83.9955982,
          38.9603025
        ]
      },
      "id": "way/1414983902"
    },
    {
      "type": "Feature",
      "properties": {
        "@id": "way/1414983903",
        "landuse": "forest",
        "leaf_cycle": "evergreen",
        "leaf_type": "needleleaved",
        "produce": "christmas_trees",
        "@geometry": "center"
      },
      "geometry": {
        "type": "Point",
        "coordinates": [
          -83.9954056,
          38.9602231
        ]
      },
      "id": "way/1414983903"
    },
    {
      "type": "Feature",
      "properties": {
        "@id": "way/1414983904",
        "area": "yes",
        "landuse": "forest",
        "leaf_cycle": "evergreen",
        "leaf_type": "needleleaved",
        "produce": "christmas_trees",
        "@geometry": "center"
      },
      "geometry": {
        "type": "Point",
        "coordinates": [
          -83.9948478,
          38.9593568
        ]
      },
      "id": "way/1414983904"
    },
    {
      "type": "Feature",
      "properties": {
        "@id": "way/1414983905",
        "area": "yes",
        "landuse": "forest",
        "leaf_cycle": "evergreen",
        "leaf_type": "needleleaved",
        "produce": "christmas_trees",
        "@geometry": "center"
      },
      "geometry": {
        "type": "Point",
        "coordinates": [
          -83.9952878,
          38.9593758
        ]
      },
      "id": "way/1414983905"
    },
    {
      "type": "Feature",
      "properties": {
        "@id": "way/1414983907",
        "area": "yes",
        "landuse": "forest",
        "leaf_cycle": "evergreen",
        "leaf_type": "needleleaved",
        "produce": "christmas_trees",
        "@geometry": "center"
      },
      "geometry": {
        "type": "Point",
        "coordinates": [
          -83.9972831,
          38.9595158
        ]
      },
      "id": "way/1414983907"
    },
    {
      "type": "Feature",
      "properties": {
        "@id": "way/1414983918",
        "area": "yes",
        "landuse": "forest",
        "leaf_cycle": "evergreen",
        "leaf_type": "needleleaved",
        "produce": "christmas_trees",
        "@geometry": "center"
      },
      "geometry": {
        "type": "Point",
        "coordinates": [
          -83.9977986,
          38.9550363
        ]
      },
      "id": "way/1414983918"
    },
    {
      "type": "Feature",
      "properties": {
        "@id": "way/1414983919",
        "area": "yes",
        "landuse": "forest",
        "leaf_cycle": "evergreen",
        "leaf_type": "needleleaved",
        "produce": "christmas_trees",
        "@geometry": "center"
      },
      "geometry": {
        "type": "Point",
        "coordinates": [
          -83.9975307,
          38.9549772
        ]
      },
      "id": "way/1414983919"
    },
    {
      "type": "Feature",
      "properties": {
        "@id": "way/1414983920",
        "area": "yes",
        "landuse": "forest",
        "leaf_cycle": "evergreen",
        "leaf_type": "needleleaved",
        "produce": "christmas_trees",
        "@geometry": "center"
      },
      "geometry": {
        "type": "Point",
        "coordinates": [
          -83.9972863,
          38.9549161
        ]
      },
      "id": "way/1414983920"
    },
    {
      "type": "Feature",
      "properties": {
        "@id": "way/1414983921",
        "area": "yes",
        "landuse": "forest",
        "leaf_cycle": "evergreen",
        "leaf_type": "needleleaved",
        "produce": "christmas_trees",
        "@geometry": "center"
      },
      "geometry": {
        "type": "Point",
        "coordinates": [
          -83.9971077,
          38.9548492
        ]
      },
      "id": "way/1414983921"
    },
    {
      "type": "Feature",
      "properties": {
        "@id": "way/1414983922",
        "area": "yes",
        "landuse": "forest",
        "leaf_cycle": "evergreen",
        "leaf_type": "needleleaved",
        "produce": "christmas_trees",
        "@geometry": "center"
      },
      "geometry": {
        "type": "Point",
        "coordinates": [
          -83.9968443,
          38.9548145
        ]
      },
      "id": "way/1414983922"
    },
    {
      "type": "Feature",
      "properties": {
        "@id": "way/1414983923",
        "area": "yes",
        "landuse": "forest",
        "leaf_cycle": "evergreen",
        "leaf_type": "needleleaved",
        "produce": "christmas_trees",
        "@geometry": "center"
      },
      "geometry": {
        "type": "Point",
        "coordinates": [
          -83.9966014,
          38.9548257
        ]
      },
      "id": "way/1414983923"
    },
    {
      "type": "Feature",
      "properties": {
        "@id": "way/1414983925",
        "area": "yes",
        "landuse": "forest",
        "leaf_cycle": "evergreen",
        "leaf_type": "needleleaved",
        "produce": "christmas_trees",
        "@geometry": "center"
      },
      "geometry": {
        "type": "Point",
        "coordinates": [
          -84.0004924,
          38.9598675
        ]
      },
      "id": "way/1414983925"
    },
    {
      "type": "Feature",
      "properties": {
        "@id": "way/1414983926",
        "area": "yes",
        "landuse": "forest",
        "leaf_cycle": "evergreen",
        "leaf_type": "needleleaved",
        "produce": "christmas_trees",
        "@geometry": "center"
      },
      "geometry": {
        "type": "Point",
        "coordinates": [
          -83.9992811,
          38.9595035
        ]
      },
      "id": "way/1414983926"
    },
    {
      "type": "Feature",
      "properties": {
        "@id": "way/1418943888",
        "landuse": "forest",
        "@geometry": "center"
      },
      "geometry": {
        "type": "Point",
        "coordinates": [
          -84.7822338,
          39.0855705
        ]
      },
      "id": "way/1418943888"
    },
    {
      "type": "Feature",
      "properties": {
        "@id": "way/1418943892",
        "landuse": "forest",
        "@geometry": "center"
      },
      "geometry": {
        "type": "Point",
        "coordinates": [
          -84.7839491,
          39.0863837
        ]
      },
      "id": "way/1418943892"
    },
    {
      "type": "Feature",
      "properties": {
        "@id": "way/1418943893",
        "landuse": "forest",
        "@geometry": "center"
      },
      "geometry": {
        "type": "Point",
        "coordinates": [
          -84.7838253,
          39.0861131
        ]
      },
      "id": "way/1418943893"
    },
    {
      "type": "Feature",
      "properties": {
        "@id": "way/1426884000",
        "landuse": "forest",
        "@geometry": "center"
      },
      "geometry": {
        "type": "Point",
        "coordinates": [
          -83.669208,
          37.7092755
        ]
      },
      "id": "way/1426884000"
    },
    {
      "type": "Feature",
      "properties": {
        "@id": "way/1429519785",
        "landuse": "forest",
        "@geometry": "center"
      },
      "geometry": {
        "type": "Point",
        "coordinates": [
          -82.0251059,
          37.0698321
        ]
      },
      "id": "way/1429519785"
    },
    {
      "type": "Feature",
      "properties": {
        "@id": "way/1447023303",
        "landuse": "forest",
        "@geometry": "center"
      },
      "geometry": {
        "type": "Point",
        "coordinates": [
          -83.4538946,
          39.1427477
        ]
      },
      "id": "way/1447023303"
    },
    {
      "type": "Feature",
      "properties": {
        "@id": "way/1448297134",
        "landuse": "forest",
        "@geometry": "center"
      },
      "geometry": {
        "type": "Point",
        "coordinates": [
          -87.6815368,
          37.9620144
        ]
      },
      "id": "way/1448297134"
    },
    {
      "type": "Feature",
      "properties": {
        "@id": "way/1448297140",
        "landuse": "forest",
        "@geometry": "center"
      },
      "geometry": {
        "type": "Point",
        "coordinates": [
          -87.6812,
          37.9620495
        ]
      },
      "id": "way/1448297140"
    },
    {
      "type": "Feature",
      "properties": {
        "@id": "way/1450317124",
        "landuse": "forest",
        "@geometry": "center"
      },
      "geometry": {
        "type": "Point",
        "coordinates": [
          -87.6819731,
          37.95978
        ]
      },
      "id": "way/1450317124"
    },
    {
      "type": "Feature",
      "properties": {
        "@id": "way/1450393991",
        "landuse": "forest",
        "@geometry": "center"
      },
      "geometry": {
        "type": "Point",
        "coordinates": [
          -88.8616126,
          38.7811224
        ]
      },
      "id": "way/1450393991"
    },
    {
      "type": "Feature",
      "properties": {
        "@id": "way/1450717036",
        "landuse": "forest",
        "@geometry": "center"
      },
      "geometry": {
        "type": "Point",
        "coordinates": [
          -83.6901972,
          37.6651793
        ]
      },
      "id": "way/1450717036"
    },
    {
      "type": "Feature",
      "properties": {
        "@id": "way/1450946371",
        "landuse": "forest",
        "@geometry": "center"
      },
      "geometry": {
        "type": "Point",
        "coordinates": [
          -83.1485076,
          39.0750555
        ]
      },
      "id": "way/1450946371"
    },
    {
      "type": "Feature",
      "properties": {
        "@id": "way/1450946372",
        "landuse": "forest",
        "@geometry": "center"
      },
      "geometry": {
        "type": "Point",
        "coordinates": [
          -83.1494632,
          39.0694352
        ]
      },
      "id": "way/1450946372"
    },
    {
      "type": "Feature",
      "properties": {
        "@id": "way/1450946373",
        "landuse": "forest",
        "@geometry": "center"
      },
      "geometry": {
        "type": "Point",
        "coordinates": [
          -83.1479028,
          39.0698076
        ]
      },
      "id": "way/1450946373"
    },
    {
      "type": "Feature",
      "properties": {
        "@id": "way/1450948356",
        "landuse": "forest",
        "@geometry": "center"
      },
      "geometry": {
        "type": "Point",
        "coordinates": [
          -87.6749009,
          37.9593916
        ]
      },
      "id": "way/1450948356"
    },
    {
      "type": "Feature",
      "properties": {
        "@id": "way/1452279848",
        "landuse": "forest",
        "@geometry": "center"
      },
      "geometry": {
        "type": "Point",
        "coordinates": [
          -86.2062724,
          37.0261613
        ]
      },
      "id": "way/1452279848"
    },
    {
      "type": "Feature",
      "properties": {
        "@id": "way/1452408269",
        "landuse": "forest",
        "natural": "wood",
        "@geometry": "center"
      },
      "geometry": {
        "type": "Point",
        "coordinates": [
          -83.5458469,
          38.9505692
        ]
      },
      "id": "way/1452408269"
    },
    {
      "type": "Feature",
      "properties": {
        "@id": "way/1452408270",
        "landuse": "forest",
        "natural": "wood",
        "@geometry": "center"
      },
      "geometry": {
        "type": "Point",
        "coordinates": [
          -83.5459355,
          38.9478674
        ]
      },
      "id": "way/1452408270"
    },
    {
      "type": "Feature",
      "properties": {
        "@id": "way/1452408282",
        "landuse": "forest",
        "natural": "wood",
        "@geometry": "center"
      },
      "geometry": {
        "type": "Point",
        "coordinates": [
          -83.5442345,
          38.9474999
        ]
      },
      "id": "way/1452408282"
    },
    {
      "type": "Feature",
      "properties": {
        "@id": "way/1452408283",
        "landuse": "forest",
        "natural": "wood",
        "@geometry": "center"
      },
      "geometry": {
        "type": "Point",
        "coordinates": [
          -83.5376319,
          38.9489695
        ]
      },
      "id": "way/1452408283"
    },
    {
      "type": "Feature",
      "properties": {
        "@id": "way/1452408284",
        "landuse": "forest",
        "natural": "wood",
        "@geometry": "center"
      },
      "geometry": {
        "type": "Point",
        "coordinates": [
          -83.5322455,
          38.9426723
        ]
      },
      "id": "way/1452408284"
    },
    {
      "type": "Feature",
      "properties": {
        "@id": "way/1452408291",
        "landuse": "forest",
        "natural": "wood",
        "@geometry": "center"
      },
      "geometry": {
        "type": "Point",
        "coordinates": [
          -83.5375763,
          38.9563523
        ]
      },
      "id": "way/1452408291"
    },
    {
      "type": "Feature",
      "properties": {
        "@id": "way/1454784245",
        "landuse": "forest",
        "@geometry": "center"
      },
      "geometry": {
        "type": "Point",
        "coordinates": [
          -87.3915731,
          37.956185
        ]
      },
      "id": "way/1454784245"
    },
    {
      "type": "Feature",
      "properties": {
        "@id": "way/1463540908",
        "landuse": "forest",
        "@geometry": "center"
      },
      "geometry": {
        "type": "Point",
        "coordinates": [
          -87.3950115,
          37.9573931
        ]
      },
      "id": "way/1463540908"
    },
    {
      "type": "Feature",
      "properties": {
        "@id": "way/1463540909",
        "landuse": "forest",
        "@geometry": "center"
      },
      "geometry": {
        "type": "Point",
        "coordinates": [
          -87.3960986,
          37.9569498
        ]
      },
      "id": "way/1463540909"
    },
    {
      "type": "Feature",
      "properties": {
        "@id": "way/1463540939",
        "landuse": "forest",
        "@geometry": "center"
      },
      "geometry": {
        "type": "Point",
        "coordinates": [
          -87.3925134,
          37.9576239
        ]
      },
      "id": "way/1463540939"
    },
    {
      "type": "Feature",
      "properties": {
        "@id": "way/1463540957",
        "landuse": "forest",
        "@geometry": "center"
      },
      "geometry": {
        "type": "Point",
        "coordinates": [
          -87.3947377,
          37.9540972
        ]
      },
      "id": "way/1463540957"
    },
    {
      "type": "Feature",
      "properties": {
        "@id": "way/1463540961",
        "landuse": "forest",
        "@geometry": "center"
      },
      "geometry": {
        "type": "Point",
        "coordinates": [
          -87.3935302,
          37.9541716
        ]
      },
      "id": "way/1463540961"
    },
    {
      "type": "Feature",
      "properties": {
        "@id": "way/1463540972",
        "landuse": "forest",
        "@geometry": "center"
      },
      "geometry": {
        "type": "Point",
        "coordinates": [
          -87.3899685,
          37.9544738
        ]
      },
      "id": "way/1463540972"
    },
    {
      "type": "Feature",
      "properties": {
        "@id": "way/1464177111",
        "landuse": "forest",
        "@geometry": "center"
      },
      "geometry": {
        "type": "Point",
        "coordinates": [
          -88.7023294,
          38.9071749
        ]
      },
      "id": "way/1464177111"
    },
    {
      "type": "Feature",
      "properties": {
        "@id": "way/1464177112",
        "landuse": "forest",
        "@geometry": "center"
      },
      "geometry": {
        "type": "Point",
        "coordinates": [
          -88.710708,
          38.9016598
        ]
      },
      "id": "way/1464177112"
    },
    {
      "type": "Feature",
      "properties": {
        "@id": "way/1464177113",
        "landuse": "forest",
        "@geometry": "center"
      },
      "geometry": {
        "type": "Point",
        "coordinates": [
          -88.7038998,
          38.906227
        ]
      },
      "id": "way/1464177113"
    },
    {
      "type": "Feature",
      "properties": {
        "@id": "way/1469584389",
        "landuse": "forest",
        "@geometry": "center"
      },
      "geometry": {
        "type": "Point",
        "coordinates": [
          -87.5837499,
          37.9759145
        ]
      },
      "id": "way/1469584389"
    },
    {
      "type": "Feature",
      "properties": {
        "@id": "way/1469584390",
        "landuse": "forest",
        "@geometry": "center"
      },
      "geometry": {
        "type": "Point",
        "coordinates": [
          -87.5836585,
          37.9761402
        ]
      },
      "id": "way/1469584390"
    },
    {
      "type": "Feature",
      "properties": {
        "@id": "way/1469584391",
        "landuse": "forest",
        "@geometry": "center"
      },
      "geometry": {
        "type": "Point",
        "coordinates": [
          -87.5821414,
          37.9759022
        ]
      },
      "id": "way/1469584391"
    },
    {
      "type": "Feature",
      "properties": {
        "@id": "way/1472003478",
        "landuse": "forest",
        "natural": "wood",
        "@geometry": "center"
      },
      "geometry": {
        "type": "Point",
        "coordinates": [
          -83.4927923,
          38.9442626
        ]
      },
      "id": "way/1472003478"
    },
    {
      "type": "Feature",
      "properties": {
        "@id": "way/1472003491",
        "landuse": "forest",
        "natural": "wood",
        "@geometry": "center"
      },
      "geometry": {
        "type": "Point",
        "coordinates": [
          -83.5082313,
          38.939146
        ]
      },
      "id": "way/1472003491"
    },
    {
      "type": "Feature",
      "properties": {
        "@id": "way/1472003518",
        "landuse": "forest",
        "natural": "wood",
        "@geometry": "center"
      },
      "geometry": {
        "type": "Point",
        "coordinates": [
          -83.4952274,
          38.9404643
        ]
      },
      "id": "way/1472003518"
    },
    {
      "type": "Feature",
      "properties": {
        "@id": "way/1472003519",
        "landuse": "forest",
        "natural": "wood",
        "@geometry": "center"
      },
      "geometry": {
        "type": "Point",
        "coordinates": [
          -83.4883033,
          38.9387014
        ]
      },
      "id": "way/1472003519"
    },
    {
      "type": "Feature",
      "properties": {
        "@id": "way/1472003520",
        "landuse": "forest",
        "natural": "wood",
        "@geometry": "center"
      },
      "geometry": {
        "type": "Point",
        "coordinates": [
          -83.5086627,
          38.9398812
        ]
      },
      "id": "way/1472003520"
    },
    {
      "type": "Feature",
      "properties": {
        "@id": "way/1472003532",
        "landuse": "forest",
        "natural": "wood",
        "@geometry": "center"
      },
      "geometry": {
        "type": "Point",
        "coordinates": [
          -83.5077654,
          38.9434464
        ]
      },
      "id": "way/1472003532"
    },
    {
      "type": "Feature",
      "properties": {
        "@id": "way/1472003546",
        "landuse": "forest",
        "natural": "wood",
        "@geometry": "center"
      },
      "geometry": {
        "type": "Point",
        "coordinates": [
          -83.5058853,
          38.9451153
        ]
      },
      "id": "way/1472003546"
    },
    {
      "type": "Feature",
      "properties": {
        "@id": "way/1472003547",
        "landuse": "forest",
        "natural": "wood",
        "@geometry": "center"
      },
      "geometry": {
        "type": "Point",
        "coordinates": [
          -83.5090503,
          38.9453474
        ]
      },
      "id": "way/1472003547"
    },
    {
      "type": "Feature",
      "properties": {
        "@id": "way/1472003567",
        "landuse": "forest",
        "natural": "wood",
        "@geometry": "center"
      },
      "geometry": {
        "type": "Point",
        "coordinates": [
          -83.5154097,
          38.940155
        ]
      },
      "id": "way/1472003567"
    },
    {
      "type": "Feature",
      "properties": {
        "@id": "way/1472003576",
        "landuse": "forest",
        "natural": "wood",
        "@geometry": "center"
      },
      "geometry": {
        "type": "Point",
        "coordinates": [
          -83.5411079,
          38.9513379
        ]
      },
      "id": "way/1472003576"
    },
    {
      "type": "Feature",
      "properties": {
        "@id": "way/1472003583",
        "landuse": "forest",
        "natural": "wood",
        "@geometry": "center"
      },
      "geometry": {
        "type": "Point",
        "coordinates": [
          -83.5346744,
          38.9594156
        ]
      },
      "id": "way/1472003583"
    },
    {
      "type": "Feature",
      "properties": {
        "@id": "way/1472003595",
        "landuse": "forest",
        "natural": "wood",
        "@geometry": "center"
      },
      "geometry": {
        "type": "Point",
        "coordinates": [
          -83.5321661,
          38.9610773
        ]
      },
      "id": "way/1472003595"
    },
    {
      "type": "Feature",
      "properties": {
        "@id": "way/1472003596",
        "landuse": "forest",
        "natural": "wood",
        "@geometry": "center"
      },
      "geometry": {
        "type": "Point",
        "coordinates": [
          -83.5321613,
          38.9614193
        ]
      },
      "id": "way/1472003596"
    },
    {
      "type": "Feature",
      "properties": {
        "@id": "way/1472003597",
        "landuse": "forest",
        "natural": "wood",
        "@geometry": "center"
      },
      "geometry": {
        "type": "Point",
        "coordinates": [
          -83.5309652,
          38.9605611
        ]
      },
      "id": "way/1472003597"
    },
    {
      "type": "Feature",
      "properties": {
        "@id": "way/1472003598",
        "landuse": "forest",
        "natural": "wood",
        "@geometry": "center"
      },
      "geometry": {
        "type": "Point",
        "coordinates": [
          -83.5302617,
          38.9598227
        ]
      },
      "id": "way/1472003598"
    },
    {
      "type": "Feature",
      "properties": {
        "@id": "way/1472003599",
        "landuse": "forest",
        "natural": "wood",
        "@geometry": "center"
      },
      "geometry": {
        "type": "Point",
        "coordinates": [
          -83.5284721,
          38.9573273
        ]
      },
      "id": "way/1472003599"
    },
    {
      "type": "Feature",
      "properties": {
        "@id": "way/1472003600",
        "landuse": "forest",
        "natural": "wood",
        "@geometry": "center"
      },
      "geometry": {
        "type": "Point",
        "coordinates": [
          -83.5324578,
          38.9610392
        ]
      },
      "id": "way/1472003600"
    },
    {
      "type": "Feature",
      "properties": {
        "@id": "way/1472003601",
        "landuse": "forest",
        "natural": "wood",
        "@geometry": "center"
      },
      "geometry": {
        "type": "Point",
        "coordinates": [
          -83.5328823,
          38.9614564
        ]
      },
      "id": "way/1472003601"
    },
    {
      "type": "Feature",
      "properties": {
        "@id": "way/1472003602",
        "landuse": "forest",
        "natural": "wood",
        "@geometry": "center"
      },
      "geometry": {
        "type": "Point",
        "coordinates": [
          -83.5371993,
          38.9602834
        ]
      },
      "id": "way/1472003602"
    },
    {
      "type": "Feature",
      "properties": {
        "@id": "way/1472003603",
        "landuse": "forest",
        "natural": "wood",
        "@geometry": "center"
      },
      "geometry": {
        "type": "Point",
        "coordinates": [
          -83.537932,
          38.9581572
        ]
      },
      "id": "way/1472003603"
    },
    {
      "type": "Feature",
      "properties": {
        "@id": "way/1472003604",
        "landuse": "forest",
        "natural": "wood",
        "@geometry": "center"
      },
      "geometry": {
        "type": "Point",
        "coordinates": [
          -83.5347371,
          38.95842
        ]
      },
      "id": "way/1472003604"
    },
    {
      "type": "Feature",
      "properties": {
        "@id": "way/1472003605",
        "landuse": "forest",
        "natural": "wood",
        "@geometry": "center"
      },
      "geometry": {
        "type": "Point",
        "coordinates": [
          -83.5348228,
          38.9604339
        ]
      },
      "id": "way/1472003605"
    },
    {
      "type": "Feature",
      "properties": {
        "@id": "way/1472003638",
        "landuse": "forest",
        "natural": "wood",
        "@geometry": "center"
      },
      "geometry": {
        "type": "Point",
        "coordinates": [
          -83.5317141,
          38.958769
        ]
      },
      "id": "way/1472003638"
    },
    {
      "type": "Feature",
      "properties": {
        "@id": "way/1472003639",
        "landuse": "forest",
        "natural": "wood",
        "@geometry": "center"
      },
      "geometry": {
        "type": "Point",
        "coordinates": [
          -83.5210685,
          38.9525336
        ]
      },
      "id": "way/1472003639"
    },
    {
      "type": "Feature",
      "properties": {
        "@id": "way/1472003645",
        "landuse": "forest",
        "natural": "wood",
        "@geometry": "center"
      },
      "geometry": {
        "type": "Point",
        "coordinates": [
          -83.527471,
          38.9450762
        ]
      },
      "id": "way/1472003645"
    },
    {
      "type": "Feature",
      "properties": {
        "@id": "way/1472003698",
        "landuse": "forest",
        "natural": "wood",
        "@geometry": "center"
      },
      "geometry": {
        "type": "Point",
        "coordinates": [
          -83.512942,
          38.9468009
        ]
      },
      "id": "way/1472003698"
    },
    {
      "type": "Feature",
      "properties": {
        "@id": "way/1472003699",
        "landuse": "forest",
        "natural": "wood",
        "@geometry": "center"
      },
      "geometry": {
        "type": "Point",
        "coordinates": [
          -83.5153064,
          38.9431106
        ]
      },
      "id": "way/1472003699"
    },
    {
      "type": "Feature",
      "properties": {
        "@id": "way/1472003718",
        "landuse": "forest",
        "natural": "wood",
        "@geometry": "center"
      },
      "geometry": {
        "type": "Point",
        "coordinates": [
          -83.5295557,
          38.9559791
        ]
      },
      "id": "way/1472003718"
    },
    {
      "type": "Feature",
      "properties": {
        "@id": "way/1472134084",
        "landuse": "forest",
        "@geometry": "center"
      },
      "geometry": {
        "type": "Point",
        "coordinates": [
          -87.5814646,
          37.9755213
        ]
      },
      "id": "way/1472134084"
    },
    {
      "type": "Feature",
      "properties": {
        "@id": "way/1472134085",
        "landuse": "forest",
        "@geometry": "center"
      },
      "geometry": {
        "type": "Point",
        "coordinates": [
          -87.5811394,
          37.9741453
        ]
      },
      "id": "way/1472134085"
    },
    {
      "type": "Feature",
      "properties": {
        "@id": "way/1472134089",
        "landuse": "forest",
        "@geometry": "center"
      },
      "geometry": {
        "type": "Point",
        "coordinates": [
          -87.5810728,
          37.973634
        ]
      },
      "id": "way/1472134089"
    },
    {
      "type": "Feature",
      "properties": {
        "@id": "way/1472134091",
        "landuse": "forest",
        "@geometry": "center"
      },
      "geometry": {
        "type": "Point",
        "coordinates": [
          -87.5809438,
          37.9736875
        ]
      },
      "id": "way/1472134091"
    },
    {
      "type": "Feature",
      "properties": {
        "@id": "way/1472134094",
        "landuse": "forest",
        "@geometry": "center"
      },
      "geometry": {
        "type": "Point",
        "coordinates": [
          -87.5808471,
          37.9735716
        ]
      },
      "id": "way/1472134094"
    },
    {
      "type": "Feature",
      "properties": {
        "@id": "way/1472134096",
        "landuse": "forest",
        "@geometry": "center"
      },
      "geometry": {
        "type": "Point",
        "coordinates": [
          -87.580654,
          37.9734962
        ]
      },
      "id": "way/1472134096"
    },
    {
      "type": "Feature",
      "properties": {
        "@id": "way/1472134098",
        "landuse": "forest",
        "@geometry": "center"
      },
      "geometry": {
        "type": "Point",
        "coordinates": [
          -87.5808232,
          37.9734371
        ]
      },
      "id": "way/1472134098"
    },
    {
      "type": "Feature",
      "properties": {
        "@id": "way/1472138450",
        "landuse": "forest",
        "level": "-1",
        "@geometry": "center"
      },
      "geometry": {
        "type": "Point",
        "coordinates": [
          -87.5788122,
          37.972553
        ]
      },
      "id": "way/1472138450"
    },
    {
      "type": "Feature",
      "properties": {
        "@id": "way/1473671694",
        "landuse": "forest",
        "@geometry": "center"
      },
      "geometry": {
        "type": "Point",
        "coordinates": [
          -87.5745811,
          37.9734949
        ]
      },
      "id": "way/1473671694"
    },
    {
      "type": "Feature",
      "properties": {
        "@id": "way/1473671695",
        "landuse": "forest",
        "@geometry": "center"
      },
      "geometry": {
        "type": "Point",
        "coordinates": [
          -87.5749632,
          37.9734682
        ]
      },
      "id": "way/1473671695"
    },
    {
      "type": "Feature",
      "properties": {
        "@id": "way/1473687162",
        "landuse": "forest",
        "@geometry": "center"
      },
      "geometry": {
        "type": "Point",
        "coordinates": [
          -87.5750211,
          37.9732559
        ]
      },
      "id": "way/1473687162"
    },
    {
      "type": "Feature",
      "properties": {
        "@id": "way/1489314774",
        "landuse": "forest",
        "@geometry": "center"
      },
      "geometry": {
        "type": "Point",
        "coordinates": [
          -88.4549367,
          38.3138788
        ]
      },
      "id": "way/1489314774"
    },
    {
      "type": "Feature",
      "properties": {
        "@id": "way/1490851041",
        "landuse": "forest",
        "@geometry": "center"
      },
      "geometry": {
        "type": "Point",
        "coordinates": [
          -89.0081736,
          37.6645845
        ]
      },
      "id": "way/1490851041"
    },
    {
      "type": "Feature",
      "properties": {
        "@id": "way/1490851042",
        "landuse": "forest",
        "@geometry": "center"
      },
      "geometry": {
        "type": "Point",
        "coordinates": [
          -89.0084875,
          37.6635618
        ]
      },
      "id": "way/1490851042"
    },
    {
      "type": "Feature",
      "properties": {
        "@id": "way/1490851043",
        "landuse": "forest",
        "@geometry": "center"
      },
      "geometry": {
        "type": "Point",
        "coordinates": [
          -89.010078,
          37.6644886
        ]
      },
      "id": "way/1490851043"
    },
    {
      "type": "Feature",
      "properties": {
        "@id": "way/1497348082",
        "landuse": "forest",
        "@geometry": "center"
      },
      "geometry": {
        "type": "Point",
        "coordinates": [
          -84.9184734,
          39.1434371
        ]
      },
      "id": "way/1497348082"
    },
    {
      "type": "Feature",
      "properties": {
        "@id": "way/1497463165",
        "landuse": "forest",
        "@geometry": "center"
      },
      "geometry": {
        "type": "Point",
        "coordinates": [
          -87.6707415,
          37.9652898
        ]
      },
      "id": "way/1497463165"
    },
    {
      "type": "Feature",
      "properties": {
        "@id": "way/1497981715",
        "landuse": "forest",
        "name": "Vinton Furnace Wildlife Area",
        "@geometry": "center"
      },
      "geometry": {
        "type": "Point",
        "coordinates": [
          -82.4102201,
          39.1523292
        ]
      },
      "id": "way/1497981715"
    },
    {
      "type": "Feature",
      "properties": {
        "@id": "way/1498017224",
        "landuse": "forest",
        "@geometry": "center"
      },
      "geometry": {
        "type": "Point",
        "coordinates": [
          -88.0132323,
          39.1235944
        ]
      },
      "id": "way/1498017224"
    },
    {
      "type": "Feature",
      "properties": {
        "@id": "way/1498017233",
        "landuse": "forest",
        "@geometry": "center"
      },
      "geometry": {
        "type": "Point",
        "coordinates": [
          -88.0323885,
          39.1182542
        ]
      },
      "id": "way/1498017233"
    },
    {
      "type": "Feature",
      "properties": {
        "@id": "way/1498017245",
        "landuse": "forest",
        "@geometry": "center"
      },
      "geometry": {
        "type": "Point",
        "coordinates": [
          -88.0324213,
          39.1153807
        ]
      },
      "id": "way/1498017245"
    },
    {
      "type": "Feature",
      "properties": {
        "@id": "way/1498017270",
        "landuse": "forest",
        "@geometry": "center"
      },
      "geometry": {
        "type": "Point",
        "coordinates": [
          -88.0310239,
          39.1244755
        ]
      },
      "id": "way/1498017270"
    },
    {
      "type": "Feature",
      "properties": {
        "@id": "way/1501509131",
        "landuse": "forest",
        "@geometry": "center"
      },
      "geometry": {
        "type": "Point",
        "coordinates": [
          -87.5444365,
          37.9731282
        ]
      },
      "id": "way/1501509131"
    },
    {
      "type": "Feature",
      "properties": {
        "@id": "way/1501509132",
        "landuse": "forest",
        "@geometry": "center"
      },
      "geometry": {
        "type": "Point",
        "coordinates": [
          -87.5444131,
          37.9724891
        ]
      },
      "id": "way/1501509132"
    },
    {
      "type": "Feature",
      "properties": {
        "@id": "way/1501509136",
        "landuse": "forest",
        "@geometry": "center"
      },
      "geometry": {
        "type": "Point",
        "coordinates": [
          -87.5451748,
          37.973191
        ]
      },
      "id": "way/1501509136"
    },
    {
      "type": "Feature",
      "properties": {
        "@id": "way/1501509141",
        "landuse": "forest",
        "@geometry": "center"
      },
      "geometry": {
        "type": "Point",
        "coordinates": [
          -87.54569,
          37.9730687
        ]
      },
      "id": "way/1501509141"
    },
    {
      "type": "Feature",
      "properties": {
        "@id": "way/1501509142",
        "landuse": "forest",
        "@geometry": "center"
      },
      "geometry": {
        "type": "Point",
        "coordinates": [
          -87.545979,
          37.9713256
        ]
      },
      "id": "way/1501509142"
    },
    {
      "type": "Feature",
      "properties": {
        "@id": "way/1501509157",
        "landuse": "forest",
        "@geometry": "center"
      },
      "geometry": {
        "type": "Point",
        "coordinates": [
          -87.5445483,
          37.9715445
        ]
      },
      "id": "way/1501509157"
    },
    {
      "type": "Feature",
      "properties": {
        "@id": "way/1502203669",
        "landuse": "forest",
        "@geometry": "center"
      },
      "geometry": {
        "type": "Point",
        "coordinates": [
          -87.5484116,
          37.9745872
        ]
      },
      "id": "way/1502203669"
    },
    {
      "type": "Feature",
      "properties": {
        "@id": "way/1510278242",
        "landuse": "forest",
        "@geometry": "center"
      },
      "geometry": {
        "type": "Point",
        "coordinates": [
          -88.3739575,
          37.0419354
        ]
      },
      "id": "way/1510278242"
    },
    {
      "type": "Feature",
      "properties": {
        "@id": "way/1515706020",
        "landuse": "forest",
        "@geometry": "center"
      },
      "geometry": {
        "type": "Point",
        "coordinates": [
          -82.7683426,
          38.9827852
        ]
      },
      "id": "way/1515706020"
    },
    {
      "type": "Feature",
      "properties": {
        "@id": "way/1528209890",
        "landuse": "forest",
        "@geometry": "center"
      },
      "geometry": {
        "type": "Point",
        "coordinates": [
          -83.5135343,
          38.046573
        ]
      },
      "id": "way/1528209890"
    },
    {
      "type": "Feature",
      "properties": {
        "@id": "way/1528209891",
        "landuse": "forest",
        "@geometry": "center"
      },
      "geometry": {
        "type": "Point",
        "coordinates": [
          -83.5737179,
          38.0152019
        ]
      },
      "id": "way/1528209891"
    },
    {
      "type": "Feature",
      "properties": {
        "@id": "way/1531430610",
        "landuse": "forest",
        "@geometry": "center"
      },
      "geometry": {
        "type": "Point",
        "coordinates": [
          -88.363918,
          38.3974451
        ]
      },
      "id": "way/1531430610"
    },
    {
      "type": "Feature",
      "properties": {
        "@id": "way/1531430611",
        "landuse": "forest",
        "@geometry": "center"
      },
      "geometry": {
        "type": "Point",
        "coordinates": [
          -88.3637261,
          38.4032437
        ]
      },
      "id": "way/1531430611"
    },
    {
      "type": "Feature",
      "properties": {
        "@id": "way/1531430612",
        "landuse": "forest",
        "@geometry": "center"
      },
      "geometry": {
        "type": "Point",
        "coordinates": [
          -88.3562874,
          38.3932045
        ]
      },
      "id": "way/1531430612"
    },
    {
      "type": "Feature",
      "properties": {
        "@id": "way/1531430613",
        "landuse": "forest",
        "@geometry": "center"
      },
      "geometry": {
        "type": "Point",
        "coordinates": [
          -88.3551805,
          38.3902688
        ]
      },
      "id": "way/1531430613"
    },
    {
      "type": "Feature",
      "properties": {
        "@id": "way/1532859912",
        "landuse": "forest",
        "@geometry": "center"
      },
      "geometry": {
        "type": "Point",
        "coordinates": [
          -84.4182559,
          37.9904787
        ]
      },
      "id": "way/1532859912"
    }
  ]
}